model,seq,mode,challenges,lam,metric,threads,rate,variant,device,prover_hw,verifier_hw,n_layers_full,params_full,value,provenance,batch,value_1block,value_2blocks,extrapolated
gpt2,1024,C,int,128,bytes_total,8,4,,cuda,NVIDIA L40S,AMD EPYC 9334 32-Core Processor x8 threads,12,124401408,386475480.0,measured,,,,
gpt2,1024,C,int,128,fs_hash,8,4,,cuda,NVIDIA L40S,AMD EPYC 9334 32-Core Processor x8 threads,12,124401408,1.3397075235843658e-06,measured,,,,
gpt2,1024,C,int,128,prove_fold,8,4,,cuda,NVIDIA L40S,AMD EPYC 9334 32-Core Processor x8 threads,12,124401408,0.043326261918991804,measured,,,,
gpt2,1024,C,int,128,prove_forward,8,4,,cuda,NVIDIA L40S,AMD EPYC 9334 32-Core Processor x8 threads,12,124401408,0.16539503866806626,measured,,,,
gpt2,1024,C,int,128,prove_open,8,4,,cuda,NVIDIA L40S,AMD EPYC 9334 32-Core Processor x8 threads,12,124401408,0.08536642137914896,measured,,,,
gpt2,1024,C,int,128,verify_columns,8,4,,cuda,NVIDIA L40S,AMD EPYC 9334 32-Core Processor x8 threads,12,124401408,0.32504573836922646,measured,,,,
gpt2,1024,C,int,128,verify_derive,8,4,,cuda,NVIDIA L40S,AMD EPYC 9334 32-Core Processor x8 threads,12,124401408,3.3596957102417946,measured,,,,
gpt2,1024,C,int,128,verify_fold,8,4,,cuda,NVIDIA L40S,AMD EPYC 9334 32-Core Processor x8 threads,12,124401408,0.0,measured,,,,
gpt2,1024,C,int,128,verify_products,8,4,,cuda,NVIDIA L40S,AMD EPYC 9334 32-Core Processor x8 threads,12,124401408,0.38799146097153425,measured,,,,
gpt2,1024,Kpre,int,128,bytes_total,8,4,,cuda,NVIDIA L40S,AMD EPYC 9334 32-Core Processor x8 threads,12,124401408,346231108.0,measured,,,,
gpt2,1024,Kpre,int,128,fs_hash,8,4,,cuda,NVIDIA L40S,AMD EPYC 9334 32-Core Processor x8 threads,12,124401408,9.899958968162537e-07,measured,,,,
gpt2,1024,Kpre,int,128,prove_fold,8,4,,cuda,NVIDIA L40S,AMD EPYC 9334 32-Core Processor x8 threads,12,124401408,0.0,measured,,,,
gpt2,1024,Kpre,int,128,prove_forward,8,4,,cuda,NVIDIA L40S,AMD EPYC 9334 32-Core Processor x8 threads,12,124401408,0.17360127717256546,measured,,,,
gpt2,1024,Kpre,int,128,verify_derive,8,4,,cuda,NVIDIA L40S,AMD EPYC 9334 32-Core Processor x8 threads,12,124401408,3.3862137915566564,measured,,,,
gpt2,1024,Kpre,int,128,verify_fold,8,4,,cuda,NVIDIA L40S,AMD EPYC 9334 32-Core Processor x8 threads,12,124401408,0.0,measured,,,,
gpt2,1024,Kpre,int,128,verify_products,8,4,,cuda,NVIDIA L40S,AMD EPYC 9334 32-Core Processor x8 threads,12,124401408,0.4069294757209718,measured,,,,
gpt2,128,C,fs,128,bytes_total,8,4,,cuda,NVIDIA L40S,AMD EPYC 9334 32-Core Processor x8 threads,12,124401408,102318560.0,measured,,,,
gpt2,128,C,fs,128,fs_hash,8,4,,cuda,NVIDIA L40S,AMD EPYC 9334 32-Core Processor x8 threads,12,124401408,0.05905545689165592,measured,,,,
gpt2,128,C,fs,128,prove_fold,8,4,,cuda,NVIDIA L40S,AMD EPYC 9334 32-Core Processor x8 threads,12,124401408,0.04532754421234131,measured,,,,
gpt2,128,C,fs,128,prove_forward,8,4,,cuda,NVIDIA L40S,AMD EPYC 9334 32-Core Processor x8 threads,12,124401408,0.03037523850798607,measured,,,,
gpt2,128,C,fs,128,prove_open,8,4,,cuda,NVIDIA L40S,AMD EPYC 9334 32-Core Processor x8 threads,12,124401408,0.10220068879425526,measured,,,,
gpt2,128,C,fs,128,verify_columns,8,4,,cuda,NVIDIA L40S,AMD EPYC 9334 32-Core Processor x8 threads,12,124401408,0.39767706394195557,measured,,,,
gpt2,128,C,fs,128,verify_derive,8,4,,cuda,NVIDIA L40S,AMD EPYC 9334 32-Core Processor x8 threads,12,124401408,0.07172068953514099,measured,,,,
gpt2,128,C,fs,128,verify_fold,8,4,,cuda,NVIDIA L40S,AMD EPYC 9334 32-Core Processor x8 threads,12,124401408,0.0,measured,,,,
gpt2,128,C,fs,128,verify_products,8,4,,cuda,NVIDIA L40S,AMD EPYC 9334 32-Core Processor x8 threads,12,124401408,0.11240432411432266,measured,,,,
gpt2,128,C,fs,40,bytes_total,8,4,,cuda,NVIDIA L40S,AMD EPYC 9334 32-Core Processor x8 threads,12,124401408,76572052.0,measured,,,,
gpt2,128,C,fs,40,fs_hash,8,4,,cuda,NVIDIA L40S,AMD EPYC 9334 32-Core Processor x8 threads,12,124401408,0.055395934730768204,measured,,,,
gpt2,128,C,fs,40,prove_fold,8,4,,cuda,NVIDIA L40S,AMD EPYC 9334 32-Core Processor x8 threads,12,124401408,0.044122468680143356,measured,,,,
gpt2,128,C,fs,40,prove_forward,8,4,,cuda,NVIDIA L40S,AMD EPYC 9334 32-Core Processor x8 threads,12,124401408,0.0298707727342844,measured,,,,
gpt2,128,C,fs,40,prove_open,8,4,,cuda,NVIDIA L40S,AMD EPYC 9334 32-Core Processor x8 threads,12,124401408,0.06851400248706341,measured,,,,
gpt2,128,C,fs,40,verify_columns,8,4,,cuda,NVIDIA L40S,AMD EPYC 9334 32-Core Processor x8 threads,12,124401408,0.2770593296736479,measured,,,,
gpt2,128,C,fs,40,verify_derive,8,4,,cuda,NVIDIA L40S,AMD EPYC 9334 32-Core Processor x8 threads,12,124401408,0.07543532364070415,measured,,,,
gpt2,128,C,fs,40,verify_fold,8,4,,cuda,NVIDIA L40S,AMD EPYC 9334 32-Core Processor x8 threads,12,124401408,0.0,measured,,,,
gpt2,128,C,fs,40,verify_products,8,4,,cuda,NVIDIA L40S,AMD EPYC 9334 32-Core Processor x8 threads,12,124401408,0.10154406540095806,measured,,,,
gpt2,128,C,fs,80,bytes_total,8,4,,cuda,NVIDIA L40S,AMD EPYC 9334 32-Core Processor x8 threads,12,124401408,88086424.0,measured,,,,
gpt2,128,C,fs,80,fs_hash,8,4,,cuda,NVIDIA L40S,AMD EPYC 9334 32-Core Processor x8 threads,12,124401408,0.05641102232038975,measured,,,,
gpt2,128,C,fs,80,prove_fold,8,4,,cuda,NVIDIA L40S,AMD EPYC 9334 32-Core Processor x8 threads,12,124401408,0.04436549171805382,measured,,,,
gpt2,128,C,fs,80,prove_forward,8,4,,cuda,NVIDIA L40S,AMD EPYC 9334 32-Core Processor x8 threads,12,124401408,0.029897747561335564,measured,,,,
gpt2,128,C,fs,80,prove_open,8,4,,cuda,NVIDIA L40S,AMD EPYC 9334 32-Core Processor x8 threads,12,124401408,0.09213048964738846,measured,,,,
gpt2,128,C,fs,80,verify_columns,8,4,,cuda,NVIDIA L40S,AMD EPYC 9334 32-Core Processor x8 threads,12,124401408,0.34056530334055424,measured,,,,
gpt2,128,C,fs,80,verify_derive,8,4,,cuda,NVIDIA L40S,AMD EPYC 9334 32-Core Processor x8 threads,12,124401408,0.07501004450023174,measured,,,,
gpt2,128,C,fs,80,verify_fold,8,4,,cuda,NVIDIA L40S,AMD EPYC 9334 32-Core Processor x8 threads,12,124401408,0.0,measured,,,,
gpt2,128,C,fs,80,verify_products,8,4,,cuda,NVIDIA L40S,AMD EPYC 9334 32-Core Processor x8 threads,12,124401408,0.10973975248634815,measured,,,,
gpt2,128,C,int,128,bytes_total,8,4,,cuda,NVIDIA L40S,AMD EPYC 9334 32-Core Processor x8 threads,12,124401408,83700648.0,measured,,,,
gpt2,128,C,int,128,fs_hash,8,4,,cuda,NVIDIA L40S,AMD EPYC 9334 32-Core Processor x8 threads,12,124401408,7.487833499908447e-07,measured,,,,
gpt2,128,C,int,128,prove_fold,8,4,,cuda,NVIDIA L40S,AMD EPYC 9334 32-Core Processor x8 threads,12,124401408,0.04442840814590454,measured,,,,
gpt2,128,C,int,128,prove_forward,8,4,,cuda,NVIDIA L40S,AMD EPYC 9334 32-Core Processor x8 threads,12,124401408,0.029841789975762367,measured,,,,
gpt2,128,C,int,128,prove_open,8,4,,cuda,NVIDIA L40S,AMD EPYC 9334 32-Core Processor x8 threads,12,124401408,0.08890052326023579,measured,,,,
gpt2,128,C,int,128,verify_columns,8,4,,cuda,NVIDIA L40S,AMD EPYC 9334 32-Core Processor x8 threads,12,124401408,0.2851655539125204,measured,,,,
gpt2,128,C,int,128,verify_derive,8,4,,cuda,NVIDIA L40S,AMD EPYC 9334 32-Core Processor x8 threads,12,124401408,0.07370929047465324,measured,,,,
gpt2,128,C,int,128,verify_fold,8,4,,cuda,NVIDIA L40S,AMD EPYC 9334 32-Core Processor x8 threads,12,124401408,0.0,measured,,,,
gpt2,128,C,int,128,verify_products,8,4,,cuda,NVIDIA L40S,AMD EPYC 9334 32-Core Processor x8 threads,12,124401408,0.1090009119361639,measured,,,,
gpt2,128,C,int,40,bytes_total,8,4,,cuda,NVIDIA L40S,AMD EPYC 9334 32-Core Processor x8 threads,12,124401408,57871116.0,measured,,,,
gpt2,128,C,int,40,fs_hash,8,4,,cuda,NVIDIA L40S,AMD EPYC 9334 32-Core Processor x8 threads,12,124401408,7.953494787216187e-07,measured,,,,
gpt2,128,C,int,40,prove_fold,8,4,,cuda,NVIDIA L40S,AMD EPYC 9334 32-Core Processor x8 threads,12,124401408,0.04363214783370495,measured,,,,
gpt2,128,C,int,40,prove_forward,8,4,,cuda,NVIDIA L40S,AMD EPYC 9334 32-Core Processor x8 threads,12,124401408,0.02989673614501953,measured,,,,
gpt2,128,C,int,40,prove_open,8,4,,cuda,NVIDIA L40S,AMD EPYC 9334 32-Core Processor x8 threads,12,124401408,0.036650799214839935,measured,,,,
gpt2,128,C,int,40,verify_columns,8,4,,cuda,NVIDIA L40S,AMD EPYC 9334 32-Core Processor x8 threads,12,124401408,0.17886408977210522,measured,,,,
gpt2,128,C,int,40,verify_derive,8,4,,cuda,NVIDIA L40S,AMD EPYC 9334 32-Core Processor x8 threads,12,124401408,0.07512219622731209,measured,,,,
gpt2,128,C,int,40,verify_fold,8,4,,cuda,NVIDIA L40S,AMD EPYC 9334 32-Core Processor x8 threads,12,124401408,0.0,measured,,,,
gpt2,128,C,int,40,verify_products,8,4,,cuda,NVIDIA L40S,AMD EPYC 9334 32-Core Processor x8 threads,12,124401408,0.09859819896519184,measured,,,,
gpt2,128,C,int,80,bytes_total,8,4,,cuda,NVIDIA L40S,AMD EPYC 9334 32-Core Processor x8 threads,12,124401408,69433152.0,measured,,,,
gpt2,128,C,int,80,fs_hash,8,4,,cuda,NVIDIA L40S,AMD EPYC 9334 32-Core Processor x8 threads,12,124401408,7.543712854385376e-07,measured,,,,
gpt2,128,C,int,80,prove_fold,8,4,,cuda,NVIDIA L40S,AMD EPYC 9334 32-Core Processor x8 threads,12,124401408,0.04399816505610943,measured,,,,
gpt2,128,C,int,80,prove_forward,8,4,,cuda,NVIDIA L40S,AMD EPYC 9334 32-Core Processor x8 threads,12,124401408,0.029818514361977577,measured,,,,
gpt2,128,C,int,80,prove_open,8,4,,cuda,NVIDIA L40S,AMD EPYC 9334 32-Core Processor x8 threads,12,124401408,0.06462796963751316,measured,,,,
gpt2,128,C,int,80,verify_columns,8,4,,cuda,NVIDIA L40S,AMD EPYC 9334 32-Core Processor x8 threads,12,124401408,0.23808183707296848,measured,,,,
gpt2,128,C,int,80,verify_derive,8,4,,cuda,NVIDIA L40S,AMD EPYC 9334 32-Core Processor x8 threads,12,124401408,0.07363272830843925,measured,,,,
gpt2,128,C,int,80,verify_fold,8,4,,cuda,NVIDIA L40S,AMD EPYC 9334 32-Core Processor x8 threads,12,124401408,0.0,measured,,,,
gpt2,128,C,int,80,verify_products,8,4,,cuda,NVIDIA L40S,AMD EPYC 9334 32-Core Processor x8 threads,12,124401408,0.10056547448039055,measured,,,,
gpt2,128,K,int,128,bytes_total,8,4,,cuda,NVIDIA L40S,AMD EPYC 9334 32-Core Processor x8 threads,12,124401408,43454788.0,measured,,,,
gpt2,128,K,int,128,fs_hash,8,4,,cuda,NVIDIA L40S,AMD EPYC 9334 32-Core Processor x8 threads,12,124401408,6.910413503646851e-07,measured,,,,
gpt2,128,K,int,128,prove_fold,8,4,,cuda,NVIDIA L40S,AMD EPYC 9334 32-Core Processor x8 threads,12,124401408,0.0,measured,,,,
gpt2,128,K,int,128,prove_forward,8,4,,cuda,NVIDIA L40S,AMD EPYC 9334 32-Core Processor x8 threads,12,124401408,0.02991231344640255,measured,,,,
gpt2,128,K,int,128,verify_derive,8,4,,cuda,NVIDIA L40S,AMD EPYC 9334 32-Core Processor x8 threads,12,124401408,0.07075655460357666,measured,,,,
gpt2,128,K,int,128,verify_fold,8,4,,cuda,NVIDIA L40S,AMD EPYC 9334 32-Core Processor x8 threads,12,124401408,1.0615835189819336,measured,,,,
gpt2,128,K,int,128,verify_products,8,4,,cuda,NVIDIA L40S,AMD EPYC 9334 32-Core Processor x8 threads,12,124401408,0.10461459308862686,measured,,,,
gpt2,128,K,int,40,bytes_total,8,4,,cuda,NVIDIA L40S,AMD EPYC 9334 32-Core Processor x8 threads,12,124401408,43454788.0,measured,,,,
gpt2,128,K,int,40,fs_hash,8,4,,cuda,NVIDIA L40S,AMD EPYC 9334 32-Core Processor x8 threads,12,124401408,8.046627044677734e-07,measured,,,,
gpt2,128,K,int,40,prove_fold,8,4,,cuda,NVIDIA L40S,AMD EPYC 9334 32-Core Processor x8 threads,12,124401408,0.0,measured,,,,
gpt2,128,K,int,40,prove_forward,8,4,,cuda,NVIDIA L40S,AMD EPYC 9334 32-Core Processor x8 threads,12,124401408,0.029853349551558495,measured,,,,
gpt2,128,K,int,40,verify_derive,8,4,,cuda,NVIDIA L40S,AMD EPYC 9334 32-Core Processor x8 threads,12,124401408,0.07385393418371677,measured,,,,
gpt2,128,K,int,40,verify_fold,8,4,,cuda,NVIDIA L40S,AMD EPYC 9334 32-Core Processor x8 threads,12,124401408,1.0987907256931067,measured,,,,
gpt2,128,K,int,40,verify_products,8,4,,cuda,NVIDIA L40S,AMD EPYC 9334 32-Core Processor x8 threads,12,124401408,0.09433497674763203,measured,,,,
gpt2,128,K,int,80,bytes_total,8,4,,cuda,NVIDIA L40S,AMD EPYC 9334 32-Core Processor x8 threads,12,124401408,43454788.0,measured,,,,
gpt2,128,K,int,80,fs_hash,8,4,,cuda,NVIDIA L40S,AMD EPYC 9334 32-Core Processor x8 threads,12,124401408,7.729977369308472e-07,measured,,,,
gpt2,128,K,int,80,prove_fold,8,4,,cuda,NVIDIA L40S,AMD EPYC 9334 32-Core Processor x8 threads,12,124401408,0.0,measured,,,,
gpt2,128,K,int,80,prove_forward,8,4,,cuda,NVIDIA L40S,AMD EPYC 9334 32-Core Processor x8 threads,12,124401408,0.030127689242362976,measured,,,,
gpt2,128,K,int,80,verify_derive,8,4,,cuda,NVIDIA L40S,AMD EPYC 9334 32-Core Processor x8 threads,12,124401408,0.07299542427062988,measured,,,,
gpt2,128,K,int,80,verify_fold,8,4,,cuda,NVIDIA L40S,AMD EPYC 9334 32-Core Processor x8 threads,12,124401408,1.1082080472260714,measured,,,,
gpt2,128,K,int,80,verify_products,8,4,,cuda,NVIDIA L40S,AMD EPYC 9334 32-Core Processor x8 threads,12,124401408,0.10607600584626198,measured,,,,
gpt2,128,Kpre,int,128,bytes_total,8,4,,cuda,NVIDIA L40S,AMD EPYC 9334 32-Core Processor x8 threads,12,124401408,43454788.0,measured,,,,
gpt2,128,Kpre,int,128,fs_hash,8,4,,cuda,NVIDIA L40S,AMD EPYC 9334 32-Core Processor x8 threads,12,124401408,7.655471563339233e-07,measured,,,,
gpt2,128,Kpre,int,128,prove_fold,8,4,,cuda,NVIDIA L40S,AMD EPYC 9334 32-Core Processor x8 threads,12,124401408,0.0,measured,,,,
gpt2,128,Kpre,int,128,prove_forward,8,4,,cuda,NVIDIA L40S,AMD EPYC 9334 32-Core Processor x8 threads,12,124401408,0.030837059020996094,measured,,,,
gpt2,128,Kpre,int,128,verify_derive,8,4,,cuda,NVIDIA L40S,AMD EPYC 9334 32-Core Processor x8 threads,12,124401408,0.07034704461693764,measured,,,,
gpt2,128,Kpre,int,128,verify_fold,8,4,,cuda,NVIDIA L40S,AMD EPYC 9334 32-Core Processor x8 threads,12,124401408,0.0,measured,,,,
gpt2,128,Kpre,int,128,verify_products,8,4,,cuda,NVIDIA L40S,AMD EPYC 9334 32-Core Processor x8 threads,12,124401408,0.10293987952172756,measured,,,,
gpt2,128,Kpre,int,40,bytes_total,8,4,,cuda,NVIDIA L40S,AMD EPYC 9334 32-Core Processor x8 threads,12,124401408,43454788.0,measured,,,,
gpt2,128,Kpre,int,40,fs_hash,8,4,,cuda,NVIDIA L40S,AMD EPYC 9334 32-Core Processor x8 threads,12,124401408,8.21426510810852e-07,measured,,,,
gpt2,128,Kpre,int,40,prove_fold,8,4,,cuda,NVIDIA L40S,AMD EPYC 9334 32-Core Processor x8 threads,12,124401408,0.0,measured,,,,
gpt2,128,Kpre,int,40,prove_forward,8,4,,cuda,NVIDIA L40S,AMD EPYC 9334 32-Core Processor x8 threads,12,124401408,0.02984687313437462,measured,,,,
gpt2,128,Kpre,int,40,verify_derive,8,4,,cuda,NVIDIA L40S,AMD EPYC 9334 32-Core Processor x8 threads,12,124401408,0.07246869429945946,measured,,,,
gpt2,128,Kpre,int,40,verify_fold,8,4,,cuda,NVIDIA L40S,AMD EPYC 9334 32-Core Processor x8 threads,12,124401408,0.0,measured,,,,
gpt2,128,Kpre,int,40,verify_products,8,4,,cuda,NVIDIA L40S,AMD EPYC 9334 32-Core Processor x8 threads,12,124401408,0.09944840706884861,measured,,,,
gpt2,128,Kpre,int,80,bytes_total,8,4,,cuda,NVIDIA L40S,AMD EPYC 9334 32-Core Processor x8 threads,12,124401408,43454788.0,measured,,,,
gpt2,128,Kpre,int,80,fs_hash,8,4,,cuda,NVIDIA L40S,AMD EPYC 9334 32-Core Processor x8 threads,12,124401408,6.742775440216064e-07,measured,,,,
gpt2,128,Kpre,int,80,prove_fold,8,4,,cuda,NVIDIA L40S,AMD EPYC 9334 32-Core Processor x8 threads,12,124401408,0.0,measured,,,,
gpt2,128,Kpre,int,80,prove_forward,8,4,,cuda,NVIDIA L40S,AMD EPYC 9334 32-Core Processor x8 threads,12,124401408,0.029908979311585426,measured,,,,
gpt2,128,Kpre,int,80,verify_derive,8,4,,cuda,NVIDIA L40S,AMD EPYC 9334 32-Core Processor x8 threads,12,124401408,0.07170353271067142,measured,,,,
gpt2,128,Kpre,int,80,verify_fold,8,4,,cuda,NVIDIA L40S,AMD EPYC 9334 32-Core Processor x8 threads,12,124401408,0.0,measured,,,,
gpt2,128,Kpre,int,80,verify_products,8,4,,cuda,NVIDIA L40S,AMD EPYC 9334 32-Core Processor x8 threads,12,124401408,0.10476150549948215,measured,,,,
gpt2,256,C,fs,128,bytes_total,8,4,,cuda,NVIDIA L40S,AMD EPYC 9334 32-Core Processor x8 threads,12,124401408,145569120.0,measured,,,,
gpt2,256,C,fs,128,fs_hash,8,4,,cuda,NVIDIA L40S,AMD EPYC 9334 32-Core Processor x8 threads,12,124401408,0.11040273867547512,measured,,,,
gpt2,256,C,fs,128,prove_fold,8,4,,cuda,NVIDIA L40S,AMD EPYC 9334 32-Core Processor x8 threads,12,124401408,0.045062415301799774,measured,,,,
gpt2,256,C,fs,128,prove_forward,8,4,,cuda,NVIDIA L40S,AMD EPYC 9334 32-Core Processor x8 threads,12,124401408,0.035183269530534744,measured,,,,
gpt2,256,C,fs,128,prove_open,8,4,,cuda,NVIDIA L40S,AMD EPYC 9334 32-Core Processor x8 threads,12,124401408,0.10540672950446606,measured,,,,
gpt2,256,C,fs,128,verify_columns,8,4,,cuda,NVIDIA L40S,AMD EPYC 9334 32-Core Processor x8 threads,12,124401408,0.46312606520950794,measured,,,,
gpt2,256,C,fs,128,verify_derive,8,4,,cuda,NVIDIA L40S,AMD EPYC 9334 32-Core Processor x8 threads,12,124401408,0.15471013076603413,measured,,,,
gpt2,256,C,fs,128,verify_fold,8,4,,cuda,NVIDIA L40S,AMD EPYC 9334 32-Core Processor x8 threads,12,124401408,0.0,measured,,,,
gpt2,256,C,fs,128,verify_products,8,4,,cuda,NVIDIA L40S,AMD EPYC 9334 32-Core Processor x8 threads,12,124401408,0.1669886615127325,measured,,,,
gpt2,256,C,fs,40,bytes_total,8,4,,cuda,NVIDIA L40S,AMD EPYC 9334 32-Core Processor x8 threads,12,124401408,119823492.0,measured,,,,
gpt2,256,C,fs,40,fs_hash,8,4,,cuda,NVIDIA L40S,AMD EPYC 9334 32-Core Processor x8 threads,12,124401408,0.10591742768883705,measured,,,,
gpt2,256,C,fs,40,prove_fold,8,4,,cuda,NVIDIA L40S,AMD EPYC 9334 32-Core Processor x8 threads,12,124401408,0.04424975626170635,measured,,,,
gpt2,256,C,fs,40,prove_forward,8,4,,cuda,NVIDIA L40S,AMD EPYC 9334 32-Core Processor x8 threads,12,124401408,0.03445856086909771,measured,,,,
gpt2,256,C,fs,40,prove_open,8,4,,cuda,NVIDIA L40S,AMD EPYC 9334 32-Core Processor x8 threads,12,124401408,0.06057137995958328,measured,,,,
gpt2,256,C,fs,40,verify_columns,8,4,,cuda,NVIDIA L40S,AMD EPYC 9334 32-Core Processor x8 threads,12,124401408,0.26549953408539295,measured,,,,
gpt2,256,C,fs,40,verify_derive,8,4,,cuda,NVIDIA L40S,AMD EPYC 9334 32-Core Processor x8 threads,12,124401408,0.1444549858570099,measured,,,,
gpt2,256,C,fs,40,verify_fold,8,4,,cuda,NVIDIA L40S,AMD EPYC 9334 32-Core Processor x8 threads,12,124401408,0.0,measured,,,,
gpt2,256,C,fs,40,verify_products,8,4,,cuda,NVIDIA L40S,AMD EPYC 9334 32-Core Processor x8 threads,12,124401408,0.13203733786940575,measured,,,,
gpt2,256,C,fs,80,bytes_total,8,4,,cuda,NVIDIA L40S,AMD EPYC 9334 32-Core Processor x8 threads,12,124401408,131341256.0,measured,,,,
gpt2,256,C,fs,80,fs_hash,8,4,,cuda,NVIDIA L40S,AMD EPYC 9334 32-Core Processor x8 threads,12,124401408,0.10742324776947498,measured,,,,
gpt2,256,C,fs,80,prove_fold,8,4,,cuda,NVIDIA L40S,AMD EPYC 9334 32-Core Processor x8 threads,12,124401408,0.04446164332330227,measured,,,,
gpt2,256,C,fs,80,prove_forward,8,4,,cuda,NVIDIA L40S,AMD EPYC 9334 32-Core Processor x8 threads,12,124401408,0.04201586917042732,measured,,,,
gpt2,256,C,fs,80,prove_open,8,4,,cuda,NVIDIA L40S,AMD EPYC 9334 32-Core Processor x8 threads,12,124401408,0.08730006776750088,measured,,,,
gpt2,256,C,fs,80,verify_columns,8,4,,cuda,NVIDIA L40S,AMD EPYC 9334 32-Core Processor x8 threads,12,124401408,0.3590505924075842,measured,,,,
gpt2,256,C,fs,80,verify_derive,8,4,,cuda,NVIDIA L40S,AMD EPYC 9334 32-Core Processor x8 threads,12,124401408,0.1509856153279543,measured,,,,
gpt2,256,C,fs,80,verify_fold,8,4,,cuda,NVIDIA L40S,AMD EPYC 9334 32-Core Processor x8 threads,12,124401408,0.0,measured,,,,
gpt2,256,C,fs,80,verify_products,8,4,,cuda,NVIDIA L40S,AMD EPYC 9334 32-Core Processor x8 threads,12,124401408,0.14997896552085876,measured,,,,
gpt2,256,C,int,128,bytes_total,8,4,,cuda,NVIDIA L40S,AMD EPYC 9334 32-Core Processor x8 threads,12,124401408,126951256.0,measured,,,,
gpt2,256,C,int,128,fs_hash,8,4,,cuda,NVIDIA L40S,AMD EPYC 9334 32-Core Processor x8 threads,12,124401408,6.817281246185303e-07,measured,,,,
gpt2,256,C,int,128,prove_fold,8,4,,cuda,NVIDIA L40S,AMD EPYC 9334 32-Core Processor x8 threads,12,124401408,0.04454067721962929,measured,,,,
gpt2,256,C,int,128,prove_forward,8,4,,cuda,NVIDIA L40S,AMD EPYC 9334 32-Core Processor x8 threads,12,124401408,0.034587228670716286,measured,,,,
gpt2,256,C,int,128,prove_open,8,4,,cuda,NVIDIA L40S,AMD EPYC 9334 32-Core Processor x8 threads,12,124401408,0.08300584554672241,measured,,,,
gpt2,256,C,int,128,verify_columns,8,4,,cuda,NVIDIA L40S,AMD EPYC 9334 32-Core Processor x8 threads,12,124401408,0.33521655946969986,measured,,,,
gpt2,256,C,int,128,verify_derive,8,4,,cuda,NVIDIA L40S,AMD EPYC 9334 32-Core Processor x8 threads,12,124401408,0.1499365959316492,measured,,,,
gpt2,256,C,int,128,verify_fold,8,4,,cuda,NVIDIA L40S,AMD EPYC 9334 32-Core Processor x8 threads,12,124401408,0.0,measured,,,,
gpt2,256,C,int,128,verify_products,8,4,,cuda,NVIDIA L40S,AMD EPYC 9334 32-Core Processor x8 threads,12,124401408,0.14939275197684765,measured,,,,
gpt2,256,C,int,40,bytes_total,8,4,,cuda,NVIDIA L40S,AMD EPYC 9334 32-Core Processor x8 threads,12,124401408,101126172.0,measured,,,,
gpt2,256,C,int,40,fs_hash,8,4,,cuda,NVIDIA L40S,AMD EPYC 9334 32-Core Processor x8 threads,12,124401408,1.0244548320770264e-06,measured,,,,
gpt2,256,C,int,40,prove_fold,8,4,,cuda,NVIDIA L40S,AMD EPYC 9334 32-Core Processor x8 threads,12,124401408,0.043867796659469604,measured,,,,
gpt2,256,C,int,40,prove_forward,8,4,,cuda,NVIDIA L40S,AMD EPYC 9334 32-Core Processor x8 threads,12,124401408,0.04272177629172802,measured,,,,
gpt2,256,C,int,40,prove_open,8,4,,cuda,NVIDIA L40S,AMD EPYC 9334 32-Core Processor x8 threads,12,124401408,0.03612938150763512,measured,,,,
gpt2,256,C,int,40,verify_columns,8,4,,cuda,NVIDIA L40S,AMD EPYC 9334 32-Core Processor x8 threads,12,124401408,0.18287253938615322,measured,,,,
gpt2,256,C,int,40,verify_derive,8,4,,cuda,NVIDIA L40S,AMD EPYC 9334 32-Core Processor x8 threads,12,124401408,0.15562293492257595,measured,,,,
gpt2,256,C,int,40,verify_fold,8,4,,cuda,NVIDIA L40S,AMD EPYC 9334 32-Core Processor x8 threads,12,124401408,0.0,measured,,,,
gpt2,256,C,int,40,verify_products,8,4,,cuda,NVIDIA L40S,AMD EPYC 9334 32-Core Processor x8 threads,12,124401408,0.13327362574636936,measured,,,,
gpt2,256,C,int,80,bytes_total,8,4,,cuda,NVIDIA L40S,AMD EPYC 9334 32-Core Processor x8 threads,12,124401408,112688064.0,measured,,,,
gpt2,256,C,int,80,fs_hash,8,4,,cuda,NVIDIA L40S,AMD EPYC 9334 32-Core Processor x8 threads,12,124401408,9.685754776000977e-07,measured,,,,
gpt2,256,C,int,80,prove_fold,8,4,,cuda,NVIDIA L40S,AMD EPYC 9334 32-Core Processor x8 threads,12,124401408,0.044307539239525795,measured,,,,
gpt2,256,C,int,80,prove_forward,8,4,,cuda,NVIDIA L40S,AMD EPYC 9334 32-Core Processor x8 threads,12,124401408,0.03469214029610157,measured,,,,
gpt2,256,C,int,80,prove_open,8,4,,cuda,NVIDIA L40S,AMD EPYC 9334 32-Core Processor x8 threads,12,124401408,0.05808371305465698,measured,,,,
gpt2,256,C,int,80,verify_columns,8,4,,cuda,NVIDIA L40S,AMD EPYC 9334 32-Core Processor x8 threads,12,124401408,0.23215388879179955,measured,,,,
gpt2,256,C,int,80,verify_derive,8,4,,cuda,NVIDIA L40S,AMD EPYC 9334 32-Core Processor x8 threads,12,124401408,0.14690973423421383,measured,,,,
gpt2,256,C,int,80,verify_fold,8,4,,cuda,NVIDIA L40S,AMD EPYC 9334 32-Core Processor x8 threads,12,124401408,0.0,measured,,,,
gpt2,256,C,int,80,verify_products,8,4,,cuda,NVIDIA L40S,AMD EPYC 9334 32-Core Processor x8 threads,12,124401408,0.14516695030033588,measured,,,,
gpt2,256,K,int,128,bytes_total,8,4,,cuda,NVIDIA L40S,AMD EPYC 9334 32-Core Processor x8 threads,12,124401408,86708548.0,measured,,,,
gpt2,256,K,int,128,fs_hash,8,4,,cuda,NVIDIA L40S,AMD EPYC 9334 32-Core Processor x8 threads,12,124401408,6.891787052154541e-07,measured,,,,
gpt2,256,K,int,128,prove_fold,8,4,,cuda,NVIDIA L40S,AMD EPYC 9334 32-Core Processor x8 threads,12,124401408,0.0,measured,,,,
gpt2,256,K,int,128,prove_forward,8,4,,cuda,NVIDIA L40S,AMD EPYC 9334 32-Core Processor x8 threads,12,124401408,0.03478263504803181,measured,,,,
gpt2,256,K,int,128,verify_derive,8,4,,cuda,NVIDIA L40S,AMD EPYC 9334 32-Core Processor x8 threads,12,124401408,0.15738948434591293,measured,,,,
gpt2,256,K,int,128,verify_fold,8,4,,cuda,NVIDIA L40S,AMD EPYC 9334 32-Core Processor x8 threads,12,124401408,1.0877110790461302,measured,,,,
gpt2,256,K,int,128,verify_products,8,4,,cuda,NVIDIA L40S,AMD EPYC 9334 32-Core Processor x8 threads,12,124401408,0.14718169532716274,measured,,,,
gpt2,256,K,int,40,bytes_total,8,4,,cuda,NVIDIA L40S,AMD EPYC 9334 32-Core Processor x8 threads,12,124401408,86708548.0,measured,,,,
gpt2,256,K,int,40,fs_hash,8,4,,cuda,NVIDIA L40S,AMD EPYC 9334 32-Core Processor x8 threads,12,124401408,7.897615432739258e-07,measured,,,,
gpt2,256,K,int,40,prove_fold,8,4,,cuda,NVIDIA L40S,AMD EPYC 9334 32-Core Processor x8 threads,12,124401408,0.0,measured,,,,
gpt2,256,K,int,40,prove_forward,8,4,,cuda,NVIDIA L40S,AMD EPYC 9334 32-Core Processor x8 threads,12,124401408,0.034488627687096596,measured,,,,
gpt2,256,K,int,40,verify_derive,8,4,,cuda,NVIDIA L40S,AMD EPYC 9334 32-Core Processor x8 threads,12,124401408,0.1470765508711338,measured,,,,
gpt2,256,K,int,40,verify_fold,8,4,,cuda,NVIDIA L40S,AMD EPYC 9334 32-Core Processor x8 threads,12,124401408,1.1385392472147942,measured,,,,
gpt2,256,K,int,40,verify_products,8,4,,cuda,NVIDIA L40S,AMD EPYC 9334 32-Core Processor x8 threads,12,124401408,0.1342902109026909,measured,,,,
gpt2,256,K,int,80,bytes_total,8,4,,cuda,NVIDIA L40S,AMD EPYC 9334 32-Core Processor x8 threads,12,124401408,86708548.0,measured,,,,
gpt2,256,K,int,80,fs_hash,8,4,,cuda,NVIDIA L40S,AMD EPYC 9334 32-Core Processor x8 threads,12,124401408,8.344650268554688e-07,measured,,,,
gpt2,256,K,int,80,prove_fold,8,4,,cuda,NVIDIA L40S,AMD EPYC 9334 32-Core Processor x8 threads,12,124401408,0.0,measured,,,,
gpt2,256,K,int,80,prove_forward,8,4,,cuda,NVIDIA L40S,AMD EPYC 9334 32-Core Processor x8 threads,12,124401408,0.03454584255814552,measured,,,,
gpt2,256,K,int,80,verify_derive,8,4,,cuda,NVIDIA L40S,AMD EPYC 9334 32-Core Processor x8 threads,12,124401408,0.1217520534992218,measured,,,,
gpt2,256,K,int,80,verify_fold,8,4,,cuda,NVIDIA L40S,AMD EPYC 9334 32-Core Processor x8 threads,12,124401408,0.9926626570522785,measured,,,,
gpt2,256,K,int,80,verify_products,8,4,,cuda,NVIDIA L40S,AMD EPYC 9334 32-Core Processor x8 threads,12,124401408,0.10496840439736843,measured,,,,
gpt2,256,Kpre,int,128,bytes_total,8,4,,cuda,NVIDIA L40S,AMD EPYC 9334 32-Core Processor x8 threads,12,124401408,86708548.0,measured,,,,
gpt2,256,Kpre,int,128,fs_hash,8,4,,cuda,NVIDIA L40S,AMD EPYC 9334 32-Core Processor x8 threads,12,124401408,9.94652509689331e-07,measured,,,,
gpt2,256,Kpre,int,128,prove_fold,8,4,,cuda,NVIDIA L40S,AMD EPYC 9334 32-Core Processor x8 threads,12,124401408,0.0,measured,,,,
gpt2,256,Kpre,int,128,prove_forward,8,4,,cuda,NVIDIA L40S,AMD EPYC 9334 32-Core Processor x8 threads,12,124401408,0.03483758494257927,measured,,,,
gpt2,256,Kpre,int,128,verify_derive,8,4,,cuda,NVIDIA L40S,AMD EPYC 9334 32-Core Processor x8 threads,12,124401408,0.1461731120944023,measured,,,,
gpt2,256,Kpre,int,128,verify_fold,8,4,,cuda,NVIDIA L40S,AMD EPYC 9334 32-Core Processor x8 threads,12,124401408,0.0,measured,,,,
gpt2,256,Kpre,int,128,verify_products,8,4,,cuda,NVIDIA L40S,AMD EPYC 9334 32-Core Processor x8 threads,12,124401408,0.13398423232138157,measured,,,,
gpt2,256,Kpre,int,40,bytes_total,8,4,,cuda,NVIDIA L40S,AMD EPYC 9334 32-Core Processor x8 threads,12,124401408,86708548.0,measured,,,,
gpt2,256,Kpre,int,40,fs_hash,8,4,,cuda,NVIDIA L40S,AMD EPYC 9334 32-Core Processor x8 threads,12,124401408,8.67992639541626e-07,measured,,,,
gpt2,256,Kpre,int,40,prove_fold,8,4,,cuda,NVIDIA L40S,AMD EPYC 9334 32-Core Processor x8 threads,12,124401408,0.0,measured,,,,
gpt2,256,Kpre,int,40,prove_forward,8,4,,cuda,NVIDIA L40S,AMD EPYC 9334 32-Core Processor x8 threads,12,124401408,0.034568535163998604,measured,,,,
gpt2,256,Kpre,int,40,verify_derive,8,4,,cuda,NVIDIA L40S,AMD EPYC 9334 32-Core Processor x8 threads,12,124401408,0.14704814925789833,measured,,,,
gpt2,256,Kpre,int,40,verify_fold,8,4,,cuda,NVIDIA L40S,AMD EPYC 9334 32-Core Processor x8 threads,12,124401408,0.0,measured,,,,
gpt2,256,Kpre,int,40,verify_products,8,4,,cuda,NVIDIA L40S,AMD EPYC 9334 32-Core Processor x8 threads,12,124401408,0.13652208633720875,measured,,,,
gpt2,256,Kpre,int,80,bytes_total,8,4,,cuda,NVIDIA L40S,AMD EPYC 9334 32-Core Processor x8 threads,12,124401408,86708548.0,measured,,,,
gpt2,256,Kpre,int,80,fs_hash,8,4,,cuda,NVIDIA L40S,AMD EPYC 9334 32-Core Processor x8 threads,12,124401408,7.80448317527771e-07,measured,,,,
gpt2,256,Kpre,int,80,prove_fold,8,4,,cuda,NVIDIA L40S,AMD EPYC 9334 32-Core Processor x8 threads,12,124401408,0.0,measured,,,,
gpt2,256,Kpre,int,80,prove_forward,8,4,,cuda,NVIDIA L40S,AMD EPYC 9334 32-Core Processor x8 threads,12,124401408,0.03473858721554279,measured,,,,
gpt2,256,Kpre,int,80,verify_derive,8,4,,cuda,NVIDIA L40S,AMD EPYC 9334 32-Core Processor x8 threads,12,124401408,0.14918704330921173,measured,,,,
gpt2,256,Kpre,int,80,verify_fold,8,4,,cuda,NVIDIA L40S,AMD EPYC 9334 32-Core Processor x8 threads,12,124401408,0.0,measured,,,,
gpt2,256,Kpre,int,80,verify_products,8,4,,cuda,NVIDIA L40S,AMD EPYC 9334 32-Core Processor x8 threads,12,124401408,0.14436636492609978,measured,,,,
gpt2,512,C,fs,128,bytes_total,8,4,,cuda,NVIDIA L40S,AMD EPYC 9334 32-Core Processor x8 threads,12,124401408,232076272.0,measured,,,,
gpt2,512,C,fs,128,fs_hash,8,4,,cuda,NVIDIA L40S,AMD EPYC 9334 32-Core Processor x8 threads,12,124401408,0.21564676612615585,measured,,,,
gpt2,512,C,fs,128,prove_fold,8,4,,cuda,NVIDIA L40S,AMD EPYC 9334 32-Core Processor x8 threads,12,124401408,0.04500317573547363,measured,,,,
gpt2,512,C,fs,128,prove_forward,8,4,,cuda,NVIDIA L40S,AMD EPYC 9334 32-Core Processor x8 threads,12,124401408,0.04505516588687897,measured,,,,
gpt2,512,C,fs,128,prove_open,8,4,,cuda,NVIDIA L40S,AMD EPYC 9334 32-Core Processor x8 threads,12,124401408,0.09231321141123772,measured,,,,
gpt2,512,C,fs,128,verify_columns,8,4,,cuda,NVIDIA L40S,AMD EPYC 9334 32-Core Processor x8 threads,12,124401408,0.38480525463819504,measured,,,,
gpt2,512,C,fs,128,verify_derive,8,4,,cuda,NVIDIA L40S,AMD EPYC 9334 32-Core Processor x8 threads,12,124401408,0.4439876228570938,measured,,,,
gpt2,512,C,fs,128,verify_fold,8,4,,cuda,NVIDIA L40S,AMD EPYC 9334 32-Core Processor x8 threads,12,124401408,0.0,measured,,,,
gpt2,512,C,fs,128,verify_products,8,4,,cuda,NVIDIA L40S,AMD EPYC 9334 32-Core Processor x8 threads,12,124401408,0.23714925907552242,measured,,,,
gpt2,512,C,fs,40,bytes_total,8,4,,cuda,NVIDIA L40S,AMD EPYC 9334 32-Core Processor x8 threads,12,124401408,206333860.0,measured,,,,
gpt2,512,C,fs,40,fs_hash,8,4,,cuda,NVIDIA L40S,AMD EPYC 9334 32-Core Processor x8 threads,12,124401408,0.21309171803295612,measured,,,,
gpt2,512,C,fs,40,prove_fold,8,4,,cuda,NVIDIA L40S,AMD EPYC 9334 32-Core Processor x8 threads,12,124401408,0.04430801421403885,measured,,,,
gpt2,512,C,fs,40,prove_forward,8,4,,cuda,NVIDIA L40S,AMD EPYC 9334 32-Core Processor x8 threads,12,124401408,0.045336827635765076,measured,,,,
gpt2,512,C,fs,40,prove_open,8,4,,cuda,NVIDIA L40S,AMD EPYC 9334 32-Core Processor x8 threads,12,124401408,0.06052738428115845,measured,,,,
gpt2,512,C,fs,40,verify_columns,8,4,,cuda,NVIDIA L40S,AMD EPYC 9334 32-Core Processor x8 threads,12,124401408,0.2672808673232794,measured,,,,
gpt2,512,C,fs,40,verify_derive,8,4,,cuda,NVIDIA L40S,AMD EPYC 9334 32-Core Processor x8 threads,12,124401408,0.5557163674384356,measured,,,,
gpt2,512,C,fs,40,verify_fold,8,4,,cuda,NVIDIA L40S,AMD EPYC 9334 32-Core Processor x8 threads,12,124401408,0.0,measured,,,,
gpt2,512,C,fs,40,verify_products,8,4,,cuda,NVIDIA L40S,AMD EPYC 9334 32-Core Processor x8 threads,12,124401408,0.2012410070747137,measured,,,,
gpt2,512,C,fs,80,bytes_total,8,4,,cuda,NVIDIA L40S,AMD EPYC 9334 32-Core Processor x8 threads,12,124401408,217849064.0,measured,,,,
gpt2,512,C,fs,80,fs_hash,8,4,,cuda,NVIDIA L40S,AMD EPYC 9334 32-Core Processor x8 threads,12,124401408,0.2116729486733675,measured,,,,
gpt2,512,C,fs,80,prove_fold,8,4,,cuda,NVIDIA L40S,AMD EPYC 9334 32-Core Processor x8 threads,12,124401408,0.044522542506456375,measured,,,,
gpt2,512,C,fs,80,prove_forward,8,4,,cuda,NVIDIA L40S,AMD EPYC 9334 32-Core Processor x8 threads,12,124401408,0.0458283182233572,measured,,,,
gpt2,512,C,fs,80,prove_open,8,4,,cuda,NVIDIA L40S,AMD EPYC 9334 32-Core Processor x8 threads,12,124401408,0.07514490745961666,measured,,,,
gpt2,512,C,fs,80,verify_columns,8,4,,cuda,NVIDIA L40S,AMD EPYC 9334 32-Core Processor x8 threads,12,124401408,0.29331555776298046,measured,,,,
gpt2,512,C,fs,80,verify_derive,8,4,,cuda,NVIDIA L40S,AMD EPYC 9334 32-Core Processor x8 threads,12,124401408,0.4012063704431057,measured,,,,
gpt2,512,C,fs,80,verify_fold,8,4,,cuda,NVIDIA L40S,AMD EPYC 9334 32-Core Processor x8 threads,12,124401408,0.0,measured,,,,
gpt2,512,C,fs,80,verify_products,8,4,,cuda,NVIDIA L40S,AMD EPYC 9334 32-Core Processor x8 threads,12,124401408,0.15639950335025787,measured,,,,
gpt2,512,C,int,128,bytes_total,8,4,,cuda,NVIDIA L40S,AMD EPYC 9334 32-Core Processor x8 threads,12,124401408,213459848.0,measured,,,,
gpt2,512,C,int,128,bytes_total,8,4,_gpuv,cuda,NVIDIA L40S,NVIDIA L40S (GPU client) + AMD EPYC 9334 32-Core Processor x8 threads,12,124401408,213460280.0,measured,,,,
gpt2,512,C,int,128,bytes_total,8,4,_nolean,cuda,NVIDIA L40S,AMD EPYC 9334 32-Core Processor x8 threads,12,124401408,213459368.0,measured,,,,
gpt2,512,C,int,128,bytes_total,8,4,_tf32,cuda,NVIDIA L40S,AMD EPYC 9334 32-Core Processor x8 threads,12,124401408,213461176.0,measured,,,,
gpt2,512,C,int,128,fs_hash,8,4,,cuda,NVIDIA L40S,AMD EPYC 9334 32-Core Processor x8 threads,12,124401408,1.1529773473739624e-06,measured,,,,
gpt2,512,C,int,128,fs_hash,8,4,_gpuv,cuda,NVIDIA L40S,NVIDIA L40S (GPU client) + AMD EPYC 9334 32-Core Processor x8 threads,12,124401408,9.96515154838562e-07,measured,,,,
gpt2,512,C,int,128,fs_hash,8,4,_nolean,cuda,NVIDIA L40S,AMD EPYC 9334 32-Core Processor x8 threads,12,124401408,1.0994262993335724e-06,measured,,,,
gpt2,512,C,int,128,fs_hash,8,4,_tf32,cuda,NVIDIA L40S,AMD EPYC 9334 32-Core Processor x8 threads,12,124401408,1.1599622666835785e-06,measured,,,,
gpt2,512,C,int,128,prove_fold,8,4,,cuda,NVIDIA L40S,AMD EPYC 9334 32-Core Processor x8 threads,12,124401408,0.044170673936605453,measured,,,,
gpt2,512,C,int,128,prove_fold,8,4,_gpuv,cuda,NVIDIA L40S,NVIDIA L40S (GPU client) + AMD EPYC 9334 32-Core Processor x8 threads,12,124401408,0.04216276854276657,measured,,,,
gpt2,512,C,int,128,prove_fold,8,4,_nolean,cuda,NVIDIA L40S,AMD EPYC 9334 32-Core Processor x8 threads,12,124401408,0.05309154652059078,measured,,,,
gpt2,512,C,int,128,prove_fold,8,4,_tf32,cuda,NVIDIA L40S,AMD EPYC 9334 32-Core Processor x8 threads,12,124401408,0.04515321459621191,measured,,,,
gpt2,512,C,int,128,prove_forward,8,4,,cuda,NVIDIA L40S,AMD EPYC 9334 32-Core Processor x8 threads,12,124401408,0.04523390904068947,measured,,,,
gpt2,512,C,int,128,prove_forward,8,4,_gpuv,cuda,NVIDIA L40S,NVIDIA L40S (GPU client) + AMD EPYC 9334 32-Core Processor x8 threads,12,124401408,0.07946152612566948,measured,,,,
gpt2,512,C,int,128,prove_forward,8,4,_nolean,cuda,NVIDIA L40S,AMD EPYC 9334 32-Core Processor x8 threads,12,124401408,0.05805943440645933,measured,,,,
gpt2,512,C,int,128,prove_forward,8,4,_tf32,cuda,NVIDIA L40S,AMD EPYC 9334 32-Core Processor x8 threads,12,124401408,0.053597495425492525,measured,,,,
gpt2,512,C,int,128,prove_open,8,4,,cuda,NVIDIA L40S,AMD EPYC 9334 32-Core Processor x8 threads,12,124401408,0.07368040643632412,measured,,,,
gpt2,512,C,int,128,prove_open,8,4,_gpuv,cuda,NVIDIA L40S,NVIDIA L40S (GPU client) + AMD EPYC 9334 32-Core Processor x8 threads,12,124401408,0.08453173749148846,measured,,,,
gpt2,512,C,int,128,prove_open,8,4,_nolean,cuda,NVIDIA L40S,AMD EPYC 9334 32-Core Processor x8 threads,12,124401408,0.08023285632953048,measured,,,,
gpt2,512,C,int,128,prove_open,8,4,_tf32,cuda,NVIDIA L40S,AMD EPYC 9334 32-Core Processor x8 threads,12,124401408,0.07801422942429781,measured,,,,
gpt2,512,C,int,128,verify_columns,8,4,,cuda,NVIDIA L40S,AMD EPYC 9334 32-Core Processor x8 threads,12,124401408,0.28280555829405785,measured,,,,
gpt2,512,C,int,128,verify_columns,8,4,_gpuv,cuda,NVIDIA L40S,NVIDIA L40S (GPU client) + AMD EPYC 9334 32-Core Processor x8 threads,12,124401408,0.31345985271036625,measured,,,,
gpt2,512,C,int,128,verify_columns,8,4,_nolean,cuda,NVIDIA L40S,AMD EPYC 9334 32-Core Processor x8 threads,12,124401408,0.32660572743043303,measured,,,,
gpt2,512,C,int,128,verify_columns,8,4,_tf32,cuda,NVIDIA L40S,AMD EPYC 9334 32-Core Processor x8 threads,12,124401408,0.37134307669475675,measured,,,,
gpt2,512,C,int,128,verify_derive,8,4,,cuda,NVIDIA L40S,AMD EPYC 9334 32-Core Processor x8 threads,12,124401408,0.5137499831616879,measured,,,,
gpt2,512,C,int,128,verify_derive,8,4,_gpuv,cuda,NVIDIA L40S,NVIDIA L40S (GPU client) + AMD EPYC 9334 32-Core Processor x8 threads,12,124401408,0.02140890248119831,measured,,,,
gpt2,512,C,int,128,verify_derive,8,4,_nolean,cuda,NVIDIA L40S,AMD EPYC 9334 32-Core Processor x8 threads,12,124401408,0.5659579066559672,measured,,,,
gpt2,512,C,int,128,verify_derive,8,4,_tf32,cuda,NVIDIA L40S,AMD EPYC 9334 32-Core Processor x8 threads,12,124401408,0.5751233785413206,measured,,,,
gpt2,512,C,int,128,verify_fold,8,4,,cuda,NVIDIA L40S,AMD EPYC 9334 32-Core Processor x8 threads,12,124401408,0.0,measured,,,,
gpt2,512,C,int,128,verify_fold,8,4,_gpuv,cuda,NVIDIA L40S,NVIDIA L40S (GPU client) + AMD EPYC 9334 32-Core Processor x8 threads,12,124401408,0.0,measured,,,,
gpt2,512,C,int,128,verify_fold,8,4,_nolean,cuda,NVIDIA L40S,AMD EPYC 9334 32-Core Processor x8 threads,12,124401408,0.0,measured,,,,
gpt2,512,C,int,128,verify_fold,8,4,_tf32,cuda,NVIDIA L40S,AMD EPYC 9334 32-Core Processor x8 threads,12,124401408,0.0,measured,,,,
gpt2,512,C,int,128,verify_products,8,4,,cuda,NVIDIA L40S,AMD EPYC 9334 32-Core Processor x8 threads,12,124401408,0.21513742581009865,measured,,,,
gpt2,512,C,int,128,verify_products,8,4,_gpuv,cuda,NVIDIA L40S,NVIDIA L40S (GPU client) + AMD EPYC 9334 32-Core Processor x8 threads,12,124401408,0.04278908856213093,measured,,,,
gpt2,512,C,int,128,verify_products,8,4,_nolean,cuda,NVIDIA L40S,AMD EPYC 9334 32-Core Processor x8 threads,12,124401408,0.20835345378145576,measured,,,,
gpt2,512,C,int,128,verify_products,8,4,_tf32,cuda,NVIDIA L40S,AMD EPYC 9334 32-Core Processor x8 threads,12,124401408,0.23630340117961168,measured,,,,
gpt2,512,C,int,128,verify_upload,8,4,_gpuv,cuda,NVIDIA L40S,NVIDIA L40S (GPU client) + AMD EPYC 9334 32-Core Processor x8 threads,12,124401408,0.019262271001935005,measured,,,,
gpt2,512,C,int,40,bytes_total,8,4,,cuda,NVIDIA L40S,AMD EPYC 9334 32-Core Processor x8 threads,12,124401408,187632652.0,measured,,,,
gpt2,512,C,int,40,fs_hash,8,4,,cuda,NVIDIA L40S,AMD EPYC 9334 32-Core Processor x8 threads,12,124401408,1.2349337339401245e-06,measured,,,,
gpt2,512,C,int,40,prove_fold,8,4,,cuda,NVIDIA L40S,AMD EPYC 9334 32-Core Processor x8 threads,12,124401408,0.04384463280439377,measured,,,,
gpt2,512,C,int,40,prove_forward,8,4,,cuda,NVIDIA L40S,AMD EPYC 9334 32-Core Processor x8 threads,12,124401408,0.07606839574873447,measured,,,,
gpt2,512,C,int,40,prove_open,8,4,,cuda,NVIDIA L40S,AMD EPYC 9334 32-Core Processor x8 threads,12,124401408,0.036222899332642555,measured,,,,
gpt2,512,C,int,40,verify_columns,8,4,,cuda,NVIDIA L40S,AMD EPYC 9334 32-Core Processor x8 threads,12,124401408,0.18984081037342548,measured,,,,
gpt2,512,C,int,40,verify_derive,8,4,,cuda,NVIDIA L40S,AMD EPYC 9334 32-Core Processor x8 threads,12,124401408,0.6286217086017132,measured,,,,
gpt2,512,C,int,40,verify_fold,8,4,,cuda,NVIDIA L40S,AMD EPYC 9334 32-Core Processor x8 threads,12,124401408,0.0,measured,,,,
gpt2,512,C,int,40,verify_products,8,4,,cuda,NVIDIA L40S,AMD EPYC 9334 32-Core Processor x8 threads,12,124401408,0.20164147019386292,measured,,,,
gpt2,512,C,int,80,bytes_total,8,4,,cuda,NVIDIA L40S,AMD EPYC 9334 32-Core Processor x8 threads,12,124401408,199194320.0,measured,,,,
gpt2,512,C,int,80,fs_hash,8,4,,cuda,NVIDIA L40S,AMD EPYC 9334 32-Core Processor x8 threads,12,124401408,1.087784767150879e-06,measured,,,,
gpt2,512,C,int,80,prove_fold,8,4,,cuda,NVIDIA L40S,AMD EPYC 9334 32-Core Processor x8 threads,12,124401408,0.044382112100720406,measured,,,,
gpt2,512,C,int,80,prove_forward,8,4,,cuda,NVIDIA L40S,AMD EPYC 9334 32-Core Processor x8 threads,12,124401408,0.0700826533138752,measured,,,,
gpt2,512,C,int,80,prove_open,8,4,,cuda,NVIDIA L40S,AMD EPYC 9334 32-Core Processor x8 threads,12,124401408,0.06111421808600426,measured,,,,
gpt2,512,C,int,80,verify_columns,8,4,,cuda,NVIDIA L40S,AMD EPYC 9334 32-Core Processor x8 threads,12,124401408,0.2320596557110548,measured,,,,
gpt2,512,C,int,80,verify_derive,8,4,,cuda,NVIDIA L40S,AMD EPYC 9334 32-Core Processor x8 threads,12,124401408,0.5755836945027113,measured,,,,
gpt2,512,C,int,80,verify_fold,8,4,,cuda,NVIDIA L40S,AMD EPYC 9334 32-Core Processor x8 threads,12,124401408,0.0,measured,,,,
gpt2,512,C,int,80,verify_products,8,4,,cuda,NVIDIA L40S,AMD EPYC 9334 32-Core Processor x8 threads,12,124401408,0.1821049079298973,measured,,,,
gpt2,512,K,int,128,bytes_total,8,4,,cuda,NVIDIA L40S,AMD EPYC 9334 32-Core Processor x8 threads,12,124401408,173216068.0,measured,,,,
gpt2,512,K,int,128,fs_hash,8,4,,cuda,NVIDIA L40S,AMD EPYC 9334 32-Core Processor x8 threads,12,124401408,8.754432201385498e-07,measured,,,,
gpt2,512,K,int,128,prove_fold,8,4,,cuda,NVIDIA L40S,AMD EPYC 9334 32-Core Processor x8 threads,12,124401408,0.0,measured,,,,
gpt2,512,K,int,128,prove_forward,8,4,,cuda,NVIDIA L40S,AMD EPYC 9334 32-Core Processor x8 threads,12,124401408,0.045136136934161186,measured,,,,
gpt2,512,K,int,128,verify_derive,8,4,,cuda,NVIDIA L40S,AMD EPYC 9334 32-Core Processor x8 threads,12,124401408,0.5680225472897291,measured,,,,
gpt2,512,K,int,128,verify_fold,8,4,,cuda,NVIDIA L40S,AMD EPYC 9334 32-Core Processor x8 threads,12,124401408,1.1133472938090563,measured,,,,
gpt2,512,K,int,128,verify_products,8,4,,cuda,NVIDIA L40S,AMD EPYC 9334 32-Core Processor x8 threads,12,124401408,0.22756897658109665,measured,,,,
gpt2,512,K,int,40,bytes_total,8,4,,cuda,NVIDIA L40S,AMD EPYC 9334 32-Core Processor x8 threads,12,124401408,173216068.0,measured,,,,
gpt2,512,K,int,40,fs_hash,8,4,,cuda,NVIDIA L40S,AMD EPYC 9334 32-Core Processor x8 threads,12,124401408,9.741634130477905e-07,measured,,,,
gpt2,512,K,int,40,prove_fold,8,4,,cuda,NVIDIA L40S,AMD EPYC 9334 32-Core Processor x8 threads,12,124401408,0.0,measured,,,,
gpt2,512,K,int,40,prove_forward,8,4,,cuda,NVIDIA L40S,AMD EPYC 9334 32-Core Processor x8 threads,12,124401408,0.044943952932953835,measured,,,,
gpt2,512,K,int,40,verify_derive,8,4,,cuda,NVIDIA L40S,AMD EPYC 9334 32-Core Processor x8 threads,12,124401408,0.5979484226554632,measured,,,,
gpt2,512,K,int,40,verify_fold,8,4,,cuda,NVIDIA L40S,AMD EPYC 9334 32-Core Processor x8 threads,12,124401408,1.165788995102048,measured,,,,
gpt2,512,K,int,40,verify_products,8,4,,cuda,NVIDIA L40S,AMD EPYC 9334 32-Core Processor x8 threads,12,124401408,0.2068579252809286,measured,,,,
gpt2,512,K,int,80,bytes_total,8,4,,cuda,NVIDIA L40S,AMD EPYC 9334 32-Core Processor x8 threads,12,124401408,173216068.0,measured,,,,
gpt2,512,K,int,80,fs_hash,8,4,,cuda,NVIDIA L40S,AMD EPYC 9334 32-Core Processor x8 threads,12,124401408,7.636845111846924e-07,measured,,,,
gpt2,512,K,int,80,prove_fold,8,4,,cuda,NVIDIA L40S,AMD EPYC 9334 32-Core Processor x8 threads,12,124401408,0.0,measured,,,,
gpt2,512,K,int,80,prove_forward,8,4,,cuda,NVIDIA L40S,AMD EPYC 9334 32-Core Processor x8 threads,12,124401408,0.045181455090641975,measured,,,,
gpt2,512,K,int,80,verify_derive,8,4,,cuda,NVIDIA L40S,AMD EPYC 9334 32-Core Processor x8 threads,12,124401408,0.4563031140714884,measured,,,,
gpt2,512,K,int,80,verify_fold,8,4,,cuda,NVIDIA L40S,AMD EPYC 9334 32-Core Processor x8 threads,12,124401408,1.086728261783719,measured,,,,
gpt2,512,K,int,80,verify_products,8,4,,cuda,NVIDIA L40S,AMD EPYC 9334 32-Core Processor x8 threads,12,124401408,0.18095859698951244,measured,,,,
gpt2,512,Kpre,int,128,bytes_total,8,4,,cuda,NVIDIA L40S,AMD EPYC 9334 32-Core Processor x8 threads,12,124401408,173216068.0,measured,,,,
gpt2,512,Kpre,int,128,bytes_total,8,4,_gpuv,cuda,NVIDIA L40S,NVIDIA L40S (GPU client) + AMD EPYC 9334 32-Core Processor x8 threads,12,124401408,173216068.0,measured,,,,
gpt2,512,Kpre,int,128,bytes_total,8,4,_nolean,cuda,NVIDIA L40S,AMD EPYC 9334 32-Core Processor x8 threads,12,124401408,173216068.0,measured,,,,
gpt2,512,Kpre,int,128,fs_hash,8,4,,cuda,NVIDIA L40S,AMD EPYC 9334 32-Core Processor x8 threads,12,124401408,1.0039657354354858e-06,measured,,,,
gpt2,512,Kpre,int,128,fs_hash,8,4,_gpuv,cuda,NVIDIA L40S,NVIDIA L40S (GPU client) + AMD EPYC 9334 32-Core Processor x8 threads,12,124401408,8.21426510810852e-07,measured,,,,
gpt2,512,Kpre,int,128,fs_hash,8,4,_nolean,cuda,NVIDIA L40S,AMD EPYC 9334 32-Core Processor x8 threads,12,124401408,1.080334186553955e-06,measured,,,,
gpt2,512,Kpre,int,128,prove_fold,8,4,,cuda,NVIDIA L40S,AMD EPYC 9334 32-Core Processor x8 threads,12,124401408,0.0,measured,,,,
gpt2,512,Kpre,int,128,prove_fold,8,4,_gpuv,cuda,NVIDIA L40S,NVIDIA L40S (GPU client) + AMD EPYC 9334 32-Core Processor x8 threads,12,124401408,0.0,measured,,,,
gpt2,512,Kpre,int,128,prove_fold,8,4,_nolean,cuda,NVIDIA L40S,AMD EPYC 9334 32-Core Processor x8 threads,12,124401408,0.0,measured,,,,
gpt2,512,Kpre,int,128,prove_forward,8,4,,cuda,NVIDIA L40S,AMD EPYC 9334 32-Core Processor x8 threads,12,124401408,0.04548058100044727,measured,,,,
gpt2,512,Kpre,int,128,prove_forward,8,4,_gpuv,cuda,NVIDIA L40S,NVIDIA L40S (GPU client) + AMD EPYC 9334 32-Core Processor x8 threads,12,124401408,0.09720980376005173,measured,,,,
gpt2,512,Kpre,int,128,prove_forward,8,4,_nolean,cuda,NVIDIA L40S,AMD EPYC 9334 32-Core Processor x8 threads,12,124401408,0.05365780694410205,measured,,,,
gpt2,512,Kpre,int,128,verify_derive,8,4,,cuda,NVIDIA L40S,AMD EPYC 9334 32-Core Processor x8 threads,12,124401408,0.520869217813015,measured,,,,
gpt2,512,Kpre,int,128,verify_derive,8,4,_gpuv,cuda,NVIDIA L40S,NVIDIA L40S (GPU client) + AMD EPYC 9334 32-Core Processor x8 threads,12,124401408,0.021519260480999947,measured,,,,
gpt2,512,Kpre,int,128,verify_derive,8,4,_nolean,cuda,NVIDIA L40S,AMD EPYC 9334 32-Core Processor x8 threads,12,124401408,0.5282554319128394,measured,,,,
gpt2,512,Kpre,int,128,verify_fold,8,4,,cuda,NVIDIA L40S,AMD EPYC 9334 32-Core Processor x8 threads,12,124401408,0.0,measured,,,,
gpt2,512,Kpre,int,128,verify_fold,8,4,_gpuv,cuda,NVIDIA L40S,NVIDIA L40S (GPU client) + AMD EPYC 9334 32-Core Processor x8 threads,12,124401408,0.0,measured,,,,
gpt2,512,Kpre,int,128,verify_fold,8,4,_nolean,cuda,NVIDIA L40S,AMD EPYC 9334 32-Core Processor x8 threads,12,124401408,0.0,measured,,,,
gpt2,512,Kpre,int,128,verify_products,8,4,,cuda,NVIDIA L40S,AMD EPYC 9334 32-Core Processor x8 threads,12,124401408,0.22473333217203617,measured,,,,
gpt2,512,Kpre,int,128,verify_products,8,4,_gpuv,cuda,NVIDIA L40S,NVIDIA L40S (GPU client) + AMD EPYC 9334 32-Core Processor x8 threads,12,124401408,0.043012553825974464,measured,,,,
gpt2,512,Kpre,int,128,verify_products,8,4,_nolean,cuda,NVIDIA L40S,AMD EPYC 9334 32-Core Processor x8 threads,12,124401408,0.14572651637718081,measured,,,,
gpt2,512,Kpre,int,128,verify_upload,8,4,_gpuv,cuda,NVIDIA L40S,NVIDIA L40S (GPU client) + AMD EPYC 9334 32-Core Processor x8 threads,12,124401408,0.018106378614902496,measured,,,,
gpt2,512,Kpre,int,40,bytes_total,8,4,,cuda,NVIDIA L40S,AMD EPYC 9334 32-Core Processor x8 threads,12,124401408,173216068.0,measured,,,,
gpt2,512,Kpre,int,40,fs_hash,8,4,,cuda,NVIDIA L40S,AMD EPYC 9334 32-Core Processor x8 threads,12,124401408,9.257346391677856e-07,measured,,,,
gpt2,512,Kpre,int,40,prove_fold,8,4,,cuda,NVIDIA L40S,AMD EPYC 9334 32-Core Processor x8 threads,12,124401408,0.0,measured,,,,
gpt2,512,Kpre,int,40,prove_forward,8,4,,cuda,NVIDIA L40S,AMD EPYC 9334 32-Core Processor x8 threads,12,124401408,0.0451250895857811,measured,,,,
gpt2,512,Kpre,int,40,verify_derive,8,4,,cuda,NVIDIA L40S,AMD EPYC 9334 32-Core Processor x8 threads,12,124401408,0.6405756399035454,measured,,,,
gpt2,512,Kpre,int,40,verify_fold,8,4,,cuda,NVIDIA L40S,AMD EPYC 9334 32-Core Processor x8 threads,12,124401408,0.0,measured,,,,
gpt2,512,Kpre,int,40,verify_products,8,4,,cuda,NVIDIA L40S,AMD EPYC 9334 32-Core Processor x8 threads,12,124401408,0.20426003448665142,measured,,,,
gpt2,512,Kpre,int,80,bytes_total,8,4,,cuda,NVIDIA L40S,AMD EPYC 9334 32-Core Processor x8 threads,12,124401408,173216068.0,measured,,,,
gpt2,512,Kpre,int,80,fs_hash,8,4,,cuda,NVIDIA L40S,AMD EPYC 9334 32-Core Processor x8 threads,12,124401408,1.1362135410308838e-06,measured,,,,
gpt2,512,Kpre,int,80,prove_fold,8,4,,cuda,NVIDIA L40S,AMD EPYC 9334 32-Core Processor x8 threads,12,124401408,0.0,measured,,,,
gpt2,512,Kpre,int,80,prove_forward,8,4,,cuda,NVIDIA L40S,AMD EPYC 9334 32-Core Processor x8 threads,12,124401408,0.04475824348628521,measured,,,,
gpt2,512,Kpre,int,80,verify_derive,8,4,,cuda,NVIDIA L40S,AMD EPYC 9334 32-Core Processor x8 threads,12,124401408,0.38186402805149555,measured,,,,
gpt2,512,Kpre,int,80,verify_fold,8,4,,cuda,NVIDIA L40S,AMD EPYC 9334 32-Core Processor x8 threads,12,124401408,0.0,measured,,,,
gpt2,512,Kpre,int,80,verify_products,8,4,,cuda,NVIDIA L40S,AMD EPYC 9334 32-Core Processor x8 threads,12,124401408,0.14974629320204258,measured,,,,
gpt2,64,C,fs,128,bytes_total,8,4,,cuda,NVIDIA L40S,AMD EPYC 9334 32-Core Processor x8 threads,12,124401408,80688480.0,measured,,,,
gpt2,64,C,fs,128,fs_hash,8,4,,cuda,NVIDIA L40S,AMD EPYC 9334 32-Core Processor x8 threads,12,124401408,0.03386408090591431,measured,,,,
gpt2,64,C,fs,128,prove_fold,8,4,,cuda,NVIDIA L40S,AMD EPYC 9334 32-Core Processor x8 threads,12,124401408,0.04465285874903202,measured,,,,
gpt2,64,C,fs,128,prove_forward,8,4,,cuda,NVIDIA L40S,AMD EPYC 9334 32-Core Processor x8 threads,12,124401408,0.027163084596395493,measured,,,,
gpt2,64,C,fs,128,prove_open,8,4,,cuda,NVIDIA L40S,AMD EPYC 9334 32-Core Processor x8 threads,12,124401408,0.10204892605543137,measured,,,,
gpt2,64,C,fs,128,verify_columns,8,4,,cuda,NVIDIA L40S,AMD EPYC 9334 32-Core Processor x8 threads,12,124401408,0.4624865744262934,measured,,,,
gpt2,64,C,fs,128,verify_derive,8,4,,cuda,NVIDIA L40S,AMD EPYC 9334 32-Core Processor x8 threads,12,124401408,0.058409079909324646,measured,,,,
gpt2,64,C,fs,128,verify_fold,8,4,,cuda,NVIDIA L40S,AMD EPYC 9334 32-Core Processor x8 threads,12,124401408,0.0,measured,,,,
gpt2,64,C,fs,128,verify_products,8,4,,cuda,NVIDIA L40S,AMD EPYC 9334 32-Core Processor x8 threads,12,124401408,0.1049458459019661,measured,,,,
gpt2,64,C,fs,40,bytes_total,8,4,,cuda,NVIDIA L40S,AMD EPYC 9334 32-Core Processor x8 threads,12,124401408,54941556.0,measured,,,,
gpt2,64,C,fs,40,fs_hash,8,4,,cuda,NVIDIA L40S,AMD EPYC 9334 32-Core Processor x8 threads,12,124401408,0.0304699819535017,measured,,,,
gpt2,64,C,fs,40,prove_fold,8,4,,cuda,NVIDIA L40S,AMD EPYC 9334 32-Core Processor x8 threads,12,124401408,0.0441737100481987,measured,,,,
gpt2,64,C,fs,40,prove_forward,8,4,,cuda,NVIDIA L40S,AMD EPYC 9334 32-Core Processor x8 threads,12,124401408,0.02726055309176445,measured,,,,
gpt2,64,C,fs,40,prove_open,8,4,,cuda,NVIDIA L40S,AMD EPYC 9334 32-Core Processor x8 threads,12,124401408,0.07429847680032253,measured,,,,
gpt2,64,C,fs,40,verify_columns,8,4,,cuda,NVIDIA L40S,AMD EPYC 9334 32-Core Processor x8 threads,12,124401408,0.3099190331995487,measured,,,,
gpt2,64,C,fs,40,verify_derive,8,4,,cuda,NVIDIA L40S,AMD EPYC 9334 32-Core Processor x8 threads,12,124401408,0.05460159480571747,measured,,,,
gpt2,64,C,fs,40,verify_fold,8,4,,cuda,NVIDIA L40S,AMD EPYC 9334 32-Core Processor x8 threads,12,124401408,0.0,measured,,,,
gpt2,64,C,fs,40,verify_products,8,4,,cuda,NVIDIA L40S,AMD EPYC 9334 32-Core Processor x8 threads,12,124401408,0.09064638800919056,measured,,,,
gpt2,64,C,fs,80,bytes_total,8,4,,cuda,NVIDIA L40S,AMD EPYC 9334 32-Core Processor x8 threads,12,124401408,66461656.0,measured,,,,
gpt2,64,C,fs,80,fs_hash,8,4,,cuda,NVIDIA L40S,AMD EPYC 9334 32-Core Processor x8 threads,12,124401408,0.03152460232377052,measured,,,,
gpt2,64,C,fs,80,prove_fold,8,4,,cuda,NVIDIA L40S,AMD EPYC 9334 32-Core Processor x8 threads,12,124401408,0.04463881067931652,measured,,,,
gpt2,64,C,fs,80,prove_forward,8,4,,cuda,NVIDIA L40S,AMD EPYC 9334 32-Core Processor x8 threads,12,124401408,0.02723378688097,measured,,,,
gpt2,64,C,fs,80,prove_open,8,4,,cuda,NVIDIA L40S,AMD EPYC 9334 32-Core Processor x8 threads,12,124401408,0.10592677444219589,measured,,,,
gpt2,64,C,fs,80,verify_columns,8,4,,cuda,NVIDIA L40S,AMD EPYC 9334 32-Core Processor x8 threads,12,124401408,0.3543165288865566,measured,,,,
gpt2,64,C,fs,80,verify_derive,8,4,,cuda,NVIDIA L40S,AMD EPYC 9334 32-Core Processor x8 threads,12,124401408,0.05475434474647045,measured,,,,
gpt2,64,C,fs,80,verify_fold,8,4,,cuda,NVIDIA L40S,AMD EPYC 9334 32-Core Processor x8 threads,12,124401408,0.0,measured,,,,
gpt2,64,C,fs,80,verify_products,8,4,,cuda,NVIDIA L40S,AMD EPYC 9334 32-Core Processor x8 threads,12,124401408,0.09860224649310112,measured,,,,
gpt2,64,C,int,128,bytes_total,1,4,_thr1,cuda,NVIDIA L40S,AMD EPYC 9334 32-Core Processor x1 threads,12,124401408,62071240.0,measured,,,,
gpt2,64,C,int,128,bytes_total,8,4,,cuda,NVIDIA L40S,AMD EPYC 9334 32-Core Processor x8 threads,12,124401408,62071528.0,measured,,,,
gpt2,64,C,int,128,bytes_total,8,4,_batch,cuda,NVIDIA L40S,AMD EPYC 9334 32-Core Processor x8 threads,12,124401408,62074792.0,measured,,,,
gpt2,64,C,int,128,bytes_total,8,4,_batch,cuda,NVIDIA L40S,AMD EPYC 9334 32-Core Processor x8 threads,12,124401408,738740772.0,measured,32,,,
gpt2,64,C,int,128,bytes_total,8,4,_batch,cuda,NVIDIA L40S,AMD EPYC 9334 32-Core Processor x8 threads,12,124401408,214865412.0,measured,8,,,
gpt2,64,C,int,128,bytes_total,8,4,_gpuv,cuda,NVIDIA L40S,NVIDIA L40S (GPU client) + AMD EPYC 9334 32-Core Processor x8 threads,12,124401408,62073512.0,measured,,,,
gpt2,64,C,int,128,bytes_total,8,4,_nofix,cuda,NVIDIA L40S,AMD EPYC 9334 32-Core Processor x8 threads,12,124401408,62072104.0,measured,,,,
gpt2,64,C,int,128,bytes_total,8,4,_tf32,cuda,NVIDIA L40S,AMD EPYC 9334 32-Core Processor x8 threads,12,124401408,62071496.0,measured,,,,
gpt2,64,C,int,128,fs_hash,1,4,_thr1,cuda,NVIDIA L40S,AMD EPYC 9334 32-Core Processor x1 threads,12,124401408,6.30505383014679e-07,measured,,,,
gpt2,64,C,int,128,fs_hash,8,4,,cuda,NVIDIA L40S,AMD EPYC 9334 32-Core Processor x8 threads,12,124401408,7.413327693939209e-07,measured,,,,
gpt2,64,C,int,128,fs_hash,8,4,_batch,cuda,NVIDIA L40S,AMD EPYC 9334 32-Core Processor x8 threads,12,124401408,6.92903995513916e-07,measured,,,,
gpt2,64,C,int,128,fs_hash,8,4,_batch,cuda,NVIDIA L40S,AMD EPYC 9334 32-Core Processor x8 threads,12,124401408,1.601874828338623e-06,measured,32,,,
gpt2,64,C,int,128,fs_hash,8,4,_batch,cuda,NVIDIA L40S,AMD EPYC 9334 32-Core Processor x8 threads,12,124401408,1.087784767150879e-06,measured,8,,,
gpt2,64,C,int,128,fs_hash,8,4,_gpuv,cuda,NVIDIA L40S,NVIDIA L40S (GPU client) + AMD EPYC 9334 32-Core Processor x8 threads,12,124401408,7.953494787216187e-07,measured,,,,
gpt2,64,C,int,128,fs_hash,8,4,_nofix,cuda,NVIDIA L40S,AMD EPYC 9334 32-Core Processor x8 threads,12,124401408,1.0654330253601074e-06,measured,,,,
gpt2,64,C,int,128,fs_hash,8,4,_tf32,cuda,NVIDIA L40S,AMD EPYC 9334 32-Core Processor x8 threads,12,124401408,6.700865924358368e-07,measured,,,,
gpt2,64,C,int,128,prove_fold,1,4,_thr1,cuda,NVIDIA L40S,AMD EPYC 9334 32-Core Processor x1 threads,12,124401408,0.04209314752370119,measured,,,,
gpt2,64,C,int,128,prove_fold,8,4,,cuda,NVIDIA L40S,AMD EPYC 9334 32-Core Processor x8 threads,12,124401408,0.04419560730457306,measured,,,,
gpt2,64,C,int,128,prove_fold,8,4,_batch,cuda,NVIDIA L40S,AMD EPYC 9334 32-Core Processor x8 threads,12,124401408,0.04310358688235283,measured,,,,
gpt2,64,C,int,128,prove_fold,8,4,_batch,cuda,NVIDIA L40S,AMD EPYC 9334 32-Core Processor x8 threads,12,124401408,0.04389816150069237,measured,32,,,
gpt2,64,C,int,128,prove_fold,8,4,_batch,cuda,NVIDIA L40S,AMD EPYC 9334 32-Core Processor x8 threads,12,124401408,0.04300402104854584,measured,8,,,
gpt2,64,C,int,128,prove_fold,8,4,_gpuv,cuda,NVIDIA L40S,NVIDIA L40S (GPU client) + AMD EPYC 9334 32-Core Processor x8 threads,12,124401408,0.04249493591487408,measured,,,,
gpt2,64,C,int,128,prove_fold,8,4,_nofix,cuda,NVIDIA L40S,AMD EPYC 9334 32-Core Processor x8 threads,12,124401408,0.05617605149745941,measured,,,,
gpt2,64,C,int,128,prove_fold,8,4,_tf32,cuda,NVIDIA L40S,AMD EPYC 9334 32-Core Processor x8 threads,12,124401408,0.043922598008066416,measured,,,,
gpt2,64,C,int,128,prove_forward,1,4,_thr1,cuda,NVIDIA L40S,AMD EPYC 9334 32-Core Processor x1 threads,12,124401408,0.026599854230880737,measured,,,,
gpt2,64,C,int,128,prove_forward,8,4,,cuda,NVIDIA L40S,AMD EPYC 9334 32-Core Processor x8 threads,12,124401408,0.02712184190750122,measured,,,,
gpt2,64,C,int,128,prove_forward,8,4,_batch,cuda,NVIDIA L40S,AMD EPYC 9334 32-Core Processor x8 threads,12,124401408,0.026431921869516373,measured,,,,
gpt2,64,C,int,128,prove_forward,8,4,_batch,cuda,NVIDIA L40S,AMD EPYC 9334 32-Core Processor x8 threads,12,124401408,0.6942125111818314,measured,32,,,
gpt2,64,C,int,128,prove_forward,8,4,_batch,cuda,NVIDIA L40S,AMD EPYC 9334 32-Core Processor x8 threads,12,124401408,0.19006285443902016,measured,8,,,
gpt2,64,C,int,128,prove_forward,8,4,_gpuv,cuda,NVIDIA L40S,NVIDIA L40S (GPU client) + AMD EPYC 9334 32-Core Processor x8 threads,12,124401408,0.026906339451670647,measured,,,,
gpt2,64,C,int,128,prove_forward,8,4,_nofix,cuda,NVIDIA L40S,AMD EPYC 9334 32-Core Processor x8 threads,12,124401408,0.039431337267160416,measured,,,,
gpt2,64,C,int,128,prove_forward,8,4,_tf32,cuda,NVIDIA L40S,AMD EPYC 9334 32-Core Processor x8 threads,12,124401408,0.027346236165612936,measured,,,,
gpt2,64,C,int,128,prove_open,1,4,_thr1,cuda,NVIDIA L40S,AMD EPYC 9334 32-Core Processor x1 threads,12,124401408,0.08651225734502077,measured,,,,
gpt2,64,C,int,128,prove_open,8,4,,cuda,NVIDIA L40S,AMD EPYC 9334 32-Core Processor x8 threads,12,124401408,0.101758548989892,measured,,,,
gpt2,64,C,int,128,prove_open,8,4,_batch,cuda,NVIDIA L40S,AMD EPYC 9334 32-Core Processor x8 threads,12,124401408,0.09597553685307503,measured,,,,
gpt2,64,C,int,128,prove_open,8,4,_batch,cuda,NVIDIA L40S,AMD EPYC 9334 32-Core Processor x8 threads,12,124401408,0.07735452428460121,measured,32,,,
gpt2,64,C,int,128,prove_open,8,4,_batch,cuda,NVIDIA L40S,AMD EPYC 9334 32-Core Processor x8 threads,12,124401408,0.07131629809737206,measured,8,,,
gpt2,64,C,int,128,prove_open,8,4,_gpuv,cuda,NVIDIA L40S,NVIDIA L40S (GPU client) + AMD EPYC 9334 32-Core Processor x8 threads,12,124401408,0.07468115724623203,measured,,,,
gpt2,64,C,int,128,prove_open,8,4,_nofix,cuda,NVIDIA L40S,AMD EPYC 9334 32-Core Processor x8 threads,12,124401408,0.09766651131212711,measured,,,,
gpt2,64,C,int,128,prove_open,8,4,_tf32,cuda,NVIDIA L40S,AMD EPYC 9334 32-Core Processor x8 threads,12,124401408,0.09895240142941475,measured,,,,
gpt2,64,C,int,128,verify_columns,1,4,_thr1,cuda,NVIDIA L40S,AMD EPYC 9334 32-Core Processor x1 threads,12,124401408,0.2839186545461416,measured,,,,
gpt2,64,C,int,128,verify_columns,8,4,,cuda,NVIDIA L40S,AMD EPYC 9334 32-Core Processor x8 threads,12,124401408,0.31472465582191944,measured,,,,
gpt2,64,C,int,128,verify_columns,8,4,_batch,cuda,NVIDIA L40S,AMD EPYC 9334 32-Core Processor x8 threads,12,124401408,0.3479844331741333,measured,,,,
gpt2,64,C,int,128,verify_columns,8,4,_batch,cuda,NVIDIA L40S,AMD EPYC 9334 32-Core Processor x8 threads,12,124401408,0.36315083131194115,measured,32,,,
gpt2,64,C,int,128,verify_columns,8,4,_batch,cuda,NVIDIA L40S,AMD EPYC 9334 32-Core Processor x8 threads,12,124401408,0.34631963819265366,measured,8,,,
gpt2,64,C,int,128,verify_columns,8,4,_gpuv,cuda,NVIDIA L40S,NVIDIA L40S (GPU client) + AMD EPYC 9334 32-Core Processor x8 threads,12,124401408,0.31646663323044777,measured,,,,
gpt2,64,C,int,128,verify_columns,8,4,_nofix,cuda,NVIDIA L40S,AMD EPYC 9334 32-Core Processor x8 threads,12,124401408,0.265097688883543,measured,,,,
gpt2,64,C,int,128,verify_columns,8,4,_tf32,cuda,NVIDIA L40S,AMD EPYC 9334 32-Core Processor x8 threads,12,124401408,0.3472057259641588,measured,,,,
gpt2,64,C,int,128,verify_derive,1,4,_thr1,cuda,NVIDIA L40S,AMD EPYC 9334 32-Core Processor x1 threads,12,124401408,0.04956639464944601,measured,,,,
gpt2,64,C,int,128,verify_derive,8,4,,cuda,NVIDIA L40S,AMD EPYC 9334 32-Core Processor x8 threads,12,124401408,0.05615646578371525,measured,,,,
gpt2,64,C,int,128,verify_derive,8,4,_batch,cuda,NVIDIA L40S,AMD EPYC 9334 32-Core Processor x8 threads,12,124401408,0.060137733817100525,measured,,,,
gpt2,64,C,int,128,verify_derive,8,4,_batch,cuda,NVIDIA L40S,AMD EPYC 9334 32-Core Processor x8 threads,12,124401408,1.4377922900021076,measured,32,,,
gpt2,64,C,int,128,verify_derive,8,4,_batch,cuda,NVIDIA L40S,AMD EPYC 9334 32-Core Processor x8 threads,12,124401408,0.1630149632692337,measured,8,,,
gpt2,64,C,int,128,verify_derive,8,4,_gpuv,cuda,NVIDIA L40S,NVIDIA L40S (GPU client) + AMD EPYC 9334 32-Core Processor x8 threads,12,124401408,0.018298698589205742,measured,,,,
gpt2,64,C,int,128,verify_derive,8,4,_nofix,cuda,NVIDIA L40S,AMD EPYC 9334 32-Core Processor x8 threads,12,124401408,0.04130793362855911,measured,,,,
gpt2,64,C,int,128,verify_derive,8,4,_tf32,cuda,NVIDIA L40S,AMD EPYC 9334 32-Core Processor x8 threads,12,124401408,0.05512765469029546,measured,,,,
gpt2,64,C,int,128,verify_fold,1,4,_thr1,cuda,NVIDIA L40S,AMD EPYC 9334 32-Core Processor x1 threads,12,124401408,0.0,measured,,,,
gpt2,64,C,int,128,verify_fold,8,4,,cuda,NVIDIA L40S,AMD EPYC 9334 32-Core Processor x8 threads,12,124401408,0.0,measured,,,,
gpt2,64,C,int,128,verify_fold,8,4,_batch,cuda,NVIDIA L40S,AMD EPYC 9334 32-Core Processor x8 threads,12,124401408,0.0,measured,,,,
gpt2,64,C,int,128,verify_fold,8,4,_batch,cuda,NVIDIA L40S,AMD EPYC 9334 32-Core Processor x8 threads,12,124401408,0.0,measured,32,,,
gpt2,64,C,int,128,verify_fold,8,4,_batch,cuda,NVIDIA L40S,AMD EPYC 9334 32-Core Processor x8 threads,12,124401408,0.0,measured,8,,,
gpt2,64,C,int,128,verify_fold,8,4,_gpuv,cuda,NVIDIA L40S,NVIDIA L40S (GPU client) + AMD EPYC 9334 32-Core Processor x8 threads,12,124401408,0.0,measured,,,,
gpt2,64,C,int,128,verify_fold,8,4,_nofix,cuda,NVIDIA L40S,AMD EPYC 9334 32-Core Processor x8 threads,12,124401408,0.0,measured,,,,
gpt2,64,C,int,128,verify_fold,8,4,_tf32,cuda,NVIDIA L40S,AMD EPYC 9334 32-Core Processor x8 threads,12,124401408,0.0,measured,,,,
gpt2,64,C,int,128,verify_products,1,4,_thr1,cuda,NVIDIA L40S,AMD EPYC 9334 32-Core Processor x1 threads,12,124401408,0.06238751579076052,measured,,,,
gpt2,64,C,int,128,verify_products,8,4,,cuda,NVIDIA L40S,AMD EPYC 9334 32-Core Processor x8 threads,12,124401408,0.09705895930528641,measured,,,,
gpt2,64,C,int,128,verify_products,8,4,_batch,cuda,NVIDIA L40S,AMD EPYC 9334 32-Core Processor x8 threads,12,124401408,0.11058325693011284,measured,,,,
gpt2,64,C,int,128,verify_products,8,4,_batch,cuda,NVIDIA L40S,AMD EPYC 9334 32-Core Processor x8 threads,12,124401408,1.0895692743360996,measured,32,,,
gpt2,64,C,int,128,verify_products,8,4,_batch,cuda,NVIDIA L40S,AMD EPYC 9334 32-Core Processor x8 threads,12,124401408,0.23375478014349937,measured,8,,,
gpt2,64,C,int,128,verify_products,8,4,_gpuv,cuda,NVIDIA L40S,NVIDIA L40S (GPU client) + AMD EPYC 9334 32-Core Processor x8 threads,12,124401408,0.08670392632484436,measured,,,,
gpt2,64,C,int,128,verify_products,8,4,_nofix,cuda,NVIDIA L40S,AMD EPYC 9334 32-Core Processor x8 threads,12,124401408,0.07377670332789421,measured,,,,
gpt2,64,C,int,128,verify_products,8,4,_tf32,cuda,NVIDIA L40S,AMD EPYC 9334 32-Core Processor x8 threads,12,124401408,0.10586112271994352,measured,,,,
gpt2,64,C,int,128,verify_upload,8,4,_gpuv,cuda,NVIDIA L40S,NVIDIA L40S (GPU client) + AMD EPYC 9334 32-Core Processor x8 threads,12,124401408,0.00538095086812973,measured,,,,
gpt2,64,C,int,40,bytes_total,1,4,_thr1,cuda,NVIDIA L40S,AMD EPYC 9334 32-Core Processor x1 threads,12,124401408,36244908.0,measured,,,,
gpt2,64,C,int,40,bytes_total,8,4,,cuda,NVIDIA L40S,AMD EPYC 9334 32-Core Processor x8 threads,12,124401408,36245868.0,measured,,,,
gpt2,64,C,int,40,fs_hash,1,4,_thr1,cuda,NVIDIA L40S,AMD EPYC 9334 32-Core Processor x1 threads,12,124401408,7.199123501777649e-07,measured,,,,
gpt2,64,C,int,40,fs_hash,8,4,,cuda,NVIDIA L40S,AMD EPYC 9334 32-Core Processor x8 threads,12,124401408,7.953494787216187e-07,measured,,,,
gpt2,64,C,int,40,prove_fold,1,4,_thr1,cuda,NVIDIA L40S,AMD EPYC 9334 32-Core Processor x1 threads,12,124401408,0.041549828834831715,measured,,,,
gpt2,64,C,int,40,prove_fold,8,4,,cuda,NVIDIA L40S,AMD EPYC 9334 32-Core Processor x8 threads,12,124401408,0.043738655745983124,measured,,,,
gpt2,64,C,int,40,prove_forward,1,4,_thr1,cuda,NVIDIA L40S,AMD EPYC 9334 32-Core Processor x1 threads,12,124401408,0.02952098660171032,measured,,,,
gpt2,64,C,int,40,prove_forward,8,4,,cuda,NVIDIA L40S,AMD EPYC 9334 32-Core Processor x8 threads,12,124401408,0.027202794328331947,measured,,,,
gpt2,64,C,int,40,prove_open,1,4,_thr1,cuda,NVIDIA L40S,AMD EPYC 9334 32-Core Processor x1 threads,12,124401408,0.03973136655986309,measured,,,,
gpt2,64,C,int,40,prove_open,8,4,,cuda,NVIDIA L40S,AMD EPYC 9334 32-Core Processor x8 threads,12,124401408,0.04099755920469761,measured,,,,
gpt2,64,C,int,40,verify_columns,1,4,_thr1,cuda,NVIDIA L40S,AMD EPYC 9334 32-Core Processor x1 threads,12,124401408,0.11050083860754967,measured,,,,
gpt2,64,C,int,40,verify_columns,8,4,,cuda,NVIDIA L40S,AMD EPYC 9334 32-Core Processor x8 threads,12,124401408,0.16439124941825867,measured,,,,
gpt2,64,C,int,40,verify_derive,1,4,_thr1,cuda,NVIDIA L40S,AMD EPYC 9334 32-Core Processor x1 threads,12,124401408,0.05033228546380997,measured,,,,
gpt2,64,C,int,40,verify_derive,8,4,,cuda,NVIDIA L40S,AMD EPYC 9334 32-Core Processor x8 threads,12,124401408,0.046406153589487076,measured,,,,
gpt2,64,C,int,40,verify_fold,1,4,_thr1,cuda,NVIDIA L40S,AMD EPYC 9334 32-Core Processor x1 threads,12,124401408,0.0,measured,,,,
gpt2,64,C,int,40,verify_fold,8,4,,cuda,NVIDIA L40S,AMD EPYC 9334 32-Core Processor x8 threads,12,124401408,0.0,measured,,,,
gpt2,64,C,int,40,verify_products,1,4,_thr1,cuda,NVIDIA L40S,AMD EPYC 9334 32-Core Processor x1 threads,12,124401408,0.05538454931229353,measured,,,,
gpt2,64,C,int,40,verify_products,8,4,,cuda,NVIDIA L40S,AMD EPYC 9334 32-Core Processor x8 threads,12,124401408,0.07229411974549294,measured,,,,
gpt2,64,C,int,80,bytes_total,8,4,,cuda,NVIDIA L40S,AMD EPYC 9334 32-Core Processor x8 threads,12,124401408,47806528.0,measured,,,,
gpt2,64,C,int,80,fs_hash,8,4,,cuda,NVIDIA L40S,AMD EPYC 9334 32-Core Processor x8 threads,12,124401408,8.530914783477783e-07,measured,,,,
gpt2,64,C,int,80,prove_fold,8,4,,cuda,NVIDIA L40S,AMD EPYC 9334 32-Core Processor x8 threads,12,124401408,0.044609541073441505,measured,,,,
gpt2,64,C,int,80,prove_forward,8,4,,cuda,NVIDIA L40S,AMD EPYC 9334 32-Core Processor x8 threads,12,124401408,0.03349811211228371,measured,,,,
gpt2,64,C,int,80,prove_open,8,4,,cuda,NVIDIA L40S,AMD EPYC 9334 32-Core Processor x8 threads,12,124401408,0.06685212254524231,measured,,,,
gpt2,64,C,int,80,verify_columns,8,4,,cuda,NVIDIA L40S,AMD EPYC 9334 32-Core Processor x8 threads,12,124401408,0.28684299625456333,measured,,,,
gpt2,64,C,int,80,verify_derive,8,4,,cuda,NVIDIA L40S,AMD EPYC 9334 32-Core Processor x8 threads,12,124401408,0.053163375705480576,measured,,,,
gpt2,64,C,int,80,verify_fold,8,4,,cuda,NVIDIA L40S,AMD EPYC 9334 32-Core Processor x8 threads,12,124401408,0.0,measured,,,,
gpt2,64,C,int,80,verify_products,8,4,,cuda,NVIDIA L40S,AMD EPYC 9334 32-Core Processor x8 threads,12,124401408,0.09611072577536106,measured,,,,
gpt2,64,K,int,128,bytes_total,8,4,,cuda,NVIDIA L40S,AMD EPYC 9334 32-Core Processor x8 threads,12,124401408,21827908.0,measured,,,,
gpt2,64,K,int,128,fs_hash,8,4,,cuda,NVIDIA L40S,AMD EPYC 9334 32-Core Processor x8 threads,12,124401408,6.873160600662231e-07,measured,,,,
gpt2,64,K,int,128,prove_fold,8,4,,cuda,NVIDIA L40S,AMD EPYC 9334 32-Core Processor x8 threads,12,124401408,0.0,measured,,,,
gpt2,64,K,int,128,prove_forward,8,4,,cuda,NVIDIA L40S,AMD EPYC 9334 32-Core Processor x8 threads,12,124401408,0.02717730775475502,measured,,,,
gpt2,64,K,int,128,verify_derive,8,4,,cuda,NVIDIA L40S,AMD EPYC 9334 32-Core Processor x8 threads,12,124401408,0.052300186827778816,measured,,,,
gpt2,64,K,int,128,verify_fold,8,4,,cuda,NVIDIA L40S,AMD EPYC 9334 32-Core Processor x8 threads,12,124401408,1.0925540048629045,measured,,,,
gpt2,64,K,int,128,verify_products,8,4,,cuda,NVIDIA L40S,AMD EPYC 9334 32-Core Processor x8 threads,12,124401408,0.08649467118084431,measured,,,,
gpt2,64,K,int,40,bytes_total,8,4,,cuda,NVIDIA L40S,AMD EPYC 9334 32-Core Processor x8 threads,12,124401408,21827908.0,measured,,,,
gpt2,64,K,int,40,fs_hash,8,4,,cuda,NVIDIA L40S,AMD EPYC 9334 32-Core Processor x8 threads,12,124401408,8.791685104370117e-07,measured,,,,
gpt2,64,K,int,40,prove_fold,8,4,,cuda,NVIDIA L40S,AMD EPYC 9334 32-Core Processor x8 threads,12,124401408,0.0,measured,,,,
gpt2,64,K,int,40,prove_forward,8,4,,cuda,NVIDIA L40S,AMD EPYC 9334 32-Core Processor x8 threads,12,124401408,0.027278095483779907,measured,,,,
gpt2,64,K,int,40,verify_derive,8,4,,cuda,NVIDIA L40S,AMD EPYC 9334 32-Core Processor x8 threads,12,124401408,0.05340510606765747,measured,,,,
gpt2,64,K,int,40,verify_fold,8,4,,cuda,NVIDIA L40S,AMD EPYC 9334 32-Core Processor x8 threads,12,124401408,1.4880136288702488,measured,,,,
gpt2,64,K,int,40,verify_products,8,4,,cuda,NVIDIA L40S,AMD EPYC 9334 32-Core Processor x8 threads,12,124401408,0.09298408217728138,measured,,,,
gpt2,64,K,int,80,bytes_total,8,4,,cuda,NVIDIA L40S,AMD EPYC 9334 32-Core Processor x8 threads,12,124401408,21827908.0,measured,,,,
gpt2,64,K,int,80,fs_hash,8,4,,cuda,NVIDIA L40S,AMD EPYC 9334 32-Core Processor x8 threads,12,124401408,7.003545761108398e-07,measured,,,,
gpt2,64,K,int,80,prove_fold,8,4,,cuda,NVIDIA L40S,AMD EPYC 9334 32-Core Processor x8 threads,12,124401408,0.0,measured,,,,
gpt2,64,K,int,80,prove_forward,8,4,,cuda,NVIDIA L40S,AMD EPYC 9334 32-Core Processor x8 threads,12,124401408,0.026981918141245842,measured,,,,
gpt2,64,K,int,80,verify_derive,8,4,,cuda,NVIDIA L40S,AMD EPYC 9334 32-Core Processor x8 threads,12,124401408,0.059605104848742485,measured,,,,
gpt2,64,K,int,80,verify_fold,8,4,,cuda,NVIDIA L40S,AMD EPYC 9334 32-Core Processor x8 threads,12,124401408,1.1358098294585943,measured,,,,
gpt2,64,K,int,80,verify_products,8,4,,cuda,NVIDIA L40S,AMD EPYC 9334 32-Core Processor x8 threads,12,124401408,0.10328396782279015,measured,,,,
gpt2,64,Kpre,int,128,bytes_total,1,4,_thr1,cuda,NVIDIA L40S,AMD EPYC 9334 32-Core Processor x1 threads,12,124401408,21827908.0,measured,,,,
gpt2,64,Kpre,int,128,bytes_total,8,4,,cuda,NVIDIA L40S,AMD EPYC 9334 32-Core Processor x8 threads,12,124401408,21827908.0,measured,,,,
gpt2,64,Kpre,int,128,bytes_total,8,4,_batch,cuda,NVIDIA L40S,AMD EPYC 9334 32-Core Processor x8 threads,12,124401408,21827908.0,measured,,,,
gpt2,64,Kpre,int,128,bytes_total,8,4,_batch,cuda,NVIDIA L40S,AMD EPYC 9334 32-Core Processor x8 threads,12,124401408,698493056.0,measured,32,,,
gpt2,64,Kpre,int,128,bytes_total,8,4,_batch,cuda,NVIDIA L40S,AMD EPYC 9334 32-Core Processor x8 threads,12,124401408,174623264.0,measured,8,,,
gpt2,64,Kpre,int,128,bytes_total,8,4,_gpuv,cuda,NVIDIA L40S,NVIDIA L40S (GPU client) + AMD EPYC 9334 32-Core Processor x8 threads,12,124401408,21827908.0,measured,,,,
gpt2,64,Kpre,int,128,bytes_total,8,4,_nofix,cuda,NVIDIA L40S,AMD EPYC 9334 32-Core Processor x8 threads,12,124401408,21827908.0,measured,,,,
gpt2,64,Kpre,int,128,fs_hash,1,4,_thr1,cuda,NVIDIA L40S,AMD EPYC 9334 32-Core Processor x1 threads,12,124401408,7.199123501777649e-07,measured,,,,
gpt2,64,Kpre,int,128,fs_hash,8,4,,cuda,NVIDIA L40S,AMD EPYC 9334 32-Core Processor x8 threads,12,124401408,8.23289155960083e-07,measured,,,,
gpt2,64,Kpre,int,128,fs_hash,8,4,_batch,cuda,NVIDIA L40S,AMD EPYC 9334 32-Core Processor x8 threads,12,124401408,5.289912223815918e-07,measured,,,,
gpt2,64,Kpre,int,128,fs_hash,8,4,_batch,cuda,NVIDIA L40S,AMD EPYC 9334 32-Core Processor x8 threads,12,124401408,3.993511199951172e-06,measured,32,,,
gpt2,64,Kpre,int,128,fs_hash,8,4,_batch,cuda,NVIDIA L40S,AMD EPYC 9334 32-Core Processor x8 threads,12,124401408,1.166015863418579e-06,measured,8,,,
gpt2,64,Kpre,int,128,fs_hash,8,4,_gpuv,cuda,NVIDIA L40S,NVIDIA L40S (GPU client) + AMD EPYC 9334 32-Core Processor x8 threads,12,124401408,7.003545761108398e-07,measured,,,,
gpt2,64,Kpre,int,128,fs_hash,8,4,_nofix,cuda,NVIDIA L40S,AMD EPYC 9334 32-Core Processor x8 threads,12,124401408,8.512288331985474e-07,measured,,,,
gpt2,64,Kpre,int,128,prove_fold,1,4,_thr1,cuda,NVIDIA L40S,AMD EPYC 9334 32-Core Processor x1 threads,12,124401408,0.0,measured,,,,
gpt2,64,Kpre,int,128,prove_fold,8,4,,cuda,NVIDIA L40S,AMD EPYC 9334 32-Core Processor x8 threads,12,124401408,0.0,measured,,,,
gpt2,64,Kpre,int,128,prove_fold,8,4,_batch,cuda,NVIDIA L40S,AMD EPYC 9334 32-Core Processor x8 threads,12,124401408,0.0,measured,,,,
gpt2,64,Kpre,int,128,prove_fold,8,4,_batch,cuda,NVIDIA L40S,AMD EPYC 9334 32-Core Processor x8 threads,12,124401408,0.0,measured,32,,,
gpt2,64,Kpre,int,128,prove_fold,8,4,_batch,cuda,NVIDIA L40S,AMD EPYC 9334 32-Core Processor x8 threads,12,124401408,0.0,measured,8,,,
gpt2,64,Kpre,int,128,prove_fold,8,4,_gpuv,cuda,NVIDIA L40S,NVIDIA L40S (GPU client) + AMD EPYC 9334 32-Core Processor x8 threads,12,124401408,0.0,measured,,,,
gpt2,64,Kpre,int,128,prove_fold,8,4,_nofix,cuda,NVIDIA L40S,AMD EPYC 9334 32-Core Processor x8 threads,12,124401408,0.0,measured,,,,
gpt2,64,Kpre,int,128,prove_forward,1,4,_thr1,cuda,NVIDIA L40S,AMD EPYC 9334 32-Core Processor x1 threads,12,124401408,0.026619664393365383,measured,,,,
gpt2,64,Kpre,int,128,prove_forward,8,4,,cuda,NVIDIA L40S,AMD EPYC 9334 32-Core Processor x8 threads,12,124401408,0.02717461995780468,measured,,,,
gpt2,64,Kpre,int,128,prove_forward,8,4,_batch,cuda,NVIDIA L40S,AMD EPYC 9334 32-Core Processor x8 threads,12,124401408,0.026599638164043427,measured,,,,
gpt2,64,Kpre,int,128,prove_forward,8,4,_batch,cuda,NVIDIA L40S,AMD EPYC 9334 32-Core Processor x8 threads,12,124401408,0.6459649577736855,measured,32,,,
gpt2,64,Kpre,int,128,prove_forward,8,4,_batch,cuda,NVIDIA L40S,AMD EPYC 9334 32-Core Processor x8 threads,12,124401408,0.052144117653369904,measured,8,,,
gpt2,64,Kpre,int,128,prove_forward,8,4,_gpuv,cuda,NVIDIA L40S,NVIDIA L40S (GPU client) + AMD EPYC 9334 32-Core Processor x8 threads,12,124401408,0.026803791522979736,measured,,,,
gpt2,64,Kpre,int,128,prove_forward,8,4,_nofix,cuda,NVIDIA L40S,AMD EPYC 9334 32-Core Processor x8 threads,12,124401408,0.027148237451910973,measured,,,,
gpt2,64,Kpre,int,128,verify_derive,1,4,_thr1,cuda,NVIDIA L40S,AMD EPYC 9334 32-Core Processor x1 threads,12,124401408,0.04909972380846739,measured,,,,
gpt2,64,Kpre,int,128,verify_derive,8,4,,cuda,NVIDIA L40S,AMD EPYC 9334 32-Core Processor x8 threads,12,124401408,0.050441524013876915,measured,,,,
gpt2,64,Kpre,int,128,verify_derive,8,4,_batch,cuda,NVIDIA L40S,AMD EPYC 9334 32-Core Processor x8 threads,12,124401408,0.060778237879276276,measured,,,,
gpt2,64,Kpre,int,128,verify_derive,8,4,_batch,cuda,NVIDIA L40S,AMD EPYC 9334 32-Core Processor x8 threads,12,124401408,1.3226362839341164,measured,32,,,
gpt2,64,Kpre,int,128,verify_derive,8,4,_batch,cuda,NVIDIA L40S,AMD EPYC 9334 32-Core Processor x8 threads,12,124401408,0.17132441326975822,measured,8,,,
gpt2,64,Kpre,int,128,verify_derive,8,4,_gpuv,cuda,NVIDIA L40S,NVIDIA L40S (GPU client) + AMD EPYC 9334 32-Core Processor x8 threads,12,124401408,0.01840844936668873,measured,,,,
gpt2,64,Kpre,int,128,verify_derive,8,4,_nofix,cuda,NVIDIA L40S,AMD EPYC 9334 32-Core Processor x8 threads,12,124401408,0.04114430956542492,measured,,,,
gpt2,64,Kpre,int,128,verify_fold,1,4,_thr1,cuda,NVIDIA L40S,AMD EPYC 9334 32-Core Processor x1 threads,12,124401408,0.0,measured,,,,
gpt2,64,Kpre,int,128,verify_fold,8,4,,cuda,NVIDIA L40S,AMD EPYC 9334 32-Core Processor x8 threads,12,124401408,0.0,measured,,,,
gpt2,64,Kpre,int,128,verify_fold,8,4,_batch,cuda,NVIDIA L40S,AMD EPYC 9334 32-Core Processor x8 threads,12,124401408,0.0,measured,,,,
gpt2,64,Kpre,int,128,verify_fold,8,4,_batch,cuda,NVIDIA L40S,AMD EPYC 9334 32-Core Processor x8 threads,12,124401408,0.0,measured,32,,,
gpt2,64,Kpre,int,128,verify_fold,8,4,_batch,cuda,NVIDIA L40S,AMD EPYC 9334 32-Core Processor x8 threads,12,124401408,0.0,measured,8,,,
gpt2,64,Kpre,int,128,verify_fold,8,4,_gpuv,cuda,NVIDIA L40S,NVIDIA L40S (GPU client) + AMD EPYC 9334 32-Core Processor x8 threads,12,124401408,0.0,measured,,,,
gpt2,64,Kpre,int,128,verify_fold,8,4,_nofix,cuda,NVIDIA L40S,AMD EPYC 9334 32-Core Processor x8 threads,12,124401408,0.0,measured,,,,
gpt2,64,Kpre,int,128,verify_products,1,4,_thr1,cuda,NVIDIA L40S,AMD EPYC 9334 32-Core Processor x1 threads,12,124401408,0.06206710543483496,measured,,,,
gpt2,64,Kpre,int,128,verify_products,8,4,,cuda,NVIDIA L40S,AMD EPYC 9334 32-Core Processor x8 threads,12,124401408,0.0863149855285883,measured,,,,
gpt2,64,Kpre,int,128,verify_products,8,4,_batch,cuda,NVIDIA L40S,AMD EPYC 9334 32-Core Processor x8 threads,12,124401408,0.11065499857068062,measured,,,,
gpt2,64,Kpre,int,128,verify_products,8,4,_batch,cuda,NVIDIA L40S,AMD EPYC 9334 32-Core Processor x8 threads,12,124401408,1.107330083847046,measured,32,,,
gpt2,64,Kpre,int,128,verify_products,8,4,_batch,cuda,NVIDIA L40S,AMD EPYC 9334 32-Core Processor x8 threads,12,124401408,0.245635773986578,measured,8,,,
gpt2,64,Kpre,int,128,verify_products,8,4,_gpuv,cuda,NVIDIA L40S,NVIDIA L40S (GPU client) + AMD EPYC 9334 32-Core Processor x8 threads,12,124401408,0.08676042035222054,measured,,,,
gpt2,64,Kpre,int,128,verify_products,8,4,_nofix,cuda,NVIDIA L40S,AMD EPYC 9334 32-Core Processor x8 threads,12,124401408,0.0733864326030016,measured,,,,
gpt2,64,Kpre,int,128,verify_upload,8,4,_gpuv,cuda,NVIDIA L40S,NVIDIA L40S (GPU client) + AMD EPYC 9334 32-Core Processor x8 threads,12,124401408,0.004049772396683693,measured,,,,
gpt2,64,Kpre,int,40,bytes_total,1,4,_thr1,cuda,NVIDIA L40S,AMD EPYC 9334 32-Core Processor x1 threads,12,124401408,21827908.0,measured,,,,
gpt2,64,Kpre,int,40,bytes_total,8,4,,cuda,NVIDIA L40S,AMD EPYC 9334 32-Core Processor x8 threads,12,124401408,21827908.0,measured,,,,
gpt2,64,Kpre,int,40,fs_hash,1,4,_thr1,cuda,NVIDIA L40S,AMD EPYC 9334 32-Core Processor x1 threads,12,124401408,7.795169949531555e-07,measured,,,,
gpt2,64,Kpre,int,40,fs_hash,8,4,,cuda,NVIDIA L40S,AMD EPYC 9334 32-Core Processor x8 threads,12,124401408,9.909272193908691e-07,measured,,,,
gpt2,64,Kpre,int,40,prove_fold,1,4,_thr1,cuda,NVIDIA L40S,AMD EPYC 9334 32-Core Processor x1 threads,12,124401408,0.0,measured,,,,
gpt2,64,Kpre,int,40,prove_fold,8,4,,cuda,NVIDIA L40S,AMD EPYC 9334 32-Core Processor x8 threads,12,124401408,0.0,measured,,,,
gpt2,64,Kpre,int,40,prove_forward,1,4,_thr1,cuda,NVIDIA L40S,AMD EPYC 9334 32-Core Processor x1 threads,12,124401408,0.02791037503629923,measured,,,,
gpt2,64,Kpre,int,40,prove_forward,8,4,,cuda,NVIDIA L40S,AMD EPYC 9334 32-Core Processor x8 threads,12,124401408,0.027846215292811394,measured,,,,
gpt2,64,Kpre,int,40,verify_derive,1,4,_thr1,cuda,NVIDIA L40S,AMD EPYC 9334 32-Core Processor x1 threads,12,124401408,0.06983460206538439,measured,,,,
gpt2,64,Kpre,int,40,verify_derive,8,4,,cuda,NVIDIA L40S,AMD EPYC 9334 32-Core Processor x8 threads,12,124401408,0.0533188097178936,measured,,,,
gpt2,64,Kpre,int,40,verify_fold,1,4,_thr1,cuda,NVIDIA L40S,AMD EPYC 9334 32-Core Processor x1 threads,12,124401408,0.0,measured,,,,
gpt2,64,Kpre,int,40,verify_fold,8,4,,cuda,NVIDIA L40S,AMD EPYC 9334 32-Core Processor x8 threads,12,124401408,0.0,measured,,,,
gpt2,64,Kpre,int,40,verify_products,1,4,_thr1,cuda,NVIDIA L40S,AMD EPYC 9334 32-Core Processor x1 threads,12,124401408,0.054461837746202946,measured,,,,
gpt2,64,Kpre,int,40,verify_products,8,4,,cuda,NVIDIA L40S,AMD EPYC 9334 32-Core Processor x8 threads,12,124401408,0.09280834905803204,measured,,,,
gpt2,64,Kpre,int,80,bytes_total,8,4,,cuda,NVIDIA L40S,AMD EPYC 9334 32-Core Processor x8 threads,12,124401408,21827908.0,measured,,,,
gpt2,64,Kpre,int,80,fs_hash,8,4,,cuda,NVIDIA L40S,AMD EPYC 9334 32-Core Processor x8 threads,12,124401408,7.022172212600708e-07,measured,,,,
gpt2,64,Kpre,int,80,prove_fold,8,4,,cuda,NVIDIA L40S,AMD EPYC 9334 32-Core Processor x8 threads,12,124401408,0.0,measured,,,,
gpt2,64,Kpre,int,80,prove_forward,8,4,,cuda,NVIDIA L40S,AMD EPYC 9334 32-Core Processor x8 threads,12,124401408,0.027131319046020508,measured,,,,
gpt2,64,Kpre,int,80,verify_derive,8,4,,cuda,NVIDIA L40S,AMD EPYC 9334 32-Core Processor x8 threads,12,124401408,0.05649133212864399,measured,,,,
gpt2,64,Kpre,int,80,verify_fold,8,4,,cuda,NVIDIA L40S,AMD EPYC 9334 32-Core Processor x8 threads,12,124401408,0.0,measured,,,,
gpt2,64,Kpre,int,80,verify_products,8,4,,cuda,NVIDIA L40S,AMD EPYC 9334 32-Core Processor x8 threads,12,124401408,0.10209713876247406,measured,,,,
llama2-13b,2048,C,int,128,bytes_total,8,4,,cuda,NVIDIA L40S,AMD EPYC 9334 32-Core Processor x8 threads,40,13015449600,18129944832.0,measured,,505019776.0,956939232.0,18129878560.0
llama2-13b,2048,C,int,128,fs_hash,8,4,,cuda,NVIDIA L40S,AMD EPYC 9334 32-Core Processor x8 threads,40,13015449600,2.6598572731018066e-06,measured,,8.102506399154663e-07,9.397044777870178e-07,5.858950316905975e-06
llama2-13b,2048,C,int,128,prove_fold,8,4,,cuda,NVIDIA L40S,AMD EPYC 9334 32-Core Processor x8 threads,40,13015449600,1.30816606618464,measured,,0.0610722666606307,0.09249070938676596,1.2863915329799056
llama2-13b,2048,C,int,128,prove_forward,8,4,,cuda,NVIDIA L40S,AMD EPYC 9334 32-Core Processor x8 threads,40,13015449600,22.898500284180045,measured,,0.6679201330989599,1.2073279228061438,21.70482393167913
llama2-13b,2048,C,int,128,prove_open,8,4,,cuda,NVIDIA L40S,AMD EPYC 9334 32-Core Processor x8 threads,40,13015449600,2.887736194767058,measured,,0.1357772145420313,0.18617145158350468,2.1011524591594934
llama2-13b,2048,C,int,128,verify_columns,8,4,,cuda,NVIDIA L40S,AMD EPYC 9334 32-Core Processor x8 threads,40,13015449600,4.941246520727873,measured,,0.1925408812239766,0.32028529699891806,5.174573096446693
llama2-13b,2048,C,int,128,verify_derive,8,4,,cuda,NVIDIA L40S,AMD EPYC 9334 32-Core Processor x8 threads,40,13015449600,181.0357531271875,measured,,5.189093496650457,10.092744777910411,196.43149346578866
llama2-13b,2048,C,int,128,verify_fold,8,4,,cuda,NVIDIA L40S,AMD EPYC 9334 32-Core Processor x8 threads,40,13015449600,0.0,measured,,0.0,0.0,0.0
llama2-13b,2048,C,int,128,verify_products,8,4,,cuda,NVIDIA L40S,AMD EPYC 9334 32-Core Processor x8 threads,40,13015449600,38.213378387503326,measured,,0.9148036176338792,1.7494604047387838,33.46641831472516
llama2-13b,2048,Kpre,int,128,bytes_total,8,4,,cuda,NVIDIA L40S,AMD EPYC 9334 32-Core Processor x8 threads,40,13015449600,17490375680.0,measured,,478278656.0,914486272.0,17490375680.0
llama2-13b,2048,Kpre,int,128,fs_hash,8,4,,cuda,NVIDIA L40S,AMD EPYC 9334 32-Core Processor x8 threads,40,13015449600,3.059394657611847e-06,measured,,1.1799857020378113e-06,1.0300427675247192e-06,-4.667788743972778e-06
llama2-13b,2048,Kpre,int,128,prove_fold,8,4,,cuda,NVIDIA L40S,AMD EPYC 9334 32-Core Processor x8 threads,40,13015449600,0.0,measured,,0.0,0.0,0.0
llama2-13b,2048,Kpre,int,128,prove_forward,8,4,,cuda,NVIDIA L40S,AMD EPYC 9334 32-Core Processor x8 threads,40,13015449600,22.624188202433288,measured,,0.6327179996296763,1.2033768622204661,22.88841364067048
llama2-13b,2048,Kpre,int,128,verify_derive,8,4,,cuda,NVIDIA L40S,AMD EPYC 9334 32-Core Processor x8 threads,40,13015449600,183.72659388463944,measured,,5.155332738533616,9.902331434190273,190.28828186914325
llama2-13b,2048,Kpre,int,128,verify_fold,8,4,,cuda,NVIDIA L40S,AMD EPYC 9334 32-Core Processor x8 threads,40,13015449600,0.0,measured,,0.0,0.0,0.0
llama2-13b,2048,Kpre,int,128,verify_products,8,4,,cuda,NVIDIA L40S,AMD EPYC 9334 32-Core Processor x8 threads,40,13015449600,37.068425494246185,measured,,0.8990364810451865,1.6904842918738723,31.76550110336393
llama2-13b,64,C,int,128,bytes_total,8,4,,cuda,NVIDIA L40S,AMD EPYC 9334 32-Core Processor x8 threads,40,13015449600,1186265856.0,measured,,41811648.0,71156048.0,1186243248.0
llama2-13b,64,C,int,128,fs_hash,8,4,,cuda,NVIDIA L40S,AMD EPYC 9334 32-Core Processor x8 threads,40,13015449600,1.2996606528759003e-06,measured,,6.69620931148529e-07,8.800998330116272e-07,8.878298103809357e-06
llama2-13b,64,C,int,128,prove_fold,8,4,,cuda,NVIDIA L40S,AMD EPYC 9334 32-Core Processor x8 threads,40,13015449600,1.3006262187846005,measured,,0.060906745959073305,0.09284878987818956,1.3066464588046074
llama2-13b,64,C,int,128,prove_forward,8,4,,cuda,NVIDIA L40S,AMD EPYC 9334 32-Core Processor x8 threads,40,13015449600,0.3174259811639786,measured,,0.010839349590241909,0.019485171418637037,0.3480264008976519
llama2-13b,64,C,int,128,prove_open,8,4,,cuda,NVIDIA L40S,AMD EPYC 9334 32-Core Processor x8 threads,40,13015449600,3.024297846481204,measured,,0.12328460766002536,0.20357153983786702,3.2544749625958502
llama2-13b,64,C,int,128,verify_columns,8,4,,cuda,NVIDIA L40S,AMD EPYC 9334 32-Core Processor x8 threads,40,13015449600,4.214895152952522,measured,,0.18412891635671258,0.3359268382191658,6.104247868992388
llama2-13b,64,C,int,128,verify_derive,8,4,,cuda,NVIDIA L40S,AMD EPYC 9334 32-Core Processor x8 threads,40,13015449600,0.5183206903748214,measured,,0.016747025307267904,0.03514261543750763,0.7341750403866172
llama2-13b,64,C,int,128,verify_fold,8,4,,cuda,NVIDIA L40S,AMD EPYC 9334 32-Core Processor x8 threads,40,13015449600,0.0,measured,,0.0,0.0,0.0
llama2-13b,64,C,int,128,verify_products,8,4,,cuda,NVIDIA L40S,AMD EPYC 9334 32-Core Processor x8 threads,40,13015449600,1.926394228823483,measured,,0.05207306472584605,0.12134484061971307,2.7536723245866597
llama2-13b,64,Kpre,int,128,bytes_total,8,4,,cuda,NVIDIA L40S,AMD EPYC 9334 32-Core Processor x8 threads,40,13015449600,546698240.0,measured,,15070208.0,28701696.0,546698240.0
llama2-13b,64,Kpre,int,128,fs_hash,8,4,,cuda,NVIDIA L40S,AMD EPYC 9334 32-Core Processor x8 threads,40,13015449600,1.194886863231659e-06,measured,,5.145557224750519e-07,5.499459803104401e-07,1.894775778055191e-06
llama2-13b,64,Kpre,int,128,prove_fold,8,4,,cuda,NVIDIA L40S,AMD EPYC 9334 32-Core Processor x8 threads,40,13015449600,0.0,measured,,0.0,0.0,0.0
llama2-13b,64,Kpre,int,128,prove_forward,8,4,,cuda,NVIDIA L40S,AMD EPYC 9334 32-Core Processor x8 threads,40,13015449600,0.3232453688979149,measured,,0.014597801025956869,0.01854539569467306,0.16855399310588837
llama2-13b,64,Kpre,int,128,verify_derive,8,4,,cuda,NVIDIA L40S,AMD EPYC 9334 32-Core Processor x8 threads,40,13015449600,0.5319135938771069,measured,,0.01571476925164461,0.036203764379024506,0.8147855792194605
llama2-13b,64,Kpre,int,128,verify_fold,8,4,,cuda,NVIDIA L40S,AMD EPYC 9334 32-Core Processor x8 threads,40,13015449600,0.0,measured,,0.0,0.0,0.0
llama2-13b,64,Kpre,int,128,verify_products,8,4,,cuda,NVIDIA L40S,AMD EPYC 9334 32-Core Processor x8 threads,40,13015449600,2.1463902592658997,measured,,0.043745663948357105,0.12017407827079296,3.0244538225233555
llama2-70b,512,C,int,128,bytes_total,8,4,,cuda,NVIDIA L40S,AMD EPYC 9334 32-Core Processor x8 threads,80,68975329280,15802198528.0,extrapolated_from_1_and_2_blocks,,226165424.0,423330400.0,
llama2-70b,512,C,int,128,fs_hash,8,4,,cuda,NVIDIA L40S,AMD EPYC 9334 32-Core Processor x8 threads,80,68975329280,8.748844265937805e-06,extrapolated_from_1_and_2_blocks,,8.028000593185425e-07,9.033828973770142e-07,
llama2-70b,512,C,int,128,prove_fold,8,4,,cuda,NVIDIA L40S,AMD EPYC 9334 32-Core Processor x8 threads,80,68975329280,5.052690582349896,extrapolated_from_1_and_2_blocks,,0.10038518905639648,0.16307259909808636,
llama2-70b,512,C,int,128,prove_forward,8,4,,cuda,NVIDIA L40S,AMD EPYC 9334 32-Core Processor x8 threads,80,68975329280,20.240058260038495,extrapolated_from_1_and_2_blocks,,0.2604802679270506,0.5133863184601068,
llama2-70b,512,C,int,128,prove_open,8,4,,cuda,NVIDIA L40S,AMD EPYC 9334 32-Core Processor x8 threads,80,68975329280,14.814355682581663,extrapolated_from_1_and_2_blocks,,0.25619899295270443,0.44047945737838745,
llama2-70b,512,C,int,128,verify_columns,8,4,,cuda,NVIDIA L40S,AMD EPYC 9334 32-Core Processor x8 threads,80,68975329280,8.72709484398365,extrapolated_from_1_and_2_blocks,,0.23685608804225922,0.3443274646997452,
llama2-70b,512,C,int,128,verify_derive,8,4,,cuda,NVIDIA L40S,AMD EPYC 9334 32-Core Processor x8 threads,80,68975329280,79.68688395433128,extrapolated_from_1_and_2_blocks,,1.1659090220928192,2.1598454136401415,
llama2-70b,512,C,int,128,verify_fold,8,4,,cuda,NVIDIA L40S,AMD EPYC 9334 32-Core Processor x8 threads,80,68975329280,0.0,extrapolated_from_1_and_2_blocks,,0.0,0.0,
llama2-70b,512,C,int,128,verify_products,8,4,,cuda,NVIDIA L40S,AMD EPYC 9334 32-Core Processor x8 threads,80,68975329280,23.104696409776807,extrapolated_from_1_and_2_blocks,,0.3793547488749027,0.6670173015445471,
llama2-70b,512,Kpre,int,128,bytes_total,8,4,,cuda,NVIDIA L40S,AMD EPYC 9334 32-Core Processor x8 threads,80,68975329280,13774222336.0,extrapolated_from_1_and_2_blocks,,188871680.0,360838144.0,
llama2-70b,512,Kpre,int,128,fs_hash,8,4,,cuda,NVIDIA L40S,AMD EPYC 9334 32-Core Processor x8 threads,80,68975329280,6.716698408126831e-06,extrapolated_from_1_and_2_blocks,,8.307397365570068e-07,9.052455425262451e-07,
llama2-70b,512,Kpre,int,128,prove_fold,8,4,,cuda,NVIDIA L40S,AMD EPYC 9334 32-Core Processor x8 threads,80,68975329280,0.0,extrapolated_from_1_and_2_blocks,,0.0,0.0,
llama2-70b,512,Kpre,int,128,prove_forward,8,4,,cuda,NVIDIA L40S,AMD EPYC 9334 32-Core Processor x8 threads,80,68975329280,21.141665851697326,extrapolated_from_1_and_2_blocks,,0.2679907251149416,0.5322144608944654,
llama2-70b,512,Kpre,int,128,verify_derive,8,4,,cuda,NVIDIA L40S,AMD EPYC 9334 32-Core Processor x8 threads,80,68975329280,87.29672175273299,extrapolated_from_1_and_2_blocks,,1.0800787881016731,2.1714286990463734,
llama2-70b,512,Kpre,int,128,verify_fold,8,4,,cuda,NVIDIA L40S,AMD EPYC 9334 32-Core Processor x8 threads,80,68975329280,0.0,extrapolated_from_1_and_2_blocks,,0.0,0.0,
llama2-70b,512,Kpre,int,128,verify_products,8,4,,cuda,NVIDIA L40S,AMD EPYC 9334 32-Core Processor x8 threads,80,68975329280,32.84449170343578,extrapolated_from_1_and_2_blocks,,0.2682520132511854,0.6806094776839018,
llama2-70b,64,C,int,128,bytes_total,8,4,,cuda,NVIDIA L40S,AMD EPYC 9334 32-Core Processor x8 threads,80,68975329280,3749698688.0,extrapolated_from_1_and_2_blocks,,61016784.0,107708960.0,
llama2-70b,64,C,int,128,fs_hash,8,4,,cuda,NVIDIA L40S,AMD EPYC 9334 32-Core Processor x8 threads,80,68975329280,4.641711711883545e-06,extrapolated_from_1_and_2_blocks,,6.686896085739136e-07,7.189810276031494e-07,
llama2-70b,64,C,int,128,prove_fold,8,4,,cuda,NVIDIA L40S,AMD EPYC 9334 32-Core Processor x8 threads,80,68975329280,5.089514164254069,extrapolated_from_1_and_2_blocks,,0.10037326440215111,0.16352694667875767,
llama2-70b,64,C,int,128,prove_forward,8,4,,cuda,NVIDIA L40S,AMD EPYC 9334 32-Core Processor x8 threads,80,68975329280,1.1460517458617687,extrapolated_from_1_and_2_blocks,,0.025678789243102074,0.03986072540283203,
llama2-70b,64,C,int,128,prove_open,8,4,,cuda,NVIDIA L40S,AMD EPYC 9334 32-Core Processor x8 threads,80,68975329280,14.56224050745368,extrapolated_from_1_and_2_blocks,,0.2634009104222059,0.4443988800048828,
llama2-70b,64,C,int,128,verify_columns,8,4,,cuda,NVIDIA L40S,AMD EPYC 9334 32-Core Processor x8 threads,80,68975329280,13.676748989149928,extrapolated_from_1_and_2_blocks,,0.29717415012419224,0.4665358569473028,
llama2-70b,64,C,int,128,verify_derive,8,4,,cuda,NVIDIA L40S,AMD EPYC 9334 32-Core Processor x8 threads,80,68975329280,2.8656585048884153,extrapolated_from_1_and_2_blocks,,0.04718073271214962,0.08285766653716564,
llama2-70b,64,C,int,128,verify_fold,8,4,,cuda,NVIDIA L40S,AMD EPYC 9334 32-Core Processor x8 threads,80,68975329280,0.0,extrapolated_from_1_and_2_blocks,,0.0,0.0,
llama2-70b,64,C,int,128,verify_products,8,4,,cuda,NVIDIA L40S,AMD EPYC 9334 32-Core Processor x8 threads,80,68975329280,5.979870088398457,extrapolated_from_1_and_2_blocks,,0.09527283906936646,0.16976141184568405,
llama2-70b,64,Kpre,int,128,bytes_total,8,4,,cuda,NVIDIA L40S,AMD EPYC 9334 32-Core Processor x8 threads,80,68975329280,1721889792.0,extrapolated_from_1_and_2_blocks,,23720960.0,45216768.0,
llama2-70b,64,Kpre,int,128,fs_hash,8,4,,cuda,NVIDIA L40S,AMD EPYC 9334 32-Core Processor x8 threads,80,68975329280,2.3575499653816223e-05,extrapolated_from_1_and_2_blocks,,4.731118679046631e-07,7.655471563339233e-07,
llama2-70b,64,Kpre,int,128,prove_fold,8,4,,cuda,NVIDIA L40S,AMD EPYC 9334 32-Core Processor x8 threads,80,68975329280,0.0,extrapolated_from_1_and_2_blocks,,0.0,0.0,
llama2-70b,64,Kpre,int,128,prove_forward,8,4,,cuda,NVIDIA L40S,AMD EPYC 9334 32-Core Processor x8 threads,80,68975329280,1.9709251560270786,extrapolated_from_1_and_2_blocks,,0.021390579640865326,0.046068232506513596,
llama2-70b,64,Kpre,int,128,verify_derive,8,4,,cuda,NVIDIA L40S,AMD EPYC 9334 32-Core Processor x8 threads,80,68975329280,6.246851470321417,extrapolated_from_1_and_2_blocks,,0.029718156903982162,0.10841604694724083,
llama2-70b,64,Kpre,int,128,verify_fold,8,4,,cuda,NVIDIA L40S,AMD EPYC 9334 32-Core Processor x8 threads,80,68975329280,0.0,extrapolated_from_1_and_2_blocks,,0.0,0.0,
llama2-70b,64,Kpre,int,128,verify_products,8,4,,cuda,NVIDIA L40S,AMD EPYC 9334 32-Core Processor x8 threads,80,68975329280,6.527441246435046,extrapolated_from_1_and_2_blocks,,0.09053020924329758,0.17201009579002857,
llama2-7b,1,C,int,128,bytes_total,8,4,,cuda,NVIDIA L40S,AMD EPYC 9334 32-Core Processor x8 threads,32,6738149376,418018384.0,measured,,23590288.0,36314384.0,418037264.0
llama2-7b,1,C,int,128,fs_hash,8,4,,cuda,NVIDIA L40S,AMD EPYC 9334 32-Core Processor x8 threads,32,6738149376,1.0970979928970337e-06,measured,,5.774199962615967e-07,8.121132850646973e-07,7.852911949157715e-06
llama2-7b,1,C,int,128,prove_fold,8,4,,cuda,NVIDIA L40S,AMD EPYC 9334 32-Core Processor x8 threads,32,6738149376,0.523103840649128,measured,,0.03465533070266247,0.05043443664908409,0.5238076150417328
llama2-7b,1,C,int,128,prove_forward,8,4,,cuda,NVIDIA L40S,AMD EPYC 9334 32-Core Processor x8 threads,32,6738149376,0.10461134649813175,measured,,0.005786348134279251,0.009040715172886848,0.10667172633111477
llama2-7b,1,C,int,128,prove_open,8,4,,cuda,NVIDIA L40S,AMD EPYC 9334 32-Core Processor x8 threads,32,6738149376,2.089241687208414,measured,,0.10964590683579445,0.16198579780757427,1.732182526960969
llama2-7b,1,C,int,128,verify_columns,8,4,,cuda,NVIDIA L40S,AMD EPYC 9334 32-Core Processor x8 threads,32,6738149376,2.3390988260507584,measured,,0.13301318138837814,0.20556571148335934,2.382141614332795
llama2-7b,1,C,int,128,verify_derive,8,4,,cuda,NVIDIA L40S,AMD EPYC 9334 32-Core Processor x8 threads,32,6738149376,0.032677408307790756,measured,,0.0014361441135406494,0.00253450870513916,0.03548544645309448
llama2-7b,1,C,int,128,verify_fold,8,4,,cuda,NVIDIA L40S,AMD EPYC 9334 32-Core Processor x8 threads,32,6738149376,0.0,measured,,0.0,0.0,0.0
llama2-7b,1,C,int,128,verify_products,8,4,,cuda,NVIDIA L40S,AMD EPYC 9334 32-Core Processor x8 threads,32,6738149376,0.15483593940734863,measured,,0.007235849276185036,0.012850835919380188,0.18130043521523476
llama2-7b,1,Kpre,int,128,bytes_total,8,4,,cuda,NVIDIA L40S,AMD EPYC 9334 32-Core Processor x8 threads,32,6738149376,5583872.0,measured,,314368.0,484352.0,5583872.0
llama2-7b,1,Kpre,int,128,fs_hash,8,4,,cuda,NVIDIA L40S,AMD EPYC 9334 32-Core Processor x8 threads,32,6738149376,1.0617077350616455e-06,measured,,7.152557373046875e-07,6.556510925292969e-07,-1.1324882507324219e-06
llama2-7b,1,Kpre,int,128,prove_fold,8,4,,cuda,NVIDIA L40S,AMD EPYC 9334 32-Core Processor x8 threads,32,6738149376,0.0,measured,,0.0,0.0,0.0
llama2-7b,1,Kpre,int,128,prove_forward,8,4,,cuda,NVIDIA L40S,AMD EPYC 9334 32-Core Processor x8 threads,32,6738149376,0.10443719662725925,measured,,0.005151210352778435,0.008550303056836128,0.11052308417856693
llama2-7b,1,Kpre,int,128,verify_derive,8,4,,cuda,NVIDIA L40S,AMD EPYC 9334 32-Core Processor x8 threads,32,6738149376,0.03277939558029175,measured,,0.0013071335852146149,0.002385556697845459,0.03473825007677078
llama2-7b,1,Kpre,int,128,verify_fold,8,4,,cuda,NVIDIA L40S,AMD EPYC 9334 32-Core Processor x8 threads,32,6738149376,0.0,measured,,0.0,0.0,0.0
llama2-7b,1,Kpre,int,128,verify_products,8,4,,cuda,NVIDIA L40S,AMD EPYC 9334 32-Core Processor x8 threads,32,6738149376,0.1569690816104412,measured,,0.007628869265317917,0.012768378481268883,0.16695365495979786
llama2-7b,2048,C,int,128,bytes_total,8,4,,cuda,NVIDIA L40S,AMD EPYC 9334 32-Core Processor x8 threads,32,6738149376,11586191616.0,measured,,405085248.0,765766464.0,11586202944.0
llama2-7b,2048,C,int,128,bytes_total,8,4,_gpuv,cuda,NVIDIA L40S,NVIDIA L40S (GPU client) + AMD EPYC 9334 32-Core Processor x8 threads,32,6738149376,11586190112.0,measured,,,,
llama2-7b,2048,C,int,128,bytes_total,8,4,_tf32,cuda,NVIDIA L40S,AMD EPYC 9334 32-Core Processor x8 threads,32,6738149376,11586191552.0,measured,,,,
llama2-7b,2048,C,int,128,fs_hash,8,4,,cuda,NVIDIA L40S,AMD EPYC 9334 32-Core Processor x8 threads,32,6738149376,4.060566425323486e-06,measured,,9.387731552124023e-07,9.797513484954834e-07,2.209097146987915e-06
llama2-7b,2048,C,int,128,fs_hash,8,4,_gpuv,cuda,NVIDIA L40S,NVIDIA L40S (GPU client) + AMD EPYC 9334 32-Core Processor x8 threads,32,6738149376,2.8721988201141357e-06,measured,,,,
llama2-7b,2048,C,int,128,fs_hash,8,4,_tf32,cuda,NVIDIA L40S,AMD EPYC 9334 32-Core Processor x8 threads,32,6738149376,3.320164978504181e-06,measured,,,,
llama2-7b,2048,C,int,128,prove_fold,8,4,,cuda,NVIDIA L40S,AMD EPYC 9334 32-Core Processor x8 threads,32,6738149376,0.5363999493420124,measured,,0.034606415778398514,0.050328657031059265,0.5219958946108818
llama2-7b,2048,C,int,128,prove_fold,8,4,_gpuv,cuda,NVIDIA L40S,NVIDIA L40S (GPU client) + AMD EPYC 9334 32-Core Processor x8 threads,32,6738149376,0.5257327891886234,measured,,,,
llama2-7b,2048,C,int,128,prove_fold,8,4,_tf32,cuda,NVIDIA L40S,AMD EPYC 9334 32-Core Processor x8 threads,32,6738149376,0.540694578550756,measured,,,,
llama2-7b,2048,C,int,128,prove_forward,8,4,,cuda,NVIDIA L40S,AMD EPYC 9334 32-Core Processor x8 threads,32,6738149376,14.995519485324621,measured,,0.5201043598353863,1.0238923132419586,16.13753091543913
llama2-7b,2048,C,int,128,prove_forward,8,4,_gpuv,cuda,NVIDIA L40S,NVIDIA L40S (GPU client) + AMD EPYC 9334 32-Core Processor x8 threads,32,6738149376,16.142707083374262,measured,,,,
llama2-7b,2048,C,int,128,prove_forward,8,4,_tf32,cuda,NVIDIA L40S,AMD EPYC 9334 32-Core Processor x8 threads,32,6738149376,14.024198662489653,measured,,,,
llama2-7b,2048,C,int,128,prove_open,8,4,,cuda,NVIDIA L40S,AMD EPYC 9334 32-Core Processor x8 threads,32,6738149376,2.0773624442517757,measured,,0.12564663216471672,0.17038973420858383,1.5126827955245972
llama2-7b,2048,C,int,128,prove_open,8,4,_gpuv,cuda,NVIDIA L40S,NVIDIA L40S (GPU client) + AMD EPYC 9334 32-Core Processor x8 threads,32,6738149376,2.0648814402520657,measured,,,,
llama2-7b,2048,C,int,128,prove_open,8,4,_tf32,cuda,NVIDIA L40S,AMD EPYC 9334 32-Core Processor x8 threads,32,6738149376,2.07168772816658,measured,,,,
llama2-7b,2048,C,int,128,verify_columns,8,4,,cuda,NVIDIA L40S,AMD EPYC 9334 32-Core Processor x8 threads,32,6738149376,3.243106000125408,measured,,0.16503969952464104,0.202739629894495,1.3337375409901142
llama2-7b,2048,C,int,128,verify_columns,8,4,_gpuv,cuda,NVIDIA L40S,NVIDIA L40S (GPU client) + AMD EPYC 9334 32-Core Processor x8 threads,32,6738149376,2.6146111972630024,measured,,,,
llama2-7b,2048,C,int,128,verify_columns,8,4,_tf32,cuda,NVIDIA L40S,AMD EPYC 9334 32-Core Processor x8 threads,32,6738149376,2.9864702820777893,measured,,,,
llama2-7b,2048,C,int,128,verify_derive,8,4,,cuda,NVIDIA L40S,AMD EPYC 9334 32-Core Processor x8 threads,32,6738149376,139.54052982106805,measured,,4.669520240277052,8.38947632163763,119.98815876245499
llama2-7b,2048,C,int,128,verify_derive,8,4,_gpuv,cuda,NVIDIA L40S,NVIDIA L40S (GPU client) + AMD EPYC 9334 32-Core Processor x8 threads,32,6738149376,2.5806841403245926,measured,,,,
llama2-7b,2048,C,int,128,verify_derive,8,4,_tf32,cuda,NVIDIA L40S,AMD EPYC 9334 32-Core Processor x8 threads,32,6738149376,123.85194391105324,measured,,,,
llama2-7b,2048,C,int,128,verify_fold,8,4,,cuda,NVIDIA L40S,AMD EPYC 9334 32-Core Processor x8 threads,32,6738149376,0.0,measured,,0.0,0.0,0.0
llama2-7b,2048,C,int,128,verify_fold,8,4,_gpuv,cuda,NVIDIA L40S,NVIDIA L40S (GPU client) + AMD EPYC 9334 32-Core Processor x8 threads,32,6738149376,0.0,measured,,,,
llama2-7b,2048,C,int,128,verify_fold,8,4,_tf32,cuda,NVIDIA L40S,AMD EPYC 9334 32-Core Processor x8 threads,32,6738149376,0.0,measured,,,,
llama2-7b,2048,C,int,128,verify_products,8,4,,cuda,NVIDIA L40S,AMD EPYC 9334 32-Core Processor x8 threads,32,6738149376,26.116991966962814,measured,,0.8230498693883419,1.4041592292487621,18.83744002506137
llama2-7b,2048,C,int,128,verify_products,8,4,_gpuv,cuda,NVIDIA L40S,NVIDIA L40S (GPU client) + AMD EPYC 9334 32-Core Processor x8 threads,32,6738149376,0.5978472754359245,measured,,,,
llama2-7b,2048,C,int,128,verify_products,8,4,_tf32,cuda,NVIDIA L40S,AMD EPYC 9334 32-Core Processor x8 threads,32,6738149376,25.911908141337335,measured,,,,
llama2-7b,2048,C,int,128,verify_upload,8,4,_gpuv,cuda,NVIDIA L40S,NVIDIA L40S (GPU client) + AMD EPYC 9334 32-Core Processor x8 threads,32,6738149376,1.0845361724495888,measured,,,,
llama2-7b,2048,Kpre,int,128,bytes_total,12,4,_thr12,cuda,NVIDIA L40S,AMD EPYC 9334 32-Core Processor x12 threads,32,6738149376,11173753856.0,measured,,,,
llama2-7b,2048,Kpre,int,128,bytes_total,8,4,,cuda,NVIDIA L40S,AMD EPYC 9334 32-Core Processor x8 threads,32,6738149376,11173753856.0,measured,,381809664.0,729936896.0,11173753856.0
llama2-7b,2048,Kpre,int,128,bytes_total,8,4,_gpuv,cuda,NVIDIA L40S,NVIDIA L40S (GPU client) + AMD EPYC 9334 32-Core Processor x8 threads,32,6738149376,11173753856.0,measured,,,,
llama2-7b,2048,Kpre,int,128,fs_hash,12,4,_thr12,cuda,NVIDIA L40S,AMD EPYC 9334 32-Core Processor x12 threads,32,6738149376,4.209578037261963e-06,measured,,,,
llama2-7b,2048,Kpre,int,128,fs_hash,8,4,,cuda,NVIDIA L40S,AMD EPYC 9334 32-Core Processor x8 threads,32,6738149376,8.687376976013184e-06,measured,,8.419156074523926e-07,1.0021030902862549e-06,5.807727575302124e-06
llama2-7b,2048,Kpre,int,128,fs_hash,8,4,_gpuv,cuda,NVIDIA L40S,NVIDIA L40S (GPU client) + AMD EPYC 9334 32-Core Processor x8 threads,32,6738149376,2.693384885787964e-06,measured,,,,
llama2-7b,2048,Kpre,int,128,prove_fold,12,4,_thr12,cuda,NVIDIA L40S,AMD EPYC 9334 32-Core Processor x12 threads,32,6738149376,0.0,measured,,,,
llama2-7b,2048,Kpre,int,128,prove_fold,8,4,,cuda,NVIDIA L40S,AMD EPYC 9334 32-Core Processor x8 threads,32,6738149376,0.0,measured,,0.0,0.0,0.0
llama2-7b,2048,Kpre,int,128,prove_fold,8,4,_gpuv,cuda,NVIDIA L40S,NVIDIA L40S (GPU client) + AMD EPYC 9334 32-Core Processor x8 threads,32,6738149376,0.0,measured,,,,
llama2-7b,2048,Kpre,int,128,prove_forward,12,4,_thr12,cuda,NVIDIA L40S,AMD EPYC 9334 32-Core Processor x12 threads,32,6738149376,16.33293479308486,measured,,,,
llama2-7b,2048,Kpre,int,128,prove_forward,8,4,,cuda,NVIDIA L40S,AMD EPYC 9334 32-Core Processor x8 threads,32,6738149376,15.039174947887659,measured,,0.530227717012167,1.0491429343819618,16.616599455475807
llama2-7b,2048,Kpre,int,128,prove_forward,8,4,_gpuv,cuda,NVIDIA L40S,NVIDIA L40S (GPU client) + AMD EPYC 9334 32-Core Processor x8 threads,32,6738149376,16.690404266119003,measured,,,,
llama2-7b,2048,Kpre,int,128,verify_derive,12,4,_thr12,cuda,NVIDIA L40S,AMD EPYC 9334 32-Core Processor x12 threads,32,6738149376,116.81486704945564,measured,,,,
llama2-7b,2048,Kpre,int,128,verify_derive,8,4,,cuda,NVIDIA L40S,AMD EPYC 9334 32-Core Processor x8 threads,32,6738149376,138.36152324080467,measured,,4.280016768723726,9.553309012204409,167.75207631662488
llama2-7b,2048,Kpre,int,128,verify_derive,8,4,_gpuv,cuda,NVIDIA L40S,NVIDIA L40S (GPU client) + AMD EPYC 9334 32-Core Processor x8 threads,32,6738149376,2.566959463059902,measured,,,,
llama2-7b,2048,Kpre,int,128,verify_fold,12,4,_thr12,cuda,NVIDIA L40S,AMD EPYC 9334 32-Core Processor x12 threads,32,6738149376,0.0,measured,,,,
llama2-7b,2048,Kpre,int,128,verify_fold,8,4,,cuda,NVIDIA L40S,AMD EPYC 9334 32-Core Processor x8 threads,32,6738149376,0.0,measured,,0.0,0.0,0.0
llama2-7b,2048,Kpre,int,128,verify_fold,8,4,_gpuv,cuda,NVIDIA L40S,NVIDIA L40S (GPU client) + AMD EPYC 9334 32-Core Processor x8 threads,32,6738149376,0.0,measured,,,,
llama2-7b,2048,Kpre,int,128,verify_products,12,4,_thr12,cuda,NVIDIA L40S,AMD EPYC 9334 32-Core Processor x12 threads,32,6738149376,20.279189616441727,measured,,,,
llama2-7b,2048,Kpre,int,128,verify_products,8,4,,cuda,NVIDIA L40S,AMD EPYC 9334 32-Core Processor x8 threads,32,6738149376,26.410035766661167,measured,,0.6807422079145908,1.7240100800991058,33.022046245634556
llama2-7b,2048,Kpre,int,128,verify_products,8,4,_gpuv,cuda,NVIDIA L40S,NVIDIA L40S (GPU client) + AMD EPYC 9334 32-Core Processor x8 threads,32,6738149376,0.5929409228265285,measured,,,,
llama2-7b,2048,Kpre,int,128,verify_upload,8,4,_gpuv,cuda,NVIDIA L40S,NVIDIA L40S (GPU client) + AMD EPYC 9334 32-Core Processor x8 threads,32,6738149376,1.0036733150482178,measured,,,,
llama2-7b,4096,C,int,128,bytes_total,8,4,,cuda,NVIDIA L40S,AMD EPYC 9334 32-Core Processor x8 threads,32,6738149376,22759818464.0,measured,,786766624.0,1495574432.0,22759808672.0
llama2-7b,4096,C,int,128,fs_hash,8,4,,cuda,NVIDIA L40S,AMD EPYC 9334 32-Core Processor x8 threads,32,6738149376,6.339512765407562e-06,measured,,1.7499551177024841e-06,3.390014171600342e-06,5.259178578853607e-05
llama2-7b,4096,C,int,128,prove_fold,8,4,,cuda,NVIDIA L40S,AMD EPYC 9334 32-Core Processor x8 threads,32,6738149376,0.542505937628448,measured,,0.03486725967377424,0.05038249772042036,0.5158396391198039
llama2-7b,4096,C,int,128,prove_forward,8,4,,cuda,NVIDIA L40S,AMD EPYC 9334 32-Core Processor x8 threads,32,6738149376,33.98235331103206,measured,,1.142525083385408,2.1137355538085103,31.25004966650158
llama2-7b,4096,C,int,128,prove_open,8,4,,cuda,NVIDIA L40S,AMD EPYC 9334 32-Core Processor x8 threads,32,6738149376,2.0233603790402412,measured,,0.11496847681701183,0.16534381080418825,1.6766038304194808
llama2-7b,4096,C,int,128,verify_columns,8,4,,cuda,NVIDIA L40S,AMD EPYC 9334 32-Core Processor x8 threads,32,6738149376,3.368132106028497,measured,,0.18005711492151022,0.2771728076040745,3.1906435880810022
llama2-7b,4096,C,int,128,verify_derive,8,4,,cuda,NVIDIA L40S,AMD EPYC 9334 32-Core Processor x8 threads,32,6738149376,433.4864558810368,measured,,15.485809862613678,29.659698290750384,454.8763511348516
llama2-7b,4096,C,int,128,verify_fold,8,4,,cuda,NVIDIA L40S,AMD EPYC 9334 32-Core Processor x8 threads,32,6738149376,0.0,measured,,0.0,0.0,0.0
llama2-7b,4096,C,int,128,verify_products,8,4,,cuda,NVIDIA L40S,AMD EPYC 9334 32-Core Processor x8 threads,32,6738149376,55.85606375709176,measured,,1.7923942850902677,3.5409760903567076,55.998430248349905
llama2-7b,4096,Kpre,int,128,bytes_total,8,4,,cuda,NVIDIA L40S,AMD EPYC 9334 32-Core Processor x8 threads,32,6738149376,22347379712.0,measured,,763491328.0,1459745792.0,22347379712.0
llama2-7b,4096,Kpre,int,128,fs_hash,8,4,,cuda,NVIDIA L40S,AMD EPYC 9334 32-Core Processor x8 threads,32,6738149376,6.659887731075287e-06,measured,,9.397044777870178e-07,1.0896474123001099e-06,5.587935447692871e-06
llama2-7b,4096,Kpre,int,128,prove_fold,8,4,,cuda,NVIDIA L40S,AMD EPYC 9334 32-Core Processor x8 threads,32,6738149376,0.0,measured,,0.0,0.0,0.0
llama2-7b,4096,Kpre,int,128,prove_forward,8,4,,cuda,NVIDIA L40S,AMD EPYC 9334 32-Core Processor x8 threads,32,6738149376,31.467648876830935,measured,,1.1452727410942316,2.1279734168201685,31.608993688598275
llama2-7b,4096,Kpre,int,128,verify_derive,8,4,,cuda,NVIDIA L40S,AMD EPYC 9334 32-Core Processor x8 threads,32,6738149376,400.43180585093796,measured,,14.584285591728985,30.92325103841722,521.0922144390643
llama2-7b,4096,Kpre,int,128,verify_fold,8,4,,cuda,NVIDIA L40S,AMD EPYC 9334 32-Core Processor x8 threads,32,6738149376,0.0,measured,,0.0,0.0,0.0
llama2-7b,4096,Kpre,int,128,verify_products,8,4,,cuda,NVIDIA L40S,AMD EPYC 9334 32-Core Processor x8 threads,32,6738149376,64.20176342036575,measured,,1.729885134845972,3.7507056863978505,64.3753222329542
llama2-7b,64,C,int,128,bytes_total,8,4,,cuda,NVIDIA L40S,AMD EPYC 9334 32-Core Processor x8 threads,32,6738149376,761742096.0,measured,,35331904.0,58764016.0,761727376.0
llama2-7b,64,C,int,128,bytes_total,8,4,_batch,cuda,NVIDIA L40S,AMD EPYC 9334 32-Core Processor x8 threads,32,6738149376,761743424.0,measured,,35330944.0,58763392.0,761736832.0
llama2-7b,64,C,int,128,bytes_total,8,4,_batch,cuda,NVIDIA L40S,AMD EPYC 9334 32-Core Processor x8 threads,32,6738149376,11590161056.0,measured,32,409053056.0,769733376.0,11590142976.0
llama2-7b,64,C,int,128,bytes_total,8,4,_batch,cuda,NVIDIA L40S,AMD EPYC 9334 32-Core Processor x8 threads,32,6738149376,3206873600.0,measured,8,119720480.0,219305536.0,3206857216.0
llama2-7b,64,C,int,128,bytes_total,8,4,_gpuv,cuda,NVIDIA L40S,NVIDIA L40S (GPU client) + AMD EPYC 9334 32-Core Processor x8 threads,32,6738149376,761738560.0,measured,,,,
llama2-7b,64,C,int,128,bytes_total,8,4,_nofix,cuda,NVIDIA L40S,AMD EPYC 9334 32-Core Processor x8 threads,32,6738149376,761739328.0,measured,,35331664.0,58763952.0,761732592.0
llama2-7b,64,C,int,128,bytes_total,8,4,_nolean,cuda,NVIDIA L40S,AMD EPYC 9334 32-Core Processor x8 threads,32,6738149376,761740224.0,measured,,,,
llama2-7b,64,C,int,128,bytes_total,8,4,_tf32,cuda,NVIDIA L40S,AMD EPYC 9334 32-Core Processor x8 threads,32,6738149376,761743296.0,measured,,,,
llama2-7b,64,C,int,128,fs_hash,8,4,,cuda,NVIDIA L40S,AMD EPYC 9334 32-Core Processor x8 threads,32,6738149376,9.238719940185547e-07,measured,,5.19677996635437e-07,5.62518835067749e-07,1.8477439880371094e-06
llama2-7b,64,C,int,128,fs_hash,8,4,_batch,cuda,NVIDIA L40S,AMD EPYC 9334 32-Core Processor x8 threads,32,6738149376,1.2097880244255066e-06,measured,,1.06077641248703e-06,7.80448317527771e-07,-7.62939453125e-06
llama2-7b,64,C,int,128,fs_hash,8,4,_batch,cuda,NVIDIA L40S,AMD EPYC 9334 32-Core Processor x8 threads,32,6738149376,1.2293457984924316e-06,measured,32,1.5497207641601562e-06,1.3802200555801392e-06,-3.7048012018203735e-06
llama2-7b,64,C,int,128,fs_hash,8,4,_batch,cuda,NVIDIA L40S,AMD EPYC 9334 32-Core Processor x8 threads,32,6738149376,1.0496005415916443e-06,measured,8,1.369975507259369e-06,1.150183379650116e-06,-5.443580448627472e-06
llama2-7b,64,C,int,128,fs_hash,8,4,_gpuv,cuda,NVIDIA L40S,NVIDIA L40S (GPU client) + AMD EPYC 9334 32-Core Processor x8 threads,32,6738149376,1.1064112186431885e-06,measured,,,,
llama2-7b,64,C,int,128,fs_hash,8,4,_nofix,cuda,NVIDIA L40S,AMD EPYC 9334 32-Core Processor x8 threads,32,6738149376,1.0398216545581818e-06,measured,,1.4901161193847656e-06,9.047798812389374e-07,-1.665530726313591e-05
llama2-7b,64,C,int,128,fs_hash,8,4,_nolean,cuda,NVIDIA L40S,AMD EPYC 9334 32-Core Processor x8 threads,32,6738149376,1.1855736374855042e-06,measured,,,,
llama2-7b,64,C,int,128,fs_hash,8,4,_tf32,cuda,NVIDIA L40S,AMD EPYC 9334 32-Core Processor x8 threads,32,6738149376,1.0402873158454895e-06,measured,,,,
llama2-7b,64,C,int,128,prove_fold,8,4,,cuda,NVIDIA L40S,AMD EPYC 9334 32-Core Processor x8 threads,32,6738149376,0.521804116666317,measured,,0.03456726670265198,0.050341302528977394,0.5235623773187399
llama2-7b,64,C,int,128,prove_fold,8,4,_batch,cuda,NVIDIA L40S,AMD EPYC 9334 32-Core Processor x8 threads,32,6738149376,0.5228777080774307,measured,,0.03471403196454048,0.05031308624893427,0.5182847147807479
llama2-7b,64,C,int,128,prove_fold,8,4,_batch,cuda,NVIDIA L40S,AMD EPYC 9334 32-Core Processor x8 threads,32,6738149376,0.5333608314394951,measured,32,0.034897880628705025,0.050611247308552265,0.5220122477039695
llama2-7b,64,C,int,128,prove_fold,8,4,_batch,cuda,NVIDIA L40S,AMD EPYC 9334 32-Core Processor x8 threads,32,6738149376,0.5214364612475038,measured,8,0.034752530977129936,0.05029639694839716,0.5166123760864139
llama2-7b,64,C,int,128,prove_fold,8,4,_gpuv,cuda,NVIDIA L40S,NVIDIA L40S (GPU client) + AMD EPYC 9334 32-Core Processor x8 threads,32,6738149376,0.5137077458202839,measured,,,,
llama2-7b,64,C,int,128,prove_fold,8,4,_nofix,cuda,NVIDIA L40S,AMD EPYC 9334 32-Core Processor x8 threads,32,6738149376,0.8515488961711526,measured,,0.06386199500411749,0.08662039646878839,0.7693724404089153
llama2-7b,64,C,int,128,prove_fold,8,4,_nolean,cuda,NVIDIA L40S,AMD EPYC 9334 32-Core Processor x8 threads,32,6738149376,0.5236950195394456,measured,,,,
llama2-7b,64,C,int,128,prove_fold,8,4,_tf32,cuda,NVIDIA L40S,AMD EPYC 9334 32-Core Processor x8 threads,32,6738149376,0.520346624776721,measured,,,,
llama2-7b,64,C,int,128,prove_forward,8,4,,cuda,NVIDIA L40S,AMD EPYC 9334 32-Core Processor x8 threads,32,6738149376,0.19686440750956535,measured,,0.008330410346388817,0.013999493792653084,0.1840719971805811
llama2-7b,64,C,int,128,prove_forward,8,4,_batch,cuda,NVIDIA L40S,AMD EPYC 9334 32-Core Processor x8 threads,32,6738149376,0.20740153547376394,measured,,0.009442498907446861,0.014456173405051231,0.16486640833318233
llama2-7b,64,C,int,128,prove_forward,8,4,_batch,cuda,NVIDIA L40S,AMD EPYC 9334 32-Core Processor x8 threads,32,6738149376,12.850446562282741,measured,32,0.46751402504742146,0.861192163079977,12.671536304056644
llama2-7b,64,C,int,128,prove_forward,8,4,_batch,cuda,NVIDIA L40S,AMD EPYC 9334 32-Core Processor x8 threads,32,6738149376,0.8892873702570796,measured,8,0.049794805236160755,0.14145518094301224,2.8912664521485567
llama2-7b,64,C,int,128,prove_forward,8,4,_gpuv,cuda,NVIDIA L40S,NVIDIA L40S (GPU client) + AMD EPYC 9334 32-Core Processor x8 threads,32,6738149376,0.18493061140179634,measured,,,,
llama2-7b,64,C,int,128,prove_forward,8,4,_nofix,cuda,NVIDIA L40S,AMD EPYC 9334 32-Core Processor x8 threads,32,6738149376,0.5503343087621033,measured,,0.043349914252758026,0.051762314047664404,0.30413430789485574
llama2-7b,64,C,int,128,prove_forward,8,4,_nolean,cuda,NVIDIA L40S,AMD EPYC 9334 32-Core Processor x8 threads,32,6738149376,0.19843305414542556,measured,,,,
llama2-7b,64,C,int,128,prove_forward,8,4,_tf32,cuda,NVIDIA L40S,AMD EPYC 9334 32-Core Processor x8 threads,32,6738149376,0.17044860310852528,measured,,,,
llama2-7b,64,C,int,128,prove_open,8,4,,cuda,NVIDIA L40S,AMD EPYC 9334 32-Core Processor x8 threads,32,6738149376,1.9777229465544224,measured,,0.11001176945865154,0.17253192514181137,2.048136595636606
llama2-7b,64,C,int,128,prove_open,8,4,_batch,cuda,NVIDIA L40S,AMD EPYC 9334 32-Core Processor x8 threads,32,6738149376,2.004369942471385,measured,,0.11671758629381657,0.17393432091921568,1.890436359681189
llama2-7b,64,C,int,128,prove_open,8,4,_batch,cuda,NVIDIA L40S,AMD EPYC 9334 32-Core Processor x8 threads,32,6738149376,1.9893969045951962,measured,32,0.1133043235167861,0.16773359570652246,1.8006117613986135
llama2-7b,64,C,int,128,prove_open,8,4,_batch,cuda,NVIDIA L40S,AMD EPYC 9334 32-Core Processor x8 threads,32,6738149376,1.7998937563970685,measured,8,0.11081520095467567,0.16356628108769655,1.7460986850783229
llama2-7b,64,C,int,128,prove_open,8,4,_gpuv,cuda,NVIDIA L40S,NVIDIA L40S (GPU client) + AMD EPYC 9334 32-Core Processor x8 threads,32,6738149376,1.8387989308685064,measured,,,,
llama2-7b,64,C,int,128,prove_open,8,4,_nofix,cuda,NVIDIA L40S,AMD EPYC 9334 32-Core Processor x8 threads,32,6738149376,1.9799977480433881,measured,,0.11263696057721972,0.17494858568534255,2.0442973389290273
llama2-7b,64,C,int,128,prove_open,8,4,_nolean,cuda,NVIDIA L40S,AMD EPYC 9334 32-Core Processor x8 threads,32,6738149376,1.7938897255808115,measured,,,,
llama2-7b,64,C,int,128,prove_open,8,4,_tf32,cuda,NVIDIA L40S,AMD EPYC 9334 32-Core Processor x8 threads,32,6738149376,1.952588403597474,measured,,,,
llama2-7b,64,C,int,128,verify_columns,8,4,,cuda,NVIDIA L40S,AMD EPYC 9334 32-Core Processor x8 threads,32,6738149376,2.915771907195449,measured,,0.1306971088051796,0.20289885811507702,2.3689513374119997
llama2-7b,64,C,int,128,verify_columns,8,4,_batch,cuda,NVIDIA L40S,AMD EPYC 9334 32-Core Processor x8 threads,32,6738149376,3.230898292735219,measured,,0.18158249463886023,0.2670162171125412,2.8300278913229704
llama2-7b,64,C,int,128,verify_columns,8,4,_batch,cuda,NVIDIA L40S,AMD EPYC 9334 32-Core Processor x8 threads,32,6738149376,3.0558688240125775,measured,32,0.1764297503978014,0.2755623972043395,3.2495418014004827
llama2-7b,64,C,int,128,verify_columns,8,4,_batch,cuda,NVIDIA L40S,AMD EPYC 9334 32-Core Processor x8 threads,32,6738149376,3.0891916574910283,measured,8,0.173226417042315,0.264274506829679,2.995717200450599
llama2-7b,64,C,int,128,verify_columns,8,4,_gpuv,cuda,NVIDIA L40S,NVIDIA L40S (GPU client) + AMD EPYC 9334 32-Core Processor x8 threads,32,6738149376,2.5929641015827656,measured,,,,
llama2-7b,64,C,int,128,verify_columns,8,4,_nofix,cuda,NVIDIA L40S,AMD EPYC 9334 32-Core Processor x8 threads,32,6738149376,2.8245516172610223,measured,,0.1858357642777264,0.2771764756180346,3.0173978158272803
llama2-7b,64,C,int,128,verify_columns,8,4,_nolean,cuda,NVIDIA L40S,AMD EPYC 9334 32-Core Processor x8 threads,32,6738149376,2.6856580385938287,measured,,,,
llama2-7b,64,C,int,128,verify_columns,8,4,_tf32,cuda,NVIDIA L40S,AMD EPYC 9334 32-Core Processor x8 threads,32,6738149376,3.038897874765098,measured,,,,
llama2-7b,64,C,int,128,verify_derive,8,4,,cuda,NVIDIA L40S,AMD EPYC 9334 32-Core Processor x8 threads,32,6738149376,0.3189341928809881,measured,,0.010256756097078323,0.017934409901499748,0.2482640240341425
llama2-7b,64,C,int,128,verify_derive,8,4,_batch,cuda,NVIDIA L40S,AMD EPYC 9334 32-Core Processor x8 threads,32,6738149376,0.3603134313598275,measured,,0.014495273120701313,0.024450463242828846,0.32310616690665483
llama2-7b,64,C,int,128,verify_derive,8,4,_batch,cuda,NVIDIA L40S,AMD EPYC 9334 32-Core Processor x8 threads,32,6738149376,45.97663498762995,measured,32,1.422749673947692,3.038010997697711,51.49585071019828
llama2-7b,64,C,int,128,verify_derive,8,4,_batch,cuda,NVIDIA L40S,AMD EPYC 9334 32-Core Processor x8 threads,32,6738149376,5.771186346188188,measured,8,0.20408100448548794,0.3014848493039608,3.2236001938581467
llama2-7b,64,C,int,128,verify_derive,8,4,_gpuv,cuda,NVIDIA L40S,NVIDIA L40S (GPU client) + AMD EPYC 9334 32-Core Processor x8 threads,32,6738149376,0.0740182176232338,measured,,,,
llama2-7b,64,C,int,128,verify_derive,8,4,_nofix,cuda,NVIDIA L40S,AMD EPYC 9334 32-Core Processor x8 threads,32,6738149376,0.3446058197878301,measured,,0.015126708894968033,0.025846631731837988,0.34744431683793664
llama2-7b,64,C,int,128,verify_derive,8,4,_nolean,cuda,NVIDIA L40S,AMD EPYC 9334 32-Core Processor x8 threads,32,6738149376,0.35102199064567685,measured,,,,
llama2-7b,64,C,int,128,verify_derive,8,4,_tf32,cuda,NVIDIA L40S,AMD EPYC 9334 32-Core Processor x8 threads,32,6738149376,0.3613433772698045,measured,,,,
llama2-7b,64,C,int,128,verify_fold,8,4,,cuda,NVIDIA L40S,AMD EPYC 9334 32-Core Processor x8 threads,32,6738149376,0.0,measured,,0.0,0.0,0.0
llama2-7b,64,C,int,128,verify_fold,8,4,_batch,cuda,NVIDIA L40S,AMD EPYC 9334 32-Core Processor x8 threads,32,6738149376,0.0,measured,,0.0,0.0,0.0
llama2-7b,64,C,int,128,verify_fold,8,4,_batch,cuda,NVIDIA L40S,AMD EPYC 9334 32-Core Processor x8 threads,32,6738149376,0.0,measured,32,0.0,0.0,0.0
llama2-7b,64,C,int,128,verify_fold,8,4,_batch,cuda,NVIDIA L40S,AMD EPYC 9334 32-Core Processor x8 threads,32,6738149376,0.0,measured,8,0.0,0.0,0.0
llama2-7b,64,C,int,128,verify_fold,8,4,_gpuv,cuda,NVIDIA L40S,NVIDIA L40S (GPU client) + AMD EPYC 9334 32-Core Processor x8 threads,32,6738149376,0.0,measured,,,,
llama2-7b,64,C,int,128,verify_fold,8,4,_nofix,cuda,NVIDIA L40S,AMD EPYC 9334 32-Core Processor x8 threads,32,6738149376,0.0,measured,,0.0,0.0,0.0
llama2-7b,64,C,int,128,verify_fold,8,4,_nolean,cuda,NVIDIA L40S,AMD EPYC 9334 32-Core Processor x8 threads,32,6738149376,0.0,measured,,,,
llama2-7b,64,C,int,128,verify_fold,8,4,_tf32,cuda,NVIDIA L40S,AMD EPYC 9334 32-Core Processor x8 threads,32,6738149376,0.0,measured,,,,
llama2-7b,64,C,int,128,verify_products,8,4,,cuda,NVIDIA L40S,AMD EPYC 9334 32-Core Processor x8 threads,32,6738149376,1.1801480278372765,measured,,0.033139824867248535,0.06231267191469669,0.9374980833381414
llama2-7b,64,C,int,128,verify_products,8,4,_batch,cuda,NVIDIA L40S,AMD EPYC 9334 32-Core Processor x8 threads,32,6738149376,1.3761570528149605,measured,,0.04954118560999632,0.09104329533874989,1.3361065872013569
llama2-7b,64,C,int,128,verify_products,8,4,_batch,cuda,NVIDIA L40S,AMD EPYC 9334 32-Core Processor x8 threads,32,6738149376,22.07197405025363,measured,32,0.7926681619137526,1.4239799045026302,20.36333218216896
llama2-7b,64,C,int,128,verify_products,8,4,_batch,cuda,NVIDIA L40S,AMD EPYC 9334 32-Core Processor x8 threads,32,6738149376,4.496563154272735,measured,8,0.14725348446518183,0.25413829647004604,3.4606826566159725
llama2-7b,64,C,int,128,verify_products,8,4,_gpuv,cuda,NVIDIA L40S,NVIDIA L40S (GPU client) + AMD EPYC 9334 32-Core Processor x8 threads,32,6738149376,1.081011638045311,measured,,,,
llama2-7b,64,C,int,128,verify_products,8,4,_nofix,cuda,NVIDIA L40S,AMD EPYC 9334 32-Core Processor x8 threads,32,6738149376,1.0964608686044812,measured,,0.048809890635311604,0.09181524161249399,1.3819757709279656
llama2-7b,64,C,int,128,verify_products,8,4,_nolean,cuda,NVIDIA L40S,AMD EPYC 9334 32-Core Processor x8 threads,32,6738149376,1.0175325581803918,measured,,,,
llama2-7b,64,C,int,128,verify_products,8,4,_tf32,cuda,NVIDIA L40S,AMD EPYC 9334 32-Core Processor x8 threads,32,6738149376,1.3183252131566405,measured,,,,
llama2-7b,64,C,int,128,verify_upload,8,4,_gpuv,cuda,NVIDIA L40S,NVIDIA L40S (GPU client) + AMD EPYC 9334 32-Core Processor x8 threads,32,6738149376,0.04556787572801113,measured,,,,
llama2-7b,64,Kpre,int,128,bytes_total,8,4,,cuda,NVIDIA L40S,AMD EPYC 9334 32-Core Processor x8 threads,32,6738149376,349303808.0,measured,,12055552.0,22934528.0,349303808.0
llama2-7b,64,Kpre,int,128,bytes_total,8,4,_batch,cuda,NVIDIA L40S,AMD EPYC 9334 32-Core Processor x8 threads,32,6738149376,349303808.0,measured,,12055552.0,22934528.0,349303808.0
llama2-7b,64,Kpre,int,128,bytes_total,8,4,_batch,cuda,NVIDIA L40S,AMD EPYC 9334 32-Core Processor x8 threads,32,6738149376,11177721856.0,measured,32,385777664.0,733904896.0,11177721856.0
llama2-7b,64,Kpre,int,128,bytes_total,8,4,_batch,cuda,NVIDIA L40S,AMD EPYC 9334 32-Core Processor x8 threads,32,6738149376,2794430464.0,measured,8,96444416.0,183476224.0,2794430464.0
llama2-7b,64,Kpre,int,128,bytes_total,8,4,_gpuv,cuda,NVIDIA L40S,NVIDIA L40S (GPU client) + AMD EPYC 9334 32-Core Processor x8 threads,32,6738149376,349303808.0,measured,,,,
llama2-7b,64,Kpre,int,128,bytes_total,8,4,_nofix,cuda,NVIDIA L40S,AMD EPYC 9334 32-Core Processor x8 threads,32,6738149376,349303808.0,measured,,12055552.0,22934528.0,349303808.0
llama2-7b,64,Kpre,int,128,bytes_total,8,4,_nolean,cuda,NVIDIA L40S,AMD EPYC 9334 32-Core Processor x8 threads,32,6738149376,349303808.0,measured,,,,
llama2-7b,64,Kpre,int,128,fs_hash,8,4,,cuda,NVIDIA L40S,AMD EPYC 9334 32-Core Processor x8 threads,32,6738149376,9.723007678985596e-07,measured,,4.3213367462158203e-07,6.556510925292969e-07,7.361173629760742e-06
llama2-7b,64,Kpre,int,128,fs_hash,8,4,_batch,cuda,NVIDIA L40S,AMD EPYC 9334 32-Core Processor x8 threads,32,6738149376,9.797513484954834e-07,measured,,7.795169949531555e-07,5.206093192100525e-07,-7.246620953083038e-06
llama2-7b,64,Kpre,int,128,fs_hash,8,4,_batch,cuda,NVIDIA L40S,AMD EPYC 9334 32-Core Processor x8 threads,32,6738149376,2.020038664340973e-06,measured,32,1.3494864106178284e-06,1.4500692486763e-06,4.4675543904304504e-06
llama2-7b,64,Kpre,int,128,fs_hash,8,4,_batch,cuda,NVIDIA L40S,AMD EPYC 9334 32-Core Processor x8 threads,32,6738149376,1.2097880244255066e-06,measured,8,1.0496005415916443e-06,1.3299286365509033e-06,9.739771485328674e-06
llama2-7b,64,Kpre,int,128,fs_hash,8,4,_gpuv,cuda,NVIDIA L40S,NVIDIA L40S (GPU client) + AMD EPYC 9334 32-Core Processor x8 threads,32,6738149376,1.0561197996139526e-06,measured,,,,
llama2-7b,64,Kpre,int,128,fs_hash,8,4,_nofix,cuda,NVIDIA L40S,AMD EPYC 9334 32-Core Processor x8 threads,32,6738149376,9.653158485889435e-07,measured,,1.194886863231659e-06,7.897615432739258e-07,-1.1363998055458069e-05
llama2-7b,64,Kpre,int,128,fs_hash,8,4,_nolean,cuda,NVIDIA L40S,AMD EPYC 9334 32-Core Processor x8 threads,32,6738149376,1.2996606528759003e-06,measured,,,,
llama2-7b,64,Kpre,int,128,prove_fold,8,4,,cuda,NVIDIA L40S,AMD EPYC 9334 32-Core Processor x8 threads,32,6738149376,0.0,measured,,0.0,0.0,0.0
llama2-7b,64,Kpre,int,128,prove_fold,8,4,_batch,cuda,NVIDIA L40S,AMD EPYC 9334 32-Core Processor x8 threads,32,6738149376,0.0,measured,,0.0,0.0,0.0
llama2-7b,64,Kpre,int,128,prove_fold,8,4,_batch,cuda,NVIDIA L40S,AMD EPYC 9334 32-Core Processor x8 threads,32,6738149376,0.0,measured,32,0.0,0.0,0.0
llama2-7b,64,Kpre,int,128,prove_fold,8,4,_batch,cuda,NVIDIA L40S,AMD EPYC 9334 32-Core Processor x8 threads,32,6738149376,0.0,measured,8,0.0,0.0,0.0
llama2-7b,64,Kpre,int,128,prove_fold,8,4,_gpuv,cuda,NVIDIA L40S,NVIDIA L40S (GPU client) + AMD EPYC 9334 32-Core Processor x8 threads,32,6738149376,0.0,measured,,,,
llama2-7b,64,Kpre,int,128,prove_fold,8,4,_nofix,cuda,NVIDIA L40S,AMD EPYC 9334 32-Core Processor x8 threads,32,6738149376,0.0,measured,,0.0,0.0,0.0
llama2-7b,64,Kpre,int,128,prove_fold,8,4,_nolean,cuda,NVIDIA L40S,AMD EPYC 9334 32-Core Processor x8 threads,32,6738149376,0.0,measured,,,,
llama2-7b,64,Kpre,int,128,prove_forward,8,4,,cuda,NVIDIA L40S,AMD EPYC 9334 32-Core Processor x8 threads,32,6738149376,0.18740147352218628,measured,,0.008286327123641968,0.014118047431111336,0.18906965665519238
llama2-7b,64,Kpre,int,128,prove_forward,8,4,_batch,cuda,NVIDIA L40S,AMD EPYC 9334 32-Core Processor x8 threads,32,6738149376,0.19593220297247171,measured,,0.010912380181252956,0.01485141459852457,0.133022447116673
llama2-7b,64,Kpre,int,128,prove_forward,8,4,_batch,cuda,NVIDIA L40S,AMD EPYC 9334 32-Core Processor x8 threads,32,6738149376,12.229804466478527,measured,32,0.461212701164186,0.8648074613884091,12.972650268115103
llama2-7b,64,Kpre,int,128,prove_forward,8,4,_batch,cuda,NVIDIA L40S,AMD EPYC 9334 32-Core Processor x8 threads,32,6738149376,0.7050027688965201,measured,8,0.11265605315566063,0.1999136172235012,2.8176405392587185
llama2-7b,64,Kpre,int,128,prove_forward,8,4,_gpuv,cuda,NVIDIA L40S,NVIDIA L40S (GPU client) + AMD EPYC 9334 32-Core Processor x8 threads,32,6738149376,0.1840966511517763,measured,,,,
llama2-7b,64,Kpre,int,128,prove_forward,8,4,_nofix,cuda,NVIDIA L40S,AMD EPYC 9334 32-Core Processor x8 threads,32,6738149376,0.19470198918133974,measured,,0.011936989147216082,0.015399971976876259,0.11928945686668158
llama2-7b,64,Kpre,int,128,prove_forward,8,4,_nolean,cuda,NVIDIA L40S,AMD EPYC 9334 32-Core Processor x8 threads,32,6738149376,0.18989873304963112,measured,,,,
llama2-7b,64,Kpre,int,128,verify_derive,8,4,,cuda,NVIDIA L40S,AMD EPYC 9334 32-Core Processor x8 threads,32,6738149376,0.3303561136126518,measured,,0.008990487083792686,0.016997620463371277,0.257211621850729
llama2-7b,64,Kpre,int,128,verify_derive,8,4,_batch,cuda,NVIDIA L40S,AMD EPYC 9334 32-Core Processor x8 threads,32,6738149376,0.3564517553895712,measured,,0.01495418418198824,0.02182331122457981,0.22789712250232697
llama2-7b,64,Kpre,int,128,verify_derive,8,4,_batch,cuda,NVIDIA L40S,AMD EPYC 9334 32-Core Processor x8 threads,32,6738149376,40.96099516376853,measured,32,1.566645965911448,3.1493401136249304,50.6301645450294
llama2-7b,64,Kpre,int,128,verify_derive,8,4,_batch,cuda,NVIDIA L40S,AMD EPYC 9334 32-Core Processor x8 threads,32,6738149376,2.667389553040266,measured,8,0.1928890561684966,0.2920950632542372,3.268275275826454
llama2-7b,64,Kpre,int,128,verify_derive,8,4,_gpuv,cuda,NVIDIA L40S,NVIDIA L40S (GPU client) + AMD EPYC 9334 32-Core Processor x8 threads,32,6738149376,0.07412674464285374,measured,,,,
llama2-7b,64,Kpre,int,128,verify_derive,8,4,_nofix,cuda,NVIDIA L40S,AMD EPYC 9334 32-Core Processor x8 threads,32,6738149376,0.3578064809553325,measured,,0.015243975445628166,0.02323266165331006,0.2628932478837669
llama2-7b,64,Kpre,int,128,verify_derive,8,4,_nolean,cuda,NVIDIA L40S,AMD EPYC 9334 32-Core Processor x8 threads,32,6738149376,0.3537224675528705,measured,,,,
llama2-7b,64,Kpre,int,128,verify_fold,8,4,,cuda,NVIDIA L40S,AMD EPYC 9334 32-Core Processor x8 threads,32,6738149376,0.0,measured,,0.0,0.0,0.0
llama2-7b,64,Kpre,int,128,verify_fold,8,4,_batch,cuda,NVIDIA L40S,AMD EPYC 9334 32-Core Processor x8 threads,32,6738149376,0.0,measured,,0.0,0.0,0.0
llama2-7b,64,Kpre,int,128,verify_fold,8,4,_batch,cuda,NVIDIA L40S,AMD EPYC 9334 32-Core Processor x8 threads,32,6738149376,0.0,measured,32,0.0,0.0,0.0
llama2-7b,64,Kpre,int,128,verify_fold,8,4,_batch,cuda,NVIDIA L40S,AMD EPYC 9334 32-Core Processor x8 threads,32,6738149376,0.0,measured,8,0.0,0.0,0.0
llama2-7b,64,Kpre,int,128,verify_fold,8,4,_gpuv,cuda,NVIDIA L40S,NVIDIA L40S (GPU client) + AMD EPYC 9334 32-Core Processor x8 threads,32,6738149376,0.0,measured,,,,
llama2-7b,64,Kpre,int,128,verify_fold,8,4,_nofix,cuda,NVIDIA L40S,AMD EPYC 9334 32-Core Processor x8 threads,32,6738149376,0.0,measured,,0.0,0.0,0.0
llama2-7b,64,Kpre,int,128,verify_fold,8,4,_nolean,cuda,NVIDIA L40S,AMD EPYC 9334 32-Core Processor x8 threads,32,6738149376,0.0,measured,,,,
llama2-7b,64,Kpre,int,128,verify_products,8,4,,cuda,NVIDIA L40S,AMD EPYC 9334 32-Core Processor x8 threads,32,6738149376,1.2166754696518183,measured,,0.03336955048143864,0.062364401295781136,0.9322099257260561
llama2-7b,64,Kpre,int,128,verify_products,8,4,_batch,cuda,NVIDIA L40S,AMD EPYC 9334 32-Core Processor x8 threads,32,6738149376,1.4421595763415098,measured,,0.04177969880402088,0.09257764741778374,1.6165161058306694
llama2-7b,64,Kpre,int,128,verify_products,8,4,_batch,cuda,NVIDIA L40S,AMD EPYC 9334 32-Core Processor x8 threads,32,6738149376,21.89333582855761,measured,32,0.8165199868381023,1.5004160273820162,22.01729724369943
llama2-7b,64,Kpre,int,128,verify_products,8,4,_batch,cuda,NVIDIA L40S,AMD EPYC 9334 32-Core Processor x8 threads,32,6738149376,4.147650294937193,measured,8,0.1440869616344571,0.2469435902312398,3.3326424481347203
llama2-7b,64,Kpre,int,128,verify_products,8,4,_gpuv,cuda,NVIDIA L40S,NVIDIA L40S (GPU client) + AMD EPYC 9334 32-Core Processor x8 threads,32,6738149376,1.0822461638599634,measured,,,,
llama2-7b,64,Kpre,int,128,verify_products,8,4,_nofix,cuda,NVIDIA L40S,AMD EPYC 9334 32-Core Processor x8 threads,32,6738149376,1.215206552296877,measured,,0.05038705142214894,0.09301894763484597,1.3719758340157568
llama2-7b,64,Kpre,int,128,verify_products,8,4,_nolean,cuda,NVIDIA L40S,AMD EPYC 9334 32-Core Processor x8 threads,32,6738149376,1.014078691136092,measured,,,,
llama2-7b,64,Kpre,int,128,verify_upload,8,4,_gpuv,cuda,NVIDIA L40S,NVIDIA L40S (GPU client) + AMD EPYC 9334 32-Core Processor x8 threads,32,6738149376,0.039712414145469666,measured,,,,
opt-1.3b,2048,C,int,128,bytes_total,8,4,,cuda,NVIDIA L40S,AMD EPYC 9334 32-Core Processor x8 threads,24,1315553280,3807060032.0,measured,,206447672.0,362996208.0,3807064000.0
opt-1.3b,2048,C,int,128,bytes_total,8,4,_gpuv,cuda,NVIDIA L40S,NVIDIA L40S (GPU client) + AMD EPYC 9334 32-Core Processor x8 threads,24,1315553280,3807064800.0,measured,,,,
opt-1.3b,2048,C,int,128,bytes_total,8,4,_nofix,cuda,NVIDIA L40S,AMD EPYC 9334 32-Core Processor x8 threads,24,1315553280,3807066816.0,measured,,,,
opt-1.3b,2048,C,int,128,bytes_total,8,4,_nolean,cuda,NVIDIA L40S,AMD EPYC 9334 32-Core Processor x8 threads,24,1315553280,3807058464.0,measured,,,,
opt-1.3b,2048,C,int,128,fs_hash,8,4,,cuda,NVIDIA L40S,AMD EPYC 9334 32-Core Processor x8 threads,24,1315553280,2.88989394903183e-06,measured,,8.493661880493164e-07,9.099021553993225e-07,2.2416934370994568e-06
opt-1.3b,2048,C,int,128,fs_hash,8,4,_gpuv,cuda,NVIDIA L40S,NVIDIA L40S (GPU client) + AMD EPYC 9334 32-Core Processor x8 threads,24,1315553280,1.9408762454986572e-06,measured,,,,
opt-1.3b,2048,C,int,128,fs_hash,8,4,_nofix,cuda,NVIDIA L40S,AMD EPYC 9334 32-Core Processor x8 threads,24,1315553280,1.9101426005363464e-06,measured,,,,
opt-1.3b,2048,C,int,128,fs_hash,8,4,_nolean,cuda,NVIDIA L40S,AMD EPYC 9334 32-Core Processor x8 threads,24,1315553280,3.6796554923057556e-06,measured,,,,
opt-1.3b,2048,C,int,128,prove_fold,8,4,,cuda,NVIDIA L40S,AMD EPYC 9334 32-Core Processor x8 threads,24,1315553280,0.1649580616503954,measured,,0.018118680454790592,0.02432727161794901,0.16091627720743418
opt-1.3b,2048,C,int,128,prove_fold,8,4,_gpuv,cuda,NVIDIA L40S,NVIDIA L40S (GPU client) + AMD EPYC 9334 32-Core Processor x8 threads,24,1315553280,0.16829606145620346,measured,,,,
opt-1.3b,2048,C,int,128,prove_fold,8,4,_nofix,cuda,NVIDIA L40S,AMD EPYC 9334 32-Core Processor x8 threads,24,1315553280,0.5891563352197409,measured,,,,
opt-1.3b,2048,C,int,128,prove_fold,8,4,_nolean,cuda,NVIDIA L40S,AMD EPYC 9334 32-Core Processor x8 threads,24,1315553280,0.16775772161781788,measured,,,,
opt-1.3b,2048,C,int,128,prove_forward,8,4,,cuda,NVIDIA L40S,AMD EPYC 9334 32-Core Processor x8 threads,24,1315553280,5.042926777154207,measured,,0.2642673524096608,0.49069966189563274,5.472210470587015
opt-1.3b,2048,C,int,128,prove_forward,8,4,_gpuv,cuda,NVIDIA L40S,NVIDIA L40S (GPU client) + AMD EPYC 9334 32-Core Processor x8 threads,24,1315553280,5.7038825415074825,measured,,,,
opt-1.3b,2048,C,int,128,prove_forward,8,4,_nofix,cuda,NVIDIA L40S,AMD EPYC 9334 32-Core Processor x8 threads,24,1315553280,5.630506398156285,measured,,,,
opt-1.3b,2048,C,int,128,prove_forward,8,4,_nolean,cuda,NVIDIA L40S,AMD EPYC 9334 32-Core Processor x8 threads,24,1315553280,5.241392971016467,measured,,,,
opt-1.3b,2048,C,int,128,prove_open,8,4,,cuda,NVIDIA L40S,AMD EPYC 9334 32-Core Processor x8 threads,24,1315553280,0.49059132393449545,measured,,0.061367571353912354,0.07722752261906862,0.42614645045250654
opt-1.3b,2048,C,int,128,prove_open,8,4,_gpuv,cuda,NVIDIA L40S,NVIDIA L40S (GPU client) + AMD EPYC 9334 32-Core Processor x8 threads,24,1315553280,0.46400250494480133,measured,,,,
opt-1.3b,2048,C,int,128,prove_open,8,4,_nofix,cuda,NVIDIA L40S,AMD EPYC 9334 32-Core Processor x8 threads,24,1315553280,0.5422275271266699,measured,,,,
opt-1.3b,2048,C,int,128,prove_open,8,4,_nolean,cuda,NVIDIA L40S,AMD EPYC 9334 32-Core Processor x8 threads,24,1315553280,0.5130463279783726,measured,,,,
opt-1.3b,2048,C,int,128,verify_columns,8,4,,cuda,NVIDIA L40S,AMD EPYC 9334 32-Core Processor x8 threads,24,1315553280,1.1960451202467084,measured,,0.18742299359291792,0.22246841993182898,0.9934677993878722
opt-1.3b,2048,C,int,128,verify_columns,8,4,_gpuv,cuda,NVIDIA L40S,NVIDIA L40S (GPU client) + AMD EPYC 9334 32-Core Processor x8 threads,24,1315553280,1.052478089928627,measured,,,,
opt-1.3b,2048,C,int,128,verify_columns,8,4,_nofix,cuda,NVIDIA L40S,AMD EPYC 9334 32-Core Processor x8 threads,24,1315553280,0.9721678020432591,measured,,,,
opt-1.3b,2048,C,int,128,verify_columns,8,4,_nolean,cuda,NVIDIA L40S,AMD EPYC 9334 32-Core Processor x8 threads,24,1315553280,1.3187345890328288,measured,,,,
opt-1.3b,2048,C,int,128,verify_derive,8,4,,cuda,NVIDIA L40S,AMD EPYC 9334 32-Core Processor x8 threads,24,1315553280,71.12017545755953,measured,,3.3153711212798953,6.43848854675889,75.14707190729678
opt-1.3b,2048,C,int,128,verify_derive,8,4,_gpuv,cuda,NVIDIA L40S,NVIDIA L40S (GPU client) + AMD EPYC 9334 32-Core Processor x8 threads,24,1315553280,1.4731610640883446,measured,,,,
opt-1.3b,2048,C,int,128,verify_derive,8,4,_nofix,cuda,NVIDIA L40S,AMD EPYC 9334 32-Core Processor x8 threads,24,1315553280,69.33611518051475,measured,,,,
opt-1.3b,2048,C,int,128,verify_derive,8,4,_nolean,cuda,NVIDIA L40S,AMD EPYC 9334 32-Core Processor x8 threads,24,1315553280,75.93478836026043,measured,,,,
opt-1.3b,2048,C,int,128,verify_fold,8,4,,cuda,NVIDIA L40S,AMD EPYC 9334 32-Core Processor x8 threads,24,1315553280,0.0,measured,,0.0,0.0,0.0
opt-1.3b,2048,C,int,128,verify_fold,8,4,_gpuv,cuda,NVIDIA L40S,NVIDIA L40S (GPU client) + AMD EPYC 9334 32-Core Processor x8 threads,24,1315553280,0.0,measured,,,,
opt-1.3b,2048,C,int,128,verify_fold,8,4,_nofix,cuda,NVIDIA L40S,AMD EPYC 9334 32-Core Processor x8 threads,24,1315553280,0.0,measured,,,,
opt-1.3b,2048,C,int,128,verify_fold,8,4,_nolean,cuda,NVIDIA L40S,AMD EPYC 9334 32-Core Processor x8 threads,24,1315553280,0.0,measured,,,,
opt-1.3b,2048,C,int,128,verify_products,8,4,,cuda,NVIDIA L40S,AMD EPYC 9334 32-Core Processor x8 threads,24,1315553280,6.550467310473323,measured,,0.3192863427102566,0.5879707429558039,6.499027548357844
opt-1.3b,2048,C,int,128,verify_products,8,4,_gpuv,cuda,NVIDIA L40S,NVIDIA L40S (GPU client) + AMD EPYC 9334 32-Core Processor x8 threads,24,1315553280,0.1957467533648014,measured,,,,
opt-1.3b,2048,C,int,128,verify_products,8,4,_nofix,cuda,NVIDIA L40S,AMD EPYC 9334 32-Core Processor x8 threads,24,1315553280,6.791061989031732,measured,,,,
opt-1.3b,2048,C,int,128,verify_products,8,4,_nolean,cuda,NVIDIA L40S,AMD EPYC 9334 32-Core Processor x8 threads,24,1315553280,7.772100199013948,measured,,,,
opt-1.3b,2048,C,int,128,verify_upload,8,4,_gpuv,cuda,NVIDIA L40S,NVIDIA L40S (GPU client) + AMD EPYC 9334 32-Core Processor x8 threads,24,1315553280,0.3212677650153637,measured,,,,
opt-1.3b,2048,Kpre,int,128,bytes_total,8,4,,cuda,NVIDIA L40S,AMD EPYC 9334 32-Core Processor x8 threads,24,1315553280,3657634176.0,measured,,184750464.0,335745408.0,3657634176.0
opt-1.3b,2048,Kpre,int,128,bytes_total,8,4,_gpuv,cuda,NVIDIA L40S,NVIDIA L40S (GPU client) + AMD EPYC 9334 32-Core Processor x8 threads,24,1315553280,3657634176.0,measured,,,,
opt-1.3b,2048,Kpre,int,128,bytes_total,8,4,_nolean,cuda,NVIDIA L40S,AMD EPYC 9334 32-Core Processor x8 threads,24,1315553280,3657634176.0,measured,,,,
opt-1.3b,2048,Kpre,int,128,fs_hash,8,4,,cuda,NVIDIA L40S,AMD EPYC 9334 32-Core Processor x8 threads,24,1315553280,2.230517566204071e-06,measured,,7.795169949531555e-07,8.307397365570068e-07,1.957640051841736e-06
opt-1.3b,2048,Kpre,int,128,fs_hash,8,4,_gpuv,cuda,NVIDIA L40S,NVIDIA L40S (GPU client) + AMD EPYC 9334 32-Core Processor x8 threads,24,1315553280,2.380460500717163e-06,measured,,,,
opt-1.3b,2048,Kpre,int,128,fs_hash,8,4,_nolean,cuda,NVIDIA L40S,AMD EPYC 9334 32-Core Processor x8 threads,24,1315553280,2.0600855350494385e-06,measured,,,,
opt-1.3b,2048,Kpre,int,128,prove_fold,8,4,,cuda,NVIDIA L40S,AMD EPYC 9334 32-Core Processor x8 threads,24,1315553280,0.0,measured,,0.0,0.0,0.0
opt-1.3b,2048,Kpre,int,128,prove_fold,8,4,_gpuv,cuda,NVIDIA L40S,NVIDIA L40S (GPU client) + AMD EPYC 9334 32-Core Processor x8 threads,24,1315553280,0.0,measured,,,,
opt-1.3b,2048,Kpre,int,128,prove_fold,8,4,_nolean,cuda,NVIDIA L40S,AMD EPYC 9334 32-Core Processor x8 threads,24,1315553280,0.0,measured,,,,
opt-1.3b,2048,Kpre,int,128,prove_forward,8,4,,cuda,NVIDIA L40S,AMD EPYC 9334 32-Core Processor x8 threads,24,1315553280,5.347641531378031,measured,,0.2647769274190068,0.4706094730645418,4.998925477266312
opt-1.3b,2048,Kpre,int,128,prove_forward,8,4,_gpuv,cuda,NVIDIA L40S,NVIDIA L40S (GPU client) + AMD EPYC 9334 32-Core Processor x8 threads,24,1315553280,5.805870525538921,measured,,,,
opt-1.3b,2048,Kpre,int,128,prove_forward,8,4,_nolean,cuda,NVIDIA L40S,AMD EPYC 9334 32-Core Processor x8 threads,24,1315553280,4.969441246241331,measured,,,,
opt-1.3b,2048,Kpre,int,128,verify_derive,8,4,,cuda,NVIDIA L40S,AMD EPYC 9334 32-Core Processor x8 threads,24,1315553280,74.57315101940185,measured,,3.329517623409629,6.446076586842537,75.01037378236651
opt-1.3b,2048,Kpre,int,128,verify_derive,8,4,_gpuv,cuda,NVIDIA L40S,NVIDIA L40S (GPU client) + AMD EPYC 9334 32-Core Processor x8 threads,24,1315553280,1.4695653058588505,measured,,,,
opt-1.3b,2048,Kpre,int,128,verify_derive,8,4,_nolean,cuda,NVIDIA L40S,AMD EPYC 9334 32-Core Processor x8 threads,24,1315553280,65.16902575269341,measured,,,,
opt-1.3b,2048,Kpre,int,128,verify_fold,8,4,,cuda,NVIDIA L40S,AMD EPYC 9334 32-Core Processor x8 threads,24,1315553280,0.0,measured,,0.0,0.0,0.0
opt-1.3b,2048,Kpre,int,128,verify_fold,8,4,_gpuv,cuda,NVIDIA L40S,NVIDIA L40S (GPU client) + AMD EPYC 9334 32-Core Processor x8 threads,24,1315553280,0.0,measured,,,,
opt-1.3b,2048,Kpre,int,128,verify_fold,8,4,_nolean,cuda,NVIDIA L40S,AMD EPYC 9334 32-Core Processor x8 threads,24,1315553280,0.0,measured,,,,
opt-1.3b,2048,Kpre,int,128,verify_products,8,4,,cuda,NVIDIA L40S,AMD EPYC 9334 32-Core Processor x8 threads,24,1315553280,6.612697439268231,measured,,0.3167029283940792,0.5777417421340942,6.320595644414425
opt-1.3b,2048,Kpre,int,128,verify_products,8,4,_gpuv,cuda,NVIDIA L40S,NVIDIA L40S (GPU client) + AMD EPYC 9334 32-Core Processor x8 threads,24,1315553280,0.19493749737739563,measured,,,,
opt-1.3b,2048,Kpre,int,128,verify_products,8,4,_nolean,cuda,NVIDIA L40S,AMD EPYC 9334 32-Core Processor x8 threads,24,1315553280,6.576675751246512,measured,,,,
opt-1.3b,2048,Kpre,int,128,verify_upload,8,4,_gpuv,cuda,NVIDIA L40S,NVIDIA L40S (GPU client) + AMD EPYC 9334 32-Core Processor x8 threads,24,1315553280,0.31455495208501816,measured,,,,
opt-1.3b,64,C,int,128,bytes_total,8,4,,cuda,NVIDIA L40S,AMD EPYC 9334 32-Core Processor x8 threads,24,1315553280,263923856.0,measured,,27665800.0,37938128.0,263929344.0
opt-1.3b,64,C,int,128,fs_hash,8,4,,cuda,NVIDIA L40S,AMD EPYC 9334 32-Core Processor x8 threads,24,1315553280,8.353963494300842e-07,measured,,4.754401743412018e-07,5.853362381458282e-07,3.0030496418476105e-06
opt-1.3b,64,C,int,128,prove_fold,8,4,,cuda,NVIDIA L40S,AMD EPYC 9334 32-Core Processor x8 threads,24,1315553280,0.1651047272607684,measured,,0.018189366441220045,0.024601712822914124,0.16567333322018385
opt-1.3b,64,C,int,128,prove_forward,8,4,,cuda,NVIDIA L40S,AMD EPYC 9334 32-Core Processor x8 threads,24,1315553280,0.07578075677156448,measured,,0.007439387496560812,0.008871888741850853,0.040386916138231754
opt-1.3b,64,C,int,128,prove_open,8,4,,cuda,NVIDIA L40S,AMD EPYC 9334 32-Core Processor x8 threads,24,1315553280,0.5075089572928846,measured,,0.07256803568452597,0.08707429002970457,0.40621188562363386
opt-1.3b,64,C,int,128,verify_columns,8,4,,cuda,NVIDIA L40S,AMD EPYC 9334 32-Core Processor x8 threads,24,1315553280,1.049700896255672,measured,,0.10120316641405225,0.12555853510275483,0.6613766462542117
opt-1.3b,64,C,int,128,verify_derive,8,4,,cuda,NVIDIA L40S,AMD EPYC 9334 32-Core Processor x8 threads,24,1315553280,0.16254584910348058,measured,,0.007546747103333473,0.01254121633246541,0.12241953937336802
opt-1.3b,64,C,int,128,verify_fold,8,4,,cuda,NVIDIA L40S,AMD EPYC 9334 32-Core Processor x8 threads,24,1315553280,0.0,measured,,0.0,0.0,0.0
opt-1.3b,64,C,int,128,verify_products,8,4,,cuda,NVIDIA L40S,AMD EPYC 9334 32-Core Processor x8 threads,24,1315553280,0.40224549686536193,measured,,0.015195143409073353,0.023868441581726074,0.21468100138008595
opt-1.3b,64,Kpre,int,128,bytes_total,8,4,,cuda,NVIDIA L40S,AMD EPYC 9334 32-Core Processor x8 threads,24,1315553280,114495872.0,measured,,5968256.0,10686848.0,114495872.0
opt-1.3b,64,Kpre,int,128,fs_hash,8,4,,cuda,NVIDIA L40S,AMD EPYC 9334 32-Core Processor x8 threads,24,1315553280,9.648501873016357e-07,measured,,5.704350769519806e-07,6.300397217273712e-07,1.941341906785965e-06
opt-1.3b,64,Kpre,int,128,prove_fold,8,4,,cuda,NVIDIA L40S,AMD EPYC 9334 32-Core Processor x8 threads,24,1315553280,0.0,measured,,0.0,0.0,0.0
opt-1.3b,64,Kpre,int,128,prove_forward,8,4,,cuda,NVIDIA L40S,AMD EPYC 9334 32-Core Processor x8 threads,24,1315553280,0.07441995572298765,measured,,0.005560255143791437,0.008781323675066233,0.07964483136311173
opt-1.3b,64,Kpre,int,128,verify_derive,8,4,,cuda,NVIDIA L40S,AMD EPYC 9334 32-Core Processor x8 threads,24,1315553280,0.14410427771508694,measured,,0.006305251270532608,0.011436490807682276,0.12432376062497497
opt-1.3b,64,Kpre,int,128,verify_fold,8,4,,cuda,NVIDIA L40S,AMD EPYC 9334 32-Core Processor x8 threads,24,1315553280,0.0,measured,,0.0,0.0,0.0
opt-1.3b,64,Kpre,int,128,verify_products,8,4,,cuda,NVIDIA L40S,AMD EPYC 9334 32-Core Processor x8 threads,24,1315553280,0.3421744219958782,measured,,0.015249268617480993,0.030897927936166525,0.3751684329472482
opt-125m,2048,C,int,128,bytes_total,8,4,,cuda,NVIDIA L40S,AMD EPYC 9334 32-Core Processor x8 threads,12,125199360,732529088.0,measured,,,,
opt-125m,2048,C,int,128,bytes_total,8,4,_gpuv,cuda,NVIDIA L40S,NVIDIA L40S (GPU client) + AMD EPYC 9334 32-Core Processor x8 threads,12,125199360,732533120.0,measured,,,,
opt-125m,2048,C,int,128,fs_hash,8,4,,cuda,NVIDIA L40S,AMD EPYC 9334 32-Core Processor x8 threads,12,125199360,1.7695128917694092e-06,measured,,,,
opt-125m,2048,C,int,128,fs_hash,8,4,_gpuv,cuda,NVIDIA L40S,NVIDIA L40S (GPU client) + AMD EPYC 9334 32-Core Processor x8 threads,12,125199360,1.341104507446289e-06,measured,,,,
opt-125m,2048,C,int,128,prove_fold,8,4,,cuda,NVIDIA L40S,AMD EPYC 9334 32-Core Processor x8 threads,12,125199360,0.04730495437979698,measured,,,,
opt-125m,2048,C,int,128,prove_fold,8,4,_gpuv,cuda,NVIDIA L40S,NVIDIA L40S (GPU client) + AMD EPYC 9334 32-Core Processor x8 threads,12,125199360,0.04128215089440346,measured,,,,
opt-125m,2048,C,int,128,prove_forward,8,4,,cuda,NVIDIA L40S,AMD EPYC 9334 32-Core Processor x8 threads,12,125199360,0.9114172458648682,measured,,,,
opt-125m,2048,C,int,128,prove_forward,8,4,_gpuv,cuda,NVIDIA L40S,NVIDIA L40S (GPU client) + AMD EPYC 9334 32-Core Processor x8 threads,12,125199360,0.5017601698637009,measured,,,,
opt-125m,2048,C,int,128,prove_open,8,4,,cuda,NVIDIA L40S,AMD EPYC 9334 32-Core Processor x8 threads,12,125199360,0.09969829395413399,measured,,,,
opt-125m,2048,C,int,128,prove_open,8,4,_gpuv,cuda,NVIDIA L40S,NVIDIA L40S (GPU client) + AMD EPYC 9334 32-Core Processor x8 threads,12,125199360,0.0866142176091671,measured,,,,
opt-125m,2048,C,int,128,verify_columns,8,4,,cuda,NVIDIA L40S,AMD EPYC 9334 32-Core Processor x8 threads,12,125199360,0.35770540311932564,measured,,,,
opt-125m,2048,C,int,128,verify_columns,8,4,_gpuv,cuda,NVIDIA L40S,NVIDIA L40S (GPU client) + AMD EPYC 9334 32-Core Processor x8 threads,12,125199360,0.3101486563682556,measured,,,,
opt-125m,2048,C,int,128,verify_derive,8,4,,cuda,NVIDIA L40S,AMD EPYC 9334 32-Core Processor x8 threads,12,125199360,12.773888588882983,measured,,,,
opt-125m,2048,C,int,128,verify_derive,8,4,_gpuv,cuda,NVIDIA L40S,NVIDIA L40S (GPU client) + AMD EPYC 9334 32-Core Processor x8 threads,12,125199360,0.2702949531376362,measured,,,,
opt-125m,2048,C,int,128,verify_fold,8,4,,cuda,NVIDIA L40S,AMD EPYC 9334 32-Core Processor x8 threads,12,125199360,0.0,measured,,,,
opt-125m,2048,C,int,128,verify_fold,8,4,_gpuv,cuda,NVIDIA L40S,NVIDIA L40S (GPU client) + AMD EPYC 9334 32-Core Processor x8 threads,12,125199360,0.0,measured,,,,
opt-125m,2048,C,int,128,verify_products,8,4,,cuda,NVIDIA L40S,AMD EPYC 9334 32-Core Processor x8 threads,12,125199360,1.092393008992076,measured,,,,
opt-125m,2048,C,int,128,verify_products,8,4,_gpuv,cuda,NVIDIA L40S,NVIDIA L40S (GPU client) + AMD EPYC 9334 32-Core Processor x8 threads,12,125199360,0.04939677566289902,measured,,,,
opt-125m,2048,C,int,128,verify_upload,8,4,_gpuv,cuda,NVIDIA L40S,NVIDIA L40S (GPU client) + AMD EPYC 9334 32-Core Processor x8 threads,12,125199360,0.06161295250058174,measured,,,,
opt-125m,2048,C,int,40,bytes_total,8,4,,cuda,NVIDIA L40S,AMD EPYC 9334 32-Core Processor x8 threads,12,125199360,706690176.0,measured,,,,
opt-125m,2048,C,int,40,fs_hash,8,4,,cuda,NVIDIA L40S,AMD EPYC 9334 32-Core Processor x8 threads,12,125199360,1.150183379650116e-06,measured,,,,
opt-125m,2048,C,int,40,prove_fold,8,4,,cuda,NVIDIA L40S,AMD EPYC 9334 32-Core Processor x8 threads,12,125199360,0.04566424898803234,measured,,,,
opt-125m,2048,C,int,40,prove_forward,8,4,,cuda,NVIDIA L40S,AMD EPYC 9334 32-Core Processor x8 threads,12,125199360,0.9170467108488083,measured,,,,
opt-125m,2048,C,int,40,prove_open,8,4,,cuda,NVIDIA L40S,AMD EPYC 9334 32-Core Processor x8 threads,12,125199360,0.06288146506994963,measured,,,,
opt-125m,2048,C,int,40,verify_columns,8,4,,cuda,NVIDIA L40S,AMD EPYC 9334 32-Core Processor x8 threads,12,125199360,0.2054330362007022,measured,,,,
opt-125m,2048,C,int,40,verify_derive,8,4,,cuda,NVIDIA L40S,AMD EPYC 9334 32-Core Processor x8 threads,12,125199360,12.623831978999078,measured,,,,
opt-125m,2048,C,int,40,verify_fold,8,4,,cuda,NVIDIA L40S,AMD EPYC 9334 32-Core Processor x8 threads,12,125199360,0.0,measured,,,,
opt-125m,2048,C,int,40,verify_products,8,4,,cuda,NVIDIA L40S,AMD EPYC 9334 32-Core Processor x8 threads,12,125199360,1.1163021437823772,measured,,,,
opt-125m,2048,Kpre,int,128,bytes_total,8,4,,cuda,NVIDIA L40S,AMD EPYC 9334 32-Core Processor x8 threads,12,125199360,692261248.0,measured,,,,
opt-125m,2048,Kpre,int,128,bytes_total,8,4,_gpuv,cuda,NVIDIA L40S,NVIDIA L40S (GPU client) + AMD EPYC 9334 32-Core Processor x8 threads,12,125199360,692261248.0,measured,,,,
opt-125m,2048,Kpre,int,128,fs_hash,8,4,,cuda,NVIDIA L40S,AMD EPYC 9334 32-Core Processor x8 threads,12,125199360,1.0794028639793396e-06,measured,,,,
opt-125m,2048,Kpre,int,128,fs_hash,8,4,_gpuv,cuda,NVIDIA L40S,NVIDIA L40S (GPU client) + AMD EPYC 9334 32-Core Processor x8 threads,12,125199360,1.5832483768463135e-06,measured,,,,
opt-125m,2048,Kpre,int,128,prove_fold,8,4,,cuda,NVIDIA L40S,AMD EPYC 9334 32-Core Processor x8 threads,12,125199360,0.0,measured,,,,
opt-125m,2048,Kpre,int,128,prove_fold,8,4,_gpuv,cuda,NVIDIA L40S,NVIDIA L40S (GPU client) + AMD EPYC 9334 32-Core Processor x8 threads,12,125199360,0.0,measured,,,,
opt-125m,2048,Kpre,int,128,prove_forward,8,4,,cuda,NVIDIA L40S,AMD EPYC 9334 32-Core Processor x8 threads,12,125199360,0.5934934141114354,measured,,,,
opt-125m,2048,Kpre,int,128,prove_forward,8,4,_gpuv,cuda,NVIDIA L40S,NVIDIA L40S (GPU client) + AMD EPYC 9334 32-Core Processor x8 threads,12,125199360,0.504512645304203,measured,,,,
opt-125m,2048,Kpre,int,128,verify_derive,8,4,,cuda,NVIDIA L40S,AMD EPYC 9334 32-Core Processor x8 threads,12,125199360,11.783103737048805,measured,,,,
opt-125m,2048,Kpre,int,128,verify_derive,8,4,_gpuv,cuda,NVIDIA L40S,NVIDIA L40S (GPU client) + AMD EPYC 9334 32-Core Processor x8 threads,12,125199360,0.27023162320256233,measured,,,,
opt-125m,2048,Kpre,int,128,verify_fold,8,4,,cuda,NVIDIA L40S,AMD EPYC 9334 32-Core Processor x8 threads,12,125199360,0.0,measured,,,,
opt-125m,2048,Kpre,int,128,verify_fold,8,4,_gpuv,cuda,NVIDIA L40S,NVIDIA L40S (GPU client) + AMD EPYC 9334 32-Core Processor x8 threads,12,125199360,0.0,measured,,,,
opt-125m,2048,Kpre,int,128,verify_products,8,4,,cuda,NVIDIA L40S,AMD EPYC 9334 32-Core Processor x8 threads,12,125199360,0.9426084123551846,measured,,,,
opt-125m,2048,Kpre,int,128,verify_products,8,4,_gpuv,cuda,NVIDIA L40S,NVIDIA L40S (GPU client) + AMD EPYC 9334 32-Core Processor x8 threads,12,125199360,0.049204833805561066,measured,,,,
opt-125m,2048,Kpre,int,128,verify_upload,8,4,_gpuv,cuda,NVIDIA L40S,NVIDIA L40S (GPU client) + AMD EPYC 9334 32-Core Processor x8 threads,12,125199360,0.05982603132724762,measured,,,,
opt-125m,2048,Kpre,int,40,bytes_total,8,4,,cuda,NVIDIA L40S,AMD EPYC 9334 32-Core Processor x8 threads,12,125199360,692261248.0,measured,,,,
opt-125m,2048,Kpre,int,40,fs_hash,8,4,,cuda,NVIDIA L40S,AMD EPYC 9334 32-Core Processor x8 threads,12,125199360,1.0300427675247192e-06,measured,,,,
opt-125m,2048,Kpre,int,40,prove_fold,8,4,,cuda,NVIDIA L40S,AMD EPYC 9334 32-Core Processor x8 threads,12,125199360,0.0,measured,,,,
opt-125m,2048,Kpre,int,40,prove_forward,8,4,,cuda,NVIDIA L40S,AMD EPYC 9334 32-Core Processor x8 threads,12,125199360,0.9364819368347526,measured,,,,
opt-125m,2048,Kpre,int,40,verify_derive,8,4,,cuda,NVIDIA L40S,AMD EPYC 9334 32-Core Processor x8 threads,12,125199360,12.451617340557277,measured,,,,
opt-125m,2048,Kpre,int,40,verify_fold,8,4,,cuda,NVIDIA L40S,AMD EPYC 9334 32-Core Processor x8 threads,12,125199360,0.0,measured,,,,
opt-125m,2048,Kpre,int,40,verify_products,8,4,,cuda,NVIDIA L40S,AMD EPYC 9334 32-Core Processor x8 threads,12,125199360,0.9412630563601851,measured,,,,
opt-125m,64,C,int,128,bytes_total,8,4,,cuda,NVIDIA L40S,AMD EPYC 9334 32-Core Processor x8 threads,12,125199360,62100192.0,measured,,,,
opt-125m,64,C,int,128,fs_hash,8,4,,cuda,NVIDIA L40S,AMD EPYC 9334 32-Core Processor x8 threads,12,125199360,6.100162863731384e-07,measured,,,,
opt-125m,64,C,int,128,prove_fold,8,4,,cuda,NVIDIA L40S,AMD EPYC 9334 32-Core Processor x8 threads,12,125199360,0.04265385586768389,measured,,,,
opt-125m,64,C,int,128,prove_forward,8,4,,cuda,NVIDIA L40S,AMD EPYC 9334 32-Core Processor x8 threads,12,125199360,0.02603531163185835,measured,,,,
opt-125m,64,C,int,128,prove_open,8,4,,cuda,NVIDIA L40S,AMD EPYC 9334 32-Core Processor x8 threads,12,125199360,0.09713160060346127,measured,,,,
opt-125m,64,C,int,128,verify_columns,8,4,,cuda,NVIDIA L40S,AMD EPYC 9334 32-Core Processor x8 threads,12,125199360,0.35408622678369284,measured,,,,
opt-125m,64,C,int,128,verify_derive,8,4,,cuda,NVIDIA L40S,AMD EPYC 9334 32-Core Processor x8 threads,12,125199360,0.06386928353458643,measured,,,,
opt-125m,64,C,int,128,verify_fold,8,4,,cuda,NVIDIA L40S,AMD EPYC 9334 32-Core Processor x8 threads,12,125199360,0.0,measured,,,,
opt-125m,64,C,int,128,verify_products,8,4,,cuda,NVIDIA L40S,AMD EPYC 9334 32-Core Processor x8 threads,12,125199360,0.10855972953140736,measured,,,,
opt-125m,64,C,int,40,bytes_total,8,4,,cuda,NVIDIA L40S,AMD EPYC 9334 32-Core Processor x8 threads,12,125199360,36255136.0,measured,,,,
opt-125m,64,C,int,40,fs_hash,8,4,,cuda,NVIDIA L40S,AMD EPYC 9334 32-Core Processor x8 threads,12,125199360,7.199123501777649e-07,measured,,,,
opt-125m,64,C,int,40,prove_fold,8,4,,cuda,NVIDIA L40S,AMD EPYC 9334 32-Core Processor x8 threads,12,125199360,0.041821944527328014,measured,,,,
opt-125m,64,C,int,40,prove_forward,8,4,,cuda,NVIDIA L40S,AMD EPYC 9334 32-Core Processor x8 threads,12,125199360,0.02718273177742958,measured,,,,
opt-125m,64,C,int,40,prove_open,8,4,,cuda,NVIDIA L40S,AMD EPYC 9334 32-Core Processor x8 threads,12,125199360,0.039649142883718014,measured,,,,
opt-125m,64,C,int,40,verify_columns,8,4,,cuda,NVIDIA L40S,AMD EPYC 9334 32-Core Processor x8 threads,12,125199360,0.24825925659388304,measured,,,,
opt-125m,64,C,int,40,verify_derive,8,4,,cuda,NVIDIA L40S,AMD EPYC 9334 32-Core Processor x8 threads,12,125199360,0.06552121508866549,measured,,,,
opt-125m,64,C,int,40,verify_fold,8,4,,cuda,NVIDIA L40S,AMD EPYC 9334 32-Core Processor x8 threads,12,125199360,0.0,measured,,,,
opt-125m,64,C,int,40,verify_products,8,4,,cuda,NVIDIA L40S,AMD EPYC 9334 32-Core Processor x8 threads,12,125199360,0.10831314977258444,measured,,,,
opt-125m,64,Kpre,int,128,bytes_total,8,4,,cuda,NVIDIA L40S,AMD EPYC 9334 32-Core Processor x8 threads,12,125199360,21827968.0,measured,,,,
opt-125m,64,Kpre,int,128,fs_hash,8,4,,cuda,NVIDIA L40S,AMD EPYC 9334 32-Core Processor x8 threads,12,125199360,5.895271897315979e-07,measured,,,,
opt-125m,64,Kpre,int,128,prove_fold,8,4,,cuda,NVIDIA L40S,AMD EPYC 9334 32-Core Processor x8 threads,12,125199360,0.0,measured,,,,
opt-125m,64,Kpre,int,128,prove_forward,8,4,,cuda,NVIDIA L40S,AMD EPYC 9334 32-Core Processor x8 threads,12,125199360,0.026343312114477158,measured,,,,
opt-125m,64,Kpre,int,128,verify_derive,8,4,,cuda,NVIDIA L40S,AMD EPYC 9334 32-Core Processor x8 threads,12,125199360,0.06624885648488998,measured,,,,
opt-125m,64,Kpre,int,128,verify_fold,8,4,,cuda,NVIDIA L40S,AMD EPYC 9334 32-Core Processor x8 threads,12,125199360,0.0,measured,,,,
opt-125m,64,Kpre,int,128,verify_products,8,4,,cuda,NVIDIA L40S,AMD EPYC 9334 32-Core Processor x8 threads,12,125199360,0.11485146638005972,measured,,,,
opt-125m,64,Kpre,int,40,bytes_total,8,4,,cuda,NVIDIA L40S,AMD EPYC 9334 32-Core Processor x8 threads,12,125199360,21827968.0,measured,,,,
opt-125m,64,Kpre,int,40,fs_hash,8,4,,cuda,NVIDIA L40S,AMD EPYC 9334 32-Core Processor x8 threads,12,125199360,5.802139639854431e-07,measured,,,,
opt-125m,64,Kpre,int,40,prove_fold,8,4,,cuda,NVIDIA L40S,AMD EPYC 9334 32-Core Processor x8 threads,12,125199360,0.0,measured,,,,
opt-125m,64,Kpre,int,40,prove_forward,8,4,,cuda,NVIDIA L40S,AMD EPYC 9334 32-Core Processor x8 threads,12,125199360,0.025973632000386715,measured,,,,
opt-125m,64,Kpre,int,40,verify_derive,8,4,,cuda,NVIDIA L40S,AMD EPYC 9334 32-Core Processor x8 threads,12,125199360,0.06002491060644388,measured,,,,
opt-125m,64,Kpre,int,40,verify_fold,8,4,,cuda,NVIDIA L40S,AMD EPYC 9334 32-Core Processor x8 threads,12,125199360,0.0,measured,,,,
opt-125m,64,Kpre,int,40,verify_products,8,4,,cuda,NVIDIA L40S,AMD EPYC 9334 32-Core Processor x8 threads,12,125199360,0.10035322234034538,measured,,,,
opt-13b,2048,C,int,128,bytes_total,8,4,,cuda,NVIDIA L40S,AMD EPYC 9334 32-Core Processor x8 threads,40,12852633600,15751510720.0,measured,,493231672.0,884468912.0,15751484032.0
opt-13b,2048,C,int,128,fs_hash,8,4,,cuda,NVIDIA L40S,AMD EPYC 9334 32-Core Processor x8 threads,40,12852633600,3.890134394168854e-06,measured,,9.192153811454773e-07,8.195638656616211e-07,-2.9671937227249146e-06
opt-13b,2048,C,int,128,prove_fold,8,4,,cuda,NVIDIA L40S,AMD EPYC 9334 32-Core Processor x8 threads,40,12852633600,1.6100262077525258,measured,,0.08401910122483969,0.12274187617003918,1.5942073240876198
opt-13b,2048,C,int,128,prove_forward,8,4,,cuda,NVIDIA L40S,AMD EPYC 9334 32-Core Processor x8 threads,40,12852633600,20.29138773214072,measured,,0.5811531422659755,1.1071941535919905,21.09675258398056
opt-13b,2048,C,int,128,prove_open,8,4,,cuda,NVIDIA L40S,AMD EPYC 9334 32-Core Processor x8 threads,40,12852633600,3.021321184001863,measured,,0.15658801794052124,0.22302707377821207,2.7477111956104636
opt-13b,2048,C,int,128,verify_columns,8,4,,cuda,NVIDIA L40S,AMD EPYC 9334 32-Core Processor x8 threads,40,12852633600,4.25532061047852,measured,,0.23218281008303165,0.2607826041057706,1.34757477696985
opt-13b,2048,C,int,128,verify_derive,8,4,,cuda,NVIDIA L40S,AMD EPYC 9334 32-Core Processor x8 threads,40,12852633600,166.43041857611388,measured,,4.644840677268803,7.91744237113744,132.27630673814565
opt-13b,2048,C,int,128,verify_fold,8,4,,cuda,NVIDIA L40S,AMD EPYC 9334 32-Core Processor x8 threads,40,12852633600,0.0,measured,,0.0,0.0,0.0
opt-13b,2048,C,int,128,verify_products,8,4,,cuda,NVIDIA L40S,AMD EPYC 9334 32-Core Processor x8 threads,40,12852633600,31.056628359481692,measured,,0.8332221582531929,1.2402289481833577,16.70648696552962
opt-13b,2048,Kpre,int,128,bytes_total,8,4,,cuda,NVIDIA L40S,AMD EPYC 9334 32-Core Processor x8 threads,40,12852633600,15183581568.0,measured,,461574528.0,839061888.0,15183581568.0
opt-13b,2048,Kpre,int,128,fs_hash,8,4,,cuda,NVIDIA L40S,AMD EPYC 9334 32-Core Processor x8 threads,40,12852633600,3.0705705285072327e-06,measured,,2.4605542421340942e-06,3.1795352697372437e-06,3.050081431865692e-05
opt-13b,2048,Kpre,int,128,prove_fold,8,4,,cuda,NVIDIA L40S,AMD EPYC 9334 32-Core Processor x8 threads,40,12852633600,0.0,measured,,0.0,0.0,0.0
opt-13b,2048,Kpre,int,128,prove_forward,8,4,,cuda,NVIDIA L40S,AMD EPYC 9334 32-Core Processor x8 threads,40,12852633600,20.73400394245982,measured,,0.5848744148388505,1.1750338627025485,23.601092881523073
opt-13b,2048,Kpre,int,128,verify_derive,8,4,,cuda,NVIDIA L40S,AMD EPYC 9334 32-Core Processor x8 threads,40,12852633600,171.29509184416384,measured,,4.473980809561908,8.697346105240285,169.18522734101862
opt-13b,2048,Kpre,int,128,verify_fold,8,4,,cuda,NVIDIA L40S,AMD EPYC 9334 32-Core Processor x8 threads,40,12852633600,0.0,measured,,0.0,0.0,0.0
opt-13b,2048,Kpre,int,128,verify_products,8,4,,cuda,NVIDIA L40S,AMD EPYC 9334 32-Core Processor x8 threads,40,12852633600,31.846087094396353,measured,,0.8366702124476433,1.6486657476052642,32.50449608359486
opt-2.7b,2048,C,int,128,bytes_total,8,4,,cuda,NVIDIA L40S,AMD EPYC 9334 32-Core Processor x8 threads,32,2651258880,6319739104.0,measured,,254244184.0,449905776.0,6319753536.0
opt-2.7b,2048,C,int,128,fs_hash,8,4,,cuda,NVIDIA L40S,AMD EPYC 9334 32-Core Processor x8 threads,32,2651258880,2.779066562652588e-06,measured,,1.2740492820739746e-06,8.866190910339355e-07,-1.0736286640167236e-05
opt-2.7b,2048,C,int,128,prove_fold,8,4,,cuda,NVIDIA L40S,AMD EPYC 9334 32-Core Processor x8 threads,32,2651258880,0.4241299070417881,measured,,0.030695859342813492,0.04322190582752228,0.41900330036878586
opt-2.7b,2048,C,int,128,prove_forward,8,4,,cuda,NVIDIA L40S,AMD EPYC 9334 32-Core Processor x8 threads,32,2651258880,9.025713551789522,measured,,0.10890249907970428,0.2113308347761631,3.2841809056699276
opt-2.7b,2048,C,int,128,prove_open,8,4,,cuda,NVIDIA L40S,AMD EPYC 9334 32-Core Processor x8 threads,32,2651258880,0.9070467837154865,measured,,0.07181663438677788,0.0934392400085926,0.7421174086630344
opt-2.7b,2048,C,int,128,verify_columns,8,4,,cuda,NVIDIA L40S,AMD EPYC 9334 32-Core Processor x8 threads,32,2651258880,2.0597725734114647,measured,,0.17678920179605484,0.2256387285888195,1.6911245323717594
opt-2.7b,2048,C,int,128,verify_derive,8,4,,cuda,NVIDIA L40S,AMD EPYC 9334 32-Core Processor x8 threads,32,2651258880,115.75236439332366,measured,,0.9956471659243107,4.157888416200876,99.02512592449784
opt-2.7b,2048,C,int,128,verify_fold,8,4,,cuda,NVIDIA L40S,AMD EPYC 9334 32-Core Processor x8 threads,32,2651258880,0.0,measured,,0.0,0.0,0.0
opt-2.7b,2048,C,int,128,verify_products,8,4,,cuda,NVIDIA L40S,AMD EPYC 9334 32-Core Processor x8 threads,32,2651258880,13.368681475520134,measured,,0.2873675487935543,0.5733024924993515,9.151350803673267
opt-2.7b,2048,Kpre,int,128,bytes_total,8,4,,cuda,NVIDIA L40S,AMD EPYC 9334 32-Core Processor x8 threads,32,2651258880,6081941888.0,measured,,230887808.0,419631488.0,6081941888.0
opt-2.7b,2048,Kpre,int,128,fs_hash,8,4,,cuda,NVIDIA L40S,AMD EPYC 9334 32-Core Processor x8 threads,32,2651258880,1.4193356037139893e-06,measured,,9.499490261077881e-07,9.313225746154785e-07,3.725290298461914e-07
opt-2.7b,2048,Kpre,int,128,prove_fold,8,4,,cuda,NVIDIA L40S,AMD EPYC 9334 32-Core Processor x8 threads,32,2651258880,0.0,measured,,0.0,0.0,0.0
opt-2.7b,2048,Kpre,int,128,prove_forward,8,4,,cuda,NVIDIA L40S,AMD EPYC 9334 32-Core Processor x8 threads,32,2651258880,9.538906838744879,measured,,0.10865848511457443,0.2521176338195801,4.5558920949697495
opt-2.7b,2048,Kpre,int,128,verify_derive,8,4,,cuda,NVIDIA L40S,AMD EPYC 9334 32-Core Processor x8 threads,32,2651258880,117.02098348364234,measured,,1.0308013148605824,4.653115600347519,113.32254416495562
opt-2.7b,2048,Kpre,int,128,verify_fold,8,4,,cuda,NVIDIA L40S,AMD EPYC 9334 32-Core Processor x8 threads,32,2651258880,0.0,measured,,0.0,0.0,0.0
opt-2.7b,2048,Kpre,int,128,verify_products,8,4,,cuda,NVIDIA L40S,AMD EPYC 9334 32-Core Processor x8 threads,32,2651258880,14.494444243609905,measured,,0.2874341420829296,0.6256498247385025,10.77212030440569
opt-2.7b,64,C,int,128,bytes_total,8,4,,cuda,NVIDIA L40S,AMD EPYC 9334 32-Core Processor x8 threads,32,2651258880,428058400.0,measured,,30766424.0,43583088.0,428083008.0
opt-2.7b,64,C,int,128,fs_hash,8,4,,cuda,NVIDIA L40S,AMD EPYC 9334 32-Core Processor x8 threads,32,2651258880,9.685754776000977e-07,measured,,4.805624485015869e-07,6.556510925292969e-07,5.908310413360596e-06
opt-2.7b,64,C,int,128,prove_fold,8,4,,cuda,NVIDIA L40S,AMD EPYC 9334 32-Core Processor x8 threads,32,2651258880,0.41379132866859436,measured,,0.030372779816389084,0.04290122911334038,0.4187547080218792
opt-2.7b,64,C,int,128,prove_forward,8,4,,cuda,NVIDIA L40S,AMD EPYC 9334 32-Core Processor x8 threads,32,2651258880,0.11483945325016975,measured,,0.006180770695209503,0.009828049689531326,0.11924641951918602
opt-2.7b,64,C,int,128,prove_open,8,4,,cuda,NVIDIA L40S,AMD EPYC 9334 32-Core Processor x8 threads,32,2651258880,0.8851939365267754,measured,,0.1367671638727188,0.10590889677405357,-0.8198391161859035
opt-2.7b,64,C,int,128,verify_columns,8,4,,cuda,NVIDIA L40S,AMD EPYC 9334 32-Core Processor x8 threads,32,2651258880,1.845852341502905,measured,,0.1979074962437153,0.25593291595578194,1.9966955073177814
opt-2.7b,64,C,int,128,verify_derive,8,4,,cuda,NVIDIA L40S,AMD EPYC 9334 32-Core Processor x8 threads,32,2651258880,0.2559196576476097,measured,,0.009491510689258575,0.013650692999362946,0.13842616230249405
opt-2.7b,64,C,int,128,verify_fold,8,4,,cuda,NVIDIA L40S,AMD EPYC 9334 32-Core Processor x8 threads,32,2651258880,0.0,measured,,0.0,0.0,0.0
opt-2.7b,64,C,int,128,verify_products,8,4,,cuda,NVIDIA L40S,AMD EPYC 9334 32-Core Processor x8 threads,32,2651258880,0.7677886113524437,measured,,0.03569037839770317,0.05459985136985779,0.6218840405344963
opt-2.7b,64,Kpre,int,128,bytes_total,8,4,,cuda,NVIDIA L40S,AMD EPYC 9334 32-Core Processor x8 threads,32,2651258880,190255488.0,measured,,7410048.0,13308288.0,190255488.0
opt-2.7b,64,Kpre,int,128,fs_hash,8,4,,cuda,NVIDIA L40S,AMD EPYC 9334 32-Core Processor x8 threads,32,2651258880,1.0021030902862549e-06,measured,,4.6193599700927734e-07,6.593763828277588e-07,6.582587957382202e-06
opt-2.7b,64,Kpre,int,128,prove_fold,8,4,,cuda,NVIDIA L40S,AMD EPYC 9334 32-Core Processor x8 threads,32,2651258880,0.0,measured,,0.0,0.0,0.0
opt-2.7b,64,Kpre,int,128,prove_forward,8,4,,cuda,NVIDIA L40S,AMD EPYC 9334 32-Core Processor x8 threads,32,2651258880,0.11405983567237854,measured,,0.005930501967668533,0.010381728410720825,0.14391852170228958
opt-2.7b,64,Kpre,int,128,verify_derive,8,4,,cuda,NVIDIA L40S,AMD EPYC 9334 32-Core Processor x8 threads,32,2651258880,0.2700335867702961,measured,,0.00981864333152771,0.018568966537714005,0.28107866272330284
opt-2.7b,64,Kpre,int,128,verify_fold,8,4,,cuda,NVIDIA L40S,AMD EPYC 9334 32-Core Processor x8 threads,32,2651258880,0.0,measured,,0.0,0.0,0.0
opt-2.7b,64,Kpre,int,128,verify_products,8,4,,cuda,NVIDIA L40S,AMD EPYC 9334 32-Core Processor x8 threads,32,2651258880,0.8321996778249741,measured,,0.030850019305944443,0.0652366429567337,1.0968353524804115
opt-30b,2048,C,int,128,bytes_total,8,4,,cuda,NVIDIA L40S,AMD EPYC 9334 32-Core Processor x8 threads,48,29973135360,26425739296.0,extrapolated_from_1_and_2_blocks,,684407432.0,1232095344.0,
opt-30b,2048,C,int,128,fs_hash,8,4,,cuda,NVIDIA L40S,AMD EPYC 9334 32-Core Processor x8 threads,48,29973135360,-0.000294417142868042,extrapolated_from_1_and_2_blocks,,7.5232237577438354e-06,1.0989606380462646e-06,
opt-30b,2048,C,int,128,prove_fold,8,4,,cuda,NVIDIA L40S,AMD EPYC 9334 32-Core Processor x8 threads,48,29973135360,2.8754720855504274,extrapolated_from_1_and_2_blocks,,0.1139662005007267,0.1727216448634863,
opt-30b,2048,C,int,128,prove_forward,8,4,,cuda,NVIDIA L40S,AMD EPYC 9334 32-Core Processor x8 threads,48,29973135360,40.41062265820801,extrapolated_from_1_and_2_blocks,,0.9628495685756207,1.802163889631629,
opt-30b,2048,C,int,128,prove_open,8,4,,cuda,NVIDIA L40S,AMD EPYC 9334 32-Core Processor x8 threads,48,29973135360,5.583866901695728,extrapolated_from_1_and_2_blocks,,0.24468612670898438,0.35828571766614914,
opt-30b,2048,C,int,128,verify_columns,8,4,,cuda,NVIDIA L40S,AMD EPYC 9334 32-Core Processor x8 threads,48,29973135360,6.531115122139454,extrapolated_from_1_and_2_blocks,,0.24475634656846523,0.37850866094231606,
opt-30b,2048,C,int,128,verify_derive,8,4,,cuda,NVIDIA L40S,AMD EPYC 9334 32-Core Processor x8 threads,48,29973135360,338.6423488240689,extrapolated_from_1_and_2_blocks,,7.421590646728873,14.468840820714831,
opt-30b,2048,C,int,128,verify_fold,8,4,,cuda,NVIDIA L40S,AMD EPYC 9334 32-Core Processor x8 threads,48,29973135360,0.0,extrapolated_from_1_and_2_blocks,,0.0,0.0,
opt-30b,2048,C,int,128,verify_products,8,4,,cuda,NVIDIA L40S,AMD EPYC 9334 32-Core Processor x8 threads,48,29973135360,52.82630221173167,extrapolated_from_1_and_2_blocks,,1.1616334542632103,2.2608817256987095,
opt-30b,2048,Kpre,int,128,bytes_total,8,4,,cuda,NVIDIA L40S,AMD EPYC 9334 32-Core Processor x8 threads,48,29973135360,25484792192.0,extrapolated_from_1_and_2_blocks,,646123904.0,1174606208.0,
opt-30b,2048,Kpre,int,128,fs_hash,8,4,,cuda,NVIDIA L40S,AMD EPYC 9334 32-Core Processor x8 threads,48,29973135360,6.40377402305603e-06,extrapolated_from_1_and_2_blocks,,1.1511147022247314e-06,1.2628734111785889e-06,
opt-30b,2048,Kpre,int,128,prove_fold,8,4,,cuda,NVIDIA L40S,AMD EPYC 9334 32-Core Processor x8 threads,48,29973135360,0.0,extrapolated_from_1_and_2_blocks,,0.0,0.0,
opt-30b,2048,Kpre,int,128,prove_forward,8,4,,cuda,NVIDIA L40S,AMD EPYC 9334 32-Core Processor x8 threads,48,29973135360,40.00155763141811,extrapolated_from_1_and_2_blocks,,0.9664495661854744,1.7969837803393602,
opt-30b,2048,Kpre,int,128,verify_derive,8,4,,cuda,NVIDIA L40S,AMD EPYC 9334 32-Core Processor x8 threads,48,29973135360,378.0653341021389,extrapolated_from_1_and_2_blocks,,7.993712764233351,15.867577048018575,
opt-30b,2048,Kpre,int,128,verify_fold,8,4,,cuda,NVIDIA L40S,AMD EPYC 9334 32-Core Processor x8 threads,48,29973135360,0.0,extrapolated_from_1_and_2_blocks,,0.0,0.0,
opt-30b,2048,Kpre,int,128,verify_products,8,4,,cuda,NVIDIA L40S,AMD EPYC 9334 32-Core Processor x8 threads,48,29973135360,69.99904000945389,extrapolated_from_1_and_2_blocks,,1.1229560170322657,2.5884046126157045,
opt-30b,64,C,int,128,bytes_total,8,4,,cuda,NVIDIA L40S,AMD EPYC 9334 32-Core Processor x8 threads,48,29973135360,1737578640.0,extrapolated_from_1_and_2_blocks,,58670584.0,94392032.0,
opt-30b,64,C,int,128,fs_hash,8,4,,cuda,NVIDIA L40S,AMD EPYC 9334 32-Core Processor x8 threads,48,29973135360,-1.263245940208435e-05,extrapolated_from_1_and_2_blocks,,1.0244548320770264e-06,7.338821887969971e-07,
opt-30b,64,C,int,128,prove_fold,8,4,,cuda,NVIDIA L40S,AMD EPYC 9334 32-Core Processor x8 threads,48,29973135360,2.8783238120377064,extrapolated_from_1_and_2_blocks,,0.11415255255997181,0.17296470701694489,
opt-30b,64,C,int,128,prove_forward,8,4,,cuda,NVIDIA L40S,AMD EPYC 9334 32-Core Processor x8 threads,48,29973135360,0.690717238932848,extrapolated_from_1_and_2_blocks,,0.01701483130455017,0.031348925083875656,
opt-30b,64,C,int,128,prove_open,8,4,,cuda,NVIDIA L40S,AMD EPYC 9334 32-Core Processor x8 threads,48,29973135360,6.791678819805384,extrapolated_from_1_and_2_blocks,,0.2415896225720644,0.38095322251319885,
opt-30b,64,C,int,128,verify_columns,8,4,,cuda,NVIDIA L40S,AMD EPYC 9334 32-Core Processor x8 threads,48,29973135360,8.100059369578958,extrapolated_from_1_and_2_blocks,,0.2754452172666788,0.4419263694435358,
opt-30b,64,C,int,128,verify_derive,8,4,,cuda,NVIDIA L40S,AMD EPYC 9334 32-Core Processor x8 threads,48,29973135360,0.9905430749058723,extrapolated_from_1_and_2_blocks,,0.011784423142671585,0.03260907530784607,
opt-30b,64,C,int,128,verify_fold,8,4,,cuda,NVIDIA L40S,AMD EPYC 9334 32-Core Processor x8 threads,48,29973135360,0.0,extrapolated_from_1_and_2_blocks,,0.0,0.0,
opt-30b,64,C,int,128,verify_products,8,4,,cuda,NVIDIA L40S,AMD EPYC 9334 32-Core Processor x8 threads,48,29973135360,3.5495322663336992,extrapolated_from_1_and_2_blocks,,0.06994154118001461,0.14397538639605045,
opt-30b,64,Kpre,int,128,bytes_total,8,4,,cuda,NVIDIA L40S,AMD EPYC 9334 32-Core Processor x8 threads,48,29973135360,796594560.0,extrapolated_from_1_and_2_blocks,,20386176.0,36901248.0,
opt-30b,64,Kpre,int,128,fs_hash,8,4,,cuda,NVIDIA L40S,AMD EPYC 9334 32-Core Processor x8 threads,48,29973135360,-9.870156645774841e-06,extrapolated_from_1_and_2_blocks,,1.0728836059570312e-06,8.400529623031616e-07,
opt-30b,64,Kpre,int,128,prove_fold,8,4,,cuda,NVIDIA L40S,AMD EPYC 9334 32-Core Processor x8 threads,48,29973135360,0.0,extrapolated_from_1_and_2_blocks,,0.0,0.0,
opt-30b,64,Kpre,int,128,prove_forward,8,4,,cuda,NVIDIA L40S,AMD EPYC 9334 32-Core Processor x8 threads,48,29973135360,0.8622135482728481,extrapolated_from_1_and_2_blocks,,0.016898268833756447,0.03488370031118393,
opt-30b,64,Kpre,int,128,verify_derive,8,4,,cuda,NVIDIA L40S,AMD EPYC 9334 32-Core Processor x8 threads,48,29973135360,0.857321685180068,extrapolated_from_1_and_2_blocks,,0.01303916610777378,0.031002623960375786,
opt-30b,64,Kpre,int,128,verify_fold,8,4,,cuda,NVIDIA L40S,AMD EPYC 9334 32-Core Processor x8 threads,48,29973135360,0.0,extrapolated_from_1_and_2_blocks,,0.0,0.0,
opt-30b,64,Kpre,int,128,verify_products,8,4,,cuda,NVIDIA L40S,AMD EPYC 9334 32-Core Processor x8 threads,48,29973135360,3.497605539858341,extrapolated_from_1_and_2_blocks,,0.07168823853135109,0.14458009600639343,
opt-350m,2048,C,int,128,bytes_total,8,4,,cuda,NVIDIA L40S,AMD EPYC 9334 32-Core Processor x8 threads,24,331096064,1916485856.0,measured,,,,
opt-350m,2048,C,int,128,fs_hash,8,4,,cuda,NVIDIA L40S,AMD EPYC 9334 32-Core Processor x8 threads,24,331096064,2.25752592086792e-06,measured,,,,
opt-350m,2048,C,int,128,prove_fold,8,4,,cuda,NVIDIA L40S,AMD EPYC 9334 32-Core Processor x8 threads,24,331096064,0.09251831844449043,measured,,,,
opt-350m,2048,C,int,128,prove_forward,8,4,,cuda,NVIDIA L40S,AMD EPYC 9334 32-Core Processor x8 threads,24,331096064,2.808749705553055,measured,,,,
opt-350m,2048,C,int,128,prove_open,8,4,,cuda,NVIDIA L40S,AMD EPYC 9334 32-Core Processor x8 threads,24,331096064,0.203623678535223,measured,,,,
opt-350m,2048,C,int,128,verify_columns,8,4,,cuda,NVIDIA L40S,AMD EPYC 9334 32-Core Processor x8 threads,24,331096064,0.5449658744037151,measured,,,,
opt-350m,2048,C,int,128,verify_derive,8,4,,cuda,NVIDIA L40S,AMD EPYC 9334 32-Core Processor x8 threads,24,331096064,35.380283776670694,measured,,,,
opt-350m,2048,C,int,128,verify_fold,8,4,,cuda,NVIDIA L40S,AMD EPYC 9334 32-Core Processor x8 threads,24,331096064,0.0,measured,,,,
opt-350m,2048,C,int,128,verify_products,8,4,,cuda,NVIDIA L40S,AMD EPYC 9334 32-Core Processor x8 threads,24,331096064,2.3866610154509544,measured,,,,
opt-350m,2048,Kpre,int,128,bytes_total,8,4,,cuda,NVIDIA L40S,AMD EPYC 9334 32-Core Processor x8 threads,24,331096064,1833113984.0,measured,,,,
opt-350m,2048,Kpre,int,128,fs_hash,8,4,,cuda,NVIDIA L40S,AMD EPYC 9334 32-Core Processor x8 threads,24,331096064,3.1404197216033936e-06,measured,,,,
opt-350m,2048,Kpre,int,128,prove_fold,8,4,,cuda,NVIDIA L40S,AMD EPYC 9334 32-Core Processor x8 threads,24,331096064,0.0,measured,,,,
opt-350m,2048,Kpre,int,128,prove_forward,8,4,,cuda,NVIDIA L40S,AMD EPYC 9334 32-Core Processor x8 threads,24,331096064,2.031042166054249,measured,,,,
opt-350m,2048,Kpre,int,128,verify_derive,8,4,,cuda,NVIDIA L40S,AMD EPYC 9334 32-Core Processor x8 threads,24,331096064,33.54986331611872,measured,,,,
opt-350m,2048,Kpre,int,128,verify_fold,8,4,,cuda,NVIDIA L40S,AMD EPYC 9334 32-Core Processor x8 threads,24,331096064,0.0,measured,,,,
opt-350m,2048,Kpre,int,128,verify_products,8,4,,cuda,NVIDIA L40S,AMD EPYC 9334 32-Core Processor x8 threads,24,331096064,2.1539601646363735,measured,,,,
opt-350m,64,C,int,128,bytes_total,8,4,,cuda,NVIDIA L40S,AMD EPYC 9334 32-Core Processor x8 threads,24,331096064,140856672.0,measured,,,,
opt-350m,64,C,int,128,fs_hash,8,4,,cuda,NVIDIA L40S,AMD EPYC 9334 32-Core Processor x8 threads,24,331096064,1.0207295417785645e-06,measured,,,,
opt-350m,64,C,int,128,prove_fold,8,4,,cuda,NVIDIA L40S,AMD EPYC 9334 32-Core Processor x8 threads,24,331096064,0.08911533281207085,measured,,,,
opt-350m,64,C,int,128,prove_forward,8,4,,cuda,NVIDIA L40S,AMD EPYC 9334 32-Core Processor x8 threads,24,331096064,0.055768758058547974,measured,,,,
opt-350m,64,C,int,128,prove_open,8,4,,cuda,NVIDIA L40S,AMD EPYC 9334 32-Core Processor x8 threads,24,331096064,0.21578152477741241,measured,,,,
opt-350m,64,C,int,128,verify_columns,8,4,,cuda,NVIDIA L40S,AMD EPYC 9334 32-Core Processor x8 threads,24,331096064,0.669684711843729,measured,,,,
opt-350m,64,C,int,128,verify_derive,8,4,,cuda,NVIDIA L40S,AMD EPYC 9334 32-Core Processor x8 threads,24,331096064,0.14204930514097214,measured,,,,
opt-350m,64,C,int,128,verify_fold,8,4,,cuda,NVIDIA L40S,AMD EPYC 9334 32-Core Processor x8 threads,24,331096064,0.0,measured,,,,
opt-350m,64,C,int,128,verify_products,8,4,,cuda,NVIDIA L40S,AMD EPYC 9334 32-Core Processor x8 threads,24,331096064,0.2698473781347275,measured,,,,
opt-350m,64,Kpre,int,128,bytes_total,8,4,,cuda,NVIDIA L40S,AMD EPYC 9334 32-Core Processor x8 threads,24,331096064,57481600.0,measured,,,,
opt-350m,64,Kpre,int,128,fs_hash,8,4,,cuda,NVIDIA L40S,AMD EPYC 9334 32-Core Processor x8 threads,24,331096064,1.210719347000122e-06,measured,,,,
opt-350m,64,Kpre,int,128,prove_fold,8,4,,cuda,NVIDIA L40S,AMD EPYC 9334 32-Core Processor x8 threads,24,331096064,0.0,measured,,,,
opt-350m,64,Kpre,int,128,prove_forward,8,4,,cuda,NVIDIA L40S,AMD EPYC 9334 32-Core Processor x8 threads,24,331096064,0.054350897669792175,measured,,,,
opt-350m,64,Kpre,int,128,verify_derive,8,4,,cuda,NVIDIA L40S,AMD EPYC 9334 32-Core Processor x8 threads,24,331096064,0.12896376848220825,measured,,,,
opt-350m,64,Kpre,int,128,verify_fold,8,4,,cuda,NVIDIA L40S,AMD EPYC 9334 32-Core Processor x8 threads,24,331096064,0.0,measured,,,,
opt-350m,64,Kpre,int,128,verify_products,8,4,,cuda,NVIDIA L40S,AMD EPYC 9334 32-Core Processor x8 threads,24,331096064,0.23458193615078926,measured,,,,
opt-6.7b,2048,C,int,128,bytes_total,8,4,,cuda,NVIDIA L40S,AMD EPYC 9334 32-Core Processor x8 threads,32,6657933312,10101029984.0,measured,,397639576.0,710652464.0,10101039104.0
opt-6.7b,2048,C,int,128,bytes_total,8,4,_gpuv,cuda,NVIDIA L40S,NVIDIA L40S (GPU client) + AMD EPYC 9334 32-Core Processor x8 threads,32,6657933312,10101026240.0,measured,,,,
opt-6.7b,2048,C,int,128,fs_hash,8,4,,cuda,NVIDIA L40S,AMD EPYC 9334 32-Core Processor x8 threads,32,6657933312,2.909451723098755e-06,measured,,1.0691583156585693e-06,1.12876296043396e-06,2.9169023036956787e-06
opt-6.7b,2048,C,int,128,fs_hash,8,4,_gpuv,cuda,NVIDIA L40S,NVIDIA L40S (GPU client) + AMD EPYC 9334 32-Core Processor x8 threads,32,6657933312,4.779547452926636e-06,measured,,,,
opt-6.7b,2048,C,int,128,prove_fold,8,4,,cuda,NVIDIA L40S,AMD EPYC 9334 32-Core Processor x8 threads,32,6657933312,0.7242709137499332,measured,,0.05007561296224594,0.06994376331567764,0.6659882739186287
opt-6.7b,2048,C,int,128,prove_fold,8,4,_gpuv,cuda,NVIDIA L40S,NVIDIA L40S (GPU client) + AMD EPYC 9334 32-Core Processor x8 threads,32,6657933312,0.6852942984551191,measured,,,,
opt-6.7b,2048,C,int,128,prove_forward,8,4,,cuda,NVIDIA L40S,AMD EPYC 9334 32-Core Processor x8 threads,32,6657933312,13.494732193648815,measured,,0.6107446812093258,0.9409409761428833,10.846829824149609
opt-6.7b,2048,C,int,128,prove_forward,8,4,_gpuv,cuda,NVIDIA L40S,NVIDIA L40S (GPU client) + AMD EPYC 9334 32-Core Processor x8 threads,32,6657933312,12.488420200534165,measured,,,,
opt-6.7b,2048,C,int,128,prove_open,8,4,,cuda,NVIDIA L40S,AMD EPYC 9334 32-Core Processor x8 threads,32,6657933312,1.9817052446305752,measured,,0.1405811384320259,0.18587573245167732,1.5447135530412197
opt-6.7b,2048,C,int,128,prove_open,8,4,_gpuv,cuda,NVIDIA L40S,NVIDIA L40S (GPU client) + AMD EPYC 9334 32-Core Processor x8 threads,32,6657933312,1.7900841953232884,measured,,,,
opt-6.7b,2048,C,int,128,verify_columns,8,4,,cuda,NVIDIA L40S,AMD EPYC 9334 32-Core Processor x8 threads,32,6657933312,2.975664898753166,measured,,0.21792559698224068,0.3019096553325653,2.8214314058423042
opt-6.7b,2048,C,int,128,verify_columns,8,4,_gpuv,cuda,NVIDIA L40S,NVIDIA L40S (GPU client) + AMD EPYC 9334 32-Core Processor x8 threads,32,6657933312,2.450320780277252,measured,,,,
opt-6.7b,2048,C,int,128,verify_derive,8,4,,cuda,NVIDIA L40S,AMD EPYC 9334 32-Core Processor x8 threads,32,6657933312,137.78158793970942,measured,,4.973443951457739,7.9238886423408985,96.43722936883569
opt-6.7b,2048,C,int,128,verify_derive,8,4,_gpuv,cuda,NVIDIA L40S,NVIDIA L40S (GPU client) + AMD EPYC 9334 32-Core Processor x8 threads,32,6657933312,2.3173319818452,measured,,,,
opt-6.7b,2048,C,int,128,verify_fold,8,4,,cuda,NVIDIA L40S,AMD EPYC 9334 32-Core Processor x8 threads,32,6657933312,0.0,measured,,0.0,0.0,0.0
opt-6.7b,2048,C,int,128,verify_fold,8,4,_gpuv,cuda,NVIDIA L40S,NVIDIA L40S (GPU client) + AMD EPYC 9334 32-Core Processor x8 threads,32,6657933312,0.0,measured,,,,
opt-6.7b,2048,C,int,128,verify_products,8,4,,cuda,NVIDIA L40S,AMD EPYC 9334 32-Core Processor x8 threads,32,6657933312,22.256762705743313,measured,,0.7388434074819088,1.317564282566309,18.679190535098314
opt-6.7b,2048,C,int,128,verify_products,8,4,_gpuv,cuda,NVIDIA L40S,NVIDIA L40S (GPU client) + AMD EPYC 9334 32-Core Processor x8 threads,32,6657933312,0.5306798750534654,measured,,,,
opt-6.7b,2048,C,int,128,verify_upload,8,4,_gpuv,cuda,NVIDIA L40S,NVIDIA L40S (GPU client) + AMD EPYC 9334 32-Core Processor x8 threads,32,6657933312,1.097928929142654,measured,,,,
opt-6.7b,2048,Kpre,int,128,bytes_total,8,4,,cuda,NVIDIA L40S,AMD EPYC 9334 32-Core Processor x8 threads,32,6657933312,9730986368.0,measured,,369299840.0,671289728.0,9730986368.0
opt-6.7b,2048,Kpre,int,128,bytes_total,8,4,_gpuv,cuda,NVIDIA L40S,NVIDIA L40S (GPU client) + AMD EPYC 9334 32-Core Processor x8 threads,32,6657933312,9730986368.0,measured,,,,
opt-6.7b,2048,Kpre,int,128,fs_hash,8,4,,cuda,NVIDIA L40S,AMD EPYC 9334 32-Core Processor x8 threads,32,6657933312,5.3942203521728516e-06,measured,,1.385807991027832e-06,9.834766387939453e-07,-1.1086463928222656e-05
opt-6.7b,2048,Kpre,int,128,fs_hash,8,4,_gpuv,cuda,NVIDIA L40S,NVIDIA L40S (GPU client) + AMD EPYC 9334 32-Core Processor x8 threads,32,6657933312,7.259659469127655e-06,measured,,,,
opt-6.7b,2048,Kpre,int,128,prove_fold,8,4,,cuda,NVIDIA L40S,AMD EPYC 9334 32-Core Processor x8 threads,32,6657933312,0.0,measured,,0.0,0.0,0.0
opt-6.7b,2048,Kpre,int,128,prove_fold,8,4,_gpuv,cuda,NVIDIA L40S,NVIDIA L40S (GPU client) + AMD EPYC 9334 32-Core Processor x8 threads,32,6657933312,0.0,measured,,,,
opt-6.7b,2048,Kpre,int,128,prove_forward,8,4,,cuda,NVIDIA L40S,AMD EPYC 9334 32-Core Processor x8 threads,32,6657933312,15.58212062716484,measured,,0.5676872991025448,0.9465114288032055,12.311235319823027
opt-6.7b,2048,Kpre,int,128,prove_forward,8,4,_gpuv,cuda,NVIDIA L40S,NVIDIA L40S (GPU client) + AMD EPYC 9334 32-Core Processor x8 threads,32,6657933312,12.496744757518172,measured,,,,
opt-6.7b,2048,Kpre,int,128,verify_derive,8,4,,cuda,NVIDIA L40S,AMD EPYC 9334 32-Core Processor x8 threads,32,6657933312,135.54310724139214,measured,,4.9548774138092995,8.08560622856021,102.0074706710875
opt-6.7b,2048,Kpre,int,128,verify_derive,8,4,_gpuv,cuda,NVIDIA L40S,NVIDIA L40S (GPU client) + AMD EPYC 9334 32-Core Processor x8 threads,32,6657933312,2.307449265383184,measured,,,,
opt-6.7b,2048,Kpre,int,128,verify_fold,8,4,,cuda,NVIDIA L40S,AMD EPYC 9334 32-Core Processor x8 threads,32,6657933312,0.0,measured,,0.0,0.0,0.0
opt-6.7b,2048,Kpre,int,128,verify_fold,8,4,_gpuv,cuda,NVIDIA L40S,NVIDIA L40S (GPU client) + AMD EPYC 9334 32-Core Processor x8 threads,32,6657933312,0.0,measured,,,,
opt-6.7b,2048,Kpre,int,128,verify_products,8,4,,cuda,NVIDIA L40S,AMD EPYC 9334 32-Core Processor x8 threads,32,6657933312,23.46803206205368,measured,,0.770859107375145,1.335921436548233,18.287791311740875
opt-6.7b,2048,Kpre,int,128,verify_products,8,4,_gpuv,cuda,NVIDIA L40S,NVIDIA L40S (GPU client) + AMD EPYC 9334 32-Core Processor x8 threads,32,6657933312,0.5294505311176181,measured,,,,
opt-6.7b,2048,Kpre,int,128,verify_upload,8,4,_gpuv,cuda,NVIDIA L40S,NVIDIA L40S (GPU client) + AMD EPYC 9334 32-Core Processor x8 threads,32,6657933312,1.1800561668351293,measured,,,,
opt-6.7b,64,C,int,128,bytes_total,8,4,,cuda,NVIDIA L40S,AMD EPYC 9334 32-Core Processor x8 threads,32,6657933312,674327936.0,measured,,40075384.0,60534816.0,674317776.0
opt-6.7b,64,C,int,128,fs_hash,8,4,,cuda,NVIDIA L40S,AMD EPYC 9334 32-Core Processor x8 threads,32,6657933312,9.746290743350983e-07,measured,,5.103647708892822e-07,5.201436579227448e-07,8.135102689266205e-07
opt-6.7b,64,C,int,128,prove_fold,8,4,,cuda,NVIDIA L40S,AMD EPYC 9334 32-Core Processor x8 threads,32,6657933312,0.6759975315071642,measured,,0.049725005868822336,0.06984686106443405,0.6735025169327855
opt-6.7b,64,C,int,128,prove_forward,8,4,,cuda,NVIDIA L40S,AMD EPYC 9334 32-Core Processor x8 threads,32,6657933312,0.15593969589099288,measured,,0.008888048585504293,0.013653697911649942,0.1566231776960194
opt-6.7b,64,C,int,128,prove_open,8,4,,cuda,NVIDIA L40S,AMD EPYC 9334 32-Core Processor x8 threads,32,6657933312,1.9062451049685478,measured,,0.15235668513923883,0.201442230027169,1.6740085766650736
opt-6.7b,64,C,int,128,verify_columns,8,4,,cuda,NVIDIA L40S,AMD EPYC 9334 32-Core Processor x8 threads,32,6657933312,2.5748683735728264,measured,,0.1632259702309966,0.2663557860068977,3.36025025928393
opt-6.7b,64,C,int,128,verify_derive,8,4,,cuda,NVIDIA L40S,AMD EPYC 9334 32-Core Processor x8 threads,32,6657933312,0.2532042497768998,measured,,0.009865113999694586,0.02030736394226551,0.33357486221939325
opt-6.7b,64,C,int,128,verify_fold,8,4,,cuda,NVIDIA L40S,AMD EPYC 9334 32-Core Processor x8 threads,32,6657933312,0.0,measured,,0.0,0.0,0.0
opt-6.7b,64,C,int,128,verify_products,8,4,,cuda,NVIDIA L40S,AMD EPYC 9334 32-Core Processor x8 threads,32,6657933312,0.9885301776230335,measured,,0.029327582102268934,0.07280420931056142,1.377103025559336
opt-6.7b,64,Kpre,int,128,bytes_total,8,4,,cuda,NVIDIA L40S,AMD EPYC 9334 32-Core Processor x8 threads,32,6657933312,304288128.0,measured,,11735424.0,21172608.0,304288128.0
opt-6.7b,64,Kpre,int,128,fs_hash,8,4,,cuda,NVIDIA L40S,AMD EPYC 9334 32-Core Processor x8 threads,32,6657933312,1.0202638804912567e-06,measured,,6.752088665962219e-07,6.896443665027618e-07,1.1227093636989594e-06
opt-6.7b,64,Kpre,int,128,prove_fold,8,4,,cuda,NVIDIA L40S,AMD EPYC 9334 32-Core Processor x8 threads,32,6657933312,0.0,measured,,0.0,0.0,0.0
opt-6.7b,64,Kpre,int,128,prove_forward,8,4,,cuda,NVIDIA L40S,AMD EPYC 9334 32-Core Processor x8 threads,32,6657933312,0.158612672239542,measured,,0.008673757780343294,0.013742928393185139,0.16581804677844048
opt-6.7b,64,Kpre,int,128,verify_derive,8,4,,cuda,NVIDIA L40S,AMD EPYC 9334 32-Core Processor x8 threads,32,6657933312,0.256049208343029,measured,,0.00957851903513074,0.018393002450466156,0.28282750491052866
opt-6.7b,64,Kpre,int,128,verify_fold,8,4,,cuda,NVIDIA L40S,AMD EPYC 9334 32-Core Processor x8 threads,32,6657933312,0.0,measured,,0.0,0.0,0.0
opt-6.7b,64,Kpre,int,128,verify_products,8,4,,cuda,NVIDIA L40S,AMD EPYC 9334 32-Core Processor x8 threads,32,6657933312,1.0885128895752132,measured,,0.048418129328638315,0.08486086502671242,1.1781429359689355
opt-66b,64,C,int,128,bytes_total,8,4,,cuda,NVIDIA L40S,AMD EPYC 9334 32-Core Processor x8 threads,64,65717305344,2963255152.0,extrapolated_from_1_and_2_blocks,,71079880.0,116987424.0,
opt-66b,64,C,int,128,fs_hash,8,4,,cuda,NVIDIA L40S,AMD EPYC 9334 32-Core Processor x8 threads,64,65717305344,1.7508864402770996e-07,extrapolated_from_1_and_2_blocks,,7.618218660354614e-07,7.525086402893066e-07,
opt-66b,64,C,int,128,prove_fold,8,4,,cuda,NVIDIA L40S,AMD EPYC 9334 32-Core Processor x8 threads,64,65717305344,6.371887993067503,extrapolated_from_1_and_2_blocks,,0.18330102786421776,0.28153256699442863,
opt-66b,64,C,int,128,prove_forward,8,4,,cuda,NVIDIA L40S,AMD EPYC 9334 32-Core Processor x8 threads,64,65717305344,0.87335304915905,extrapolated_from_1_and_2_blocks,,0.029069406911730766,0.04247073456645012,
opt-66b,64,C,int,128,prove_open,8,4,,cuda,NVIDIA L40S,AMD EPYC 9334 32-Core Processor x8 threads,64,65717305344,14.366727333515882,extrapolated_from_1_and_2_blocks,,0.3680255524814129,0.5902271680533886,
opt-66b,64,C,int,128,verify_columns,8,4,,cuda,NVIDIA L40S,AMD EPYC 9334 32-Core Processor x8 threads,64,65717305344,0.8349450062960386,extrapolated_from_1_and_2_blocks,,0.37191603519022465,0.37926570139825344,
opt-66b,64,C,int,128,verify_derive,8,4,,cuda,NVIDIA L40S,AMD EPYC 9334 32-Core Processor x8 threads,64,65717305344,0.5316529478877783,extrapolated_from_1_and_2_blocks,,0.02236100099980831,0.030445000156760216,
opt-66b,64,C,int,128,verify_fold,8,4,,cuda,NVIDIA L40S,AMD EPYC 9334 32-Core Processor x8 threads,64,65717305344,0.0,extrapolated_from_1_and_2_blocks,,0.0,0.0,
opt-66b,64,C,int,128,verify_products,8,4,,cuda,NVIDIA L40S,AMD EPYC 9334 32-Core Processor x8 threads,64,65717305344,1.048632087185979,extrapolated_from_1_and_2_blocks,,0.11360088177025318,0.12844264693558216,
opt-66b,64,Kpre,int,128,bytes_total,8,4,,cuda,NVIDIA L40S,AMD EPYC 9334 32-Core Processor x8 threads,64,65717305344,1363874176.0,extrapolated_from_1_and_2_blocks,,26153344.0,47387008.0,
opt-66b,64,Kpre,int,128,fs_hash,8,4,,cuda,NVIDIA L40S,AMD EPYC 9334 32-Core Processor x8 threads,64,65717305344,-3.634020686149597e-06,extrapolated_from_1_and_2_blocks,,8.25151801109314e-07,7.543712854385376e-07,
opt-66b,64,Kpre,int,128,prove_fold,8,4,,cuda,NVIDIA L40S,AMD EPYC 9334 32-Core Processor x8 threads,64,65717305344,0.0,extrapolated_from_1_and_2_blocks,,0.0,0.0,
opt-66b,64,Kpre,int,128,prove_forward,8,4,,cuda,NVIDIA L40S,AMD EPYC 9334 32-Core Processor x8 threads,64,65717305344,1.1012002881616354,extrapolated_from_1_and_2_blocks,,0.025023717433214188,0.04210588522255421,
opt-66b,64,Kpre,int,128,verify_derive,8,4,,cuda,NVIDIA L40S,AMD EPYC 9334 32-Core Processor x8 threads,64,65717305344,1.2495026551187038,extrapolated_from_1_and_2_blocks,,0.02469869703054428,0.044140029698610306,
opt-66b,64,Kpre,int,128,verify_fold,8,4,,cuda,NVIDIA L40S,AMD EPYC 9334 32-Core Processor x8 threads,64,65717305344,0.0,extrapolated_from_1_and_2_blocks,,0.0,0.0,
opt-66b,64,Kpre,int,128,verify_products,8,4,,cuda,NVIDIA L40S,AMD EPYC 9334 32-Core Processor x8 threads,64,65717305344,0.9984350949525833,extrapolated_from_1_and_2_blocks,,0.11421921104192734,0.12825438380241394,
qwen3-4b,64,C,int,128,bytes_total,8,4,,cuda,NVIDIA L40S,AMD EPYC 9334 32-Core Processor x8 threads,36,4022272000,658626880.0,measured,,64026368.0,81015296.0,658638848.0
qwen3-4b,64,C,int,128,fs_hash,8,4,,cuda,NVIDIA L40S,AMD EPYC 9334 32-Core Processor x8 threads,36,4022272000,1.3899989426136017e-06,measured,,5.746260285377502e-07,6.351619958877563e-07,2.693384885787964e-06
qwen3-4b,64,C,int,128,prove_fold,8,4,,cuda,NVIDIA L40S,AMD EPYC 9334 32-Core Processor x8 threads,36,4022272000,0.37858974374830723,measured,,0.06090423371642828,0.0701389885507524,0.38412065291777253
qwen3-4b,64,C,int,128,prove_forward,8,4,,cuda,NVIDIA L40S,AMD EPYC 9334 32-Core Processor x8 threads,36,4022272000,0.20232190378010273,measured,,0.011792689096182585,0.016849128529429436,0.18876806925982237
qwen3-4b,64,C,int,128,prove_open,8,4,,cuda,NVIDIA L40S,AMD EPYC 9334 32-Core Processor x8 threads,36,4022272000,1.3645572969689965,measured,,0.17527841124683619,0.2005026675760746,1.0581273827701807
qwen3-4b,64,C,int,128,verify_columns,8,4,,cuda,NVIDIA L40S,AMD EPYC 9334 32-Core Processor x8 threads,36,4022272000,3.01630387455225,measured,,0.3933433834463358,0.4341079811565578,1.820104303304106
qwen3-4b,64,C,int,128,verify_derive,8,4,,cuda,NVIDIA L40S,AMD EPYC 9334 32-Core Processor x8 threads,36,4022272000,0.3997461125254631,measured,,0.011721594724804163,0.020653273910284042,0.32433036621659994
qwen3-4b,64,C,int,128,verify_fold,8,4,,cuda,NVIDIA L40S,AMD EPYC 9334 32-Core Processor x8 threads,36,4022272000,0.0,measured,,0.0,0.0,0.0
qwen3-4b,64,C,int,128,verify_products,8,4,,cuda,NVIDIA L40S,AMD EPYC 9334 32-Core Processor x8 threads,36,4022272000,1.2140123657882214,measured,,0.046101349871605635,0.07325882650911808,0.9966130321845412
qwen3-4b,64,Kpre,int,128,bytes_total,8,4,,cuda,NVIDIA L40S,AMD EPYC 9334 32-Core Processor x8 threads,36,4022272000,284378624.0,measured,,9127424.0,16991744.0,284378624.0
qwen3-4b,64,Kpre,int,128,fs_hash,8,4,,cuda,NVIDIA L40S,AMD EPYC 9334 32-Core Processor x8 threads,36,4022272000,9.699724614620209e-07,measured,,5.201436579227448e-07,7.748603820800781e-07,9.435229003429413e-06
qwen3-4b,64,Kpre,int,128,prove_fold,8,4,,cuda,NVIDIA L40S,AMD EPYC 9334 32-Core Processor x8 threads,36,4022272000,0.0,measured,,0.0,0.0,0.0
qwen3-4b,64,Kpre,int,128,prove_forward,8,4,,cuda,NVIDIA L40S,AMD EPYC 9334 32-Core Processor x8 threads,36,4022272000,0.19360224762931466,measured,,0.011715448461472988,0.016812452115118504,0.19011057633906603
qwen3-4b,64,Kpre,int,128,verify_derive,8,4,,cuda,NVIDIA L40S,AMD EPYC 9334 32-Core Processor x8 threads,36,4022272000,0.397161069791764,measured,,0.012667163275182247,0.022092485334724188,0.34255343535915017
qwen3-4b,64,Kpre,int,128,verify_fold,8,4,,cuda,NVIDIA L40S,AMD EPYC 9334 32-Core Processor x8 threads,36,4022272000,0.0,measured,,0.0,0.0,0.0
qwen3-4b,64,Kpre,int,128,verify_products,8,4,,cuda,NVIDIA L40S,AMD EPYC 9334 32-Core Processor x8 threads,36,4022272000,1.1913298536092043,measured,,0.04720556177198887,0.0738874371163547,0.9810711988247931
qwen3-4b,8,C,int,128,bytes_total,1,4,_thr1,cuda,NVIDIA L40S,AMD EPYC 9334 32-Core Processor x1 threads,36,4022272000,410329280.0,measured,,56572000.0,66679520.0,410335200.0
qwen3-4b,8,C,int,128,bytes_total,8,4,,cuda,NVIDIA L40S,AMD EPYC 9334 32-Core Processor x8 threads,36,4022272000,410324768.0,measured,,56572608.0,66679664.0,410319568.0
qwen3-4b,8,C,int,128,fs_hash,1,4,_thr1,cuda,NVIDIA L40S,AMD EPYC 9334 32-Core Processor x1 threads,36,4022272000,8.400529623031616e-07,measured,,4.3958425521850586e-07,7.199123501777649e-07,1.0251067578792572e-05
qwen3-4b,8,C,int,128,fs_hash,8,4,,cuda,NVIDIA L40S,AMD EPYC 9334 32-Core Processor x8 threads,36,4022272000,1.0351650416851044e-06,measured,,5.30388206243515e-07,4.2514875531196594e-07,-3.1529925763607025e-06
qwen3-4b,8,C,int,128,prove_fold,1,4,_thr1,cuda,NVIDIA L40S,AMD EPYC 9334 32-Core Processor x1 threads,36,4022272000,0.3776401663199067,measured,,0.06085436791181564,0.07007577456533909,0.3836036007851362
qwen3-4b,8,C,int,128,prove_fold,8,4,,cuda,NVIDIA L40S,AMD EPYC 9334 32-Core Processor x8 threads,36,4022272000,0.37762728706002235,measured,,0.060924523044377565,0.07007898529991508,0.3813307019881904
qwen3-4b,8,C,int,128,prove_forward,1,4,_thr1,cuda,NVIDIA L40S,AMD EPYC 9334 32-Core Processor x1 threads,36,4022272000,0.13585489615797997,measured,,0.00982496328651905,0.01578572578728199,0.21845165081322193
qwen3-4b,8,C,int,128,prove_forward,8,4,,cuda,NVIDIA L40S,AMD EPYC 9334 32-Core Processor x8 threads,36,4022272000,0.14449256332591176,measured,,0.01009147148579359,0.013899995014071465,0.14338979497551918
qwen3-4b,8,C,int,128,prove_open,1,4,_thr1,cuda,NVIDIA L40S,AMD EPYC 9334 32-Core Processor x1 threads,36,4022272000,1.3578381752595305,measured,,0.21190997771918774,0.24304968770593405,1.3017998272553086
qwen3-4b,8,C,int,128,prove_open,8,4,,cuda,NVIDIA L40S,AMD EPYC 9334 32-Core Processor x8 threads,36,4022272000,1.3904293118976057,measured,,0.21438515279442072,0.23886279296129942,1.0711025586351752
qwen3-4b,8,C,int,128,verify_columns,1,4,_thr1,cuda,NVIDIA L40S,AMD EPYC 9334 32-Core Processor x1 threads,36,4022272000,2.189863751642406,measured,,0.5042032683268189,0.5852765385061502,3.3417677246034145
qwen3-4b,8,C,int,128,verify_columns,8,4,,cuda,NVIDIA L40S,AMD EPYC 9334 32-Core Processor x8 threads,36,4022272000,3.064858593046665,measured,,0.44405429158359766,0.528013058938086,3.3826111489906907
qwen3-4b,8,C,int,128,verify_derive,1,4,_thr1,cuda,NVIDIA L40S,AMD EPYC 9334 32-Core Processor x1 threads,36,4022272000,0.10371377039700747,measured,,0.003594503737986088,0.006732603535056114,0.11342799663543701
qwen3-4b,8,C,int,128,verify_derive,8,4,,cuda,NVIDIA L40S,AMD EPYC 9334 32-Core Processor x8 threads,36,4022272000,0.14079859852790833,measured,,0.0036936639808118343,0.007624506950378418,0.14127316791564226
qwen3-4b,8,C,int,128,verify_fold,1,4,_thr1,cuda,NVIDIA L40S,AMD EPYC 9334 32-Core Processor x1 threads,36,4022272000,0.0,measured,,0.0,0.0,0.0
qwen3-4b,8,C,int,128,verify_fold,8,4,,cuda,NVIDIA L40S,AMD EPYC 9334 32-Core Processor x8 threads,36,4022272000,0.0,measured,,0.0,0.0,0.0
qwen3-4b,8,C,int,128,verify_products,1,4,_thr1,cuda,NVIDIA L40S,AMD EPYC 9334 32-Core Processor x1 threads,36,4022272000,0.19521320704370737,measured,,0.03086423221975565,0.03963134437799454,0.3377131577581167
qwen3-4b,8,C,int,128,verify_products,8,4,,cuda,NVIDIA L40S,AMD EPYC 9334 32-Core Processor x8 threads,36,4022272000,0.5687112552113831,measured,,0.031034221407026052,0.0446557542309165,0.5077878702431917
qwen3-4b,8,C,int,40,bytes_total,1,4,_thr1,cuda,NVIDIA L40S,AMD EPYC 9334 32-Core Processor x1 threads,36,4022272000,172814304.0,measured,,21711008.0,26027712.0,172795648.0
qwen3-4b,8,C,int,40,fs_hash,1,4,_thr1,cuda,NVIDIA L40S,AMD EPYC 9334 32-Core Processor x1 threads,36,4022272000,5.904585123062134e-07,measured,,5.00120222568512e-07,5.997717380523682e-07,3.987923264503479e-06
qwen3-4b,8,C,int,40,prove_fold,1,4,_thr1,cuda,NVIDIA L40S,AMD EPYC 9334 32-Core Processor x1 threads,36,4022272000,0.3570180907845497,measured,,0.059372047893702984,0.06796860508620739,0.3602515496313572
qwen3-4b,8,C,int,40,prove_forward,1,4,_thr1,cuda,NVIDIA L40S,AMD EPYC 9334 32-Core Processor x1 threads,36,4022272000,0.13574319519102573,measured,,0.009833325631916523,0.013575420714914799,0.14080665353685617
qwen3-4b,8,C,int,40,prove_open,1,4,_thr1,cuda,NVIDIA L40S,AMD EPYC 9334 32-Core Processor x1 threads,36,4022272000,0.6004378534853458,measured,,0.08856906089931726,0.10670809354633093,0.7234352035447955
qwen3-4b,8,C,int,40,verify_columns,1,4,_thr1,cuda,NVIDIA L40S,AMD EPYC 9334 32-Core Processor x1 threads,36,4022272000,0.8340910654515028,measured,,0.18013294134289026,0.21230385079979897,1.3061147723346949
qwen3-4b,8,C,int,40,verify_derive,1,4,_thr1,cuda,NVIDIA L40S,AMD EPYC 9334 32-Core Processor x1 threads,36,4022272000,0.10403912793844938,measured,,0.003583565354347229,0.006487512961030006,0.10522173158824444
qwen3-4b,8,C,int,40,verify_fold,1,4,_thr1,cuda,NVIDIA L40S,AMD EPYC 9334 32-Core Processor x1 threads,36,4022272000,0.0,measured,,0.0,0.0,0.0
qwen3-4b,8,C,int,40,verify_products,1,4,_thr1,cuda,NVIDIA L40S,AMD EPYC 9334 32-Core Processor x1 threads,36,4022272000,0.15856555942445993,measured,,0.01852625049650669,0.02140908595174551,0.11942549142986536
qwen3-4b,8,Kpre,int,128,bytes_total,1,4,_thr1,cuda,NVIDIA L40S,AMD EPYC 9334 32-Core Processor x1 threads,36,4022272000,36079104.0,measured,,1672704.0,2655744.0,36079104.0
qwen3-4b,8,Kpre,int,128,bytes_total,8,4,,cuda,NVIDIA L40S,AMD EPYC 9334 32-Core Processor x8 threads,36,4022272000,36079104.0,measured,,1672704.0,2655744.0,36079104.0
qwen3-4b,8,Kpre,int,128,fs_hash,1,4,_thr1,cuda,NVIDIA L40S,AMD EPYC 9334 32-Core Processor x1 threads,36,4022272000,7.301568984985352e-07,measured,,3.6973506212234497e-07,6.30505383014679e-07,9.496696293354034e-06
qwen3-4b,8,Kpre,int,128,fs_hash,8,4,,cuda,NVIDIA L40S,AMD EPYC 9334 32-Core Processor x8 threads,36,4022272000,1.8151476979255676e-06,measured,,5.448237061500549e-07,4.55416738986969e-07,-2.584420144557953e-06
qwen3-4b,8,Kpre,int,128,prove_fold,1,4,_thr1,cuda,NVIDIA L40S,AMD EPYC 9334 32-Core Processor x1 threads,36,4022272000,0.0,measured,,0.0,0.0,0.0
qwen3-4b,8,Kpre,int,128,prove_fold,8,4,,cuda,NVIDIA L40S,AMD EPYC 9334 32-Core Processor x8 threads,36,4022272000,0.0,measured,,0.0,0.0,0.0
qwen3-4b,8,Kpre,int,128,prove_forward,1,4,_thr1,cuda,NVIDIA L40S,AMD EPYC 9334 32-Core Processor x1 threads,36,4022272000,0.13520653452724218,measured,,0.009714211337268353,0.013391396962106228,0.138415708206594
qwen3-4b,8,Kpre,int,128,prove_forward,8,4,,cuda,NVIDIA L40S,AMD EPYC 9334 32-Core Processor x8 threads,36,4022272000,0.14358226861804724,measured,,0.00973948696628213,0.013604895677417517,0.1450287918560207
qwen3-4b,8,Kpre,int,128,verify_derive,1,4,_thr1,cuda,NVIDIA L40S,AMD EPYC 9334 32-Core Processor x1 threads,36,4022272000,0.10393111500889063,measured,,0.0036125341430306435,0.006521902047097683,0.10544041078537703
qwen3-4b,8,Kpre,int,128,verify_derive,8,4,,cuda,NVIDIA L40S,AMD EPYC 9334 32-Core Processor x8 threads,36,4022272000,0.15283458027988672,measured,,0.0049565318040549755,0.008751245215535164,0.13777150120586157
qwen3-4b,8,Kpre,int,128,verify_fold,1,4,_thr1,cuda,NVIDIA L40S,AMD EPYC 9334 32-Core Processor x1 threads,36,4022272000,0.0,measured,,0.0,0.0,0.0
qwen3-4b,8,Kpre,int,128,verify_fold,8,4,,cuda,NVIDIA L40S,AMD EPYC 9334 32-Core Processor x8 threads,36,4022272000,0.0,measured,,0.0,0.0,0.0
qwen3-4b,8,Kpre,int,128,verify_products,1,4,_thr1,cuda,NVIDIA L40S,AMD EPYC 9334 32-Core Processor x1 threads,36,4022272000,0.19568445440381765,measured,,0.01954757608473301,0.024399475194513798,0.1893640449270606
qwen3-4b,8,Kpre,int,128,verify_products,8,4,,cuda,NVIDIA L40S,AMD EPYC 9334 32-Core Processor x8 threads,36,4022272000,0.5980335669592023,measured,,0.027366927359253168,0.04247153690084815,0.5560282613150775
qwen3-4b,8,Kpre,int,40,bytes_total,1,4,_thr1,cuda,NVIDIA L40S,AMD EPYC 9334 32-Core Processor x1 threads,36,4022272000,36079104.0,measured,,1672704.0,2655744.0,36079104.0
qwen3-4b,8,Kpre,int,40,fs_hash,1,4,_thr1,cuda,NVIDIA L40S,AMD EPYC 9334 32-Core Processor x1 threads,36,4022272000,8.502975106239319e-07,measured,,4.0978193283081055e-07,4.805624485015869e-07,2.8870999813079834e-06
qwen3-4b,8,Kpre,int,40,prove_fold,1,4,_thr1,cuda,NVIDIA L40S,AMD EPYC 9334 32-Core Processor x1 threads,36,4022272000,0.0,measured,,0.0,0.0,0.0
qwen3-4b,8,Kpre,int,40,prove_forward,1,4,_thr1,cuda,NVIDIA L40S,AMD EPYC 9334 32-Core Processor x1 threads,36,4022272000,0.1354603860527277,measured,,0.009610753506422043,0.01319405809044838,0.13502641394734383
qwen3-4b,8,Kpre,int,40,verify_derive,1,4,_thr1,cuda,NVIDIA L40S,AMD EPYC 9334 32-Core Processor x1 threads,36,4022272000,0.10410460457205772,measured,,0.003505065105855465,0.006287542171776295,0.10089176241308451
qwen3-4b,8,Kpre,int,40,verify_fold,1,4,_thr1,cuda,NVIDIA L40S,AMD EPYC 9334 32-Core Processor x1 threads,36,4022272000,0.0,measured,,0.0,0.0,0.0
qwen3-4b,8,Kpre,int,40,verify_products,1,4,_thr1,cuda,NVIDIA L40S,AMD EPYC 9334 32-Core Processor x1 threads,36,4022272000,0.15928864106535912,measured,,0.014219148084521294,0.018162469379603863,0.1522353934124112
