suite,model,cell,metric,batch,attack,lam,op,stage,k,n,median,mean,prover_hw,verifier_hw,host,git_sha,unit,cfg_rate,cfg_policy,cfg_policy_requested,cfg_trees,cfg_variant,cfg_device,cfg_merkle,cfg_verifier_device,cfg_platform,cfg_wire,cfg_mode,cfg_challenges,cfg_lam,cfg_reps,cfg_columns,cfg_threads,cfg_group_columns
cnn,lenet5,commit_rate4_thr1_wire_polauto,commit_total,,,,,,,1,2.3184127686545253,2.3184127686545253,NVIDIA L40S,AMD EPYC 9334 32-Core Processor x1 threads,n-805,366e3d4b5caeef40f4f5e082b03af55f247cd800,s,4,cnn18c,auto,1,_thr1_wire_polauto,cuda,multiproof,cpu,l40s_improved2_thr1,True,,,,,,,
cnn,lenet5,commit_rate4_thr1_wire_polauto,gpu_alloc_retries,,,,,,,1,0.0,0.0,NVIDIA L40S,AMD EPYC 9334 32-Core Processor x1 threads,n-805,366e3d4b5caeef40f4f5e082b03af55f247cd800,,4,cnn18c,auto,1,_thr1_wire_polauto,cuda,multiproof,cpu,l40s_improved2_thr1,True,,,,,,,
cnn,lenet5,commit_rate4_thr1_wire_polauto,gpu_device_allocs,,,,,,,1,19.0,19.0,NVIDIA L40S,AMD EPYC 9334 32-Core Processor x1 threads,n-805,366e3d4b5caeef40f4f5e082b03af55f247cd800,,4,cnn18c,auto,1,_thr1_wire_polauto,cuda,multiproof,cpu,l40s_improved2_thr1,True,,,,,,,
cnn,lenet5,commit_rate4_thr1_wire_polauto,gpu_peak_memory,,,,,,,1,1135196160.0,1135196160.0,NVIDIA L40S,AMD EPYC 9334 32-Core Processor x1 threads,n-805,366e3d4b5caeef40f4f5e082b03af55f247cd800,B,4,cnn18c,auto,1,_thr1_wire_polauto,cuda,multiproof,cpu,l40s_improved2_thr1,True,,,,,,,
cnn,lenet5,commit_rate4_thr1_wire_polauto,gpu_peak_reserved,,,,,,,1,1468006400.0,1468006400.0,NVIDIA L40S,AMD EPYC 9334 32-Core Processor x1 threads,n-805,366e3d4b5caeef40f4f5e082b03af55f247cd800,B,4,cnn18c,auto,1,_thr1_wire_polauto,cuda,multiproof,cpu,l40s_improved2_thr1,True,,,,,,,
cnn,lenet5,commit_rate4_thr1_wire_polauto,host_peak_rss,,,,,,,1,1127129088.0,1127129088.0,NVIDIA L40S,AMD EPYC 9334 32-Core Processor x1 threads,n-805,366e3d4b5caeef40f4f5e082b03af55f247cd800,B,4,cnn18c,auto,1,_thr1_wire_polauto,cuda,multiproof,cpu,l40s_improved2_thr1,True,,,,,,,
cnn,lenet5,commit_rate4_thr1_wire_polauto,setup_encoded_entries,,,,,,,1,71565312.0,71565312.0,NVIDIA L40S,AMD EPYC 9334 32-Core Processor x1 threads,n-805,366e3d4b5caeef40f4f5e082b03af55f247cd800,,4,cnn18c,auto,1,_thr1_wire_polauto,cuda,multiproof,cpu,l40s_improved2_thr1,True,,,,,,,
cnn,lenet5,commit_rate4_thr1_wire_polauto,setup_leaves,,,,,,,1,262144.0,262144.0,NVIDIA L40S,AMD EPYC 9334 32-Core Processor x1 threads,n-805,366e3d4b5caeef40f4f5e082b03af55f247cd800,,4,cnn18c,auto,1,_thr1_wire_polauto,cuda,multiproof,cpu,l40s_improved2_thr1,True,,,,,,,
cnn,lenet5,commit_rate4_thr1_wire_polauto,setup_max_n,,,,,,,1,262144.0,262144.0,NVIDIA L40S,AMD EPYC 9334 32-Core Processor x1 threads,n-805,366e3d4b5caeef40f4f5e082b03af55f247cd800,,4,cnn18c,auto,1,_thr1_wire_polauto,cuda,multiproof,cpu,l40s_improved2_thr1,True,,,,,,,
cnn,lenet5,commit_rate4_thr1_wire_polauto,setup_trees,,,,,,,1,1.0,1.0,NVIDIA L40S,AMD EPYC 9334 32-Core Processor x1 threads,n-805,366e3d4b5caeef40f4f5e082b03af55f247cd800,,4,cnn18c,auto,1,_thr1_wire_polauto,cuda,multiproof,cpu,l40s_improved2_thr1,True,,,,,,,
cnn,lenet5,defence_C_fs_lam128_rate4_thr1_wire_polauto,accepted,,,,,,,30,1.0,1.0,NVIDIA L40S,AMD EPYC 9334 32-Core Processor x1 threads,n-805,366e3d4b5caeef40f4f5e082b03af55f247cd800,,4,cnn18c,auto,1,_thr1_wire_polauto,cuda,multiproof,cpu,l40s_improved2_thr1,True,C,fs,128,7,21,1,{'g0_n262144': 21}
cnn,lenet5,defence_C_fs_lam128_rate4_thr1_wire_polauto,bytes_claims,,,,,,,30,14225.0,14401.4,NVIDIA L40S,AMD EPYC 9334 32-Core Processor x1 threads,n-805,366e3d4b5caeef40f4f5e082b03af55f247cd800,B,4,cnn18c,auto,1,_thr1_wire_polauto,cuda,multiproof,cpu,l40s_improved2_thr1,True,C,fs,128,7,21,1,{'g0_n262144': 21}
cnn,lenet5,defence_C_fs_lam128_rate4_thr1_wire_polauto,bytes_columns,,,,,,,30,22320.0,22320.0,NVIDIA L40S,AMD EPYC 9334 32-Core Processor x1 threads,n-805,366e3d4b5caeef40f4f5e082b03af55f247cd800,B,4,cnn18c,auto,1,_thr1_wire_polauto,cuda,multiproof,cpu,l40s_improved2_thr1,True,C,fs,128,7,21,1,{'g0_n262144': 21}
cnn,lenet5,defence_C_fs_lam128_rate4_thr1_wire_polauto,bytes_paths,,,,,,,30,8624.0,8604.8,NVIDIA L40S,AMD EPYC 9334 32-Core Processor x1 threads,n-805,366e3d4b5caeef40f4f5e082b03af55f247cd800,B,4,cnn18c,auto,1,_thr1_wire_polauto,cuda,multiproof,cpu,l40s_improved2_thr1,True,C,fs,128,7,21,1,{'g0_n262144': 21}
cnn,lenet5,defence_C_fs_lam128_rate4_thr1_wire_polauto,bytes_total,,,,,,,30,63336.0,63430.2,NVIDIA L40S,AMD EPYC 9334 32-Core Processor x1 threads,n-805,366e3d4b5caeef40f4f5e082b03af55f247cd800,B,4,cnn18c,auto,1,_thr1_wire_polauto,cuda,multiproof,cpu,l40s_improved2_thr1,True,C,fs,128,7,21,1,{'g0_n262144': 21}
cnn,lenet5,defence_C_fs_lam128_rate4_thr1_wire_polauto,bytes_u,,,,,,,30,18104.0,18104.0,NVIDIA L40S,AMD EPYC 9334 32-Core Processor x1 threads,n-805,366e3d4b5caeef40f4f5e082b03af55f247cd800,B,4,cnn18c,auto,1,_thr1_wire_polauto,cuda,multiproof,cpu,l40s_improved2_thr1,True,C,fs,128,7,21,1,{'g0_n262144': 21}
cnn,lenet5,defence_C_fs_lam128_rate4_thr1_wire_polauto,fs_hash,,,,,,,30,6.0560647398233414e-05,6.052494669953982e-05,NVIDIA L40S,AMD EPYC 9334 32-Core Processor x1 threads,n-805,366e3d4b5caeef40f4f5e082b03af55f247cd800,s,4,cnn18c,auto,1,_thr1_wire_polauto,cuda,multiproof,cpu,l40s_improved2_thr1,True,C,fs,128,7,21,1,{'g0_n262144': 21}
cnn,lenet5,defence_C_fs_lam128_rate4_thr1_wire_polauto,gpu_alloc_retries,,,,,,,1,0.0,0.0,NVIDIA L40S,AMD EPYC 9334 32-Core Processor x1 threads,n-805,366e3d4b5caeef40f4f5e082b03af55f247cd800,,4,cnn18c,auto,1,_thr1_wire_polauto,cuda,multiproof,cpu,l40s_improved2_thr1,True,C,fs,128,7,21,1,{'g0_n262144': 21}
cnn,lenet5,defence_C_fs_lam128_rate4_thr1_wire_polauto,gpu_device_allocs,,,,,,,1,0.0,0.0,NVIDIA L40S,AMD EPYC 9334 32-Core Processor x1 threads,n-805,366e3d4b5caeef40f4f5e082b03af55f247cd800,,4,cnn18c,auto,1,_thr1_wire_polauto,cuda,multiproof,cpu,l40s_improved2_thr1,True,C,fs,128,7,21,1,{'g0_n262144': 21}
cnn,lenet5,defence_C_fs_lam128_rate4_thr1_wire_polauto,gpu_peak_memory,,,,,,,1,15529472.0,15529472.0,NVIDIA L40S,AMD EPYC 9334 32-Core Processor x1 threads,n-805,366e3d4b5caeef40f4f5e082b03af55f247cd800,B,4,cnn18c,auto,1,_thr1_wire_polauto,cuda,multiproof,cpu,l40s_improved2_thr1,True,C,fs,128,7,21,1,{'g0_n262144': 21}
cnn,lenet5,defence_C_fs_lam128_rate4_thr1_wire_polauto,gpu_peak_reserved,,,,,,,1,1474297856.0,1474297856.0,NVIDIA L40S,AMD EPYC 9334 32-Core Processor x1 threads,n-805,366e3d4b5caeef40f4f5e082b03af55f247cd800,B,4,cnn18c,auto,1,_thr1_wire_polauto,cuda,multiproof,cpu,l40s_improved2_thr1,True,C,fs,128,7,21,1,{'g0_n262144': 21}
cnn,lenet5,defence_C_fs_lam128_rate4_thr1_wire_polauto,host_peak_rss,,,,,,,1,1184493568.0,1184493568.0,NVIDIA L40S,AMD EPYC 9334 32-Core Processor x1 threads,n-805,366e3d4b5caeef40f4f5e082b03af55f247cd800,B,4,cnn18c,auto,1,_thr1_wire_polauto,cuda,multiproof,cpu,l40s_improved2_thr1,True,C,fs,128,7,21,1,{'g0_n262144': 21}
cnn,lenet5,defence_C_fs_lam128_rate4_thr1_wire_polauto,prove_encode,,,,,,,30,0.0024990267120301723,0.0025065600872039794,NVIDIA L40S,AMD EPYC 9334 32-Core Processor x1 threads,n-805,366e3d4b5caeef40f4f5e082b03af55f247cd800,s,4,cnn18c,auto,1,_thr1_wire_polauto,cuda,multiproof,cpu,l40s_improved2_thr1,True,C,fs,128,7,21,1,{'g0_n262144': 21}
cnn,lenet5,defence_C_fs_lam128_rate4_thr1_wire_polauto,prove_fold,,,,,,,30,0.001206922810524702,0.0012058797913293044,NVIDIA L40S,AMD EPYC 9334 32-Core Processor x1 threads,n-805,366e3d4b5caeef40f4f5e082b03af55f247cd800,s,4,cnn18c,auto,1,_thr1_wire_polauto,cuda,multiproof,cpu,l40s_improved2_thr1,True,C,fs,128,7,21,1,{'g0_n262144': 21}
cnn,lenet5,defence_C_fs_lam128_rate4_thr1_wire_polauto,prove_forward,,,,,,,30,0.0007312791422009468,0.0007318111136555671,NVIDIA L40S,AMD EPYC 9334 32-Core Processor x1 threads,n-805,366e3d4b5caeef40f4f5e082b03af55f247cd800,s,4,cnn18c,auto,1,_thr1_wire_polauto,cuda,multiproof,cpu,l40s_improved2_thr1,True,C,fs,128,7,21,1,{'g0_n262144': 21}
cnn,lenet5,defence_C_fs_lam128_rate4_thr1_wire_polauto,prove_open,,,,,,,30,0.0010864180512726307,0.0010854388276735941,NVIDIA L40S,AMD EPYC 9334 32-Core Processor x1 threads,n-805,366e3d4b5caeef40f4f5e082b03af55f247cd800,s,4,cnn18c,auto,1,_thr1_wire_polauto,cuda,multiproof,cpu,l40s_improved2_thr1,True,C,fs,128,7,21,1,{'g0_n262144': 21}
cnn,lenet5,defence_C_fs_lam128_rate4_thr1_wire_polauto,soundness_bits,,,,,,,1,133.24854739934327,133.24854739934327,NVIDIA L40S,AMD EPYC 9334 32-Core Processor x1 threads,n-805,366e3d4b5caeef40f4f5e082b03af55f247cd800,bits,4,cnn18c,auto,1,_thr1_wire_polauto,cuda,multiproof,cpu,l40s_improved2_thr1,True,C,fs,128,7,21,1,{'g0_n262144': 21}
cnn,lenet5,defence_C_fs_lam128_rate4_thr1_wire_polauto,verify_columns,,,,,,,30,0.0009616878814995289,0.0009639742473761241,NVIDIA L40S,AMD EPYC 9334 32-Core Processor x1 threads,n-805,366e3d4b5caeef40f4f5e082b03af55f247cd800,s,4,cnn18c,auto,1,_thr1_wire_polauto,cuda,multiproof,cpu,l40s_improved2_thr1,True,C,fs,128,7,21,1,{'g0_n262144': 21}
cnn,lenet5,defence_C_fs_lam128_rate4_thr1_wire_polauto,verify_decode,,,,,,,30,0.0005370033904910088,0.0005432337522506714,NVIDIA L40S,AMD EPYC 9334 32-Core Processor x1 threads,n-805,366e3d4b5caeef40f4f5e082b03af55f247cd800,s,4,cnn18c,auto,1,_thr1_wire_polauto,cuda,multiproof,cpu,l40s_improved2_thr1,True,C,fs,128,7,21,1,{'g0_n262144': 21}
cnn,lenet5,defence_C_fs_lam128_rate4_thr1_wire_polauto,verify_derive,,,,,,,30,0.00020834477618336678,0.0002100403110186259,NVIDIA L40S,AMD EPYC 9334 32-Core Processor x1 threads,n-805,366e3d4b5caeef40f4f5e082b03af55f247cd800,s,4,cnn18c,auto,1,_thr1_wire_polauto,cuda,multiproof,cpu,l40s_improved2_thr1,True,C,fs,128,7,21,1,{'g0_n262144': 21}
cnn,lenet5,defence_C_fs_lam128_rate4_thr1_wire_polauto,verify_fold,,,,,,,30,0.0,0.0,NVIDIA L40S,AMD EPYC 9334 32-Core Processor x1 threads,n-805,366e3d4b5caeef40f4f5e082b03af55f247cd800,s,4,cnn18c,auto,1,_thr1_wire_polauto,cuda,multiproof,cpu,l40s_improved2_thr1,True,C,fs,128,7,21,1,{'g0_n262144': 21}
cnn,lenet5,defence_C_fs_lam128_rate4_thr1_wire_polauto,verify_products,,,,,,,30,0.0008218684233725071,0.0008250450404981772,NVIDIA L40S,AMD EPYC 9334 32-Core Processor x1 threads,n-805,366e3d4b5caeef40f4f5e082b03af55f247cd800,s,4,cnn18c,auto,1,_thr1_wire_polauto,cuda,multiproof,cpu,l40s_improved2_thr1,True,C,fs,128,7,21,1,{'g0_n262144': 21}
cnn,lenet5,defence_C_fs_lam40_rate4_thr1_wire_polauto,accepted,,,,,,,30,1.0,1.0,NVIDIA L40S,AMD EPYC 9334 32-Core Processor x1 threads,n-805,366e3d4b5caeef40f4f5e082b03af55f247cd800,,4,cnn18c,auto,1,_thr1_wire_polauto,cuda,multiproof,cpu,l40s_improved2_thr1,True,C,fs,40,4,12,1,{'g0_n262144': 12}
cnn,lenet5,defence_C_fs_lam40_rate4_thr1_wire_polauto,bytes_claims,,,,,,,30,14225.0,14401.4,NVIDIA L40S,AMD EPYC 9334 32-Core Processor x1 threads,n-805,366e3d4b5caeef40f4f5e082b03af55f247cd800,B,4,cnn18c,auto,1,_thr1_wire_polauto,cuda,multiproof,cpu,l40s_improved2_thr1,True,C,fs,40,4,12,1,{'g0_n262144': 12}
cnn,lenet5,defence_C_fs_lam40_rate4_thr1_wire_polauto,bytes_columns,,,,,,,30,12772.0,12772.0,NVIDIA L40S,AMD EPYC 9334 32-Core Processor x1 threads,n-805,366e3d4b5caeef40f4f5e082b03af55f247cd800,B,4,cnn18c,auto,1,_thr1_wire_polauto,cuda,multiproof,cpu,l40s_improved2_thr1,True,C,fs,40,4,12,1,{'g0_n262144': 12}
cnn,lenet5,defence_C_fs_lam40_rate4_thr1_wire_polauto,bytes_paths,,,,,,,30,5184.0,5158.4,NVIDIA L40S,AMD EPYC 9334 32-Core Processor x1 threads,n-805,366e3d4b5caeef40f4f5e082b03af55f247cd800,B,4,cnn18c,auto,1,_thr1_wire_polauto,cuda,multiproof,cpu,l40s_improved2_thr1,True,C,fs,40,4,12,1,{'g0_n262144': 12}
cnn,lenet5,defence_C_fs_lam40_rate4_thr1_wire_polauto,bytes_total,,,,,,,30,42444.5,42623.8,NVIDIA L40S,AMD EPYC 9334 32-Core Processor x1 threads,n-805,366e3d4b5caeef40f4f5e082b03af55f247cd800,B,4,cnn18c,auto,1,_thr1_wire_polauto,cuda,multiproof,cpu,l40s_improved2_thr1,True,C,fs,40,4,12,1,{'g0_n262144': 12}
cnn,lenet5,defence_C_fs_lam40_rate4_thr1_wire_polauto,bytes_u,,,,,,,30,10292.0,10292.0,NVIDIA L40S,AMD EPYC 9334 32-Core Processor x1 threads,n-805,366e3d4b5caeef40f4f5e082b03af55f247cd800,B,4,cnn18c,auto,1,_thr1_wire_polauto,cuda,multiproof,cpu,l40s_improved2_thr1,True,C,fs,40,4,12,1,{'g0_n262144': 12}
cnn,lenet5,defence_C_fs_lam40_rate4_thr1_wire_polauto,fs_hash,,,,,,,30,5.652988329529762e-05,5.729819337526957e-05,NVIDIA L40S,AMD EPYC 9334 32-Core Processor x1 threads,n-805,366e3d4b5caeef40f4f5e082b03af55f247cd800,s,4,cnn18c,auto,1,_thr1_wire_polauto,cuda,multiproof,cpu,l40s_improved2_thr1,True,C,fs,40,4,12,1,{'g0_n262144': 12}
cnn,lenet5,defence_C_fs_lam40_rate4_thr1_wire_polauto,gpu_alloc_retries,,,,,,,1,0.0,0.0,NVIDIA L40S,AMD EPYC 9334 32-Core Processor x1 threads,n-805,366e3d4b5caeef40f4f5e082b03af55f247cd800,,4,cnn18c,auto,1,_thr1_wire_polauto,cuda,multiproof,cpu,l40s_improved2_thr1,True,C,fs,40,4,12,1,{'g0_n262144': 12}
cnn,lenet5,defence_C_fs_lam40_rate4_thr1_wire_polauto,gpu_device_allocs,,,,,,,1,0.0,0.0,NVIDIA L40S,AMD EPYC 9334 32-Core Processor x1 threads,n-805,366e3d4b5caeef40f4f5e082b03af55f247cd800,,4,cnn18c,auto,1,_thr1_wire_polauto,cuda,multiproof,cpu,l40s_improved2_thr1,True,C,fs,40,4,12,1,{'g0_n262144': 12}
cnn,lenet5,defence_C_fs_lam40_rate4_thr1_wire_polauto,gpu_peak_memory,,,,,,,1,15529472.0,15529472.0,NVIDIA L40S,AMD EPYC 9334 32-Core Processor x1 threads,n-805,366e3d4b5caeef40f4f5e082b03af55f247cd800,B,4,cnn18c,auto,1,_thr1_wire_polauto,cuda,multiproof,cpu,l40s_improved2_thr1,True,C,fs,40,4,12,1,{'g0_n262144': 12}
cnn,lenet5,defence_C_fs_lam40_rate4_thr1_wire_polauto,gpu_peak_reserved,,,,,,,1,1474297856.0,1474297856.0,NVIDIA L40S,AMD EPYC 9334 32-Core Processor x1 threads,n-805,366e3d4b5caeef40f4f5e082b03af55f247cd800,B,4,cnn18c,auto,1,_thr1_wire_polauto,cuda,multiproof,cpu,l40s_improved2_thr1,True,C,fs,40,4,12,1,{'g0_n262144': 12}
cnn,lenet5,defence_C_fs_lam40_rate4_thr1_wire_polauto,host_peak_rss,,,,,,,1,1183662080.0,1183662080.0,NVIDIA L40S,AMD EPYC 9334 32-Core Processor x1 threads,n-805,366e3d4b5caeef40f4f5e082b03af55f247cd800,B,4,cnn18c,auto,1,_thr1_wire_polauto,cuda,multiproof,cpu,l40s_improved2_thr1,True,C,fs,40,4,12,1,{'g0_n262144': 12}
cnn,lenet5,defence_C_fs_lam40_rate4_thr1_wire_polauto,prove_encode,,,,,,,30,0.0024535860866308212,0.0024443046500285466,NVIDIA L40S,AMD EPYC 9334 32-Core Processor x1 threads,n-805,366e3d4b5caeef40f4f5e082b03af55f247cd800,s,4,cnn18c,auto,1,_thr1_wire_polauto,cuda,multiproof,cpu,l40s_improved2_thr1,True,C,fs,40,4,12,1,{'g0_n262144': 12}
cnn,lenet5,defence_C_fs_lam40_rate4_thr1_wire_polauto,prove_fold,,,,,,,30,0.0011970633640885353,0.0012005707869927088,NVIDIA L40S,AMD EPYC 9334 32-Core Processor x1 threads,n-805,366e3d4b5caeef40f4f5e082b03af55f247cd800,s,4,cnn18c,auto,1,_thr1_wire_polauto,cuda,multiproof,cpu,l40s_improved2_thr1,True,C,fs,40,4,12,1,{'g0_n262144': 12}
cnn,lenet5,defence_C_fs_lam40_rate4_thr1_wire_polauto,prove_forward,,,,,,,30,0.0007293438538908958,0.0007289821282029152,NVIDIA L40S,AMD EPYC 9334 32-Core Processor x1 threads,n-805,366e3d4b5caeef40f4f5e082b03af55f247cd800,s,4,cnn18c,auto,1,_thr1_wire_polauto,cuda,multiproof,cpu,l40s_improved2_thr1,True,C,fs,40,4,12,1,{'g0_n262144': 12}
cnn,lenet5,defence_C_fs_lam40_rate4_thr1_wire_polauto,prove_open,,,,,,,30,0.0010377285070717335,0.0010383736652632555,NVIDIA L40S,AMD EPYC 9334 32-Core Processor x1 threads,n-805,366e3d4b5caeef40f4f5e082b03af55f247cd800,s,4,cnn18c,auto,1,_thr1_wire_polauto,cuda,multiproof,cpu,l40s_improved2_thr1,True,C,fs,40,4,12,1,{'g0_n262144': 12}
cnn,lenet5,defence_C_fs_lam40_rate4_thr1_wire_polauto,soundness_bits,,,,,,,1,48.51046206804587,48.51046206804587,NVIDIA L40S,AMD EPYC 9334 32-Core Processor x1 threads,n-805,366e3d4b5caeef40f4f5e082b03af55f247cd800,bits,4,cnn18c,auto,1,_thr1_wire_polauto,cuda,multiproof,cpu,l40s_improved2_thr1,True,C,fs,40,4,12,1,{'g0_n262144': 12}
cnn,lenet5,defence_C_fs_lam40_rate4_thr1_wire_polauto,verify_columns,,,,,,,30,0.000753338448703289,0.0007520040497183799,NVIDIA L40S,AMD EPYC 9334 32-Core Processor x1 threads,n-805,366e3d4b5caeef40f4f5e082b03af55f247cd800,s,4,cnn18c,auto,1,_thr1_wire_polauto,cuda,multiproof,cpu,l40s_improved2_thr1,True,C,fs,40,4,12,1,{'g0_n262144': 12}
cnn,lenet5,defence_C_fs_lam40_rate4_thr1_wire_polauto,verify_decode,,,,,,,30,0.0005282796919345856,0.0005275715452929338,NVIDIA L40S,AMD EPYC 9334 32-Core Processor x1 threads,n-805,366e3d4b5caeef40f4f5e082b03af55f247cd800,s,4,cnn18c,auto,1,_thr1_wire_polauto,cuda,multiproof,cpu,l40s_improved2_thr1,True,C,fs,40,4,12,1,{'g0_n262144': 12}
cnn,lenet5,defence_C_fs_lam40_rate4_thr1_wire_polauto,verify_derive,,,,,,,30,0.00020845932886004448,0.00020918178682525953,NVIDIA L40S,AMD EPYC 9334 32-Core Processor x1 threads,n-805,366e3d4b5caeef40f4f5e082b03af55f247cd800,s,4,cnn18c,auto,1,_thr1_wire_polauto,cuda,multiproof,cpu,l40s_improved2_thr1,True,C,fs,40,4,12,1,{'g0_n262144': 12}
cnn,lenet5,defence_C_fs_lam40_rate4_thr1_wire_polauto,verify_fold,,,,,,,30,0.0,0.0,NVIDIA L40S,AMD EPYC 9334 32-Core Processor x1 threads,n-805,366e3d4b5caeef40f4f5e082b03af55f247cd800,s,4,cnn18c,auto,1,_thr1_wire_polauto,cuda,multiproof,cpu,l40s_improved2_thr1,True,C,fs,40,4,12,1,{'g0_n262144': 12}
cnn,lenet5,defence_C_fs_lam40_rate4_thr1_wire_polauto,verify_products,,,,,,,30,0.0007467190735042095,0.0007465175042549769,NVIDIA L40S,AMD EPYC 9334 32-Core Processor x1 threads,n-805,366e3d4b5caeef40f4f5e082b03af55f247cd800,s,4,cnn18c,auto,1,_thr1_wire_polauto,cuda,multiproof,cpu,l40s_improved2_thr1,True,C,fs,40,4,12,1,{'g0_n262144': 12}
cnn,lenet5,defence_C_fs_lam80_rate4_thr1_wire_polauto,accepted,,,,,,,30,1.0,1.0,NVIDIA L40S,AMD EPYC 9334 32-Core Processor x1 threads,n-805,366e3d4b5caeef40f4f5e082b03af55f247cd800,,4,cnn18c,auto,1,_thr1_wire_polauto,cuda,multiproof,cpu,l40s_improved2_thr1,True,C,fs,80,5,16,1,{'g0_n262144': 16}
cnn,lenet5,defence_C_fs_lam80_rate4_thr1_wire_polauto,bytes_claims,,,,,,,30,14225.0,14401.4,NVIDIA L40S,AMD EPYC 9334 32-Core Processor x1 threads,n-805,366e3d4b5caeef40f4f5e082b03af55f247cd800,B,4,cnn18c,auto,1,_thr1_wire_polauto,cuda,multiproof,cpu,l40s_improved2_thr1,True,C,fs,80,5,16,1,{'g0_n262144': 16}
cnn,lenet5,defence_C_fs_lam80_rate4_thr1_wire_polauto,bytes_columns,,,,,,,30,16988.0,16988.0,NVIDIA L40S,AMD EPYC 9334 32-Core Processor x1 threads,n-805,366e3d4b5caeef40f4f5e082b03af55f247cd800,B,4,cnn18c,auto,1,_thr1_wire_polauto,cuda,multiproof,cpu,l40s_improved2_thr1,True,C,fs,80,5,16,1,{'g0_n262144': 16}
cnn,lenet5,defence_C_fs_lam80_rate4_thr1_wire_polauto,bytes_paths,,,,,,,30,6752.0,6734.933333333333,NVIDIA L40S,AMD EPYC 9334 32-Core Processor x1 threads,n-805,366e3d4b5caeef40f4f5e082b03af55f247cd800,B,4,cnn18c,auto,1,_thr1_wire_polauto,cuda,multiproof,cpu,l40s_improved2_thr1,True,C,fs,80,5,16,1,{'g0_n262144': 16}
cnn,lenet5,defence_C_fs_lam80_rate4_thr1_wire_polauto,bytes_total,,,,,,,30,50786.5,51020.333333333336,NVIDIA L40S,AMD EPYC 9334 32-Core Processor x1 threads,n-805,366e3d4b5caeef40f4f5e082b03af55f247cd800,B,4,cnn18c,auto,1,_thr1_wire_polauto,cuda,multiproof,cpu,l40s_improved2_thr1,True,C,fs,80,5,16,1,{'g0_n262144': 16}
cnn,lenet5,defence_C_fs_lam80_rate4_thr1_wire_polauto,bytes_u,,,,,,,30,12896.0,12896.0,NVIDIA L40S,AMD EPYC 9334 32-Core Processor x1 threads,n-805,366e3d4b5caeef40f4f5e082b03af55f247cd800,B,4,cnn18c,auto,1,_thr1_wire_polauto,cuda,multiproof,cpu,l40s_improved2_thr1,True,C,fs,80,5,16,1,{'g0_n262144': 16}
cnn,lenet5,defence_C_fs_lam80_rate4_thr1_wire_polauto,fs_hash,,,,,,,30,5.768006667494774e-05,5.778862784306208e-05,NVIDIA L40S,AMD EPYC 9334 32-Core Processor x1 threads,n-805,366e3d4b5caeef40f4f5e082b03af55f247cd800,s,4,cnn18c,auto,1,_thr1_wire_polauto,cuda,multiproof,cpu,l40s_improved2_thr1,True,C,fs,80,5,16,1,{'g0_n262144': 16}
cnn,lenet5,defence_C_fs_lam80_rate4_thr1_wire_polauto,gpu_alloc_retries,,,,,,,1,0.0,0.0,NVIDIA L40S,AMD EPYC 9334 32-Core Processor x1 threads,n-805,366e3d4b5caeef40f4f5e082b03af55f247cd800,,4,cnn18c,auto,1,_thr1_wire_polauto,cuda,multiproof,cpu,l40s_improved2_thr1,True,C,fs,80,5,16,1,{'g0_n262144': 16}
cnn,lenet5,defence_C_fs_lam80_rate4_thr1_wire_polauto,gpu_device_allocs,,,,,,,1,0.0,0.0,NVIDIA L40S,AMD EPYC 9334 32-Core Processor x1 threads,n-805,366e3d4b5caeef40f4f5e082b03af55f247cd800,,4,cnn18c,auto,1,_thr1_wire_polauto,cuda,multiproof,cpu,l40s_improved2_thr1,True,C,fs,80,5,16,1,{'g0_n262144': 16}
cnn,lenet5,defence_C_fs_lam80_rate4_thr1_wire_polauto,gpu_peak_memory,,,,,,,1,15529472.0,15529472.0,NVIDIA L40S,AMD EPYC 9334 32-Core Processor x1 threads,n-805,366e3d4b5caeef40f4f5e082b03af55f247cd800,B,4,cnn18c,auto,1,_thr1_wire_polauto,cuda,multiproof,cpu,l40s_improved2_thr1,True,C,fs,80,5,16,1,{'g0_n262144': 16}
cnn,lenet5,defence_C_fs_lam80_rate4_thr1_wire_polauto,gpu_peak_reserved,,,,,,,1,1474297856.0,1474297856.0,NVIDIA L40S,AMD EPYC 9334 32-Core Processor x1 threads,n-805,366e3d4b5caeef40f4f5e082b03af55f247cd800,B,4,cnn18c,auto,1,_thr1_wire_polauto,cuda,multiproof,cpu,l40s_improved2_thr1,True,C,fs,80,5,16,1,{'g0_n262144': 16}
cnn,lenet5,defence_C_fs_lam80_rate4_thr1_wire_polauto,host_peak_rss,,,,,,,1,1184489472.0,1184489472.0,NVIDIA L40S,AMD EPYC 9334 32-Core Processor x1 threads,n-805,366e3d4b5caeef40f4f5e082b03af55f247cd800,B,4,cnn18c,auto,1,_thr1_wire_polauto,cuda,multiproof,cpu,l40s_improved2_thr1,True,C,fs,80,5,16,1,{'g0_n262144': 16}
cnn,lenet5,defence_C_fs_lam80_rate4_thr1_wire_polauto,prove_encode,,,,,,,30,0.0024684551171958447,0.0024680875241756437,NVIDIA L40S,AMD EPYC 9334 32-Core Processor x1 threads,n-805,366e3d4b5caeef40f4f5e082b03af55f247cd800,s,4,cnn18c,auto,1,_thr1_wire_polauto,cuda,multiproof,cpu,l40s_improved2_thr1,True,C,fs,80,5,16,1,{'g0_n262144': 16}
cnn,lenet5,defence_C_fs_lam80_rate4_thr1_wire_polauto,prove_fold,,,,,,,30,0.001202127430588007,0.0012061764486134053,NVIDIA L40S,AMD EPYC 9334 32-Core Processor x1 threads,n-805,366e3d4b5caeef40f4f5e082b03af55f247cd800,s,4,cnn18c,auto,1,_thr1_wire_polauto,cuda,multiproof,cpu,l40s_improved2_thr1,True,C,fs,80,5,16,1,{'g0_n262144': 16}
cnn,lenet5,defence_C_fs_lam80_rate4_thr1_wire_polauto,prove_forward,,,,,,,30,0.0007326486520469189,0.0007340582087635994,NVIDIA L40S,AMD EPYC 9334 32-Core Processor x1 threads,n-805,366e3d4b5caeef40f4f5e082b03af55f247cd800,s,4,cnn18c,auto,1,_thr1_wire_polauto,cuda,multiproof,cpu,l40s_improved2_thr1,True,C,fs,80,5,16,1,{'g0_n262144': 16}
cnn,lenet5,defence_C_fs_lam80_rate4_thr1_wire_polauto,prove_open,,,,,,,30,0.0010563130490481853,0.0010563598945736886,NVIDIA L40S,AMD EPYC 9334 32-Core Processor x1 threads,n-805,366e3d4b5caeef40f4f5e082b03af55f247cd800,s,4,cnn18c,auto,1,_thr1_wire_polauto,cuda,multiproof,cpu,l40s_improved2_thr1,True,C,fs,80,5,16,1,{'g0_n262144': 16}
cnn,lenet5,defence_C_fs_lam80_rate4_thr1_wire_polauto,soundness_bits,,,,,,,1,85.82917696242427,85.82917696242427,NVIDIA L40S,AMD EPYC 9334 32-Core Processor x1 threads,n-805,366e3d4b5caeef40f4f5e082b03af55f247cd800,bits,4,cnn18c,auto,1,_thr1_wire_polauto,cuda,multiproof,cpu,l40s_improved2_thr1,True,C,fs,80,5,16,1,{'g0_n262144': 16}
cnn,lenet5,defence_C_fs_lam80_rate4_thr1_wire_polauto,verify_columns,,,,,,,30,0.0008369879797101021,0.0008390879879395167,NVIDIA L40S,AMD EPYC 9334 32-Core Processor x1 threads,n-805,366e3d4b5caeef40f4f5e082b03af55f247cd800,s,4,cnn18c,auto,1,_thr1_wire_polauto,cuda,multiproof,cpu,l40s_improved2_thr1,True,C,fs,80,5,16,1,{'g0_n262144': 16}
cnn,lenet5,defence_C_fs_lam80_rate4_thr1_wire_polauto,verify_decode,,,,,,,30,0.0005314694717526436,0.0005331486773987611,NVIDIA L40S,AMD EPYC 9334 32-Core Processor x1 threads,n-805,366e3d4b5caeef40f4f5e082b03af55f247cd800,s,4,cnn18c,auto,1,_thr1_wire_polauto,cuda,multiproof,cpu,l40s_improved2_thr1,True,C,fs,80,5,16,1,{'g0_n262144': 16}
cnn,lenet5,defence_C_fs_lam80_rate4_thr1_wire_polauto,verify_derive,,,,,,,30,0.0002072453498840332,0.0002106941305100918,NVIDIA L40S,AMD EPYC 9334 32-Core Processor x1 threads,n-805,366e3d4b5caeef40f4f5e082b03af55f247cd800,s,4,cnn18c,auto,1,_thr1_wire_polauto,cuda,multiproof,cpu,l40s_improved2_thr1,True,C,fs,80,5,16,1,{'g0_n262144': 16}
cnn,lenet5,defence_C_fs_lam80_rate4_thr1_wire_polauto,verify_fold,,,,,,,30,0.0,0.0,NVIDIA L40S,AMD EPYC 9334 32-Core Processor x1 threads,n-805,366e3d4b5caeef40f4f5e082b03af55f247cd800,s,4,cnn18c,auto,1,_thr1_wire_polauto,cuda,multiproof,cpu,l40s_improved2_thr1,True,C,fs,80,5,16,1,{'g0_n262144': 16}
cnn,lenet5,defence_C_fs_lam80_rate4_thr1_wire_polauto,verify_products,,,,,,,30,0.0007770834490656853,0.0007789887177447478,NVIDIA L40S,AMD EPYC 9334 32-Core Processor x1 threads,n-805,366e3d4b5caeef40f4f5e082b03af55f247cd800,s,4,cnn18c,auto,1,_thr1_wire_polauto,cuda,multiproof,cpu,l40s_improved2_thr1,True,C,fs,80,5,16,1,{'g0_n262144': 16}
cnn,lenet5,defence_C_int_lam128_rate4_thr1_wire_polauto,accepted,,,,,,,30,1.0,1.0,NVIDIA L40S,AMD EPYC 9334 32-Core Processor x1 threads,n-805,366e3d4b5caeef40f4f5e082b03af55f247cd800,,4,cnn18c,auto,1,_thr1_wire_polauto,cuda,multiproof,cpu,l40s_improved2_thr1,True,C,int,128,5,15,1,{'g0_n262144': 15}
cnn,lenet5,defence_C_int_lam128_rate4_thr1_wire_polauto,accepted,32,,,,,,1,1.0,1.0,NVIDIA L40S,AMD EPYC 9334 32-Core Processor x1 threads,n-805,366e3d4b5caeef40f4f5e082b03af55f247cd800,,4,cnn18c,auto,1,_thr1_wire_polauto,cuda,multiproof,cpu,l40s_improved2_thr1,True,C,int,128,5,15,1,{'g0_n262144': 15}
cnn,lenet5,defence_C_int_lam128_rate4_thr1_wire_polauto,accepted,8,,,,,,1,1.0,1.0,NVIDIA L40S,AMD EPYC 9334 32-Core Processor x1 threads,n-805,366e3d4b5caeef40f4f5e082b03af55f247cd800,,4,cnn18c,auto,1,_thr1_wire_polauto,cuda,multiproof,cpu,l40s_improved2_thr1,True,C,int,128,5,15,1,{'g0_n262144': 15}
cnn,lenet5,defence_C_int_lam128_rate4_thr1_wire_polauto,bytes_claims,,,,,,,30,14225.0,14401.4,NVIDIA L40S,AMD EPYC 9334 32-Core Processor x1 threads,n-805,366e3d4b5caeef40f4f5e082b03af55f247cd800,B,4,cnn18c,auto,1,_thr1_wire_polauto,cuda,multiproof,cpu,l40s_improved2_thr1,True,C,int,128,5,15,1,{'g0_n262144': 15}
cnn,lenet5,defence_C_int_lam128_rate4_thr1_wire_polauto,bytes_claims,32,,,,,,1,560005.0,560005.0,NVIDIA L40S,AMD EPYC 9334 32-Core Processor x1 threads,n-805,366e3d4b5caeef40f4f5e082b03af55f247cd800,B,4,cnn18c,auto,1,_thr1_wire_polauto,cuda,multiproof,cpu,l40s_improved2_thr1,True,C,int,128,5,15,1,{'g0_n262144': 15}
cnn,lenet5,defence_C_int_lam128_rate4_thr1_wire_polauto,bytes_claims,8,,,,,,1,115181.0,115181.0,NVIDIA L40S,AMD EPYC 9334 32-Core Processor x1 threads,n-805,366e3d4b5caeef40f4f5e082b03af55f247cd800,B,4,cnn18c,auto,1,_thr1_wire_polauto,cuda,multiproof,cpu,l40s_improved2_thr1,True,C,int,128,5,15,1,{'g0_n262144': 15}
cnn,lenet5,defence_C_int_lam128_rate4_thr1_wire_polauto,bytes_columns,,,,,,,30,15872.0,15872.0,NVIDIA L40S,AMD EPYC 9334 32-Core Processor x1 threads,n-805,366e3d4b5caeef40f4f5e082b03af55f247cd800,B,4,cnn18c,auto,1,_thr1_wire_polauto,cuda,multiproof,cpu,l40s_improved2_thr1,True,C,int,128,5,15,1,{'g0_n262144': 15}
cnn,lenet5,defence_C_int_lam128_rate4_thr1_wire_polauto,bytes_columns,32,,,,,,1,15872.0,15872.0,NVIDIA L40S,AMD EPYC 9334 32-Core Processor x1 threads,n-805,366e3d4b5caeef40f4f5e082b03af55f247cd800,B,4,cnn18c,auto,1,_thr1_wire_polauto,cuda,multiproof,cpu,l40s_improved2_thr1,True,C,int,128,5,15,1,{'g0_n262144': 15}
cnn,lenet5,defence_C_int_lam128_rate4_thr1_wire_polauto,bytes_columns,8,,,,,,1,15872.0,15872.0,NVIDIA L40S,AMD EPYC 9334 32-Core Processor x1 threads,n-805,366e3d4b5caeef40f4f5e082b03af55f247cd800,B,4,cnn18c,auto,1,_thr1_wire_polauto,cuda,multiproof,cpu,l40s_improved2_thr1,True,C,int,128,5,15,1,{'g0_n262144': 15}
cnn,lenet5,defence_C_int_lam128_rate4_thr1_wire_polauto,bytes_paths,,,,,,,30,6416.0,6429.866666666667,NVIDIA L40S,AMD EPYC 9334 32-Core Processor x1 threads,n-805,366e3d4b5caeef40f4f5e082b03af55f247cd800,B,4,cnn18c,auto,1,_thr1_wire_polauto,cuda,multiproof,cpu,l40s_improved2_thr1,True,C,int,128,5,15,1,{'g0_n262144': 15}
cnn,lenet5,defence_C_int_lam128_rate4_thr1_wire_polauto,bytes_paths,32,,,,,,1,6336.0,6336.0,NVIDIA L40S,AMD EPYC 9334 32-Core Processor x1 threads,n-805,366e3d4b5caeef40f4f5e082b03af55f247cd800,B,4,cnn18c,auto,1,_thr1_wire_polauto,cuda,multiproof,cpu,l40s_improved2_thr1,True,C,int,128,5,15,1,{'g0_n262144': 15}
cnn,lenet5,defence_C_int_lam128_rate4_thr1_wire_polauto,bytes_paths,8,,,,,,1,6304.0,6304.0,NVIDIA L40S,AMD EPYC 9334 32-Core Processor x1 threads,n-805,366e3d4b5caeef40f4f5e082b03af55f247cd800,B,4,cnn18c,auto,1,_thr1_wire_polauto,cuda,multiproof,cpu,l40s_improved2_thr1,True,C,int,128,5,15,1,{'g0_n262144': 15}
cnn,lenet5,defence_C_int_lam128_rate4_thr1_wire_polauto,bytes_total,,,,,,,30,49450.0,49599.26666666667,NVIDIA L40S,AMD EPYC 9334 32-Core Processor x1 threads,n-805,366e3d4b5caeef40f4f5e082b03af55f247cd800,B,4,cnn18c,auto,1,_thr1_wire_polauto,cuda,multiproof,cpu,l40s_improved2_thr1,True,C,int,128,5,15,1,{'g0_n262144': 15}
cnn,lenet5,defence_C_int_lam128_rate4_thr1_wire_polauto,bytes_total,32,,,,,,1,595109.0,595109.0,NVIDIA L40S,AMD EPYC 9334 32-Core Processor x1 threads,n-805,366e3d4b5caeef40f4f5e082b03af55f247cd800,B,4,cnn18c,auto,1,_thr1_wire_polauto,cuda,multiproof,cpu,l40s_improved2_thr1,True,C,int,128,5,15,1,{'g0_n262144': 15}
cnn,lenet5,defence_C_int_lam128_rate4_thr1_wire_polauto,bytes_total,8,,,,,,1,150253.0,150253.0,NVIDIA L40S,AMD EPYC 9334 32-Core Processor x1 threads,n-805,366e3d4b5caeef40f4f5e082b03af55f247cd800,B,4,cnn18c,auto,1,_thr1_wire_polauto,cuda,multiproof,cpu,l40s_improved2_thr1,True,C,int,128,5,15,1,{'g0_n262144': 15}
cnn,lenet5,defence_C_int_lam128_rate4_thr1_wire_polauto,bytes_u,,,,,,,30,12896.0,12896.0,NVIDIA L40S,AMD EPYC 9334 32-Core Processor x1 threads,n-805,366e3d4b5caeef40f4f5e082b03af55f247cd800,B,4,cnn18c,auto,1,_thr1_wire_polauto,cuda,multiproof,cpu,l40s_improved2_thr1,True,C,int,128,5,15,1,{'g0_n262144': 15}
cnn,lenet5,defence_C_int_lam128_rate4_thr1_wire_polauto,bytes_u,32,,,,,,1,12896.0,12896.0,NVIDIA L40S,AMD EPYC 9334 32-Core Processor x1 threads,n-805,366e3d4b5caeef40f4f5e082b03af55f247cd800,B,4,cnn18c,auto,1,_thr1_wire_polauto,cuda,multiproof,cpu,l40s_improved2_thr1,True,C,int,128,5,15,1,{'g0_n262144': 15}
cnn,lenet5,defence_C_int_lam128_rate4_thr1_wire_polauto,bytes_u,8,,,,,,1,12896.0,12896.0,NVIDIA L40S,AMD EPYC 9334 32-Core Processor x1 threads,n-805,366e3d4b5caeef40f4f5e082b03af55f247cd800,B,4,cnn18c,auto,1,_thr1_wire_polauto,cuda,multiproof,cpu,l40s_improved2_thr1,True,C,int,128,5,15,1,{'g0_n262144': 15}
cnn,lenet5,defence_C_int_lam128_rate4_thr1_wire_polauto,fs_hash,,,,,,,30,4.498288035392761e-07,4.904034237066905e-07,NVIDIA L40S,AMD EPYC 9334 32-Core Processor x1 threads,n-805,366e3d4b5caeef40f4f5e082b03af55f247cd800,s,4,cnn18c,auto,1,_thr1_wire_polauto,cuda,multiproof,cpu,l40s_improved2_thr1,True,C,int,128,5,15,1,{'g0_n262144': 15}
cnn,lenet5,defence_C_int_lam128_rate4_thr1_wire_polauto,fs_hash,32,,,,,,1,4.302710294723511e-07,4.302710294723511e-07,NVIDIA L40S,AMD EPYC 9334 32-Core Processor x1 threads,n-805,366e3d4b5caeef40f4f5e082b03af55f247cd800,s,4,cnn18c,auto,1,_thr1_wire_polauto,cuda,multiproof,cpu,l40s_improved2_thr1,True,C,int,128,5,15,1,{'g0_n262144': 15}
cnn,lenet5,defence_C_int_lam128_rate4_thr1_wire_polauto,fs_hash,8,,,,,,1,6.901100277900696e-07,6.901100277900696e-07,NVIDIA L40S,AMD EPYC 9334 32-Core Processor x1 threads,n-805,366e3d4b5caeef40f4f5e082b03af55f247cd800,s,4,cnn18c,auto,1,_thr1_wire_polauto,cuda,multiproof,cpu,l40s_improved2_thr1,True,C,int,128,5,15,1,{'g0_n262144': 15}
cnn,lenet5,defence_C_int_lam128_rate4_thr1_wire_polauto,gpu_alloc_retries,,,,,,,1,0.0,0.0,NVIDIA L40S,AMD EPYC 9334 32-Core Processor x1 threads,n-805,366e3d4b5caeef40f4f5e082b03af55f247cd800,,4,cnn18c,auto,1,_thr1_wire_polauto,cuda,multiproof,cpu,l40s_improved2_thr1,True,C,int,128,5,15,1,{'g0_n262144': 15}
cnn,lenet5,defence_C_int_lam128_rate4_thr1_wire_polauto,gpu_alloc_retries,32,,,,,,1,0.0,0.0,NVIDIA L40S,AMD EPYC 9334 32-Core Processor x1 threads,n-805,366e3d4b5caeef40f4f5e082b03af55f247cd800,,4,cnn18c,auto,1,_thr1_wire_polauto,cuda,multiproof,cpu,l40s_improved2_thr1,True,C,int,128,5,15,1,{'g0_n262144': 15}
cnn,lenet5,defence_C_int_lam128_rate4_thr1_wire_polauto,gpu_alloc_retries,8,,,,,,1,0.0,0.0,NVIDIA L40S,AMD EPYC 9334 32-Core Processor x1 threads,n-805,366e3d4b5caeef40f4f5e082b03af55f247cd800,,4,cnn18c,auto,1,_thr1_wire_polauto,cuda,multiproof,cpu,l40s_improved2_thr1,True,C,int,128,5,15,1,{'g0_n262144': 15}
cnn,lenet5,defence_C_int_lam128_rate4_thr1_wire_polauto,gpu_device_allocs,,,,,,,1,0.0,0.0,NVIDIA L40S,AMD EPYC 9334 32-Core Processor x1 threads,n-805,366e3d4b5caeef40f4f5e082b03af55f247cd800,,4,cnn18c,auto,1,_thr1_wire_polauto,cuda,multiproof,cpu,l40s_improved2_thr1,True,C,int,128,5,15,1,{'g0_n262144': 15}
cnn,lenet5,defence_C_int_lam128_rate4_thr1_wire_polauto,gpu_device_allocs,32,,,,,,1,0.0,0.0,NVIDIA L40S,AMD EPYC 9334 32-Core Processor x1 threads,n-805,366e3d4b5caeef40f4f5e082b03af55f247cd800,,4,cnn18c,auto,1,_thr1_wire_polauto,cuda,multiproof,cpu,l40s_improved2_thr1,True,C,int,128,5,15,1,{'g0_n262144': 15}
cnn,lenet5,defence_C_int_lam128_rate4_thr1_wire_polauto,gpu_device_allocs,8,,,,,,1,0.0,0.0,NVIDIA L40S,AMD EPYC 9334 32-Core Processor x1 threads,n-805,366e3d4b5caeef40f4f5e082b03af55f247cd800,,4,cnn18c,auto,1,_thr1_wire_polauto,cuda,multiproof,cpu,l40s_improved2_thr1,True,C,int,128,5,15,1,{'g0_n262144': 15}
cnn,lenet5,defence_C_int_lam128_rate4_thr1_wire_polauto,gpu_peak_memory,,,,,,,1,13992960.0,13992960.0,NVIDIA L40S,AMD EPYC 9334 32-Core Processor x1 threads,n-805,366e3d4b5caeef40f4f5e082b03af55f247cd800,B,4,cnn18c,auto,1,_thr1_wire_polauto,cuda,multiproof,cpu,l40s_improved2_thr1,True,C,int,128,5,15,1,{'g0_n262144': 15}
cnn,lenet5,defence_C_int_lam128_rate4_thr1_wire_polauto,gpu_peak_memory,32,,,,,,1,37488640.0,37488640.0,NVIDIA L40S,AMD EPYC 9334 32-Core Processor x1 threads,n-805,366e3d4b5caeef40f4f5e082b03af55f247cd800,B,4,cnn18c,auto,1,_thr1_wire_polauto,cuda,multiproof,cpu,l40s_improved2_thr1,True,C,int,128,5,15,1,{'g0_n262144': 15}
cnn,lenet5,defence_C_int_lam128_rate4_thr1_wire_polauto,gpu_peak_memory,8,,,,,,1,20282368.0,20282368.0,NVIDIA L40S,AMD EPYC 9334 32-Core Processor x1 threads,n-805,366e3d4b5caeef40f4f5e082b03af55f247cd800,B,4,cnn18c,auto,1,_thr1_wire_polauto,cuda,multiproof,cpu,l40s_improved2_thr1,True,C,int,128,5,15,1,{'g0_n262144': 15}
cnn,lenet5,defence_C_int_lam128_rate4_thr1_wire_polauto,gpu_peak_reserved,,,,,,,1,1474297856.0,1474297856.0,NVIDIA L40S,AMD EPYC 9334 32-Core Processor x1 threads,n-805,366e3d4b5caeef40f4f5e082b03af55f247cd800,B,4,cnn18c,auto,1,_thr1_wire_polauto,cuda,multiproof,cpu,l40s_improved2_thr1,True,C,int,128,5,15,1,{'g0_n262144': 15}
cnn,lenet5,defence_C_int_lam128_rate4_thr1_wire_polauto,gpu_peak_reserved,32,,,,,,1,1474297856.0,1474297856.0,NVIDIA L40S,AMD EPYC 9334 32-Core Processor x1 threads,n-805,366e3d4b5caeef40f4f5e082b03af55f247cd800,B,4,cnn18c,auto,1,_thr1_wire_polauto,cuda,multiproof,cpu,l40s_improved2_thr1,True,C,int,128,5,15,1,{'g0_n262144': 15}
cnn,lenet5,defence_C_int_lam128_rate4_thr1_wire_polauto,gpu_peak_reserved,8,,,,,,1,1474297856.0,1474297856.0,NVIDIA L40S,AMD EPYC 9334 32-Core Processor x1 threads,n-805,366e3d4b5caeef40f4f5e082b03af55f247cd800,B,4,cnn18c,auto,1,_thr1_wire_polauto,cuda,multiproof,cpu,l40s_improved2_thr1,True,C,int,128,5,15,1,{'g0_n262144': 15}
cnn,lenet5,defence_C_int_lam128_rate4_thr1_wire_polauto,host_peak_rss,,,,,,,1,1184489472.0,1184489472.0,NVIDIA L40S,AMD EPYC 9334 32-Core Processor x1 threads,n-805,366e3d4b5caeef40f4f5e082b03af55f247cd800,B,4,cnn18c,auto,1,_thr1_wire_polauto,cuda,multiproof,cpu,l40s_improved2_thr1,True,C,int,128,5,15,1,{'g0_n262144': 15}
cnn,lenet5,defence_C_int_lam128_rate4_thr1_wire_polauto,host_peak_rss,32,,,,,,1,1216995328.0,1216995328.0,NVIDIA L40S,AMD EPYC 9334 32-Core Processor x1 threads,n-805,366e3d4b5caeef40f4f5e082b03af55f247cd800,B,4,cnn18c,auto,1,_thr1_wire_polauto,cuda,multiproof,cpu,l40s_improved2_thr1,True,C,int,128,5,15,1,{'g0_n262144': 15}
cnn,lenet5,defence_C_int_lam128_rate4_thr1_wire_polauto,host_peak_rss,8,,,,,,1,1184489472.0,1184489472.0,NVIDIA L40S,AMD EPYC 9334 32-Core Processor x1 threads,n-805,366e3d4b5caeef40f4f5e082b03af55f247cd800,B,4,cnn18c,auto,1,_thr1_wire_polauto,cuda,multiproof,cpu,l40s_improved2_thr1,True,C,int,128,5,15,1,{'g0_n262144': 15}
cnn,lenet5,defence_C_int_lam128_rate4_thr1_wire_polauto,prove_encode,,,,,,,30,0.0024625821970403194,0.002458868424097697,NVIDIA L40S,AMD EPYC 9334 32-Core Processor x1 threads,n-805,366e3d4b5caeef40f4f5e082b03af55f247cd800,s,4,cnn18c,auto,1,_thr1_wire_polauto,cuda,multiproof,cpu,l40s_improved2_thr1,True,C,int,128,5,15,1,{'g0_n262144': 15}
cnn,lenet5,defence_C_int_lam128_rate4_thr1_wire_polauto,prove_encode,32,,,,,,1,0.0037344442680478096,0.0037344442680478096,NVIDIA L40S,AMD EPYC 9334 32-Core Processor x1 threads,n-805,366e3d4b5caeef40f4f5e082b03af55f247cd800,s,4,cnn18c,auto,1,_thr1_wire_polauto,cuda,multiproof,cpu,l40s_improved2_thr1,True,C,int,128,5,15,1,{'g0_n262144': 15}
cnn,lenet5,defence_C_int_lam128_rate4_thr1_wire_polauto,prove_encode,8,,,,,,1,0.003138813190162182,0.003138813190162182,NVIDIA L40S,AMD EPYC 9334 32-Core Processor x1 threads,n-805,366e3d4b5caeef40f4f5e082b03af55f247cd800,s,4,cnn18c,auto,1,_thr1_wire_polauto,cuda,multiproof,cpu,l40s_improved2_thr1,True,C,int,128,5,15,1,{'g0_n262144': 15}
cnn,lenet5,defence_C_int_lam128_rate4_thr1_wire_polauto,prove_fold,,,,,,,30,0.001199008896946907,0.001200500192741553,NVIDIA L40S,AMD EPYC 9334 32-Core Processor x1 threads,n-805,366e3d4b5caeef40f4f5e082b03af55f247cd800,s,4,cnn18c,auto,1,_thr1_wire_polauto,cuda,multiproof,cpu,l40s_improved2_thr1,True,C,int,128,5,15,1,{'g0_n262144': 15}
cnn,lenet5,defence_C_int_lam128_rate4_thr1_wire_polauto,prove_fold,32,,,,,,1,0.0012444285675883293,0.0012444285675883293,NVIDIA L40S,AMD EPYC 9334 32-Core Processor x1 threads,n-805,366e3d4b5caeef40f4f5e082b03af55f247cd800,s,4,cnn18c,auto,1,_thr1_wire_polauto,cuda,multiproof,cpu,l40s_improved2_thr1,True,C,int,128,5,15,1,{'g0_n262144': 15}
cnn,lenet5,defence_C_int_lam128_rate4_thr1_wire_polauto,prove_fold,8,,,,,,1,0.0012387782335281372,0.0012387782335281372,NVIDIA L40S,AMD EPYC 9334 32-Core Processor x1 threads,n-805,366e3d4b5caeef40f4f5e082b03af55f247cd800,s,4,cnn18c,auto,1,_thr1_wire_polauto,cuda,multiproof,cpu,l40s_improved2_thr1,True,C,int,128,5,15,1,{'g0_n262144': 15}
cnn,lenet5,defence_C_int_lam128_rate4_thr1_wire_polauto,prove_forward,,,,,,,30,0.0007313438691198826,0.0007330941967666149,NVIDIA L40S,AMD EPYC 9334 32-Core Processor x1 threads,n-805,366e3d4b5caeef40f4f5e082b03af55f247cd800,s,4,cnn18c,auto,1,_thr1_wire_polauto,cuda,multiproof,cpu,l40s_improved2_thr1,True,C,int,128,5,15,1,{'g0_n262144': 15}
cnn,lenet5,defence_C_int_lam128_rate4_thr1_wire_polauto,prove_forward,32,,,,,,1,0.0010191481560468674,0.0010191481560468674,NVIDIA L40S,AMD EPYC 9334 32-Core Processor x1 threads,n-805,366e3d4b5caeef40f4f5e082b03af55f247cd800,s,4,cnn18c,auto,1,_thr1_wire_polauto,cuda,multiproof,cpu,l40s_improved2_thr1,True,C,int,128,5,15,1,{'g0_n262144': 15}
cnn,lenet5,defence_C_int_lam128_rate4_thr1_wire_polauto,prove_forward,8,,,,,,1,0.0008580386638641357,0.0008580386638641357,NVIDIA L40S,AMD EPYC 9334 32-Core Processor x1 threads,n-805,366e3d4b5caeef40f4f5e082b03af55f247cd800,s,4,cnn18c,auto,1,_thr1_wire_polauto,cuda,multiproof,cpu,l40s_improved2_thr1,True,C,int,128,5,15,1,{'g0_n262144': 15}
cnn,lenet5,defence_C_int_lam128_rate4_thr1_wire_polauto,prove_open,,,,,,,30,0.0010518878698349,0.0010517793707549572,NVIDIA L40S,AMD EPYC 9334 32-Core Processor x1 threads,n-805,366e3d4b5caeef40f4f5e082b03af55f247cd800,s,4,cnn18c,auto,1,_thr1_wire_polauto,cuda,multiproof,cpu,l40s_improved2_thr1,True,C,int,128,5,15,1,{'g0_n262144': 15}
cnn,lenet5,defence_C_int_lam128_rate4_thr1_wire_polauto,prove_open,32,,,,,,1,0.0013247383758425713,0.0013247383758425713,NVIDIA L40S,AMD EPYC 9334 32-Core Processor x1 threads,n-805,366e3d4b5caeef40f4f5e082b03af55f247cd800,s,4,cnn18c,auto,1,_thr1_wire_polauto,cuda,multiproof,cpu,l40s_improved2_thr1,True,C,int,128,5,15,1,{'g0_n262144': 15}
cnn,lenet5,defence_C_int_lam128_rate4_thr1_wire_polauto,prove_open,8,,,,,,1,0.0011078976094722748,0.0011078976094722748,NVIDIA L40S,AMD EPYC 9334 32-Core Processor x1 threads,n-805,366e3d4b5caeef40f4f5e082b03af55f247cd800,s,4,cnn18c,auto,1,_thr1_wire_polauto,cuda,multiproof,cpu,l40s_improved2_thr1,True,C,int,128,5,15,1,{'g0_n262144': 15}
cnn,lenet5,defence_C_int_lam128_rate4_thr1_wire_polauto,soundness_bits,,,,,,,1,140.72444475610837,140.72444475610837,NVIDIA L40S,AMD EPYC 9334 32-Core Processor x1 threads,n-805,366e3d4b5caeef40f4f5e082b03af55f247cd800,bits,4,cnn18c,auto,1,_thr1_wire_polauto,cuda,multiproof,cpu,l40s_improved2_thr1,True,C,int,128,5,15,1,{'g0_n262144': 15}
cnn,lenet5,defence_C_int_lam128_rate4_thr1_wire_polauto,verify_columns,,,,,,,30,0.0008270787075161934,0.0008276165773471196,NVIDIA L40S,AMD EPYC 9334 32-Core Processor x1 threads,n-805,366e3d4b5caeef40f4f5e082b03af55f247cd800,s,4,cnn18c,auto,1,_thr1_wire_polauto,cuda,multiproof,cpu,l40s_improved2_thr1,True,C,int,128,5,15,1,{'g0_n262144': 15}
cnn,lenet5,defence_C_int_lam128_rate4_thr1_wire_polauto,verify_columns,32,,,,,,1,0.0008735284209251404,0.0008735284209251404,NVIDIA L40S,AMD EPYC 9334 32-Core Processor x1 threads,n-805,366e3d4b5caeef40f4f5e082b03af55f247cd800,s,4,cnn18c,auto,1,_thr1_wire_polauto,cuda,multiproof,cpu,l40s_improved2_thr1,True,C,int,128,5,15,1,{'g0_n262144': 15}
cnn,lenet5,defence_C_int_lam128_rate4_thr1_wire_polauto,verify_columns,8,,,,,,1,0.0008458895608782768,0.0008458895608782768,NVIDIA L40S,AMD EPYC 9334 32-Core Processor x1 threads,n-805,366e3d4b5caeef40f4f5e082b03af55f247cd800,s,4,cnn18c,auto,1,_thr1_wire_polauto,cuda,multiproof,cpu,l40s_improved2_thr1,True,C,int,128,5,15,1,{'g0_n262144': 15}
cnn,lenet5,defence_C_int_lam128_rate4_thr1_wire_polauto,verify_decode,,,,,,,30,0.0005356180481612682,0.0005357434662679831,NVIDIA L40S,AMD EPYC 9334 32-Core Processor x1 threads,n-805,366e3d4b5caeef40f4f5e082b03af55f247cd800,s,4,cnn18c,auto,1,_thr1_wire_polauto,cuda,multiproof,cpu,l40s_improved2_thr1,True,C,int,128,5,15,1,{'g0_n262144': 15}
cnn,lenet5,defence_C_int_lam128_rate4_thr1_wire_polauto,verify_decode,32,,,,,,1,0.004951692186295986,0.004951692186295986,NVIDIA L40S,AMD EPYC 9334 32-Core Processor x1 threads,n-805,366e3d4b5caeef40f4f5e082b03af55f247cd800,s,4,cnn18c,auto,1,_thr1_wire_polauto,cuda,multiproof,cpu,l40s_improved2_thr1,True,C,int,128,5,15,1,{'g0_n262144': 15}
cnn,lenet5,defence_C_int_lam128_rate4_thr1_wire_polauto,verify_decode,8,,,,,,1,0.004092201590538025,0.004092201590538025,NVIDIA L40S,AMD EPYC 9334 32-Core Processor x1 threads,n-805,366e3d4b5caeef40f4f5e082b03af55f247cd800,s,4,cnn18c,auto,1,_thr1_wire_polauto,cuda,multiproof,cpu,l40s_improved2_thr1,True,C,int,128,5,15,1,{'g0_n262144': 15}
cnn,lenet5,defence_C_int_lam128_rate4_thr1_wire_polauto,verify_derive,,,,,,,30,0.00020801974460482597,0.00021002373347679774,NVIDIA L40S,AMD EPYC 9334 32-Core Processor x1 threads,n-805,366e3d4b5caeef40f4f5e082b03af55f247cd800,s,4,cnn18c,auto,1,_thr1_wire_polauto,cuda,multiproof,cpu,l40s_improved2_thr1,True,C,int,128,5,15,1,{'g0_n262144': 15}
cnn,lenet5,defence_C_int_lam128_rate4_thr1_wire_polauto,verify_derive,32,,,,,,1,0.0013158377259969711,0.0013158377259969711,NVIDIA L40S,AMD EPYC 9334 32-Core Processor x1 threads,n-805,366e3d4b5caeef40f4f5e082b03af55f247cd800,s,4,cnn18c,auto,1,_thr1_wire_polauto,cuda,multiproof,cpu,l40s_improved2_thr1,True,C,int,128,5,15,1,{'g0_n262144': 15}
cnn,lenet5,defence_C_int_lam128_rate4_thr1_wire_polauto,verify_derive,8,,,,,,1,0.00047750864177942276,0.00047750864177942276,NVIDIA L40S,AMD EPYC 9334 32-Core Processor x1 threads,n-805,366e3d4b5caeef40f4f5e082b03af55f247cd800,s,4,cnn18c,auto,1,_thr1_wire_polauto,cuda,multiproof,cpu,l40s_improved2_thr1,True,C,int,128,5,15,1,{'g0_n262144': 15}
cnn,lenet5,defence_C_int_lam128_rate4_thr1_wire_polauto,verify_fold,,,,,,,30,0.0,0.0,NVIDIA L40S,AMD EPYC 9334 32-Core Processor x1 threads,n-805,366e3d4b5caeef40f4f5e082b03af55f247cd800,s,4,cnn18c,auto,1,_thr1_wire_polauto,cuda,multiproof,cpu,l40s_improved2_thr1,True,C,int,128,5,15,1,{'g0_n262144': 15}
cnn,lenet5,defence_C_int_lam128_rate4_thr1_wire_polauto,verify_fold,32,,,,,,1,0.0,0.0,NVIDIA L40S,AMD EPYC 9334 32-Core Processor x1 threads,n-805,366e3d4b5caeef40f4f5e082b03af55f247cd800,s,4,cnn18c,auto,1,_thr1_wire_polauto,cuda,multiproof,cpu,l40s_improved2_thr1,True,C,int,128,5,15,1,{'g0_n262144': 15}
cnn,lenet5,defence_C_int_lam128_rate4_thr1_wire_polauto,verify_fold,8,,,,,,1,0.0,0.0,NVIDIA L40S,AMD EPYC 9334 32-Core Processor x1 threads,n-805,366e3d4b5caeef40f4f5e082b03af55f247cd800,s,4,cnn18c,auto,1,_thr1_wire_polauto,cuda,multiproof,cpu,l40s_improved2_thr1,True,C,int,128,5,15,1,{'g0_n262144': 15}
cnn,lenet5,defence_C_int_lam128_rate4_thr1_wire_polauto,verify_products,,,,,,,30,0.000773194245994091,0.0007773900404572486,NVIDIA L40S,AMD EPYC 9334 32-Core Processor x1 threads,n-805,366e3d4b5caeef40f4f5e082b03af55f247cd800,s,4,cnn18c,auto,1,_thr1_wire_polauto,cuda,multiproof,cpu,l40s_improved2_thr1,True,C,int,128,5,15,1,{'g0_n262144': 15}
cnn,lenet5,defence_C_int_lam128_rate4_thr1_wire_polauto,verify_products,32,,,,,,1,0.023590131662786007,0.023590131662786007,NVIDIA L40S,AMD EPYC 9334 32-Core Processor x1 threads,n-805,366e3d4b5caeef40f4f5e082b03af55f247cd800,s,4,cnn18c,auto,1,_thr1_wire_polauto,cuda,multiproof,cpu,l40s_improved2_thr1,True,C,int,128,5,15,1,{'g0_n262144': 15}
cnn,lenet5,defence_C_int_lam128_rate4_thr1_wire_polauto,verify_products,8,,,,,,1,0.002824125811457634,0.002824125811457634,NVIDIA L40S,AMD EPYC 9334 32-Core Processor x1 threads,n-805,366e3d4b5caeef40f4f5e082b03af55f247cd800,s,4,cnn18c,auto,1,_thr1_wire_polauto,cuda,multiproof,cpu,l40s_improved2_thr1,True,C,int,128,5,15,1,{'g0_n262144': 15}
cnn,lenet5,defence_C_int_lam40_rate4_thr1_wire_polauto,accepted,,,,,,,30,1.0,1.0,NVIDIA L40S,AMD EPYC 9334 32-Core Processor x1 threads,n-805,366e3d4b5caeef40f4f5e082b03af55f247cd800,,4,cnn18c,auto,1,_thr1_wire_polauto,cuda,multiproof,cpu,l40s_improved2_thr1,True,C,int,40,2,5,1,{'g0_n262144': 5}
cnn,lenet5,defence_C_int_lam40_rate4_thr1_wire_polauto,accepted,32,,,,,,1,1.0,1.0,NVIDIA L40S,AMD EPYC 9334 32-Core Processor x1 threads,n-805,366e3d4b5caeef40f4f5e082b03af55f247cd800,,4,cnn18c,auto,1,_thr1_wire_polauto,cuda,multiproof,cpu,l40s_improved2_thr1,True,C,int,40,2,5,1,{'g0_n262144': 5}
cnn,lenet5,defence_C_int_lam40_rate4_thr1_wire_polauto,accepted,8,,,,,,1,1.0,1.0,NVIDIA L40S,AMD EPYC 9334 32-Core Processor x1 threads,n-805,366e3d4b5caeef40f4f5e082b03af55f247cd800,,4,cnn18c,auto,1,_thr1_wire_polauto,cuda,multiproof,cpu,l40s_improved2_thr1,True,C,int,40,2,5,1,{'g0_n262144': 5}
cnn,lenet5,defence_C_int_lam40_rate4_thr1_wire_polauto,bytes_claims,,,,,,,30,14225.0,14401.4,NVIDIA L40S,AMD EPYC 9334 32-Core Processor x1 threads,n-805,366e3d4b5caeef40f4f5e082b03af55f247cd800,B,4,cnn18c,auto,1,_thr1_wire_polauto,cuda,multiproof,cpu,l40s_improved2_thr1,True,C,int,40,2,5,1,{'g0_n262144': 5}
cnn,lenet5,defence_C_int_lam40_rate4_thr1_wire_polauto,bytes_claims,32,,,,,,1,560005.0,560005.0,NVIDIA L40S,AMD EPYC 9334 32-Core Processor x1 threads,n-805,366e3d4b5caeef40f4f5e082b03af55f247cd800,B,4,cnn18c,auto,1,_thr1_wire_polauto,cuda,multiproof,cpu,l40s_improved2_thr1,True,C,int,40,2,5,1,{'g0_n262144': 5}
cnn,lenet5,defence_C_int_lam40_rate4_thr1_wire_polauto,bytes_claims,8,,,,,,1,115181.0,115181.0,NVIDIA L40S,AMD EPYC 9334 32-Core Processor x1 threads,n-805,366e3d4b5caeef40f4f5e082b03af55f247cd800,B,4,cnn18c,auto,1,_thr1_wire_polauto,cuda,multiproof,cpu,l40s_improved2_thr1,True,C,int,40,2,5,1,{'g0_n262144': 5}
cnn,lenet5,defence_C_int_lam40_rate4_thr1_wire_polauto,bytes_columns,,,,,,,30,5332.0,5332.0,NVIDIA L40S,AMD EPYC 9334 32-Core Processor x1 threads,n-805,366e3d4b5caeef40f4f5e082b03af55f247cd800,B,4,cnn18c,auto,1,_thr1_wire_polauto,cuda,multiproof,cpu,l40s_improved2_thr1,True,C,int,40,2,5,1,{'g0_n262144': 5}
cnn,lenet5,defence_C_int_lam40_rate4_thr1_wire_polauto,bytes_columns,32,,,,,,1,5332.0,5332.0,NVIDIA L40S,AMD EPYC 9334 32-Core Processor x1 threads,n-805,366e3d4b5caeef40f4f5e082b03af55f247cd800,B,4,cnn18c,auto,1,_thr1_wire_polauto,cuda,multiproof,cpu,l40s_improved2_thr1,True,C,int,40,2,5,1,{'g0_n262144': 5}
cnn,lenet5,defence_C_int_lam40_rate4_thr1_wire_polauto,bytes_columns,8,,,,,,1,5332.0,5332.0,NVIDIA L40S,AMD EPYC 9334 32-Core Processor x1 threads,n-805,366e3d4b5caeef40f4f5e082b03af55f247cd800,B,4,cnn18c,auto,1,_thr1_wire_polauto,cuda,multiproof,cpu,l40s_improved2_thr1,True,C,int,40,2,5,1,{'g0_n262144': 5}
cnn,lenet5,defence_C_int_lam40_rate4_thr1_wire_polauto,bytes_paths,,,,,,,30,2432.0,2401.0666666666666,NVIDIA L40S,AMD EPYC 9334 32-Core Processor x1 threads,n-805,366e3d4b5caeef40f4f5e082b03af55f247cd800,B,4,cnn18c,auto,1,_thr1_wire_polauto,cuda,multiproof,cpu,l40s_improved2_thr1,True,C,int,40,2,5,1,{'g0_n262144': 5}
cnn,lenet5,defence_C_int_lam40_rate4_thr1_wire_polauto,bytes_paths,32,,,,,,1,2432.0,2432.0,NVIDIA L40S,AMD EPYC 9334 32-Core Processor x1 threads,n-805,366e3d4b5caeef40f4f5e082b03af55f247cd800,B,4,cnn18c,auto,1,_thr1_wire_polauto,cuda,multiproof,cpu,l40s_improved2_thr1,True,C,int,40,2,5,1,{'g0_n262144': 5}
cnn,lenet5,defence_C_int_lam40_rate4_thr1_wire_polauto,bytes_paths,8,,,,,,1,2304.0,2304.0,NVIDIA L40S,AMD EPYC 9334 32-Core Processor x1 threads,n-805,366e3d4b5caeef40f4f5e082b03af55f247cd800,B,4,cnn18c,auto,1,_thr1_wire_polauto,cuda,multiproof,cpu,l40s_improved2_thr1,True,C,int,40,2,5,1,{'g0_n262144': 5}
cnn,lenet5,defence_C_int_lam40_rate4_thr1_wire_polauto,bytes_total,,,,,,,30,27180.0,27342.466666666667,NVIDIA L40S,AMD EPYC 9334 32-Core Processor x1 threads,n-805,366e3d4b5caeef40f4f5e082b03af55f247cd800,B,4,cnn18c,auto,1,_thr1_wire_polauto,cuda,multiproof,cpu,l40s_improved2_thr1,True,C,int,40,2,5,1,{'g0_n262144': 5}
cnn,lenet5,defence_C_int_lam40_rate4_thr1_wire_polauto,bytes_total,32,,,,,,1,572977.0,572977.0,NVIDIA L40S,AMD EPYC 9334 32-Core Processor x1 threads,n-805,366e3d4b5caeef40f4f5e082b03af55f247cd800,B,4,cnn18c,auto,1,_thr1_wire_polauto,cuda,multiproof,cpu,l40s_improved2_thr1,True,C,int,40,2,5,1,{'g0_n262144': 5}
cnn,lenet5,defence_C_int_lam40_rate4_thr1_wire_polauto,bytes_total,8,,,,,,1,128025.0,128025.0,NVIDIA L40S,AMD EPYC 9334 32-Core Processor x1 threads,n-805,366e3d4b5caeef40f4f5e082b03af55f247cd800,B,4,cnn18c,auto,1,_thr1_wire_polauto,cuda,multiproof,cpu,l40s_improved2_thr1,True,C,int,40,2,5,1,{'g0_n262144': 5}
cnn,lenet5,defence_C_int_lam40_rate4_thr1_wire_polauto,bytes_u,,,,,,,30,5208.0,5208.0,NVIDIA L40S,AMD EPYC 9334 32-Core Processor x1 threads,n-805,366e3d4b5caeef40f4f5e082b03af55f247cd800,B,4,cnn18c,auto,1,_thr1_wire_polauto,cuda,multiproof,cpu,l40s_improved2_thr1,True,C,int,40,2,5,1,{'g0_n262144': 5}
cnn,lenet5,defence_C_int_lam40_rate4_thr1_wire_polauto,bytes_u,32,,,,,,1,5208.0,5208.0,NVIDIA L40S,AMD EPYC 9334 32-Core Processor x1 threads,n-805,366e3d4b5caeef40f4f5e082b03af55f247cd800,B,4,cnn18c,auto,1,_thr1_wire_polauto,cuda,multiproof,cpu,l40s_improved2_thr1,True,C,int,40,2,5,1,{'g0_n262144': 5}
cnn,lenet5,defence_C_int_lam40_rate4_thr1_wire_polauto,bytes_u,8,,,,,,1,5208.0,5208.0,NVIDIA L40S,AMD EPYC 9334 32-Core Processor x1 threads,n-805,366e3d4b5caeef40f4f5e082b03af55f247cd800,B,4,cnn18c,auto,1,_thr1_wire_polauto,cuda,multiproof,cpu,l40s_improved2_thr1,True,C,int,40,2,5,1,{'g0_n262144': 5}
cnn,lenet5,defence_C_int_lam40_rate4_thr1_wire_polauto,fs_hash,,,,,,,30,4.4051557779312134e-07,4.879198968410492e-07,NVIDIA L40S,AMD EPYC 9334 32-Core Processor x1 threads,n-805,366e3d4b5caeef40f4f5e082b03af55f247cd800,s,4,cnn18c,auto,1,_thr1_wire_polauto,cuda,multiproof,cpu,l40s_improved2_thr1,True,C,int,40,2,5,1,{'g0_n262144': 5}
cnn,lenet5,defence_C_int_lam40_rate4_thr1_wire_polauto,fs_hash,32,,,,,,1,5.709007382392883e-07,5.709007382392883e-07,NVIDIA L40S,AMD EPYC 9334 32-Core Processor x1 threads,n-805,366e3d4b5caeef40f4f5e082b03af55f247cd800,s,4,cnn18c,auto,1,_thr1_wire_polauto,cuda,multiproof,cpu,l40s_improved2_thr1,True,C,int,40,2,5,1,{'g0_n262144': 5}
cnn,lenet5,defence_C_int_lam40_rate4_thr1_wire_polauto,fs_hash,8,,,,,,1,6.007030606269836e-07,6.007030606269836e-07,NVIDIA L40S,AMD EPYC 9334 32-Core Processor x1 threads,n-805,366e3d4b5caeef40f4f5e082b03af55f247cd800,s,4,cnn18c,auto,1,_thr1_wire_polauto,cuda,multiproof,cpu,l40s_improved2_thr1,True,C,int,40,2,5,1,{'g0_n262144': 5}
cnn,lenet5,defence_C_int_lam40_rate4_thr1_wire_polauto,gpu_alloc_retries,,,,,,,1,0.0,0.0,NVIDIA L40S,AMD EPYC 9334 32-Core Processor x1 threads,n-805,366e3d4b5caeef40f4f5e082b03af55f247cd800,,4,cnn18c,auto,1,_thr1_wire_polauto,cuda,multiproof,cpu,l40s_improved2_thr1,True,C,int,40,2,5,1,{'g0_n262144': 5}
cnn,lenet5,defence_C_int_lam40_rate4_thr1_wire_polauto,gpu_alloc_retries,32,,,,,,1,0.0,0.0,NVIDIA L40S,AMD EPYC 9334 32-Core Processor x1 threads,n-805,366e3d4b5caeef40f4f5e082b03af55f247cd800,,4,cnn18c,auto,1,_thr1_wire_polauto,cuda,multiproof,cpu,l40s_improved2_thr1,True,C,int,40,2,5,1,{'g0_n262144': 5}
cnn,lenet5,defence_C_int_lam40_rate4_thr1_wire_polauto,gpu_alloc_retries,8,,,,,,1,0.0,0.0,NVIDIA L40S,AMD EPYC 9334 32-Core Processor x1 threads,n-805,366e3d4b5caeef40f4f5e082b03af55f247cd800,,4,cnn18c,auto,1,_thr1_wire_polauto,cuda,multiproof,cpu,l40s_improved2_thr1,True,C,int,40,2,5,1,{'g0_n262144': 5}
cnn,lenet5,defence_C_int_lam40_rate4_thr1_wire_polauto,gpu_device_allocs,,,,,,,1,0.0,0.0,NVIDIA L40S,AMD EPYC 9334 32-Core Processor x1 threads,n-805,366e3d4b5caeef40f4f5e082b03af55f247cd800,,4,cnn18c,auto,1,_thr1_wire_polauto,cuda,multiproof,cpu,l40s_improved2_thr1,True,C,int,40,2,5,1,{'g0_n262144': 5}
cnn,lenet5,defence_C_int_lam40_rate4_thr1_wire_polauto,gpu_device_allocs,32,,,,,,1,2.0,2.0,NVIDIA L40S,AMD EPYC 9334 32-Core Processor x1 threads,n-805,366e3d4b5caeef40f4f5e082b03af55f247cd800,,4,cnn18c,auto,1,_thr1_wire_polauto,cuda,multiproof,cpu,l40s_improved2_thr1,True,C,int,40,2,5,1,{'g0_n262144': 5}
cnn,lenet5,defence_C_int_lam40_rate4_thr1_wire_polauto,gpu_device_allocs,8,,,,,,1,1.0,1.0,NVIDIA L40S,AMD EPYC 9334 32-Core Processor x1 threads,n-805,366e3d4b5caeef40f4f5e082b03af55f247cd800,,4,cnn18c,auto,1,_thr1_wire_polauto,cuda,multiproof,cpu,l40s_improved2_thr1,True,C,int,40,2,5,1,{'g0_n262144': 5}
cnn,lenet5,defence_C_int_lam40_rate4_thr1_wire_polauto,gpu_peak_memory,,,,,,,1,13992960.0,13992960.0,NVIDIA L40S,AMD EPYC 9334 32-Core Processor x1 threads,n-805,366e3d4b5caeef40f4f5e082b03af55f247cd800,B,4,cnn18c,auto,1,_thr1_wire_polauto,cuda,multiproof,cpu,l40s_improved2_thr1,True,C,int,40,2,5,1,{'g0_n262144': 5}
cnn,lenet5,defence_C_int_lam40_rate4_thr1_wire_polauto,gpu_peak_memory,32,,,,,,1,37488640.0,37488640.0,NVIDIA L40S,AMD EPYC 9334 32-Core Processor x1 threads,n-805,366e3d4b5caeef40f4f5e082b03af55f247cd800,B,4,cnn18c,auto,1,_thr1_wire_polauto,cuda,multiproof,cpu,l40s_improved2_thr1,True,C,int,40,2,5,1,{'g0_n262144': 5}
cnn,lenet5,defence_C_int_lam40_rate4_thr1_wire_polauto,gpu_peak_memory,8,,,,,,1,20282368.0,20282368.0,NVIDIA L40S,AMD EPYC 9334 32-Core Processor x1 threads,n-805,366e3d4b5caeef40f4f5e082b03af55f247cd800,B,4,cnn18c,auto,1,_thr1_wire_polauto,cuda,multiproof,cpu,l40s_improved2_thr1,True,C,int,40,2,5,1,{'g0_n262144': 5}
cnn,lenet5,defence_C_int_lam40_rate4_thr1_wire_polauto,gpu_peak_reserved,,,,,,,1,1468006400.0,1468006400.0,NVIDIA L40S,AMD EPYC 9334 32-Core Processor x1 threads,n-805,366e3d4b5caeef40f4f5e082b03af55f247cd800,B,4,cnn18c,auto,1,_thr1_wire_polauto,cuda,multiproof,cpu,l40s_improved2_thr1,True,C,int,40,2,5,1,{'g0_n262144': 5}
cnn,lenet5,defence_C_int_lam40_rate4_thr1_wire_polauto,gpu_peak_reserved,32,,,,,,1,1474297856.0,1474297856.0,NVIDIA L40S,AMD EPYC 9334 32-Core Processor x1 threads,n-805,366e3d4b5caeef40f4f5e082b03af55f247cd800,B,4,cnn18c,auto,1,_thr1_wire_polauto,cuda,multiproof,cpu,l40s_improved2_thr1,True,C,int,40,2,5,1,{'g0_n262144': 5}
cnn,lenet5,defence_C_int_lam40_rate4_thr1_wire_polauto,gpu_peak_reserved,8,,,,,,1,1470103552.0,1470103552.0,NVIDIA L40S,AMD EPYC 9334 32-Core Processor x1 threads,n-805,366e3d4b5caeef40f4f5e082b03af55f247cd800,B,4,cnn18c,auto,1,_thr1_wire_polauto,cuda,multiproof,cpu,l40s_improved2_thr1,True,C,int,40,2,5,1,{'g0_n262144': 5}
cnn,lenet5,defence_C_int_lam40_rate4_thr1_wire_polauto,host_peak_rss,,,,,,,1,1160593408.0,1160593408.0,NVIDIA L40S,AMD EPYC 9334 32-Core Processor x1 threads,n-805,366e3d4b5caeef40f4f5e082b03af55f247cd800,B,4,cnn18c,auto,1,_thr1_wire_polauto,cuda,multiproof,cpu,l40s_improved2_thr1,True,C,int,40,2,5,1,{'g0_n262144': 5}
cnn,lenet5,defence_C_int_lam40_rate4_thr1_wire_polauto,host_peak_rss,32,,,,,,1,1183662080.0,1183662080.0,NVIDIA L40S,AMD EPYC 9334 32-Core Processor x1 threads,n-805,366e3d4b5caeef40f4f5e082b03af55f247cd800,B,4,cnn18c,auto,1,_thr1_wire_polauto,cuda,multiproof,cpu,l40s_improved2_thr1,True,C,int,40,2,5,1,{'g0_n262144': 5}
cnn,lenet5,defence_C_int_lam40_rate4_thr1_wire_polauto,host_peak_rss,8,,,,,,1,1171079168.0,1171079168.0,NVIDIA L40S,AMD EPYC 9334 32-Core Processor x1 threads,n-805,366e3d4b5caeef40f4f5e082b03af55f247cd800,B,4,cnn18c,auto,1,_thr1_wire_polauto,cuda,multiproof,cpu,l40s_improved2_thr1,True,C,int,40,2,5,1,{'g0_n262144': 5}
cnn,lenet5,defence_C_int_lam40_rate4_thr1_wire_polauto,prove_encode,,,,,,,30,0.002434586174786091,0.0024619731741646928,NVIDIA L40S,AMD EPYC 9334 32-Core Processor x1 threads,n-805,366e3d4b5caeef40f4f5e082b03af55f247cd800,s,4,cnn18c,auto,1,_thr1_wire_polauto,cuda,multiproof,cpu,l40s_improved2_thr1,True,C,int,40,2,5,1,{'g0_n262144': 5}
cnn,lenet5,defence_C_int_lam40_rate4_thr1_wire_polauto,prove_encode,32,,,,,,1,0.004066444933414459,0.004066444933414459,NVIDIA L40S,AMD EPYC 9334 32-Core Processor x1 threads,n-805,366e3d4b5caeef40f4f5e082b03af55f247cd800,s,4,cnn18c,auto,1,_thr1_wire_polauto,cuda,multiproof,cpu,l40s_improved2_thr1,True,C,int,40,2,5,1,{'g0_n262144': 5}
cnn,lenet5,defence_C_int_lam40_rate4_thr1_wire_polauto,prove_encode,8,,,,,,1,0.0035793548449873924,0.0035793548449873924,NVIDIA L40S,AMD EPYC 9334 32-Core Processor x1 threads,n-805,366e3d4b5caeef40f4f5e082b03af55f247cd800,s,4,cnn18c,auto,1,_thr1_wire_polauto,cuda,multiproof,cpu,l40s_improved2_thr1,True,C,int,40,2,5,1,{'g0_n262144': 5}
cnn,lenet5,defence_C_int_lam40_rate4_thr1_wire_polauto,prove_fold,,,,,,,30,0.0011948132887482643,0.0011969910313685734,NVIDIA L40S,AMD EPYC 9334 32-Core Processor x1 threads,n-805,366e3d4b5caeef40f4f5e082b03af55f247cd800,s,4,cnn18c,auto,1,_thr1_wire_polauto,cuda,multiproof,cpu,l40s_improved2_thr1,True,C,int,40,2,5,1,{'g0_n262144': 5}
cnn,lenet5,defence_C_int_lam40_rate4_thr1_wire_polauto,prove_fold,32,,,,,,1,0.001222478225827217,0.001222478225827217,NVIDIA L40S,AMD EPYC 9334 32-Core Processor x1 threads,n-805,366e3d4b5caeef40f4f5e082b03af55f247cd800,s,4,cnn18c,auto,1,_thr1_wire_polauto,cuda,multiproof,cpu,l40s_improved2_thr1,True,C,int,40,2,5,1,{'g0_n262144': 5}
cnn,lenet5,defence_C_int_lam40_rate4_thr1_wire_polauto,prove_fold,8,,,,,,1,0.0012484081089496613,0.0012484081089496613,NVIDIA L40S,AMD EPYC 9334 32-Core Processor x1 threads,n-805,366e3d4b5caeef40f4f5e082b03af55f247cd800,s,4,cnn18c,auto,1,_thr1_wire_polauto,cuda,multiproof,cpu,l40s_improved2_thr1,True,C,int,40,2,5,1,{'g0_n262144': 5}
cnn,lenet5,defence_C_int_lam40_rate4_thr1_wire_polauto,prove_forward,,,,,,,30,0.0007238732650876045,0.0007290301534036795,NVIDIA L40S,AMD EPYC 9334 32-Core Processor x1 threads,n-805,366e3d4b5caeef40f4f5e082b03af55f247cd800,s,4,cnn18c,auto,1,_thr1_wire_polauto,cuda,multiproof,cpu,l40s_improved2_thr1,True,C,int,40,2,5,1,{'g0_n262144': 5}
cnn,lenet5,defence_C_int_lam40_rate4_thr1_wire_polauto,prove_forward,32,,,,,,1,0.0011211177334189415,0.0011211177334189415,NVIDIA L40S,AMD EPYC 9334 32-Core Processor x1 threads,n-805,366e3d4b5caeef40f4f5e082b03af55f247cd800,s,4,cnn18c,auto,1,_thr1_wire_polauto,cuda,multiproof,cpu,l40s_improved2_thr1,True,C,int,40,2,5,1,{'g0_n262144': 5}
cnn,lenet5,defence_C_int_lam40_rate4_thr1_wire_polauto,prove_forward,8,,,,,,1,0.0037099234759807587,0.0037099234759807587,NVIDIA L40S,AMD EPYC 9334 32-Core Processor x1 threads,n-805,366e3d4b5caeef40f4f5e082b03af55f247cd800,s,4,cnn18c,auto,1,_thr1_wire_polauto,cuda,multiproof,cpu,l40s_improved2_thr1,True,C,int,40,2,5,1,{'g0_n262144': 5}
cnn,lenet5,defence_C_int_lam40_rate4_thr1_wire_polauto,prove_open,,,,,,,30,0.0009970483370125294,0.0010011559662719569,NVIDIA L40S,AMD EPYC 9334 32-Core Processor x1 threads,n-805,366e3d4b5caeef40f4f5e082b03af55f247cd800,s,4,cnn18c,auto,1,_thr1_wire_polauto,cuda,multiproof,cpu,l40s_improved2_thr1,True,C,int,40,2,5,1,{'g0_n262144': 5}
cnn,lenet5,defence_C_int_lam40_rate4_thr1_wire_polauto,prove_open,32,,,,,,1,0.0011329883709549904,0.0011329883709549904,NVIDIA L40S,AMD EPYC 9334 32-Core Processor x1 threads,n-805,366e3d4b5caeef40f4f5e082b03af55f247cd800,s,4,cnn18c,auto,1,_thr1_wire_polauto,cuda,multiproof,cpu,l40s_improved2_thr1,True,C,int,40,2,5,1,{'g0_n262144': 5}
cnn,lenet5,defence_C_int_lam40_rate4_thr1_wire_polauto,prove_open,8,,,,,,1,0.0010189888998866081,0.0010189888998866081,NVIDIA L40S,AMD EPYC 9334 32-Core Processor x1 threads,n-805,366e3d4b5caeef40f4f5e082b03af55f247cd800,s,4,cnn18c,auto,1,_thr1_wire_polauto,cuda,multiproof,cpu,l40s_improved2_thr1,True,C,int,40,2,5,1,{'g0_n262144': 5}
cnn,lenet5,defence_C_int_lam40_rate4_thr1_wire_polauto,soundness_bits,,,,,,,1,46.805396939658486,46.805396939658486,NVIDIA L40S,AMD EPYC 9334 32-Core Processor x1 threads,n-805,366e3d4b5caeef40f4f5e082b03af55f247cd800,bits,4,cnn18c,auto,1,_thr1_wire_polauto,cuda,multiproof,cpu,l40s_improved2_thr1,True,C,int,40,2,5,1,{'g0_n262144': 5}
cnn,lenet5,defence_C_int_lam40_rate4_thr1_wire_polauto,verify_columns,,,,,,,30,0.000608883798122406,0.0006093603248397509,NVIDIA L40S,AMD EPYC 9334 32-Core Processor x1 threads,n-805,366e3d4b5caeef40f4f5e082b03af55f247cd800,s,4,cnn18c,auto,1,_thr1_wire_polauto,cuda,multiproof,cpu,l40s_improved2_thr1,True,C,int,40,2,5,1,{'g0_n262144': 5}
cnn,lenet5,defence_C_int_lam40_rate4_thr1_wire_polauto,verify_columns,32,,,,,,1,0.0006250394508242607,0.0006250394508242607,NVIDIA L40S,AMD EPYC 9334 32-Core Processor x1 threads,n-805,366e3d4b5caeef40f4f5e082b03af55f247cd800,s,4,cnn18c,auto,1,_thr1_wire_polauto,cuda,multiproof,cpu,l40s_improved2_thr1,True,C,int,40,2,5,1,{'g0_n262144': 5}
cnn,lenet5,defence_C_int_lam40_rate4_thr1_wire_polauto,verify_columns,8,,,,,,1,0.0006103292107582092,0.0006103292107582092,NVIDIA L40S,AMD EPYC 9334 32-Core Processor x1 threads,n-805,366e3d4b5caeef40f4f5e082b03af55f247cd800,s,4,cnn18c,auto,1,_thr1_wire_polauto,cuda,multiproof,cpu,l40s_improved2_thr1,True,C,int,40,2,5,1,{'g0_n262144': 5}
cnn,lenet5,defence_C_int_lam40_rate4_thr1_wire_polauto,verify_decode,,,,,,,30,0.0005310876294970512,0.0005279732868075371,NVIDIA L40S,AMD EPYC 9334 32-Core Processor x1 threads,n-805,366e3d4b5caeef40f4f5e082b03af55f247cd800,s,4,cnn18c,auto,1,_thr1_wire_polauto,cuda,multiproof,cpu,l40s_improved2_thr1,True,C,int,40,2,5,1,{'g0_n262144': 5}
cnn,lenet5,defence_C_int_lam40_rate4_thr1_wire_polauto,verify_decode,32,,,,,,1,0.005555261857807636,0.005555261857807636,NVIDIA L40S,AMD EPYC 9334 32-Core Processor x1 threads,n-805,366e3d4b5caeef40f4f5e082b03af55f247cd800,s,4,cnn18c,auto,1,_thr1_wire_polauto,cuda,multiproof,cpu,l40s_improved2_thr1,True,C,int,40,2,5,1,{'g0_n262144': 5}
cnn,lenet5,defence_C_int_lam40_rate4_thr1_wire_polauto,verify_decode,8,,,,,,1,0.0043718526139855385,0.0043718526139855385,NVIDIA L40S,AMD EPYC 9334 32-Core Processor x1 threads,n-805,366e3d4b5caeef40f4f5e082b03af55f247cd800,s,4,cnn18c,auto,1,_thr1_wire_polauto,cuda,multiproof,cpu,l40s_improved2_thr1,True,C,int,40,2,5,1,{'g0_n262144': 5}
cnn,lenet5,defence_C_int_lam40_rate4_thr1_wire_polauto,verify_derive,,,,,,,30,0.00020790938287973404,0.00020970835660894712,NVIDIA L40S,AMD EPYC 9334 32-Core Processor x1 threads,n-805,366e3d4b5caeef40f4f5e082b03af55f247cd800,s,4,cnn18c,auto,1,_thr1_wire_polauto,cuda,multiproof,cpu,l40s_improved2_thr1,True,C,int,40,2,5,1,{'g0_n262144': 5}
cnn,lenet5,defence_C_int_lam40_rate4_thr1_wire_polauto,verify_derive,32,,,,,,1,0.001514357514679432,0.001514357514679432,NVIDIA L40S,AMD EPYC 9334 32-Core Processor x1 threads,n-805,366e3d4b5caeef40f4f5e082b03af55f247cd800,s,4,cnn18c,auto,1,_thr1_wire_polauto,cuda,multiproof,cpu,l40s_improved2_thr1,True,C,int,40,2,5,1,{'g0_n262144': 5}
cnn,lenet5,defence_C_int_lam40_rate4_thr1_wire_polauto,verify_derive,8,,,,,,1,0.0006879782304167747,0.0006879782304167747,NVIDIA L40S,AMD EPYC 9334 32-Core Processor x1 threads,n-805,366e3d4b5caeef40f4f5e082b03af55f247cd800,s,4,cnn18c,auto,1,_thr1_wire_polauto,cuda,multiproof,cpu,l40s_improved2_thr1,True,C,int,40,2,5,1,{'g0_n262144': 5}
cnn,lenet5,defence_C_int_lam40_rate4_thr1_wire_polauto,verify_fold,,,,,,,30,0.0,0.0,NVIDIA L40S,AMD EPYC 9334 32-Core Processor x1 threads,n-805,366e3d4b5caeef40f4f5e082b03af55f247cd800,s,4,cnn18c,auto,1,_thr1_wire_polauto,cuda,multiproof,cpu,l40s_improved2_thr1,True,C,int,40,2,5,1,{'g0_n262144': 5}
cnn,lenet5,defence_C_int_lam40_rate4_thr1_wire_polauto,verify_fold,32,,,,,,1,0.0,0.0,NVIDIA L40S,AMD EPYC 9334 32-Core Processor x1 threads,n-805,366e3d4b5caeef40f4f5e082b03af55f247cd800,s,4,cnn18c,auto,1,_thr1_wire_polauto,cuda,multiproof,cpu,l40s_improved2_thr1,True,C,int,40,2,5,1,{'g0_n262144': 5}
cnn,lenet5,defence_C_int_lam40_rate4_thr1_wire_polauto,verify_fold,8,,,,,,1,0.0,0.0,NVIDIA L40S,AMD EPYC 9334 32-Core Processor x1 threads,n-805,366e3d4b5caeef40f4f5e082b03af55f247cd800,s,4,cnn18c,auto,1,_thr1_wire_polauto,cuda,multiproof,cpu,l40s_improved2_thr1,True,C,int,40,2,5,1,{'g0_n262144': 5}
cnn,lenet5,defence_C_int_lam40_rate4_thr1_wire_polauto,verify_products,,,,,,,30,0.0006987741217017174,0.0007013027866681417,NVIDIA L40S,AMD EPYC 9334 32-Core Processor x1 threads,n-805,366e3d4b5caeef40f4f5e082b03af55f247cd800,s,4,cnn18c,auto,1,_thr1_wire_polauto,cuda,multiproof,cpu,l40s_improved2_thr1,True,C,int,40,2,5,1,{'g0_n262144': 5}
cnn,lenet5,defence_C_int_lam40_rate4_thr1_wire_polauto,verify_products,32,,,,,,1,0.008804084733128548,0.008804084733128548,NVIDIA L40S,AMD EPYC 9334 32-Core Processor x1 threads,n-805,366e3d4b5caeef40f4f5e082b03af55f247cd800,s,4,cnn18c,auto,1,_thr1_wire_polauto,cuda,multiproof,cpu,l40s_improved2_thr1,True,C,int,40,2,5,1,{'g0_n262144': 5}
cnn,lenet5,defence_C_int_lam40_rate4_thr1_wire_polauto,verify_products,8,,,,,,1,0.003114664927124977,0.003114664927124977,NVIDIA L40S,AMD EPYC 9334 32-Core Processor x1 threads,n-805,366e3d4b5caeef40f4f5e082b03af55f247cd800,s,4,cnn18c,auto,1,_thr1_wire_polauto,cuda,multiproof,cpu,l40s_improved2_thr1,True,C,int,40,2,5,1,{'g0_n262144': 5}
cnn,lenet5,defence_C_int_lam80_rate4_thr1_wire_polauto,accepted,,,,,,,30,1.0,1.0,NVIDIA L40S,AMD EPYC 9334 32-Core Processor x1 threads,n-805,366e3d4b5caeef40f4f5e082b03af55f247cd800,,4,cnn18c,auto,1,_thr1_wire_polauto,cuda,multiproof,cpu,l40s_improved2_thr1,True,C,int,80,3,9,1,{'g0_n262144': 9}
cnn,lenet5,defence_C_int_lam80_rate4_thr1_wire_polauto,accepted,32,,,,,,1,1.0,1.0,NVIDIA L40S,AMD EPYC 9334 32-Core Processor x1 threads,n-805,366e3d4b5caeef40f4f5e082b03af55f247cd800,,4,cnn18c,auto,1,_thr1_wire_polauto,cuda,multiproof,cpu,l40s_improved2_thr1,True,C,int,80,3,9,1,{'g0_n262144': 9}
cnn,lenet5,defence_C_int_lam80_rate4_thr1_wire_polauto,accepted,8,,,,,,1,1.0,1.0,NVIDIA L40S,AMD EPYC 9334 32-Core Processor x1 threads,n-805,366e3d4b5caeef40f4f5e082b03af55f247cd800,,4,cnn18c,auto,1,_thr1_wire_polauto,cuda,multiproof,cpu,l40s_improved2_thr1,True,C,int,80,3,9,1,{'g0_n262144': 9}
cnn,lenet5,defence_C_int_lam80_rate4_thr1_wire_polauto,bytes_claims,,,,,,,30,14225.0,14401.4,NVIDIA L40S,AMD EPYC 9334 32-Core Processor x1 threads,n-805,366e3d4b5caeef40f4f5e082b03af55f247cd800,B,4,cnn18c,auto,1,_thr1_wire_polauto,cuda,multiproof,cpu,l40s_improved2_thr1,True,C,int,80,3,9,1,{'g0_n262144': 9}
cnn,lenet5,defence_C_int_lam80_rate4_thr1_wire_polauto,bytes_claims,32,,,,,,1,560005.0,560005.0,NVIDIA L40S,AMD EPYC 9334 32-Core Processor x1 threads,n-805,366e3d4b5caeef40f4f5e082b03af55f247cd800,B,4,cnn18c,auto,1,_thr1_wire_polauto,cuda,multiproof,cpu,l40s_improved2_thr1,True,C,int,80,3,9,1,{'g0_n262144': 9}
cnn,lenet5,defence_C_int_lam80_rate4_thr1_wire_polauto,bytes_claims,8,,,,,,1,115181.0,115181.0,NVIDIA L40S,AMD EPYC 9334 32-Core Processor x1 threads,n-805,366e3d4b5caeef40f4f5e082b03af55f247cd800,B,4,cnn18c,auto,1,_thr1_wire_polauto,cuda,multiproof,cpu,l40s_improved2_thr1,True,C,int,80,3,9,1,{'g0_n262144': 9}
cnn,lenet5,defence_C_int_lam80_rate4_thr1_wire_polauto,bytes_columns,,,,,,,30,9548.0,9548.0,NVIDIA L40S,AMD EPYC 9334 32-Core Processor x1 threads,n-805,366e3d4b5caeef40f4f5e082b03af55f247cd800,B,4,cnn18c,auto,1,_thr1_wire_polauto,cuda,multiproof,cpu,l40s_improved2_thr1,True,C,int,80,3,9,1,{'g0_n262144': 9}
cnn,lenet5,defence_C_int_lam80_rate4_thr1_wire_polauto,bytes_columns,32,,,,,,1,9548.0,9548.0,NVIDIA L40S,AMD EPYC 9334 32-Core Processor x1 threads,n-805,366e3d4b5caeef40f4f5e082b03af55f247cd800,B,4,cnn18c,auto,1,_thr1_wire_polauto,cuda,multiproof,cpu,l40s_improved2_thr1,True,C,int,80,3,9,1,{'g0_n262144': 9}
cnn,lenet5,defence_C_int_lam80_rate4_thr1_wire_polauto,bytes_columns,8,,,,,,1,9548.0,9548.0,NVIDIA L40S,AMD EPYC 9334 32-Core Processor x1 threads,n-805,366e3d4b5caeef40f4f5e082b03af55f247cd800,B,4,cnn18c,auto,1,_thr1_wire_polauto,cuda,multiproof,cpu,l40s_improved2_thr1,True,C,int,80,3,9,1,{'g0_n262144': 9}
cnn,lenet5,defence_C_int_lam80_rate4_thr1_wire_polauto,bytes_paths,,,,,,,30,4112.0,4065.0666666666666,NVIDIA L40S,AMD EPYC 9334 32-Core Processor x1 threads,n-805,366e3d4b5caeef40f4f5e082b03af55f247cd800,B,4,cnn18c,auto,1,_thr1_wire_polauto,cuda,multiproof,cpu,l40s_improved2_thr1,True,C,int,80,3,9,1,{'g0_n262144': 9}
cnn,lenet5,defence_C_int_lam80_rate4_thr1_wire_polauto,bytes_paths,32,,,,,,1,3936.0,3936.0,NVIDIA L40S,AMD EPYC 9334 32-Core Processor x1 threads,n-805,366e3d4b5caeef40f4f5e082b03af55f247cd800,B,4,cnn18c,auto,1,_thr1_wire_polauto,cuda,multiproof,cpu,l40s_improved2_thr1,True,C,int,80,3,9,1,{'g0_n262144': 9}
cnn,lenet5,defence_C_int_lam80_rate4_thr1_wire_polauto,bytes_paths,8,,,,,,1,4224.0,4224.0,NVIDIA L40S,AMD EPYC 9334 32-Core Processor x1 threads,n-805,366e3d4b5caeef40f4f5e082b03af55f247cd800,B,4,cnn18c,auto,1,_thr1_wire_polauto,cuda,multiproof,cpu,l40s_improved2_thr1,True,C,int,80,3,9,1,{'g0_n262144': 9}
cnn,lenet5,defence_C_int_lam80_rate4_thr1_wire_polauto,bytes_total,,,,,,,30,35629.5,35826.46666666667,NVIDIA L40S,AMD EPYC 9334 32-Core Processor x1 threads,n-805,366e3d4b5caeef40f4f5e082b03af55f247cd800,B,4,cnn18c,auto,1,_thr1_wire_polauto,cuda,multiproof,cpu,l40s_improved2_thr1,True,C,int,80,3,9,1,{'g0_n262144': 9}
cnn,lenet5,defence_C_int_lam80_rate4_thr1_wire_polauto,bytes_total,32,,,,,,1,581301.0,581301.0,NVIDIA L40S,AMD EPYC 9334 32-Core Processor x1 threads,n-805,366e3d4b5caeef40f4f5e082b03af55f247cd800,B,4,cnn18c,auto,1,_thr1_wire_polauto,cuda,multiproof,cpu,l40s_improved2_thr1,True,C,int,80,3,9,1,{'g0_n262144': 9}
cnn,lenet5,defence_C_int_lam80_rate4_thr1_wire_polauto,bytes_total,8,,,,,,1,136765.0,136765.0,NVIDIA L40S,AMD EPYC 9334 32-Core Processor x1 threads,n-805,366e3d4b5caeef40f4f5e082b03af55f247cd800,B,4,cnn18c,auto,1,_thr1_wire_polauto,cuda,multiproof,cpu,l40s_improved2_thr1,True,C,int,80,3,9,1,{'g0_n262144': 9}
cnn,lenet5,defence_C_int_lam80_rate4_thr1_wire_polauto,bytes_u,,,,,,,30,7812.0,7812.0,NVIDIA L40S,AMD EPYC 9334 32-Core Processor x1 threads,n-805,366e3d4b5caeef40f4f5e082b03af55f247cd800,B,4,cnn18c,auto,1,_thr1_wire_polauto,cuda,multiproof,cpu,l40s_improved2_thr1,True,C,int,80,3,9,1,{'g0_n262144': 9}
cnn,lenet5,defence_C_int_lam80_rate4_thr1_wire_polauto,bytes_u,32,,,,,,1,7812.0,7812.0,NVIDIA L40S,AMD EPYC 9334 32-Core Processor x1 threads,n-805,366e3d4b5caeef40f4f5e082b03af55f247cd800,B,4,cnn18c,auto,1,_thr1_wire_polauto,cuda,multiproof,cpu,l40s_improved2_thr1,True,C,int,80,3,9,1,{'g0_n262144': 9}
cnn,lenet5,defence_C_int_lam80_rate4_thr1_wire_polauto,bytes_u,8,,,,,,1,7812.0,7812.0,NVIDIA L40S,AMD EPYC 9334 32-Core Processor x1 threads,n-805,366e3d4b5caeef40f4f5e082b03af55f247cd800,B,4,cnn18c,auto,1,_thr1_wire_polauto,cuda,multiproof,cpu,l40s_improved2_thr1,True,C,int,80,3,9,1,{'g0_n262144': 9}
cnn,lenet5,defence_C_int_lam80_rate4_thr1_wire_polauto,fs_hash,,,,,,,30,4.498288035392761e-07,4.877025882403055e-07,NVIDIA L40S,AMD EPYC 9334 32-Core Processor x1 threads,n-805,366e3d4b5caeef40f4f5e082b03af55f247cd800,s,4,cnn18c,auto,1,_thr1_wire_polauto,cuda,multiproof,cpu,l40s_improved2_thr1,True,C,int,80,3,9,1,{'g0_n262144': 9}
cnn,lenet5,defence_C_int_lam80_rate4_thr1_wire_polauto,fs_hash,32,,,,,,1,4.10713255405426e-07,4.10713255405426e-07,NVIDIA L40S,AMD EPYC 9334 32-Core Processor x1 threads,n-805,366e3d4b5caeef40f4f5e082b03af55f247cd800,s,4,cnn18c,auto,1,_thr1_wire_polauto,cuda,multiproof,cpu,l40s_improved2_thr1,True,C,int,80,3,9,1,{'g0_n262144': 9}
cnn,lenet5,defence_C_int_lam80_rate4_thr1_wire_polauto,fs_hash,8,,,,,,1,5.401670932769775e-07,5.401670932769775e-07,NVIDIA L40S,AMD EPYC 9334 32-Core Processor x1 threads,n-805,366e3d4b5caeef40f4f5e082b03af55f247cd800,s,4,cnn18c,auto,1,_thr1_wire_polauto,cuda,multiproof,cpu,l40s_improved2_thr1,True,C,int,80,3,9,1,{'g0_n262144': 9}
cnn,lenet5,defence_C_int_lam80_rate4_thr1_wire_polauto,gpu_alloc_retries,,,,,,,1,0.0,0.0,NVIDIA L40S,AMD EPYC 9334 32-Core Processor x1 threads,n-805,366e3d4b5caeef40f4f5e082b03af55f247cd800,,4,cnn18c,auto,1,_thr1_wire_polauto,cuda,multiproof,cpu,l40s_improved2_thr1,True,C,int,80,3,9,1,{'g0_n262144': 9}
cnn,lenet5,defence_C_int_lam80_rate4_thr1_wire_polauto,gpu_alloc_retries,32,,,,,,1,0.0,0.0,NVIDIA L40S,AMD EPYC 9334 32-Core Processor x1 threads,n-805,366e3d4b5caeef40f4f5e082b03af55f247cd800,,4,cnn18c,auto,1,_thr1_wire_polauto,cuda,multiproof,cpu,l40s_improved2_thr1,True,C,int,80,3,9,1,{'g0_n262144': 9}
cnn,lenet5,defence_C_int_lam80_rate4_thr1_wire_polauto,gpu_alloc_retries,8,,,,,,1,0.0,0.0,NVIDIA L40S,AMD EPYC 9334 32-Core Processor x1 threads,n-805,366e3d4b5caeef40f4f5e082b03af55f247cd800,,4,cnn18c,auto,1,_thr1_wire_polauto,cuda,multiproof,cpu,l40s_improved2_thr1,True,C,int,80,3,9,1,{'g0_n262144': 9}
cnn,lenet5,defence_C_int_lam80_rate4_thr1_wire_polauto,gpu_device_allocs,,,,,,,1,0.0,0.0,NVIDIA L40S,AMD EPYC 9334 32-Core Processor x1 threads,n-805,366e3d4b5caeef40f4f5e082b03af55f247cd800,,4,cnn18c,auto,1,_thr1_wire_polauto,cuda,multiproof,cpu,l40s_improved2_thr1,True,C,int,80,3,9,1,{'g0_n262144': 9}
cnn,lenet5,defence_C_int_lam80_rate4_thr1_wire_polauto,gpu_device_allocs,32,,,,,,1,0.0,0.0,NVIDIA L40S,AMD EPYC 9334 32-Core Processor x1 threads,n-805,366e3d4b5caeef40f4f5e082b03af55f247cd800,,4,cnn18c,auto,1,_thr1_wire_polauto,cuda,multiproof,cpu,l40s_improved2_thr1,True,C,int,80,3,9,1,{'g0_n262144': 9}
cnn,lenet5,defence_C_int_lam80_rate4_thr1_wire_polauto,gpu_device_allocs,8,,,,,,1,0.0,0.0,NVIDIA L40S,AMD EPYC 9334 32-Core Processor x1 threads,n-805,366e3d4b5caeef40f4f5e082b03af55f247cd800,,4,cnn18c,auto,1,_thr1_wire_polauto,cuda,multiproof,cpu,l40s_improved2_thr1,True,C,int,80,3,9,1,{'g0_n262144': 9}
cnn,lenet5,defence_C_int_lam80_rate4_thr1_wire_polauto,gpu_peak_memory,,,,,,,1,13992960.0,13992960.0,NVIDIA L40S,AMD EPYC 9334 32-Core Processor x1 threads,n-805,366e3d4b5caeef40f4f5e082b03af55f247cd800,B,4,cnn18c,auto,1,_thr1_wire_polauto,cuda,multiproof,cpu,l40s_improved2_thr1,True,C,int,80,3,9,1,{'g0_n262144': 9}
cnn,lenet5,defence_C_int_lam80_rate4_thr1_wire_polauto,gpu_peak_memory,32,,,,,,1,37488640.0,37488640.0,NVIDIA L40S,AMD EPYC 9334 32-Core Processor x1 threads,n-805,366e3d4b5caeef40f4f5e082b03af55f247cd800,B,4,cnn18c,auto,1,_thr1_wire_polauto,cuda,multiproof,cpu,l40s_improved2_thr1,True,C,int,80,3,9,1,{'g0_n262144': 9}
cnn,lenet5,defence_C_int_lam80_rate4_thr1_wire_polauto,gpu_peak_memory,8,,,,,,1,20282368.0,20282368.0,NVIDIA L40S,AMD EPYC 9334 32-Core Processor x1 threads,n-805,366e3d4b5caeef40f4f5e082b03af55f247cd800,B,4,cnn18c,auto,1,_thr1_wire_polauto,cuda,multiproof,cpu,l40s_improved2_thr1,True,C,int,80,3,9,1,{'g0_n262144': 9}
cnn,lenet5,defence_C_int_lam80_rate4_thr1_wire_polauto,gpu_peak_reserved,,,,,,,1,1474297856.0,1474297856.0,NVIDIA L40S,AMD EPYC 9334 32-Core Processor x1 threads,n-805,366e3d4b5caeef40f4f5e082b03af55f247cd800,B,4,cnn18c,auto,1,_thr1_wire_polauto,cuda,multiproof,cpu,l40s_improved2_thr1,True,C,int,80,3,9,1,{'g0_n262144': 9}
cnn,lenet5,defence_C_int_lam80_rate4_thr1_wire_polauto,gpu_peak_reserved,32,,,,,,1,1474297856.0,1474297856.0,NVIDIA L40S,AMD EPYC 9334 32-Core Processor x1 threads,n-805,366e3d4b5caeef40f4f5e082b03af55f247cd800,B,4,cnn18c,auto,1,_thr1_wire_polauto,cuda,multiproof,cpu,l40s_improved2_thr1,True,C,int,80,3,9,1,{'g0_n262144': 9}
cnn,lenet5,defence_C_int_lam80_rate4_thr1_wire_polauto,gpu_peak_reserved,8,,,,,,1,1474297856.0,1474297856.0,NVIDIA L40S,AMD EPYC 9334 32-Core Processor x1 threads,n-805,366e3d4b5caeef40f4f5e082b03af55f247cd800,B,4,cnn18c,auto,1,_thr1_wire_polauto,cuda,multiproof,cpu,l40s_improved2_thr1,True,C,int,80,3,9,1,{'g0_n262144': 9}
cnn,lenet5,defence_C_int_lam80_rate4_thr1_wire_polauto,host_peak_rss,,,,,,,1,1183662080.0,1183662080.0,NVIDIA L40S,AMD EPYC 9334 32-Core Processor x1 threads,n-805,366e3d4b5caeef40f4f5e082b03af55f247cd800,B,4,cnn18c,auto,1,_thr1_wire_polauto,cuda,multiproof,cpu,l40s_improved2_thr1,True,C,int,80,3,9,1,{'g0_n262144': 9}
cnn,lenet5,defence_C_int_lam80_rate4_thr1_wire_polauto,host_peak_rss,32,,,,,,1,1203585024.0,1203585024.0,NVIDIA L40S,AMD EPYC 9334 32-Core Processor x1 threads,n-805,366e3d4b5caeef40f4f5e082b03af55f247cd800,B,4,cnn18c,auto,1,_thr1_wire_polauto,cuda,multiproof,cpu,l40s_improved2_thr1,True,C,int,80,3,9,1,{'g0_n262144': 9}
cnn,lenet5,defence_C_int_lam80_rate4_thr1_wire_polauto,host_peak_rss,8,,,,,,1,1183662080.0,1183662080.0,NVIDIA L40S,AMD EPYC 9334 32-Core Processor x1 threads,n-805,366e3d4b5caeef40f4f5e082b03af55f247cd800,B,4,cnn18c,auto,1,_thr1_wire_polauto,cuda,multiproof,cpu,l40s_improved2_thr1,True,C,int,80,3,9,1,{'g0_n262144': 9}
cnn,lenet5,defence_C_int_lam80_rate4_thr1_wire_polauto,prove_encode,,,,,,,30,0.002427860628813505,0.0024209781860311825,NVIDIA L40S,AMD EPYC 9334 32-Core Processor x1 threads,n-805,366e3d4b5caeef40f4f5e082b03af55f247cd800,s,4,cnn18c,auto,1,_thr1_wire_polauto,cuda,multiproof,cpu,l40s_improved2_thr1,True,C,int,80,3,9,1,{'g0_n262144': 9}
cnn,lenet5,defence_C_int_lam80_rate4_thr1_wire_polauto,prove_encode,32,,,,,,1,0.0036735236644744873,0.0036735236644744873,NVIDIA L40S,AMD EPYC 9334 32-Core Processor x1 threads,n-805,366e3d4b5caeef40f4f5e082b03af55f247cd800,s,4,cnn18c,auto,1,_thr1_wire_polauto,cuda,multiproof,cpu,l40s_improved2_thr1,True,C,int,80,3,9,1,{'g0_n262144': 9}
cnn,lenet5,defence_C_int_lam80_rate4_thr1_wire_polauto,prove_encode,8,,,,,,1,0.003357534296810627,0.003357534296810627,NVIDIA L40S,AMD EPYC 9334 32-Core Processor x1 threads,n-805,366e3d4b5caeef40f4f5e082b03af55f247cd800,s,4,cnn18c,auto,1,_thr1_wire_polauto,cuda,multiproof,cpu,l40s_improved2_thr1,True,C,int,80,3,9,1,{'g0_n262144': 9}
cnn,lenet5,defence_C_int_lam80_rate4_thr1_wire_polauto,prove_fold,,,,,,,30,0.0011916076764464378,0.0011942870604495206,NVIDIA L40S,AMD EPYC 9334 32-Core Processor x1 threads,n-805,366e3d4b5caeef40f4f5e082b03af55f247cd800,s,4,cnn18c,auto,1,_thr1_wire_polauto,cuda,multiproof,cpu,l40s_improved2_thr1,True,C,int,80,3,9,1,{'g0_n262144': 9}
cnn,lenet5,defence_C_int_lam80_rate4_thr1_wire_polauto,prove_fold,32,,,,,,1,0.0012398073449730873,0.0012398073449730873,NVIDIA L40S,AMD EPYC 9334 32-Core Processor x1 threads,n-805,366e3d4b5caeef40f4f5e082b03af55f247cd800,s,4,cnn18c,auto,1,_thr1_wire_polauto,cuda,multiproof,cpu,l40s_improved2_thr1,True,C,int,80,3,9,1,{'g0_n262144': 9}
cnn,lenet5,defence_C_int_lam80_rate4_thr1_wire_polauto,prove_fold,8,,,,,,1,0.0012148478999733925,0.0012148478999733925,NVIDIA L40S,AMD EPYC 9334 32-Core Processor x1 threads,n-805,366e3d4b5caeef40f4f5e082b03af55f247cd800,s,4,cnn18c,auto,1,_thr1_wire_polauto,cuda,multiproof,cpu,l40s_improved2_thr1,True,C,int,80,3,9,1,{'g0_n262144': 9}
cnn,lenet5,defence_C_int_lam80_rate4_thr1_wire_polauto,prove_forward,,,,,,,30,0.0007254835218191147,0.0007281928012768427,NVIDIA L40S,AMD EPYC 9334 32-Core Processor x1 threads,n-805,366e3d4b5caeef40f4f5e082b03af55f247cd800,s,4,cnn18c,auto,1,_thr1_wire_polauto,cuda,multiproof,cpu,l40s_improved2_thr1,True,C,int,80,3,9,1,{'g0_n262144': 9}
cnn,lenet5,defence_C_int_lam80_rate4_thr1_wire_polauto,prove_forward,32,,,,,,1,0.0010106684640049934,0.0010106684640049934,NVIDIA L40S,AMD EPYC 9334 32-Core Processor x1 threads,n-805,366e3d4b5caeef40f4f5e082b03af55f247cd800,s,4,cnn18c,auto,1,_thr1_wire_polauto,cuda,multiproof,cpu,l40s_improved2_thr1,True,C,int,80,3,9,1,{'g0_n262144': 9}
cnn,lenet5,defence_C_int_lam80_rate4_thr1_wire_polauto,prove_forward,8,,,,,,1,0.0008428478613495827,0.0008428478613495827,NVIDIA L40S,AMD EPYC 9334 32-Core Processor x1 threads,n-805,366e3d4b5caeef40f4f5e082b03af55f247cd800,s,4,cnn18c,auto,1,_thr1_wire_polauto,cuda,multiproof,cpu,l40s_improved2_thr1,True,C,int,80,3,9,1,{'g0_n262144': 9}
cnn,lenet5,defence_C_int_lam80_rate4_thr1_wire_polauto,prove_open,,,,,,,30,0.001015558373183012,0.0010173688021798929,NVIDIA L40S,AMD EPYC 9334 32-Core Processor x1 threads,n-805,366e3d4b5caeef40f4f5e082b03af55f247cd800,s,4,cnn18c,auto,1,_thr1_wire_polauto,cuda,multiproof,cpu,l40s_improved2_thr1,True,C,int,80,3,9,1,{'g0_n262144': 9}
cnn,lenet5,defence_C_int_lam80_rate4_thr1_wire_polauto,prove_open,32,,,,,,1,0.0012428481131792068,0.0012428481131792068,NVIDIA L40S,AMD EPYC 9334 32-Core Processor x1 threads,n-805,366e3d4b5caeef40f4f5e082b03af55f247cd800,s,4,cnn18c,auto,1,_thr1_wire_polauto,cuda,multiproof,cpu,l40s_improved2_thr1,True,C,int,80,3,9,1,{'g0_n262144': 9}
cnn,lenet5,defence_C_int_lam80_rate4_thr1_wire_polauto,prove_open,8,,,,,,1,0.0010376889258623123,0.0010376889258623123,NVIDIA L40S,AMD EPYC 9334 32-Core Processor x1 threads,n-805,366e3d4b5caeef40f4f5e082b03af55f247cd800,s,4,cnn18c,auto,1,_thr1_wire_polauto,cuda,multiproof,cpu,l40s_improved2_thr1,True,C,int,80,3,9,1,{'g0_n262144': 9}
cnn,lenet5,defence_C_int_lam80_rate4_thr1_wire_polauto,soundness_bits,,,,,,,1,84.31426714994043,84.31426714994043,NVIDIA L40S,AMD EPYC 9334 32-Core Processor x1 threads,n-805,366e3d4b5caeef40f4f5e082b03af55f247cd800,bits,4,cnn18c,auto,1,_thr1_wire_polauto,cuda,multiproof,cpu,l40s_improved2_thr1,True,C,int,80,3,9,1,{'g0_n262144': 9}
cnn,lenet5,defence_C_int_lam80_rate4_thr1_wire_polauto,verify_columns,,,,,,,30,0.0006926381029188633,0.0006943572623034318,NVIDIA L40S,AMD EPYC 9334 32-Core Processor x1 threads,n-805,366e3d4b5caeef40f4f5e082b03af55f247cd800,s,4,cnn18c,auto,1,_thr1_wire_polauto,cuda,multiproof,cpu,l40s_improved2_thr1,True,C,int,80,3,9,1,{'g0_n262144': 9}
cnn,lenet5,defence_C_int_lam80_rate4_thr1_wire_polauto,verify_columns,32,,,,,,1,0.0007312875241041183,0.0007312875241041183,NVIDIA L40S,AMD EPYC 9334 32-Core Processor x1 threads,n-805,366e3d4b5caeef40f4f5e082b03af55f247cd800,s,4,cnn18c,auto,1,_thr1_wire_polauto,cuda,multiproof,cpu,l40s_improved2_thr1,True,C,int,80,3,9,1,{'g0_n262144': 9}
cnn,lenet5,defence_C_int_lam80_rate4_thr1_wire_polauto,verify_columns,8,,,,,,1,0.000703529454767704,0.000703529454767704,NVIDIA L40S,AMD EPYC 9334 32-Core Processor x1 threads,n-805,366e3d4b5caeef40f4f5e082b03af55f247cd800,s,4,cnn18c,auto,1,_thr1_wire_polauto,cuda,multiproof,cpu,l40s_improved2_thr1,True,C,int,80,3,9,1,{'g0_n262144': 9}
cnn,lenet5,defence_C_int_lam80_rate4_thr1_wire_polauto,verify_decode,,,,,,,30,0.0005230000242590904,0.0005369750161965688,NVIDIA L40S,AMD EPYC 9334 32-Core Processor x1 threads,n-805,366e3d4b5caeef40f4f5e082b03af55f247cd800,s,4,cnn18c,auto,1,_thr1_wire_polauto,cuda,multiproof,cpu,l40s_improved2_thr1,True,C,int,80,3,9,1,{'g0_n262144': 9}
cnn,lenet5,defence_C_int_lam80_rate4_thr1_wire_polauto,verify_decode,32,,,,,,1,0.004998291842639446,0.004998291842639446,NVIDIA L40S,AMD EPYC 9334 32-Core Processor x1 threads,n-805,366e3d4b5caeef40f4f5e082b03af55f247cd800,s,4,cnn18c,auto,1,_thr1_wire_polauto,cuda,multiproof,cpu,l40s_improved2_thr1,True,C,int,80,3,9,1,{'g0_n262144': 9}
cnn,lenet5,defence_C_int_lam80_rate4_thr1_wire_polauto,verify_decode,8,,,,,,1,0.0038973037153482437,0.0038973037153482437,NVIDIA L40S,AMD EPYC 9334 32-Core Processor x1 threads,n-805,366e3d4b5caeef40f4f5e082b03af55f247cd800,s,4,cnn18c,auto,1,_thr1_wire_polauto,cuda,multiproof,cpu,l40s_improved2_thr1,True,C,int,80,3,9,1,{'g0_n262144': 9}
cnn,lenet5,defence_C_int_lam80_rate4_thr1_wire_polauto,verify_derive,,,,,,,30,0.00020635034888982773,0.0002084868960082531,NVIDIA L40S,AMD EPYC 9334 32-Core Processor x1 threads,n-805,366e3d4b5caeef40f4f5e082b03af55f247cd800,s,4,cnn18c,auto,1,_thr1_wire_polauto,cuda,multiproof,cpu,l40s_improved2_thr1,True,C,int,80,3,9,1,{'g0_n262144': 9}
cnn,lenet5,defence_C_int_lam80_rate4_thr1_wire_polauto,verify_derive,32,,,,,,1,0.0013351580128073692,0.0013351580128073692,NVIDIA L40S,AMD EPYC 9334 32-Core Processor x1 threads,n-805,366e3d4b5caeef40f4f5e082b03af55f247cd800,s,4,cnn18c,auto,1,_thr1_wire_polauto,cuda,multiproof,cpu,l40s_improved2_thr1,True,C,int,80,3,9,1,{'g0_n262144': 9}
cnn,lenet5,defence_C_int_lam80_rate4_thr1_wire_polauto,verify_derive,8,,,,,,1,0.0004905890673398972,0.0004905890673398972,NVIDIA L40S,AMD EPYC 9334 32-Core Processor x1 threads,n-805,366e3d4b5caeef40f4f5e082b03af55f247cd800,s,4,cnn18c,auto,1,_thr1_wire_polauto,cuda,multiproof,cpu,l40s_improved2_thr1,True,C,int,80,3,9,1,{'g0_n262144': 9}
cnn,lenet5,defence_C_int_lam80_rate4_thr1_wire_polauto,verify_fold,,,,,,,30,0.0,0.0,NVIDIA L40S,AMD EPYC 9334 32-Core Processor x1 threads,n-805,366e3d4b5caeef40f4f5e082b03af55f247cd800,s,4,cnn18c,auto,1,_thr1_wire_polauto,cuda,multiproof,cpu,l40s_improved2_thr1,True,C,int,80,3,9,1,{'g0_n262144': 9}
cnn,lenet5,defence_C_int_lam80_rate4_thr1_wire_polauto,verify_fold,32,,,,,,1,0.0,0.0,NVIDIA L40S,AMD EPYC 9334 32-Core Processor x1 threads,n-805,366e3d4b5caeef40f4f5e082b03af55f247cd800,s,4,cnn18c,auto,1,_thr1_wire_polauto,cuda,multiproof,cpu,l40s_improved2_thr1,True,C,int,80,3,9,1,{'g0_n262144': 9}
cnn,lenet5,defence_C_int_lam80_rate4_thr1_wire_polauto,verify_fold,8,,,,,,1,0.0,0.0,NVIDIA L40S,AMD EPYC 9334 32-Core Processor x1 threads,n-805,366e3d4b5caeef40f4f5e082b03af55f247cd800,s,4,cnn18c,auto,1,_thr1_wire_polauto,cuda,multiproof,cpu,l40s_improved2_thr1,True,C,int,80,3,9,1,{'g0_n262144': 9}
cnn,lenet5,defence_C_int_lam80_rate4_thr1_wire_polauto,verify_products,,,,,,,30,0.0007222788408398628,0.0007250196300446987,NVIDIA L40S,AMD EPYC 9334 32-Core Processor x1 threads,n-805,366e3d4b5caeef40f4f5e082b03af55f247cd800,s,4,cnn18c,auto,1,_thr1_wire_polauto,cuda,multiproof,cpu,l40s_improved2_thr1,True,C,int,80,3,9,1,{'g0_n262144': 9}
cnn,lenet5,defence_C_int_lam80_rate4_thr1_wire_polauto,verify_products,32,,,,,,1,0.014697565697133541,0.014697565697133541,NVIDIA L40S,AMD EPYC 9334 32-Core Processor x1 threads,n-805,366e3d4b5caeef40f4f5e082b03af55f247cd800,s,4,cnn18c,auto,1,_thr1_wire_polauto,cuda,multiproof,cpu,l40s_improved2_thr1,True,C,int,80,3,9,1,{'g0_n262144': 9}
cnn,lenet5,defence_C_int_lam80_rate4_thr1_wire_polauto,verify_products,8,,,,,,1,0.0021132556721568108,0.0021132556721568108,NVIDIA L40S,AMD EPYC 9334 32-Core Processor x1 threads,n-805,366e3d4b5caeef40f4f5e082b03af55f247cd800,s,4,cnn18c,auto,1,_thr1_wire_polauto,cuda,multiproof,cpu,l40s_improved2_thr1,True,C,int,80,3,9,1,{'g0_n262144': 9}
cnn,vgg16,commit_rate4_thr1_wire_polauto,commit_total,,,,,,,1,18.421879906207323,18.421879906207323,NVIDIA L40S,AMD EPYC 9334 32-Core Processor x1 threads,n-805,366e3d4b5caeef40f4f5e082b03af55f247cd800,s,4,cnn18c,auto,3,_thr1_wire_polauto,cuda,multiproof,cpu,l40s_improved2_thr1,True,,,,,,,
cnn,vgg16,commit_rate4_thr1_wire_polauto,gpu_alloc_retries,,,,,,,1,0.0,0.0,NVIDIA L40S,AMD EPYC 9334 32-Core Processor x1 threads,n-805,366e3d4b5caeef40f4f5e082b03af55f247cd800,,4,cnn18c,auto,3,_thr1_wire_polauto,cuda,multiproof,cpu,l40s_improved2_thr1,True,,,,,,,
cnn,vgg16,commit_rate4_thr1_wire_polauto,gpu_device_allocs,,,,,,,1,14.0,14.0,NVIDIA L40S,AMD EPYC 9334 32-Core Processor x1 threads,n-805,366e3d4b5caeef40f4f5e082b03af55f247cd800,,4,cnn18c,auto,3,_thr1_wire_polauto,cuda,multiproof,cpu,l40s_improved2_thr1,True,,,,,,,
cnn,vgg16,commit_rate4_thr1_wire_polauto,gpu_peak_memory,,,,,,,1,1276754432.0,1276754432.0,NVIDIA L40S,AMD EPYC 9334 32-Core Processor x1 threads,n-805,366e3d4b5caeef40f4f5e082b03af55f247cd800,B,4,cnn18c,auto,3,_thr1_wire_polauto,cuda,multiproof,cpu,l40s_improved2_thr1,True,,,,,,,
cnn,vgg16,commit_rate4_thr1_wire_polauto,gpu_peak_reserved,,,,,,,1,1684013056.0,1684013056.0,NVIDIA L40S,AMD EPYC 9334 32-Core Processor x1 threads,n-805,366e3d4b5caeef40f4f5e082b03af55f247cd800,B,4,cnn18c,auto,3,_thr1_wire_polauto,cuda,multiproof,cpu,l40s_improved2_thr1,True,,,,,,,
cnn,vgg16,commit_rate4_thr1_wire_polauto,host_peak_rss,,,,,,,1,1894707200.0,1894707200.0,NVIDIA L40S,AMD EPYC 9334 32-Core Processor x1 threads,n-805,366e3d4b5caeef40f4f5e082b03af55f247cd800,B,4,cnn18c,auto,3,_thr1_wire_polauto,cuda,multiproof,cpu,l40s_improved2_thr1,True,,,,,,,
cnn,vgg16,commit_rate4_thr1_wire_polauto,setup_encoded_entries,,,,,,,1,1378877440.0,1378877440.0,NVIDIA L40S,AMD EPYC 9334 32-Core Processor x1 threads,n-805,366e3d4b5caeef40f4f5e082b03af55f247cd800,,4,cnn18c,auto,3,_thr1_wire_polauto,cuda,multiproof,cpu,l40s_improved2_thr1,True,,,,,,,
cnn,vgg16,commit_rate4_thr1_wire_polauto,setup_leaves,,,,,,,1,786432.0,786432.0,NVIDIA L40S,AMD EPYC 9334 32-Core Processor x1 threads,n-805,366e3d4b5caeef40f4f5e082b03af55f247cd800,,4,cnn18c,auto,3,_thr1_wire_polauto,cuda,multiproof,cpu,l40s_improved2_thr1,True,,,,,,,
cnn,vgg16,commit_rate4_thr1_wire_polauto,setup_max_n,,,,,,,1,262144.0,262144.0,NVIDIA L40S,AMD EPYC 9334 32-Core Processor x1 threads,n-805,366e3d4b5caeef40f4f5e082b03af55f247cd800,,4,cnn18c,auto,3,_thr1_wire_polauto,cuda,multiproof,cpu,l40s_improved2_thr1,True,,,,,,,
cnn,vgg16,commit_rate4_thr1_wire_polauto,setup_trees,,,,,,,1,3.0,3.0,NVIDIA L40S,AMD EPYC 9334 32-Core Processor x1 threads,n-805,366e3d4b5caeef40f4f5e082b03af55f247cd800,,4,cnn18c,auto,3,_thr1_wire_polauto,cuda,multiproof,cpu,l40s_improved2_thr1,True,,,,,,,
cnn,vgg16,defence_C_fs_lam128_rate4_thr1_wire_polauto,accepted,,,,,,,30,1.0,1.0,NVIDIA L40S,AMD EPYC 9334 32-Core Processor x1 threads,n-805,366e3d4b5caeef40f4f5e082b03af55f247cd800,,4,cnn18c,auto,3,_thr1_wire_polauto,cuda,multiproof,cpu,l40s_improved2_thr1,True,C,fs,128,7,34,1,"{'g0_n262144': 22, 'g1_n262144': 29, 'g2_n262144': 34}"
cnn,vgg16,defence_C_fs_lam128_rate4_thr1_wire_polauto,bytes_claims,,,,,,,30,609929.5,612421.6,NVIDIA L40S,AMD EPYC 9334 32-Core Processor x1 threads,n-805,366e3d4b5caeef40f4f5e082b03af55f247cd800,B,4,cnn18c,auto,3,_thr1_wire_polauto,cuda,multiproof,cpu,l40s_improved2_thr1,True,C,fs,128,7,34,1,"{'g0_n262144': 22, 'g1_n262144': 29, 'g2_n262144': 34}"
cnn,vgg16,defence_C_fs_lam128_rate4_thr1_wire_polauto,bytes_columns,,,,,,,30,610948.0,610948.0,NVIDIA L40S,AMD EPYC 9334 32-Core Processor x1 threads,n-805,366e3d4b5caeef40f4f5e082b03af55f247cd800,B,4,cnn18c,auto,3,_thr1_wire_polauto,cuda,multiproof,cpu,l40s_improved2_thr1,True,C,fs,128,7,34,1,"{'g0_n262144': 22, 'g1_n262144': 29, 'g2_n262144': 34}"
cnn,vgg16,defence_C_fs_lam128_rate4_thr1_wire_polauto,bytes_paths,,,,,,,30,33408.0,33376.0,NVIDIA L40S,AMD EPYC 9334 32-Core Processor x1 threads,n-805,366e3d4b5caeef40f4f5e082b03af55f247cd800,B,4,cnn18c,auto,3,_thr1_wire_polauto,cuda,multiproof,cpu,l40s_improved2_thr1,True,C,fs,128,7,34,1,"{'g0_n262144': 22, 'g1_n262144': 29, 'g2_n262144': 34}"
cnn,vgg16,defence_C_fs_lam128_rate4_thr1_wire_polauto,bytes_total,,,,,,,30,2175609.5,2177941.6,NVIDIA L40S,AMD EPYC 9334 32-Core Processor x1 threads,n-805,366e3d4b5caeef40f4f5e082b03af55f247cd800,B,4,cnn18c,auto,3,_thr1_wire_polauto,cuda,multiproof,cpu,l40s_improved2_thr1,True,C,fs,128,7,34,1,"{'g0_n262144': 22, 'g1_n262144': 29, 'g2_n262144': 34}"
cnn,vgg16,defence_C_fs_lam128_rate4_thr1_wire_polauto,bytes_u,,,,,,,30,921196.0,921196.0,NVIDIA L40S,AMD EPYC 9334 32-Core Processor x1 threads,n-805,366e3d4b5caeef40f4f5e082b03af55f247cd800,B,4,cnn18c,auto,3,_thr1_wire_polauto,cuda,multiproof,cpu,l40s_improved2_thr1,True,C,fs,128,7,34,1,"{'g0_n262144': 22, 'g1_n262144': 29, 'g2_n262144': 34}"
cnn,vgg16,defence_C_fs_lam128_rate4_thr1_wire_polauto,fs_hash,,,,,,,30,0.0008867341093719006,0.0008895712904632092,NVIDIA L40S,AMD EPYC 9334 32-Core Processor x1 threads,n-805,366e3d4b5caeef40f4f5e082b03af55f247cd800,s,4,cnn18c,auto,3,_thr1_wire_polauto,cuda,multiproof,cpu,l40s_improved2_thr1,True,C,fs,128,7,34,1,"{'g0_n262144': 22, 'g1_n262144': 29, 'g2_n262144': 34}"
cnn,vgg16,defence_C_fs_lam128_rate4_thr1_wire_polauto,gpu_alloc_retries,,,,,,,1,0.0,0.0,NVIDIA L40S,AMD EPYC 9334 32-Core Processor x1 threads,n-805,366e3d4b5caeef40f4f5e082b03af55f247cd800,,4,cnn18c,auto,3,_thr1_wire_polauto,cuda,multiproof,cpu,l40s_improved2_thr1,True,C,fs,128,7,34,1,"{'g0_n262144': 22, 'g1_n262144': 29, 'g2_n262144': 34}"
cnn,vgg16,defence_C_fs_lam128_rate4_thr1_wire_polauto,gpu_device_allocs,,,,,,,1,0.0,0.0,NVIDIA L40S,AMD EPYC 9334 32-Core Processor x1 threads,n-805,366e3d4b5caeef40f4f5e082b03af55f247cd800,,4,cnn18c,auto,3,_thr1_wire_polauto,cuda,multiproof,cpu,l40s_improved2_thr1,True,C,fs,128,7,34,1,"{'g0_n262144': 22, 'g1_n262144': 29, 'g2_n262144': 34}"
cnn,vgg16,defence_C_fs_lam128_rate4_thr1_wire_polauto,gpu_peak_memory,,,,,,,1,127361536.0,127361536.0,NVIDIA L40S,AMD EPYC 9334 32-Core Processor x1 threads,n-805,366e3d4b5caeef40f4f5e082b03af55f247cd800,B,4,cnn18c,auto,3,_thr1_wire_polauto,cuda,multiproof,cpu,l40s_improved2_thr1,True,C,fs,128,7,34,1,"{'g0_n262144': 22, 'g1_n262144': 29, 'g2_n262144': 34}"
cnn,vgg16,defence_C_fs_lam128_rate4_thr1_wire_polauto,gpu_peak_reserved,,,,,,,1,1702887424.0,1702887424.0,NVIDIA L40S,AMD EPYC 9334 32-Core Processor x1 threads,n-805,366e3d4b5caeef40f4f5e082b03af55f247cd800,B,4,cnn18c,auto,3,_thr1_wire_polauto,cuda,multiproof,cpu,l40s_improved2_thr1,True,C,fs,128,7,34,1,"{'g0_n262144': 22, 'g1_n262144': 29, 'g2_n262144': 34}"
cnn,vgg16,defence_C_fs_lam128_rate4_thr1_wire_polauto,host_peak_rss,,,,,,,1,1615110144.0,1615110144.0,NVIDIA L40S,AMD EPYC 9334 32-Core Processor x1 threads,n-805,366e3d4b5caeef40f4f5e082b03af55f247cd800,B,4,cnn18c,auto,3,_thr1_wire_polauto,cuda,multiproof,cpu,l40s_improved2_thr1,True,C,fs,128,7,34,1,"{'g0_n262144': 22, 'g1_n262144': 29, 'g2_n262144': 34}"
cnn,vgg16,defence_C_fs_lam128_rate4_thr1_wire_polauto,prove_encode,,,,,,,30,0.004135673865675926,0.004165353998541832,NVIDIA L40S,AMD EPYC 9334 32-Core Processor x1 threads,n-805,366e3d4b5caeef40f4f5e082b03af55f247cd800,s,4,cnn18c,auto,3,_thr1_wire_polauto,cuda,multiproof,cpu,l40s_improved2_thr1,True,C,fs,128,7,34,1,"{'g0_n262144': 22, 'g1_n262144': 29, 'g2_n262144': 34}"
cnn,vgg16,defence_C_fs_lam128_rate4_thr1_wire_polauto,prove_fold,,,,,,,30,0.0055661071091890335,0.005608703258136908,NVIDIA L40S,AMD EPYC 9334 32-Core Processor x1 threads,n-805,366e3d4b5caeef40f4f5e082b03af55f247cd800,s,4,cnn18c,auto,3,_thr1_wire_polauto,cuda,multiproof,cpu,l40s_improved2_thr1,True,C,fs,128,7,34,1,"{'g0_n262144': 22, 'g1_n262144': 29, 'g2_n262144': 34}"
cnn,vgg16,defence_C_fs_lam128_rate4_thr1_wire_polauto,prove_forward,,,,,,,30,0.0034420150332152843,0.003726963264246782,NVIDIA L40S,AMD EPYC 9334 32-Core Processor x1 threads,n-805,366e3d4b5caeef40f4f5e082b03af55f247cd800,s,4,cnn18c,auto,3,_thr1_wire_polauto,cuda,multiproof,cpu,l40s_improved2_thr1,True,C,fs,128,7,34,1,"{'g0_n262144': 22, 'g1_n262144': 29, 'g2_n262144': 34}"
cnn,vgg16,defence_C_fs_lam128_rate4_thr1_wire_polauto,prove_open,,,,,,,30,0.005048228427767754,0.00506925123433272,NVIDIA L40S,AMD EPYC 9334 32-Core Processor x1 threads,n-805,366e3d4b5caeef40f4f5e082b03af55f247cd800,s,4,cnn18c,auto,3,_thr1_wire_polauto,cuda,multiproof,cpu,l40s_improved2_thr1,True,C,fs,128,7,34,1,"{'g0_n262144': 22, 'g1_n262144': 29, 'g2_n262144': 34}"
cnn,vgg16,defence_C_fs_lam128_rate4_thr1_wire_polauto,soundness_bits,,,,,,,1,130.99258363926114,130.99258363926114,NVIDIA L40S,AMD EPYC 9334 32-Core Processor x1 threads,n-805,366e3d4b5caeef40f4f5e082b03af55f247cd800,bits,4,cnn18c,auto,3,_thr1_wire_polauto,cuda,multiproof,cpu,l40s_improved2_thr1,True,C,fs,128,7,34,1,"{'g0_n262144': 22, 'g1_n262144': 29, 'g2_n262144': 34}"
cnn,vgg16,defence_C_fs_lam128_rate4_thr1_wire_polauto,verify_columns,,,,,,,30,0.008184048812836409,0.008188130582372348,NVIDIA L40S,AMD EPYC 9334 32-Core Processor x1 threads,n-805,366e3d4b5caeef40f4f5e082b03af55f247cd800,s,4,cnn18c,auto,3,_thr1_wire_polauto,cuda,multiproof,cpu,l40s_improved2_thr1,True,C,fs,128,7,34,1,"{'g0_n262144': 22, 'g1_n262144': 29, 'g2_n262144': 34}"
cnn,vgg16,defence_C_fs_lam128_rate4_thr1_wire_polauto,verify_decode,,,,,,,30,0.0018878718838095665,0.0019028431735932827,NVIDIA L40S,AMD EPYC 9334 32-Core Processor x1 threads,n-805,366e3d4b5caeef40f4f5e082b03af55f247cd800,s,4,cnn18c,auto,3,_thr1_wire_polauto,cuda,multiproof,cpu,l40s_improved2_thr1,True,C,fs,128,7,34,1,"{'g0_n262144': 22, 'g1_n262144': 29, 'g2_n262144': 34}"
cnn,vgg16,defence_C_fs_lam128_rate4_thr1_wire_polauto,verify_derive,,,,,,,30,0.0014478028751909733,0.0014572085191806158,NVIDIA L40S,AMD EPYC 9334 32-Core Processor x1 threads,n-805,366e3d4b5caeef40f4f5e082b03af55f247cd800,s,4,cnn18c,auto,3,_thr1_wire_polauto,cuda,multiproof,cpu,l40s_improved2_thr1,True,C,fs,128,7,34,1,"{'g0_n262144': 22, 'g1_n262144': 29, 'g2_n262144': 34}"
cnn,vgg16,defence_C_fs_lam128_rate4_thr1_wire_polauto,verify_fold,,,,,,,30,0.0,0.0,NVIDIA L40S,AMD EPYC 9334 32-Core Processor x1 threads,n-805,366e3d4b5caeef40f4f5e082b03af55f247cd800,s,4,cnn18c,auto,3,_thr1_wire_polauto,cuda,multiproof,cpu,l40s_improved2_thr1,True,C,fs,128,7,34,1,"{'g0_n262144': 22, 'g1_n262144': 29, 'g2_n262144': 34}"
cnn,vgg16,defence_C_fs_lam128_rate4_thr1_wire_polauto,verify_products,,,,,,,30,0.004790248349308968,0.004818629380315543,NVIDIA L40S,AMD EPYC 9334 32-Core Processor x1 threads,n-805,366e3d4b5caeef40f4f5e082b03af55f247cd800,s,4,cnn18c,auto,3,_thr1_wire_polauto,cuda,multiproof,cpu,l40s_improved2_thr1,True,C,fs,128,7,34,1,"{'g0_n262144': 22, 'g1_n262144': 29, 'g2_n262144': 34}"
cnn,vgg16,defence_C_fs_lam40_rate4_thr1_wire_polauto,accepted,,,,,,,30,1.0,1.0,NVIDIA L40S,AMD EPYC 9334 32-Core Processor x1 threads,n-805,366e3d4b5caeef40f4f5e082b03af55f247cd800,,4,cnn18c,auto,3,_thr1_wire_polauto,cuda,multiproof,cpu,l40s_improved2_thr1,True,C,fs,40,4,19,1,"{'g0_n262144': 13, 'g1_n262144': 16, 'g2_n262144': 19}"
cnn,vgg16,defence_C_fs_lam40_rate4_thr1_wire_polauto,bytes_claims,,,,,,,30,609929.5,612421.6,NVIDIA L40S,AMD EPYC 9334 32-Core Processor x1 threads,n-805,366e3d4b5caeef40f4f5e082b03af55f247cd800,B,4,cnn18c,auto,3,_thr1_wire_polauto,cuda,multiproof,cpu,l40s_improved2_thr1,True,C,fs,40,4,19,1,"{'g0_n262144': 13, 'g1_n262144': 16, 'g2_n262144': 19}"
cnn,vgg16,defence_C_fs_lam40_rate4_thr1_wire_polauto,bytes_columns,,,,,,,30,343108.0,343108.0,NVIDIA L40S,AMD EPYC 9334 32-Core Processor x1 threads,n-805,366e3d4b5caeef40f4f5e082b03af55f247cd800,B,4,cnn18c,auto,3,_thr1_wire_polauto,cuda,multiproof,cpu,l40s_improved2_thr1,True,C,fs,40,4,19,1,"{'g0_n262144': 13, 'g1_n262144': 16, 'g2_n262144': 19}"
cnn,vgg16,defence_C_fs_lam40_rate4_thr1_wire_polauto,bytes_paths,,,,,,,30,20080.0,20088.533333333333,NVIDIA L40S,AMD EPYC 9334 32-Core Processor x1 threads,n-805,366e3d4b5caeef40f4f5e082b03af55f247cd800,B,4,cnn18c,auto,3,_thr1_wire_polauto,cuda,multiproof,cpu,l40s_improved2_thr1,True,C,fs,40,4,19,1,"{'g0_n262144': 13, 'g1_n262144': 16, 'g2_n262144': 19}"
cnn,vgg16,defence_C_fs_lam40_rate4_thr1_wire_polauto,bytes_total,,,,,,,30,1499749.5,1502122.1333333333,NVIDIA L40S,AMD EPYC 9334 32-Core Processor x1 threads,n-805,366e3d4b5caeef40f4f5e082b03af55f247cd800,B,4,cnn18c,auto,3,_thr1_wire_polauto,cuda,multiproof,cpu,l40s_improved2_thr1,True,C,fs,40,4,19,1,"{'g0_n262144': 13, 'g1_n262144': 16, 'g2_n262144': 19}"
cnn,vgg16,defence_C_fs_lam40_rate4_thr1_wire_polauto,bytes_u,,,,,,,30,526504.0,526504.0,NVIDIA L40S,AMD EPYC 9334 32-Core Processor x1 threads,n-805,366e3d4b5caeef40f4f5e082b03af55f247cd800,B,4,cnn18c,auto,3,_thr1_wire_polauto,cuda,multiproof,cpu,l40s_improved2_thr1,True,C,fs,40,4,19,1,"{'g0_n262144': 13, 'g1_n262144': 16, 'g2_n262144': 19}"
cnn,vgg16,defence_C_fs_lam40_rate4_thr1_wire_polauto,fs_hash,,,,,,,30,0.0006737038493156433,0.0006747119128704071,NVIDIA L40S,AMD EPYC 9334 32-Core Processor x1 threads,n-805,366e3d4b5caeef40f4f5e082b03af55f247cd800,s,4,cnn18c,auto,3,_thr1_wire_polauto,cuda,multiproof,cpu,l40s_improved2_thr1,True,C,fs,40,4,19,1,"{'g0_n262144': 13, 'g1_n262144': 16, 'g2_n262144': 19}"
cnn,vgg16,defence_C_fs_lam40_rate4_thr1_wire_polauto,gpu_alloc_retries,,,,,,,1,0.0,0.0,NVIDIA L40S,AMD EPYC 9334 32-Core Processor x1 threads,n-805,366e3d4b5caeef40f4f5e082b03af55f247cd800,,4,cnn18c,auto,3,_thr1_wire_polauto,cuda,multiproof,cpu,l40s_improved2_thr1,True,C,fs,40,4,19,1,"{'g0_n262144': 13, 'g1_n262144': 16, 'g2_n262144': 19}"
cnn,vgg16,defence_C_fs_lam40_rate4_thr1_wire_polauto,gpu_device_allocs,,,,,,,1,0.0,0.0,NVIDIA L40S,AMD EPYC 9334 32-Core Processor x1 threads,n-805,366e3d4b5caeef40f4f5e082b03af55f247cd800,,4,cnn18c,auto,3,_thr1_wire_polauto,cuda,multiproof,cpu,l40s_improved2_thr1,True,C,fs,40,4,19,1,"{'g0_n262144': 13, 'g1_n262144': 16, 'g2_n262144': 19}"
cnn,vgg16,defence_C_fs_lam40_rate4_thr1_wire_polauto,gpu_peak_memory,,,,,,,1,127361536.0,127361536.0,NVIDIA L40S,AMD EPYC 9334 32-Core Processor x1 threads,n-805,366e3d4b5caeef40f4f5e082b03af55f247cd800,B,4,cnn18c,auto,3,_thr1_wire_polauto,cuda,multiproof,cpu,l40s_improved2_thr1,True,C,fs,40,4,19,1,"{'g0_n262144': 13, 'g1_n262144': 16, 'g2_n262144': 19}"
cnn,vgg16,defence_C_fs_lam40_rate4_thr1_wire_polauto,gpu_peak_reserved,,,,,,,1,1702887424.0,1702887424.0,NVIDIA L40S,AMD EPYC 9334 32-Core Processor x1 threads,n-805,366e3d4b5caeef40f4f5e082b03af55f247cd800,B,4,cnn18c,auto,3,_thr1_wire_polauto,cuda,multiproof,cpu,l40s_improved2_thr1,True,C,fs,40,4,19,1,"{'g0_n262144': 13, 'g1_n262144': 16, 'g2_n262144': 19}"
cnn,vgg16,defence_C_fs_lam40_rate4_thr1_wire_polauto,host_peak_rss,,,,,,,1,1484595200.0,1484595200.0,NVIDIA L40S,AMD EPYC 9334 32-Core Processor x1 threads,n-805,366e3d4b5caeef40f4f5e082b03af55f247cd800,B,4,cnn18c,auto,3,_thr1_wire_polauto,cuda,multiproof,cpu,l40s_improved2_thr1,True,C,fs,40,4,19,1,"{'g0_n262144': 13, 'g1_n262144': 16, 'g2_n262144': 19}"
cnn,vgg16,defence_C_fs_lam40_rate4_thr1_wire_polauto,prove_encode,,,,,,,30,0.003628896549344063,0.003649077688654264,NVIDIA L40S,AMD EPYC 9334 32-Core Processor x1 threads,n-805,366e3d4b5caeef40f4f5e082b03af55f247cd800,s,4,cnn18c,auto,3,_thr1_wire_polauto,cuda,multiproof,cpu,l40s_improved2_thr1,True,C,fs,40,4,19,1,"{'g0_n262144': 13, 'g1_n262144': 16, 'g2_n262144': 19}"
cnn,vgg16,defence_C_fs_lam40_rate4_thr1_wire_polauto,prove_fold,,,,,,,30,0.0054567428305745125,0.00545676260565718,NVIDIA L40S,AMD EPYC 9334 32-Core Processor x1 threads,n-805,366e3d4b5caeef40f4f5e082b03af55f247cd800,s,4,cnn18c,auto,3,_thr1_wire_polauto,cuda,multiproof,cpu,l40s_improved2_thr1,True,C,fs,40,4,19,1,"{'g0_n262144': 13, 'g1_n262144': 16, 'g2_n262144': 19}"
cnn,vgg16,defence_C_fs_lam40_rate4_thr1_wire_polauto,prove_forward,,,,,,,30,0.00336004002019763,0.0033609963643054168,NVIDIA L40S,AMD EPYC 9334 32-Core Processor x1 threads,n-805,366e3d4b5caeef40f4f5e082b03af55f247cd800,s,4,cnn18c,auto,3,_thr1_wire_polauto,cuda,multiproof,cpu,l40s_improved2_thr1,True,C,fs,40,4,19,1,"{'g0_n262144': 13, 'g1_n262144': 16, 'g2_n262144': 19}"
cnn,vgg16,defence_C_fs_lam40_rate4_thr1_wire_polauto,prove_open,,,,,,,30,0.004105239640921354,0.004109757797171672,NVIDIA L40S,AMD EPYC 9334 32-Core Processor x1 threads,n-805,366e3d4b5caeef40f4f5e082b03af55f247cd800,s,4,cnn18c,auto,3,_thr1_wire_polauto,cuda,multiproof,cpu,l40s_improved2_thr1,True,C,fs,40,4,19,1,"{'g0_n262144': 13, 'g1_n262144': 16, 'g2_n262144': 19}"
cnn,vgg16,defence_C_fs_lam40_rate4_thr1_wire_polauto,soundness_bits,,,,,,,1,43.086637749200946,43.086637749200946,NVIDIA L40S,AMD EPYC 9334 32-Core Processor x1 threads,n-805,366e3d4b5caeef40f4f5e082b03af55f247cd800,bits,4,cnn18c,auto,3,_thr1_wire_polauto,cuda,multiproof,cpu,l40s_improved2_thr1,True,C,fs,40,4,19,1,"{'g0_n262144': 13, 'g1_n262144': 16, 'g2_n262144': 19}"
cnn,vgg16,defence_C_fs_lam40_rate4_thr1_wire_polauto,verify_columns,,,,,,,30,0.004632143769413233,0.004634067292014757,NVIDIA L40S,AMD EPYC 9334 32-Core Processor x1 threads,n-805,366e3d4b5caeef40f4f5e082b03af55f247cd800,s,4,cnn18c,auto,3,_thr1_wire_polauto,cuda,multiproof,cpu,l40s_improved2_thr1,True,C,fs,40,4,19,1,"{'g0_n262144': 13, 'g1_n262144': 16, 'g2_n262144': 19}"
cnn,vgg16,defence_C_fs_lam40_rate4_thr1_wire_polauto,verify_decode,,,,,,,30,0.0017118058167397976,0.0017326153814792634,NVIDIA L40S,AMD EPYC 9334 32-Core Processor x1 threads,n-805,366e3d4b5caeef40f4f5e082b03af55f247cd800,s,4,cnn18c,auto,3,_thr1_wire_polauto,cuda,multiproof,cpu,l40s_improved2_thr1,True,C,fs,40,4,19,1,"{'g0_n262144': 13, 'g1_n262144': 16, 'g2_n262144': 19}"
cnn,vgg16,defence_C_fs_lam40_rate4_thr1_wire_polauto,verify_derive,,,,,,,30,0.001435722690075636,0.0014356260498364767,NVIDIA L40S,AMD EPYC 9334 32-Core Processor x1 threads,n-805,366e3d4b5caeef40f4f5e082b03af55f247cd800,s,4,cnn18c,auto,3,_thr1_wire_polauto,cuda,multiproof,cpu,l40s_improved2_thr1,True,C,fs,40,4,19,1,"{'g0_n262144': 13, 'g1_n262144': 16, 'g2_n262144': 19}"
cnn,vgg16,defence_C_fs_lam40_rate4_thr1_wire_polauto,verify_fold,,,,,,,30,0.0,0.0,NVIDIA L40S,AMD EPYC 9334 32-Core Processor x1 threads,n-805,366e3d4b5caeef40f4f5e082b03af55f247cd800,s,4,cnn18c,auto,3,_thr1_wire_polauto,cuda,multiproof,cpu,l40s_improved2_thr1,True,C,fs,40,4,19,1,"{'g0_n262144': 13, 'g1_n262144': 16, 'g2_n262144': 19}"
cnn,vgg16,defence_C_fs_lam40_rate4_thr1_wire_polauto,verify_products,,,,,,,30,0.0038855792954564095,0.0038827324906984964,NVIDIA L40S,AMD EPYC 9334 32-Core Processor x1 threads,n-805,366e3d4b5caeef40f4f5e082b03af55f247cd800,s,4,cnn18c,auto,3,_thr1_wire_polauto,cuda,multiproof,cpu,l40s_improved2_thr1,True,C,fs,40,4,19,1,"{'g0_n262144': 13, 'g1_n262144': 16, 'g2_n262144': 19}"
cnn,vgg16,defence_C_fs_lam80_rate4_thr1_wire_polauto,accepted,,,,,,,30,1.0,1.0,NVIDIA L40S,AMD EPYC 9334 32-Core Processor x1 threads,n-805,366e3d4b5caeef40f4f5e082b03af55f247cd800,,4,cnn18c,auto,3,_thr1_wire_polauto,cuda,multiproof,cpu,l40s_improved2_thr1,True,C,fs,80,5,26,1,"{'g0_n262144': 17, 'g1_n262144': 22, 'g2_n262144': 26}"
cnn,vgg16,defence_C_fs_lam80_rate4_thr1_wire_polauto,bytes_claims,,,,,,,30,609929.5,612421.6,NVIDIA L40S,AMD EPYC 9334 32-Core Processor x1 threads,n-805,366e3d4b5caeef40f4f5e082b03af55f247cd800,B,4,cnn18c,auto,3,_thr1_wire_polauto,cuda,multiproof,cpu,l40s_improved2_thr1,True,C,fs,80,5,26,1,"{'g0_n262144': 17, 'g1_n262144': 22, 'g2_n262144': 26}"
cnn,vgg16,defence_C_fs_lam80_rate4_thr1_wire_polauto,bytes_columns,,,,,,,30,466860.0,466860.0,NVIDIA L40S,AMD EPYC 9334 32-Core Processor x1 threads,n-805,366e3d4b5caeef40f4f5e082b03af55f247cd800,B,4,cnn18c,auto,3,_thr1_wire_polauto,cuda,multiproof,cpu,l40s_improved2_thr1,True,C,fs,80,5,26,1,"{'g0_n262144': 17, 'g1_n262144': 22, 'g2_n262144': 26}"
cnn,vgg16,defence_C_fs_lam80_rate4_thr1_wire_polauto,bytes_paths,,,,,,,30,26496.0,26444.8,NVIDIA L40S,AMD EPYC 9334 32-Core Processor x1 threads,n-805,366e3d4b5caeef40f4f5e082b03af55f247cd800,B,4,cnn18c,auto,3,_thr1_wire_polauto,cuda,multiproof,cpu,l40s_improved2_thr1,True,C,fs,80,5,26,1,"{'g0_n262144': 17, 'g1_n262144': 22, 'g2_n262144': 26}"
cnn,vgg16,defence_C_fs_lam80_rate4_thr1_wire_polauto,bytes_total,,,,,,,30,1761177.5,1763794.4,NVIDIA L40S,AMD EPYC 9334 32-Core Processor x1 threads,n-805,366e3d4b5caeef40f4f5e082b03af55f247cd800,B,4,cnn18c,auto,3,_thr1_wire_polauto,cuda,multiproof,cpu,l40s_improved2_thr1,True,C,fs,80,5,26,1,"{'g0_n262144': 17, 'g1_n262144': 22, 'g2_n262144': 26}"
cnn,vgg16,defence_C_fs_lam80_rate4_thr1_wire_polauto,bytes_u,,,,,,,30,658068.0,658068.0,NVIDIA L40S,AMD EPYC 9334 32-Core Processor x1 threads,n-805,366e3d4b5caeef40f4f5e082b03af55f247cd800,B,4,cnn18c,auto,3,_thr1_wire_polauto,cuda,multiproof,cpu,l40s_improved2_thr1,True,C,fs,80,5,26,1,"{'g0_n262144': 17, 'g1_n262144': 22, 'g2_n262144': 26}"
cnn,vgg16,defence_C_fs_lam80_rate4_thr1_wire_polauto,fs_hash,,,,,,,30,0.0007441295310854912,0.0007451569661498069,NVIDIA L40S,AMD EPYC 9334 32-Core Processor x1 threads,n-805,366e3d4b5caeef40f4f5e082b03af55f247cd800,s,4,cnn18c,auto,3,_thr1_wire_polauto,cuda,multiproof,cpu,l40s_improved2_thr1,True,C,fs,80,5,26,1,"{'g0_n262144': 17, 'g1_n262144': 22, 'g2_n262144': 26}"
cnn,vgg16,defence_C_fs_lam80_rate4_thr1_wire_polauto,gpu_alloc_retries,,,,,,,1,0.0,0.0,NVIDIA L40S,AMD EPYC 9334 32-Core Processor x1 threads,n-805,366e3d4b5caeef40f4f5e082b03af55f247cd800,,4,cnn18c,auto,3,_thr1_wire_polauto,cuda,multiproof,cpu,l40s_improved2_thr1,True,C,fs,80,5,26,1,"{'g0_n262144': 17, 'g1_n262144': 22, 'g2_n262144': 26}"
cnn,vgg16,defence_C_fs_lam80_rate4_thr1_wire_polauto,gpu_device_allocs,,,,,,,1,0.0,0.0,NVIDIA L40S,AMD EPYC 9334 32-Core Processor x1 threads,n-805,366e3d4b5caeef40f4f5e082b03af55f247cd800,,4,cnn18c,auto,3,_thr1_wire_polauto,cuda,multiproof,cpu,l40s_improved2_thr1,True,C,fs,80,5,26,1,"{'g0_n262144': 17, 'g1_n262144': 22, 'g2_n262144': 26}"
cnn,vgg16,defence_C_fs_lam80_rate4_thr1_wire_polauto,gpu_peak_memory,,,,,,,1,127361536.0,127361536.0,NVIDIA L40S,AMD EPYC 9334 32-Core Processor x1 threads,n-805,366e3d4b5caeef40f4f5e082b03af55f247cd800,B,4,cnn18c,auto,3,_thr1_wire_polauto,cuda,multiproof,cpu,l40s_improved2_thr1,True,C,fs,80,5,26,1,"{'g0_n262144': 17, 'g1_n262144': 22, 'g2_n262144': 26}"
cnn,vgg16,defence_C_fs_lam80_rate4_thr1_wire_polauto,gpu_peak_reserved,,,,,,,1,1702887424.0,1702887424.0,NVIDIA L40S,AMD EPYC 9334 32-Core Processor x1 threads,n-805,366e3d4b5caeef40f4f5e082b03af55f247cd800,B,4,cnn18c,auto,3,_thr1_wire_polauto,cuda,multiproof,cpu,l40s_improved2_thr1,True,C,fs,80,5,26,1,"{'g0_n262144': 17, 'g1_n262144': 22, 'g2_n262144': 26}"
cnn,vgg16,defence_C_fs_lam80_rate4_thr1_wire_polauto,host_peak_rss,,,,,,,1,1615110144.0,1615110144.0,NVIDIA L40S,AMD EPYC 9334 32-Core Processor x1 threads,n-805,366e3d4b5caeef40f4f5e082b03af55f247cd800,B,4,cnn18c,auto,3,_thr1_wire_polauto,cuda,multiproof,cpu,l40s_improved2_thr1,True,C,fs,80,5,26,1,"{'g0_n262144': 17, 'g1_n262144': 22, 'g2_n262144': 26}"
cnn,vgg16,defence_C_fs_lam80_rate4_thr1_wire_polauto,prove_encode,,,,,,,30,0.0038049262948334217,0.004103259928524494,NVIDIA L40S,AMD EPYC 9334 32-Core Processor x1 threads,n-805,366e3d4b5caeef40f4f5e082b03af55f247cd800,s,4,cnn18c,auto,3,_thr1_wire_polauto,cuda,multiproof,cpu,l40s_improved2_thr1,True,C,fs,80,5,26,1,"{'g0_n262144': 17, 'g1_n262144': 22, 'g2_n262144': 26}"
cnn,vgg16,defence_C_fs_lam80_rate4_thr1_wire_polauto,prove_fold,,,,,,,30,0.005489852745085955,0.005493592905501525,NVIDIA L40S,AMD EPYC 9334 32-Core Processor x1 threads,n-805,366e3d4b5caeef40f4f5e082b03af55f247cd800,s,4,cnn18c,auto,3,_thr1_wire_polauto,cuda,multiproof,cpu,l40s_improved2_thr1,True,C,fs,80,5,26,1,"{'g0_n262144': 17, 'g1_n262144': 22, 'g2_n262144': 26}"
cnn,vgg16,defence_C_fs_lam80_rate4_thr1_wire_polauto,prove_forward,,,,,,,30,0.0033823056146502495,0.003390893464287122,NVIDIA L40S,AMD EPYC 9334 32-Core Processor x1 threads,n-805,366e3d4b5caeef40f4f5e082b03af55f247cd800,s,4,cnn18c,auto,3,_thr1_wire_polauto,cuda,multiproof,cpu,l40s_improved2_thr1,True,C,fs,80,5,26,1,"{'g0_n262144': 17, 'g1_n262144': 22, 'g2_n262144': 26}"
cnn,vgg16,defence_C_fs_lam80_rate4_thr1_wire_polauto,prove_open,,,,,,,30,0.004221045412123203,0.0042268219714363415,NVIDIA L40S,AMD EPYC 9334 32-Core Processor x1 threads,n-805,366e3d4b5caeef40f4f5e082b03af55f247cd800,s,4,cnn18c,auto,3,_thr1_wire_polauto,cuda,multiproof,cpu,l40s_improved2_thr1,True,C,fs,80,5,26,1,"{'g0_n262144': 17, 'g1_n262144': 22, 'g2_n262144': 26}"
cnn,vgg16,defence_C_fs_lam80_rate4_thr1_wire_polauto,soundness_bits,,,,,,,1,83.73876620610312,83.73876620610312,NVIDIA L40S,AMD EPYC 9334 32-Core Processor x1 threads,n-805,366e3d4b5caeef40f4f5e082b03af55f247cd800,bits,4,cnn18c,auto,3,_thr1_wire_polauto,cuda,multiproof,cpu,l40s_improved2_thr1,True,C,fs,80,5,26,1,"{'g0_n262144': 17, 'g1_n262144': 22, 'g2_n262144': 26}"
cnn,vgg16,defence_C_fs_lam80_rate4_thr1_wire_polauto,verify_columns,,,,,,,30,0.005901037249714136,0.005910599790513516,NVIDIA L40S,AMD EPYC 9334 32-Core Processor x1 threads,n-805,366e3d4b5caeef40f4f5e082b03af55f247cd800,s,4,cnn18c,auto,3,_thr1_wire_polauto,cuda,multiproof,cpu,l40s_improved2_thr1,True,C,fs,80,5,26,1,"{'g0_n262144': 17, 'g1_n262144': 22, 'g2_n262144': 26}"
cnn,vgg16,defence_C_fs_lam80_rate4_thr1_wire_polauto,verify_decode,,,,,,,30,0.0017714230343699455,0.0017949909282227357,NVIDIA L40S,AMD EPYC 9334 32-Core Processor x1 threads,n-805,366e3d4b5caeef40f4f5e082b03af55f247cd800,s,4,cnn18c,auto,3,_thr1_wire_polauto,cuda,multiproof,cpu,l40s_improved2_thr1,True,C,fs,80,5,26,1,"{'g0_n262144': 17, 'g1_n262144': 22, 'g2_n262144': 26}"
cnn,vgg16,defence_C_fs_lam80_rate4_thr1_wire_polauto,verify_derive,,,,,,,30,0.0014429925940930843,0.0014405487415691217,NVIDIA L40S,AMD EPYC 9334 32-Core Processor x1 threads,n-805,366e3d4b5caeef40f4f5e082b03af55f247cd800,s,4,cnn18c,auto,3,_thr1_wire_polauto,cuda,multiproof,cpu,l40s_improved2_thr1,True,C,fs,80,5,26,1,"{'g0_n262144': 17, 'g1_n262144': 22, 'g2_n262144': 26}"
cnn,vgg16,defence_C_fs_lam80_rate4_thr1_wire_polauto,verify_fold,,,,,,,30,0.0,0.0,NVIDIA L40S,AMD EPYC 9334 32-Core Processor x1 threads,n-805,366e3d4b5caeef40f4f5e082b03af55f247cd800,s,4,cnn18c,auto,3,_thr1_wire_polauto,cuda,multiproof,cpu,l40s_improved2_thr1,True,C,fs,80,5,26,1,"{'g0_n262144': 17, 'g1_n262144': 22, 'g2_n262144': 26}"
cnn,vgg16,defence_C_fs_lam80_rate4_thr1_wire_polauto,verify_products,,,,,,,30,0.004259818699210882,0.004269215588768323,NVIDIA L40S,AMD EPYC 9334 32-Core Processor x1 threads,n-805,366e3d4b5caeef40f4f5e082b03af55f247cd800,s,4,cnn18c,auto,3,_thr1_wire_polauto,cuda,multiproof,cpu,l40s_improved2_thr1,True,C,fs,80,5,26,1,"{'g0_n262144': 17, 'g1_n262144': 22, 'g2_n262144': 26}"
cnn,vgg16,defence_C_int_lam128_rate4_thr1_wire_polauto,accepted,,,,,,,30,1.0,1.0,NVIDIA L40S,AMD EPYC 9334 32-Core Processor x1 threads,n-805,366e3d4b5caeef40f4f5e082b03af55f247cd800,,4,cnn18c,auto,3,_thr1_wire_polauto,cuda,multiproof,cpu,l40s_improved2_thr1,True,C,int,128,5,23,1,"{'g0_n262144': 15, 'g1_n262144': 20, 'g2_n262144': 23}"
cnn,vgg16,defence_C_int_lam128_rate4_thr1_wire_polauto,accepted,32,,,,,,1,1.0,1.0,NVIDIA L40S,AMD EPYC 9334 32-Core Processor x1 threads,n-805,366e3d4b5caeef40f4f5e082b03af55f247cd800,,4,cnn18c,auto,3,_thr1_wire_polauto,cuda,multiproof,cpu,l40s_improved2_thr1,True,C,int,128,5,23,1,"{'g0_n262144': 15, 'g1_n262144': 20, 'g2_n262144': 23}"
cnn,vgg16,defence_C_int_lam128_rate4_thr1_wire_polauto,accepted,8,,,,,,1,1.0,1.0,NVIDIA L40S,AMD EPYC 9334 32-Core Processor x1 threads,n-805,366e3d4b5caeef40f4f5e082b03af55f247cd800,,4,cnn18c,auto,3,_thr1_wire_polauto,cuda,multiproof,cpu,l40s_improved2_thr1,True,C,int,128,5,23,1,"{'g0_n262144': 15, 'g1_n262144': 20, 'g2_n262144': 23}"
cnn,vgg16,defence_C_int_lam128_rate4_thr1_wire_polauto,bytes_claims,,,,,,,30,609929.5,612421.6,NVIDIA L40S,AMD EPYC 9334 32-Core Processor x1 threads,n-805,366e3d4b5caeef40f4f5e082b03af55f247cd800,B,4,cnn18c,auto,3,_thr1_wire_polauto,cuda,multiproof,cpu,l40s_improved2_thr1,True,C,int,128,5,23,1,"{'g0_n262144': 15, 'g1_n262144': 20, 'g2_n262144': 23}"
cnn,vgg16,defence_C_int_lam128_rate4_thr1_wire_polauto,bytes_claims,32,,,,,,1,19787070.0,19787070.0,NVIDIA L40S,AMD EPYC 9334 32-Core Processor x1 threads,n-805,366e3d4b5caeef40f4f5e082b03af55f247cd800,B,4,cnn18c,auto,3,_thr1_wire_polauto,cuda,multiproof,cpu,l40s_improved2_thr1,True,C,int,128,5,23,1,"{'g0_n262144': 15, 'g1_n262144': 20, 'g2_n262144': 23}"
cnn,vgg16,defence_C_int_lam128_rate4_thr1_wire_polauto,bytes_claims,8,,,,,,1,4942502.0,4942502.0,NVIDIA L40S,AMD EPYC 9334 32-Core Processor x1 threads,n-805,366e3d4b5caeef40f4f5e082b03af55f247cd800,B,4,cnn18c,auto,3,_thr1_wire_polauto,cuda,multiproof,cpu,l40s_improved2_thr1,True,C,int,128,5,23,1,"{'g0_n262144': 15, 'g1_n262144': 20, 'g2_n262144': 23}"
cnn,vgg16,defence_C_int_lam128_rate4_thr1_wire_polauto,bytes_columns,,,,,,,30,416144.0,416144.0,NVIDIA L40S,AMD EPYC 9334 32-Core Processor x1 threads,n-805,366e3d4b5caeef40f4f5e082b03af55f247cd800,B,4,cnn18c,auto,3,_thr1_wire_polauto,cuda,multiproof,cpu,l40s_improved2_thr1,True,C,int,128,5,23,1,"{'g0_n262144': 15, 'g1_n262144': 20, 'g2_n262144': 23}"
cnn,vgg16,defence_C_int_lam128_rate4_thr1_wire_polauto,bytes_columns,32,,,,,,1,416144.0,416144.0,NVIDIA L40S,AMD EPYC 9334 32-Core Processor x1 threads,n-805,366e3d4b5caeef40f4f5e082b03af55f247cd800,B,4,cnn18c,auto,3,_thr1_wire_polauto,cuda,multiproof,cpu,l40s_improved2_thr1,True,C,int,128,5,23,1,"{'g0_n262144': 15, 'g1_n262144': 20, 'g2_n262144': 23}"
cnn,vgg16,defence_C_int_lam128_rate4_thr1_wire_polauto,bytes_columns,8,,,,,,1,416144.0,416144.0,NVIDIA L40S,AMD EPYC 9334 32-Core Processor x1 threads,n-805,366e3d4b5caeef40f4f5e082b03af55f247cd800,B,4,cnn18c,auto,3,_thr1_wire_polauto,cuda,multiproof,cpu,l40s_improved2_thr1,True,C,int,128,5,23,1,"{'g0_n262144': 15, 'g1_n262144': 20, 'g2_n262144': 23}"
cnn,vgg16,defence_C_int_lam128_rate4_thr1_wire_polauto,bytes_paths,,,,,,,30,23824.0,23815.466666666667,NVIDIA L40S,AMD EPYC 9334 32-Core Processor x1 threads,n-805,366e3d4b5caeef40f4f5e082b03af55f247cd800,B,4,cnn18c,auto,3,_thr1_wire_polauto,cuda,multiproof,cpu,l40s_improved2_thr1,True,C,int,128,5,23,1,"{'g0_n262144': 15, 'g1_n262144': 20, 'g2_n262144': 23}"
cnn,vgg16,defence_C_int_lam128_rate4_thr1_wire_polauto,bytes_paths,32,,,,,,1,23872.0,23872.0,NVIDIA L40S,AMD EPYC 9334 32-Core Processor x1 threads,n-805,366e3d4b5caeef40f4f5e082b03af55f247cd800,B,4,cnn18c,auto,3,_thr1_wire_polauto,cuda,multiproof,cpu,l40s_improved2_thr1,True,C,int,128,5,23,1,"{'g0_n262144': 15, 'g1_n262144': 20, 'g2_n262144': 23}"
cnn,vgg16,defence_C_int_lam128_rate4_thr1_wire_polauto,bytes_paths,8,,,,,,1,23968.0,23968.0,NVIDIA L40S,AMD EPYC 9334 32-Core Processor x1 threads,n-805,366e3d4b5caeef40f4f5e082b03af55f247cd800,B,4,cnn18c,auto,3,_thr1_wire_polauto,cuda,multiproof,cpu,l40s_improved2_thr1,True,C,int,128,5,23,1,"{'g0_n262144': 15, 'g1_n262144': 20, 'g2_n262144': 23}"
cnn,vgg16,defence_C_int_lam128_rate4_thr1_wire_polauto,bytes_total,,,,,,,30,1707629.5,1710449.0666666667,NVIDIA L40S,AMD EPYC 9334 32-Core Processor x1 threads,n-805,366e3d4b5caeef40f4f5e082b03af55f247cd800,B,4,cnn18c,auto,3,_thr1_wire_polauto,cuda,multiproof,cpu,l40s_improved2_thr1,True,C,int,128,5,23,1,"{'g0_n262144': 15, 'g1_n262144': 20, 'g2_n262144': 23}"
cnn,vgg16,defence_C_int_lam128_rate4_thr1_wire_polauto,bytes_total,32,,,,,,1,20885154.0,20885154.0,NVIDIA L40S,AMD EPYC 9334 32-Core Processor x1 threads,n-805,366e3d4b5caeef40f4f5e082b03af55f247cd800,B,4,cnn18c,auto,3,_thr1_wire_polauto,cuda,multiproof,cpu,l40s_improved2_thr1,True,C,int,128,5,23,1,"{'g0_n262144': 15, 'g1_n262144': 20, 'g2_n262144': 23}"
cnn,vgg16,defence_C_int_lam128_rate4_thr1_wire_polauto,bytes_total,8,,,,,,1,6040682.0,6040682.0,NVIDIA L40S,AMD EPYC 9334 32-Core Processor x1 threads,n-805,366e3d4b5caeef40f4f5e082b03af55f247cd800,B,4,cnn18c,auto,3,_thr1_wire_polauto,cuda,multiproof,cpu,l40s_improved2_thr1,True,C,int,128,5,23,1,"{'g0_n262144': 15, 'g1_n262144': 20, 'g2_n262144': 23}"
cnn,vgg16,defence_C_int_lam128_rate4_thr1_wire_polauto,bytes_u,,,,,,,30,658068.0,658068.0,NVIDIA L40S,AMD EPYC 9334 32-Core Processor x1 threads,n-805,366e3d4b5caeef40f4f5e082b03af55f247cd800,B,4,cnn18c,auto,3,_thr1_wire_polauto,cuda,multiproof,cpu,l40s_improved2_thr1,True,C,int,128,5,23,1,"{'g0_n262144': 15, 'g1_n262144': 20, 'g2_n262144': 23}"
cnn,vgg16,defence_C_int_lam128_rate4_thr1_wire_polauto,bytes_u,32,,,,,,1,658068.0,658068.0,NVIDIA L40S,AMD EPYC 9334 32-Core Processor x1 threads,n-805,366e3d4b5caeef40f4f5e082b03af55f247cd800,B,4,cnn18c,auto,3,_thr1_wire_polauto,cuda,multiproof,cpu,l40s_improved2_thr1,True,C,int,128,5,23,1,"{'g0_n262144': 15, 'g1_n262144': 20, 'g2_n262144': 23}"
cnn,vgg16,defence_C_int_lam128_rate4_thr1_wire_polauto,bytes_u,8,,,,,,1,658068.0,658068.0,NVIDIA L40S,AMD EPYC 9334 32-Core Processor x1 threads,n-805,366e3d4b5caeef40f4f5e082b03af55f247cd800,B,4,cnn18c,auto,3,_thr1_wire_polauto,cuda,multiproof,cpu,l40s_improved2_thr1,True,C,int,128,5,23,1,"{'g0_n262144': 15, 'g1_n262144': 20, 'g2_n262144': 23}"
cnn,vgg16,defence_C_int_lam128_rate4_thr1_wire_polauto,fs_hash,,,,,,,30,6.002373993396759e-07,6.416502098242442e-07,NVIDIA L40S,AMD EPYC 9334 32-Core Processor x1 threads,n-805,366e3d4b5caeef40f4f5e082b03af55f247cd800,s,4,cnn18c,auto,3,_thr1_wire_polauto,cuda,multiproof,cpu,l40s_improved2_thr1,True,C,int,128,5,23,1,"{'g0_n262144': 15, 'g1_n262144': 20, 'g2_n262144': 23}"
cnn,vgg16,defence_C_int_lam128_rate4_thr1_wire_polauto,fs_hash,32,,,,,,1,1.6400590538978577e-06,1.6400590538978577e-06,NVIDIA L40S,AMD EPYC 9334 32-Core Processor x1 threads,n-805,366e3d4b5caeef40f4f5e082b03af55f247cd800,s,4,cnn18c,auto,3,_thr1_wire_polauto,cuda,multiproof,cpu,l40s_improved2_thr1,True,C,int,128,5,23,1,"{'g0_n262144': 15, 'g1_n262144': 20, 'g2_n262144': 23}"
cnn,vgg16,defence_C_int_lam128_rate4_thr1_wire_polauto,fs_hash,8,,,,,,1,7.497146725654602e-07,7.497146725654602e-07,NVIDIA L40S,AMD EPYC 9334 32-Core Processor x1 threads,n-805,366e3d4b5caeef40f4f5e082b03af55f247cd800,s,4,cnn18c,auto,3,_thr1_wire_polauto,cuda,multiproof,cpu,l40s_improved2_thr1,True,C,int,128,5,23,1,"{'g0_n262144': 15, 'g1_n262144': 20, 'g2_n262144': 23}"
cnn,vgg16,defence_C_int_lam128_rate4_thr1_wire_polauto,gpu_alloc_retries,,,,,,,1,0.0,0.0,NVIDIA L40S,AMD EPYC 9334 32-Core Processor x1 threads,n-805,366e3d4b5caeef40f4f5e082b03af55f247cd800,,4,cnn18c,auto,3,_thr1_wire_polauto,cuda,multiproof,cpu,l40s_improved2_thr1,True,C,int,128,5,23,1,"{'g0_n262144': 15, 'g1_n262144': 20, 'g2_n262144': 23}"
cnn,vgg16,defence_C_int_lam128_rate4_thr1_wire_polauto,gpu_alloc_retries,32,,,,,,1,0.0,0.0,NVIDIA L40S,AMD EPYC 9334 32-Core Processor x1 threads,n-805,366e3d4b5caeef40f4f5e082b03af55f247cd800,,4,cnn18c,auto,3,_thr1_wire_polauto,cuda,multiproof,cpu,l40s_improved2_thr1,True,C,int,128,5,23,1,"{'g0_n262144': 15, 'g1_n262144': 20, 'g2_n262144': 23}"
cnn,vgg16,defence_C_int_lam128_rate4_thr1_wire_polauto,gpu_alloc_retries,8,,,,,,1,0.0,0.0,NVIDIA L40S,AMD EPYC 9334 32-Core Processor x1 threads,n-805,366e3d4b5caeef40f4f5e082b03af55f247cd800,,4,cnn18c,auto,3,_thr1_wire_polauto,cuda,multiproof,cpu,l40s_improved2_thr1,True,C,int,128,5,23,1,"{'g0_n262144': 15, 'g1_n262144': 20, 'g2_n262144': 23}"
cnn,vgg16,defence_C_int_lam128_rate4_thr1_wire_polauto,gpu_device_allocs,,,,,,,1,0.0,0.0,NVIDIA L40S,AMD EPYC 9334 32-Core Processor x1 threads,n-805,366e3d4b5caeef40f4f5e082b03af55f247cd800,,4,cnn18c,auto,3,_thr1_wire_polauto,cuda,multiproof,cpu,l40s_improved2_thr1,True,C,int,128,5,23,1,"{'g0_n262144': 15, 'g1_n262144': 20, 'g2_n262144': 23}"
cnn,vgg16,defence_C_int_lam128_rate4_thr1_wire_polauto,gpu_device_allocs,32,,,,,,1,0.0,0.0,NVIDIA L40S,AMD EPYC 9334 32-Core Processor x1 threads,n-805,366e3d4b5caeef40f4f5e082b03af55f247cd800,,4,cnn18c,auto,3,_thr1_wire_polauto,cuda,multiproof,cpu,l40s_improved2_thr1,True,C,int,128,5,23,1,"{'g0_n262144': 15, 'g1_n262144': 20, 'g2_n262144': 23}"
cnn,vgg16,defence_C_int_lam128_rate4_thr1_wire_polauto,gpu_device_allocs,8,,,,,,1,0.0,0.0,NVIDIA L40S,AMD EPYC 9334 32-Core Processor x1 threads,n-805,366e3d4b5caeef40f4f5e082b03af55f247cd800,,4,cnn18c,auto,3,_thr1_wire_polauto,cuda,multiproof,cpu,l40s_improved2_thr1,True,C,int,128,5,23,1,"{'g0_n262144': 15, 'g1_n262144': 20, 'g2_n262144': 23}"
cnn,vgg16,defence_C_int_lam128_rate4_thr1_wire_polauto,gpu_peak_memory,,,,,,,1,127361536.0,127361536.0,NVIDIA L40S,AMD EPYC 9334 32-Core Processor x1 threads,n-805,366e3d4b5caeef40f4f5e082b03af55f247cd800,B,4,cnn18c,auto,3,_thr1_wire_polauto,cuda,multiproof,cpu,l40s_improved2_thr1,True,C,int,128,5,23,1,"{'g0_n262144': 15, 'g1_n262144': 20, 'g2_n262144': 23}"
cnn,vgg16,defence_C_int_lam128_rate4_thr1_wire_polauto,gpu_peak_memory,32,,,,,,1,513086464.0,513086464.0,NVIDIA L40S,AMD EPYC 9334 32-Core Processor x1 threads,n-805,366e3d4b5caeef40f4f5e082b03af55f247cd800,B,4,cnn18c,auto,3,_thr1_wire_polauto,cuda,multiproof,cpu,l40s_improved2_thr1,True,C,int,128,5,23,1,"{'g0_n262144': 15, 'g1_n262144': 20, 'g2_n262144': 23}"
cnn,vgg16,defence_C_int_lam128_rate4_thr1_wire_polauto,gpu_peak_memory,8,,,,,,1,212341248.0,212341248.0,NVIDIA L40S,AMD EPYC 9334 32-Core Processor x1 threads,n-805,366e3d4b5caeef40f4f5e082b03af55f247cd800,B,4,cnn18c,auto,3,_thr1_wire_polauto,cuda,multiproof,cpu,l40s_improved2_thr1,True,C,int,128,5,23,1,"{'g0_n262144': 15, 'g1_n262144': 20, 'g2_n262144': 23}"
cnn,vgg16,defence_C_int_lam128_rate4_thr1_wire_polauto,gpu_peak_reserved,,,,,,,1,1702887424.0,1702887424.0,NVIDIA L40S,AMD EPYC 9334 32-Core Processor x1 threads,n-805,366e3d4b5caeef40f4f5e082b03af55f247cd800,B,4,cnn18c,auto,3,_thr1_wire_polauto,cuda,multiproof,cpu,l40s_improved2_thr1,True,C,int,128,5,23,1,"{'g0_n262144': 15, 'g1_n262144': 20, 'g2_n262144': 23}"
cnn,vgg16,defence_C_int_lam128_rate4_thr1_wire_polauto,gpu_peak_reserved,32,,,,,,1,1702887424.0,1702887424.0,NVIDIA L40S,AMD EPYC 9334 32-Core Processor x1 threads,n-805,366e3d4b5caeef40f4f5e082b03af55f247cd800,B,4,cnn18c,auto,3,_thr1_wire_polauto,cuda,multiproof,cpu,l40s_improved2_thr1,True,C,int,128,5,23,1,"{'g0_n262144': 15, 'g1_n262144': 20, 'g2_n262144': 23}"
cnn,vgg16,defence_C_int_lam128_rate4_thr1_wire_polauto,gpu_peak_reserved,8,,,,,,1,1702887424.0,1702887424.0,NVIDIA L40S,AMD EPYC 9334 32-Core Processor x1 threads,n-805,366e3d4b5caeef40f4f5e082b03af55f247cd800,B,4,cnn18c,auto,3,_thr1_wire_polauto,cuda,multiproof,cpu,l40s_improved2_thr1,True,C,int,128,5,23,1,"{'g0_n262144': 15, 'g1_n262144': 20, 'g2_n262144': 23}"
cnn,vgg16,defence_C_int_lam128_rate4_thr1_wire_polauto,host_peak_rss,,,,,,,1,1484505088.0,1484505088.0,NVIDIA L40S,AMD EPYC 9334 32-Core Processor x1 threads,n-805,366e3d4b5caeef40f4f5e082b03af55f247cd800,B,4,cnn18c,auto,3,_thr1_wire_polauto,cuda,multiproof,cpu,l40s_improved2_thr1,True,C,int,128,5,23,1,"{'g0_n262144': 15, 'g1_n262144': 20, 'g2_n262144': 23}"
cnn,vgg16,defence_C_int_lam128_rate4_thr1_wire_polauto,host_peak_rss,32,,,,,,1,1685450752.0,1685450752.0,NVIDIA L40S,AMD EPYC 9334 32-Core Processor x1 threads,n-805,366e3d4b5caeef40f4f5e082b03af55f247cd800,B,4,cnn18c,auto,3,_thr1_wire_polauto,cuda,multiproof,cpu,l40s_improved2_thr1,True,C,int,128,5,23,1,"{'g0_n262144': 15, 'g1_n262144': 20, 'g2_n262144': 23}"
cnn,vgg16,defence_C_int_lam128_rate4_thr1_wire_polauto,host_peak_rss,8,,,,,,1,1492893696.0,1492893696.0,NVIDIA L40S,AMD EPYC 9334 32-Core Processor x1 threads,n-805,366e3d4b5caeef40f4f5e082b03af55f247cd800,B,4,cnn18c,auto,3,_thr1_wire_polauto,cuda,multiproof,cpu,l40s_improved2_thr1,True,C,int,128,5,23,1,"{'g0_n262144': 15, 'g1_n262144': 20, 'g2_n262144': 23}"
cnn,vgg16,defence_C_int_lam128_rate4_thr1_wire_polauto,prove_encode,,,,,,,30,0.0038040541112422943,0.003788620016227166,NVIDIA L40S,AMD EPYC 9334 32-Core Processor x1 threads,n-805,366e3d4b5caeef40f4f5e082b03af55f247cd800,s,4,cnn18c,auto,3,_thr1_wire_polauto,cuda,multiproof,cpu,l40s_improved2_thr1,True,C,int,128,5,23,1,"{'g0_n262144': 15, 'g1_n262144': 20, 'g2_n262144': 23}"
cnn,vgg16,defence_C_int_lam128_rate4_thr1_wire_polauto,prove_encode,32,,,,,,1,0.011773834936320782,0.011773834936320782,NVIDIA L40S,AMD EPYC 9334 32-Core Processor x1 threads,n-805,366e3d4b5caeef40f4f5e082b03af55f247cd800,s,4,cnn18c,auto,3,_thr1_wire_polauto,cuda,multiproof,cpu,l40s_improved2_thr1,True,C,int,128,5,23,1,"{'g0_n262144': 15, 'g1_n262144': 20, 'g2_n262144': 23}"
cnn,vgg16,defence_C_int_lam128_rate4_thr1_wire_polauto,prove_encode,8,,,,,,1,0.005722572095692158,0.005722572095692158,NVIDIA L40S,AMD EPYC 9334 32-Core Processor x1 threads,n-805,366e3d4b5caeef40f4f5e082b03af55f247cd800,s,4,cnn18c,auto,3,_thr1_wire_polauto,cuda,multiproof,cpu,l40s_improved2_thr1,True,C,int,128,5,23,1,"{'g0_n262144': 15, 'g1_n262144': 20, 'g2_n262144': 23}"
cnn,vgg16,defence_C_int_lam128_rate4_thr1_wire_polauto,prove_fold,,,,,,,30,0.0055009531788527966,0.005501996446400881,NVIDIA L40S,AMD EPYC 9334 32-Core Processor x1 threads,n-805,366e3d4b5caeef40f4f5e082b03af55f247cd800,s,4,cnn18c,auto,3,_thr1_wire_polauto,cuda,multiproof,cpu,l40s_improved2_thr1,True,C,int,128,5,23,1,"{'g0_n262144': 15, 'g1_n262144': 20, 'g2_n262144': 23}"
cnn,vgg16,defence_C_int_lam128_rate4_thr1_wire_polauto,prove_fold,32,,,,,,1,0.0057921623811125755,0.0057921623811125755,NVIDIA L40S,AMD EPYC 9334 32-Core Processor x1 threads,n-805,366e3d4b5caeef40f4f5e082b03af55f247cd800,s,4,cnn18c,auto,3,_thr1_wire_polauto,cuda,multiproof,cpu,l40s_improved2_thr1,True,C,int,128,5,23,1,"{'g0_n262144': 15, 'g1_n262144': 20, 'g2_n262144': 23}"
cnn,vgg16,defence_C_int_lam128_rate4_thr1_wire_polauto,prove_fold,8,,,,,,1,0.006074031814932823,0.006074031814932823,NVIDIA L40S,AMD EPYC 9334 32-Core Processor x1 threads,n-805,366e3d4b5caeef40f4f5e082b03af55f247cd800,s,4,cnn18c,auto,3,_thr1_wire_polauto,cuda,multiproof,cpu,l40s_improved2_thr1,True,C,int,128,5,23,1,"{'g0_n262144': 15, 'g1_n262144': 20, 'g2_n262144': 23}"
cnn,vgg16,defence_C_int_lam128_rate4_thr1_wire_polauto,prove_forward,,,,,,,30,0.0033798511140048504,0.0033799586817622185,NVIDIA L40S,AMD EPYC 9334 32-Core Processor x1 threads,n-805,366e3d4b5caeef40f4f5e082b03af55f247cd800,s,4,cnn18c,auto,3,_thr1_wire_polauto,cuda,multiproof,cpu,l40s_improved2_thr1,True,C,int,128,5,23,1,"{'g0_n262144': 15, 'g1_n262144': 20, 'g2_n262144': 23}"
cnn,vgg16,defence_C_int_lam128_rate4_thr1_wire_polauto,prove_forward,32,,,,,,1,0.005517401732504368,0.005517401732504368,NVIDIA L40S,AMD EPYC 9334 32-Core Processor x1 threads,n-805,366e3d4b5caeef40f4f5e082b03af55f247cd800,s,4,cnn18c,auto,3,_thr1_wire_polauto,cuda,multiproof,cpu,l40s_improved2_thr1,True,C,int,128,5,23,1,"{'g0_n262144': 15, 'g1_n262144': 20, 'g2_n262144': 23}"
cnn,vgg16,defence_C_int_lam128_rate4_thr1_wire_polauto,prove_forward,8,,,,,,1,0.0041482048109173775,0.0041482048109173775,NVIDIA L40S,AMD EPYC 9334 32-Core Processor x1 threads,n-805,366e3d4b5caeef40f4f5e082b03af55f247cd800,s,4,cnn18c,auto,3,_thr1_wire_polauto,cuda,multiproof,cpu,l40s_improved2_thr1,True,C,int,128,5,23,1,"{'g0_n262144': 15, 'g1_n262144': 20, 'g2_n262144': 23}"
cnn,vgg16,defence_C_int_lam128_rate4_thr1_wire_polauto,prove_open,,,,,,,30,0.004178393632173538,0.0041885332825283205,NVIDIA L40S,AMD EPYC 9334 32-Core Processor x1 threads,n-805,366e3d4b5caeef40f4f5e082b03af55f247cd800,s,4,cnn18c,auto,3,_thr1_wire_polauto,cuda,multiproof,cpu,l40s_improved2_thr1,True,C,int,128,5,23,1,"{'g0_n262144': 15, 'g1_n262144': 20, 'g2_n262144': 23}"
cnn,vgg16,defence_C_int_lam128_rate4_thr1_wire_polauto,prove_open,32,,,,,,1,0.004488394595682621,0.004488394595682621,NVIDIA L40S,AMD EPYC 9334 32-Core Processor x1 threads,n-805,366e3d4b5caeef40f4f5e082b03af55f247cd800,s,4,cnn18c,auto,3,_thr1_wire_polauto,cuda,multiproof,cpu,l40s_improved2_thr1,True,C,int,128,5,23,1,"{'g0_n262144': 15, 'g1_n262144': 20, 'g2_n262144': 23}"
cnn,vgg16,defence_C_int_lam128_rate4_thr1_wire_polauto,prove_open,8,,,,,,1,0.004761034622788429,0.004761034622788429,NVIDIA L40S,AMD EPYC 9334 32-Core Processor x1 threads,n-805,366e3d4b5caeef40f4f5e082b03af55f247cd800,s,4,cnn18c,auto,3,_thr1_wire_polauto,cuda,multiproof,cpu,l40s_improved2_thr1,True,C,int,128,5,23,1,"{'g0_n262144': 15, 'g1_n262144': 20, 'g2_n262144': 23}"
cnn,vgg16,defence_C_int_lam128_rate4_thr1_wire_polauto,soundness_bits,,,,,,,1,131.3919546374985,131.3919546374985,NVIDIA L40S,AMD EPYC 9334 32-Core Processor x1 threads,n-805,366e3d4b5caeef40f4f5e082b03af55f247cd800,bits,4,cnn18c,auto,3,_thr1_wire_polauto,cuda,multiproof,cpu,l40s_improved2_thr1,True,C,int,128,5,23,1,"{'g0_n262144': 15, 'g1_n262144': 20, 'g2_n262144': 23}"
cnn,vgg16,defence_C_int_lam128_rate4_thr1_wire_polauto,verify_columns,,,,,,,30,0.005762151908129454,0.00577685891961058,NVIDIA L40S,AMD EPYC 9334 32-Core Processor x1 threads,n-805,366e3d4b5caeef40f4f5e082b03af55f247cd800,s,4,cnn18c,auto,3,_thr1_wire_polauto,cuda,multiproof,cpu,l40s_improved2_thr1,True,C,int,128,5,23,1,"{'g0_n262144': 15, 'g1_n262144': 20, 'g2_n262144': 23}"
cnn,vgg16,defence_C_int_lam128_rate4_thr1_wire_polauto,verify_columns,32,,,,,,1,0.005940152332186699,0.005940152332186699,NVIDIA L40S,AMD EPYC 9334 32-Core Processor x1 threads,n-805,366e3d4b5caeef40f4f5e082b03af55f247cd800,s,4,cnn18c,auto,3,_thr1_wire_polauto,cuda,multiproof,cpu,l40s_improved2_thr1,True,C,int,128,5,23,1,"{'g0_n262144': 15, 'g1_n262144': 20, 'g2_n262144': 23}"
cnn,vgg16,defence_C_int_lam128_rate4_thr1_wire_polauto,verify_columns,8,,,,,,1,0.006194622255861759,0.006194622255861759,NVIDIA L40S,AMD EPYC 9334 32-Core Processor x1 threads,n-805,366e3d4b5caeef40f4f5e082b03af55f247cd800,s,4,cnn18c,auto,3,_thr1_wire_polauto,cuda,multiproof,cpu,l40s_improved2_thr1,True,C,int,128,5,23,1,"{'g0_n262144': 15, 'g1_n262144': 20, 'g2_n262144': 23}"
cnn,vgg16,defence_C_int_lam128_rate4_thr1_wire_polauto,verify_decode,,,,,,,30,0.001777478028088808,0.0017889856360852718,NVIDIA L40S,AMD EPYC 9334 32-Core Processor x1 threads,n-805,366e3d4b5caeef40f4f5e082b03af55f247cd800,s,4,cnn18c,auto,3,_thr1_wire_polauto,cuda,multiproof,cpu,l40s_improved2_thr1,True,C,int,128,5,23,1,"{'g0_n262144': 15, 'g1_n262144': 20, 'g2_n262144': 23}"
cnn,vgg16,defence_C_int_lam128_rate4_thr1_wire_polauto,verify_decode,32,,,,,,1,0.05283950921148062,0.05283950921148062,NVIDIA L40S,AMD EPYC 9334 32-Core Processor x1 threads,n-805,366e3d4b5caeef40f4f5e082b03af55f247cd800,s,4,cnn18c,auto,3,_thr1_wire_polauto,cuda,multiproof,cpu,l40s_improved2_thr1,True,C,int,128,5,23,1,"{'g0_n262144': 15, 'g1_n262144': 20, 'g2_n262144': 23}"
cnn,vgg16,defence_C_int_lam128_rate4_thr1_wire_polauto,verify_decode,8,,,,,,1,0.016136787831783295,0.016136787831783295,NVIDIA L40S,AMD EPYC 9334 32-Core Processor x1 threads,n-805,366e3d4b5caeef40f4f5e082b03af55f247cd800,s,4,cnn18c,auto,3,_thr1_wire_polauto,cuda,multiproof,cpu,l40s_improved2_thr1,True,C,int,128,5,23,1,"{'g0_n262144': 15, 'g1_n262144': 20, 'g2_n262144': 23}"
cnn,vgg16,defence_C_int_lam128_rate4_thr1_wire_polauto,verify_derive,,,,,,,30,0.0014405925758183002,0.0014405318225423494,NVIDIA L40S,AMD EPYC 9334 32-Core Processor x1 threads,n-805,366e3d4b5caeef40f4f5e082b03af55f247cd800,s,4,cnn18c,auto,3,_thr1_wire_polauto,cuda,multiproof,cpu,l40s_improved2_thr1,True,C,int,128,5,23,1,"{'g0_n262144': 15, 'g1_n262144': 20, 'g2_n262144': 23}"
cnn,vgg16,defence_C_int_lam128_rate4_thr1_wire_polauto,verify_derive,32,,,,,,1,0.07353795319795609,0.07353795319795609,NVIDIA L40S,AMD EPYC 9334 32-Core Processor x1 threads,n-805,366e3d4b5caeef40f4f5e082b03af55f247cd800,s,4,cnn18c,auto,3,_thr1_wire_polauto,cuda,multiproof,cpu,l40s_improved2_thr1,True,C,int,128,5,23,1,"{'g0_n262144': 15, 'g1_n262144': 20, 'g2_n262144': 23}"
cnn,vgg16,defence_C_int_lam128_rate4_thr1_wire_polauto,verify_derive,8,,,,,,1,0.01074229646474123,0.01074229646474123,NVIDIA L40S,AMD EPYC 9334 32-Core Processor x1 threads,n-805,366e3d4b5caeef40f4f5e082b03af55f247cd800,s,4,cnn18c,auto,3,_thr1_wire_polauto,cuda,multiproof,cpu,l40s_improved2_thr1,True,C,int,128,5,23,1,"{'g0_n262144': 15, 'g1_n262144': 20, 'g2_n262144': 23}"
cnn,vgg16,defence_C_int_lam128_rate4_thr1_wire_polauto,verify_fold,,,,,,,30,0.0,0.0,NVIDIA L40S,AMD EPYC 9334 32-Core Processor x1 threads,n-805,366e3d4b5caeef40f4f5e082b03af55f247cd800,s,4,cnn18c,auto,3,_thr1_wire_polauto,cuda,multiproof,cpu,l40s_improved2_thr1,True,C,int,128,5,23,1,"{'g0_n262144': 15, 'g1_n262144': 20, 'g2_n262144': 23}"
cnn,vgg16,defence_C_int_lam128_rate4_thr1_wire_polauto,verify_fold,32,,,,,,1,0.0,0.0,NVIDIA L40S,AMD EPYC 9334 32-Core Processor x1 threads,n-805,366e3d4b5caeef40f4f5e082b03af55f247cd800,s,4,cnn18c,auto,3,_thr1_wire_polauto,cuda,multiproof,cpu,l40s_improved2_thr1,True,C,int,128,5,23,1,"{'g0_n262144': 15, 'g1_n262144': 20, 'g2_n262144': 23}"
cnn,vgg16,defence_C_int_lam128_rate4_thr1_wire_polauto,verify_fold,8,,,,,,1,0.0,0.0,NVIDIA L40S,AMD EPYC 9334 32-Core Processor x1 threads,n-805,366e3d4b5caeef40f4f5e082b03af55f247cd800,s,4,cnn18c,auto,3,_thr1_wire_polauto,cuda,multiproof,cpu,l40s_improved2_thr1,True,C,int,128,5,23,1,"{'g0_n262144': 15, 'g1_n262144': 20, 'g2_n262144': 23}"
cnn,vgg16,defence_C_int_lam128_rate4_thr1_wire_polauto,verify_products,,,,,,,30,0.004270554520189762,0.004267280579855045,NVIDIA L40S,AMD EPYC 9334 32-Core Processor x1 threads,n-805,366e3d4b5caeef40f4f5e082b03af55f247cd800,s,4,cnn18c,auto,3,_thr1_wire_polauto,cuda,multiproof,cpu,l40s_improved2_thr1,True,C,int,128,5,23,1,"{'g0_n262144': 15, 'g1_n262144': 20, 'g2_n262144': 23}"
cnn,vgg16,defence_C_int_lam128_rate4_thr1_wire_polauto,verify_products,32,,,,,,1,0.07134849578142166,0.07134849578142166,NVIDIA L40S,AMD EPYC 9334 32-Core Processor x1 threads,n-805,366e3d4b5caeef40f4f5e082b03af55f247cd800,s,4,cnn18c,auto,3,_thr1_wire_polauto,cuda,multiproof,cpu,l40s_improved2_thr1,True,C,int,128,5,23,1,"{'g0_n262144': 15, 'g1_n262144': 20, 'g2_n262144': 23}"
cnn,vgg16,defence_C_int_lam128_rate4_thr1_wire_polauto,verify_products,8,,,,,,1,0.021142822690308094,0.021142822690308094,NVIDIA L40S,AMD EPYC 9334 32-Core Processor x1 threads,n-805,366e3d4b5caeef40f4f5e082b03af55f247cd800,s,4,cnn18c,auto,3,_thr1_wire_polauto,cuda,multiproof,cpu,l40s_improved2_thr1,True,C,int,128,5,23,1,"{'g0_n262144': 15, 'g1_n262144': 20, 'g2_n262144': 23}"
cnn,vgg16,defence_C_int_lam40_rate4_thr1_wire_polauto,accepted,,,,,,,30,1.0,1.0,NVIDIA L40S,AMD EPYC 9334 32-Core Processor x1 threads,n-805,366e3d4b5caeef40f4f5e082b03af55f247cd800,,4,cnn18c,auto,3,_thr1_wire_polauto,cuda,multiproof,cpu,l40s_improved2_thr1,True,C,int,40,2,8,1,"{'g0_n262144': 5, 'g1_n262144': 7, 'g2_n262144': 8}"
cnn,vgg16,defence_C_int_lam40_rate4_thr1_wire_polauto,accepted,32,,,,,,1,1.0,1.0,NVIDIA L40S,AMD EPYC 9334 32-Core Processor x1 threads,n-805,366e3d4b5caeef40f4f5e082b03af55f247cd800,,4,cnn18c,auto,3,_thr1_wire_polauto,cuda,multiproof,cpu,l40s_improved2_thr1,True,C,int,40,2,8,1,"{'g0_n262144': 5, 'g1_n262144': 7, 'g2_n262144': 8}"
cnn,vgg16,defence_C_int_lam40_rate4_thr1_wire_polauto,accepted,8,,,,,,1,1.0,1.0,NVIDIA L40S,AMD EPYC 9334 32-Core Processor x1 threads,n-805,366e3d4b5caeef40f4f5e082b03af55f247cd800,,4,cnn18c,auto,3,_thr1_wire_polauto,cuda,multiproof,cpu,l40s_improved2_thr1,True,C,int,40,2,8,1,"{'g0_n262144': 5, 'g1_n262144': 7, 'g2_n262144': 8}"
cnn,vgg16,defence_C_int_lam40_rate4_thr1_wire_polauto,bytes_claims,,,,,,,30,609929.5,612421.6,NVIDIA L40S,AMD EPYC 9334 32-Core Processor x1 threads,n-805,366e3d4b5caeef40f4f5e082b03af55f247cd800,B,4,cnn18c,auto,3,_thr1_wire_polauto,cuda,multiproof,cpu,l40s_improved2_thr1,True,C,int,40,2,8,1,"{'g0_n262144': 5, 'g1_n262144': 7, 'g2_n262144': 8}"
cnn,vgg16,defence_C_int_lam40_rate4_thr1_wire_polauto,bytes_claims,32,,,,,,1,19787070.0,19787070.0,NVIDIA L40S,AMD EPYC 9334 32-Core Processor x1 threads,n-805,366e3d4b5caeef40f4f5e082b03af55f247cd800,B,4,cnn18c,auto,3,_thr1_wire_polauto,cuda,multiproof,cpu,l40s_improved2_thr1,True,C,int,40,2,8,1,"{'g0_n262144': 5, 'g1_n262144': 7, 'g2_n262144': 8}"
cnn,vgg16,defence_C_int_lam40_rate4_thr1_wire_polauto,bytes_claims,8,,,,,,1,4942502.0,4942502.0,NVIDIA L40S,AMD EPYC 9334 32-Core Processor x1 threads,n-805,366e3d4b5caeef40f4f5e082b03af55f247cd800,B,4,cnn18c,auto,3,_thr1_wire_polauto,cuda,multiproof,cpu,l40s_improved2_thr1,True,C,int,40,2,8,1,"{'g0_n262144': 5, 'g1_n262144': 7, 'g2_n262144': 8}"
cnn,vgg16,defence_C_int_lam40_rate4_thr1_wire_polauto,bytes_columns,,,,,,,30,144088.0,144088.0,NVIDIA L40S,AMD EPYC 9334 32-Core Processor x1 threads,n-805,366e3d4b5caeef40f4f5e082b03af55f247cd800,B,4,cnn18c,auto,3,_thr1_wire_polauto,cuda,multiproof,cpu,l40s_improved2_thr1,True,C,int,40,2,8,1,"{'g0_n262144': 5, 'g1_n262144': 7, 'g2_n262144': 8}"
cnn,vgg16,defence_C_int_lam40_rate4_thr1_wire_polauto,bytes_columns,32,,,,,,1,144088.0,144088.0,NVIDIA L40S,AMD EPYC 9334 32-Core Processor x1 threads,n-805,366e3d4b5caeef40f4f5e082b03af55f247cd800,B,4,cnn18c,auto,3,_thr1_wire_polauto,cuda,multiproof,cpu,l40s_improved2_thr1,True,C,int,40,2,8,1,"{'g0_n262144': 5, 'g1_n262144': 7, 'g2_n262144': 8}"
cnn,vgg16,defence_C_int_lam40_rate4_thr1_wire_polauto,bytes_columns,8,,,,,,1,144088.0,144088.0,NVIDIA L40S,AMD EPYC 9334 32-Core Processor x1 threads,n-805,366e3d4b5caeef40f4f5e082b03af55f247cd800,B,4,cnn18c,auto,3,_thr1_wire_polauto,cuda,multiproof,cpu,l40s_improved2_thr1,True,C,int,40,2,8,1,"{'g0_n262144': 5, 'g1_n262144': 7, 'g2_n262144': 8}"
cnn,vgg16,defence_C_int_lam40_rate4_thr1_wire_polauto,bytes_paths,,,,,,,30,9264.0,9287.466666666667,NVIDIA L40S,AMD EPYC 9334 32-Core Processor x1 threads,n-805,366e3d4b5caeef40f4f5e082b03af55f247cd800,B,4,cnn18c,auto,3,_thr1_wire_polauto,cuda,multiproof,cpu,l40s_improved2_thr1,True,C,int,40,2,8,1,"{'g0_n262144': 5, 'g1_n262144': 7, 'g2_n262144': 8}"
cnn,vgg16,defence_C_int_lam40_rate4_thr1_wire_polauto,bytes_paths,32,,,,,,1,9344.0,9344.0,NVIDIA L40S,AMD EPYC 9334 32-Core Processor x1 threads,n-805,366e3d4b5caeef40f4f5e082b03af55f247cd800,B,4,cnn18c,auto,3,_thr1_wire_polauto,cuda,multiproof,cpu,l40s_improved2_thr1,True,C,int,40,2,8,1,"{'g0_n262144': 5, 'g1_n262144': 7, 'g2_n262144': 8}"
cnn,vgg16,defence_C_int_lam40_rate4_thr1_wire_polauto,bytes_paths,8,,,,,,1,9280.0,9280.0,NVIDIA L40S,AMD EPYC 9334 32-Core Processor x1 threads,n-805,366e3d4b5caeef40f4f5e082b03af55f247cd800,B,4,cnn18c,auto,3,_thr1_wire_polauto,cuda,multiproof,cpu,l40s_improved2_thr1,True,C,int,40,2,8,1,"{'g0_n262144': 5, 'g1_n262144': 7, 'g2_n262144': 8}"
cnn,vgg16,defence_C_int_lam40_rate4_thr1_wire_polauto,bytes_total,,,,,,,30,1026549.5,1029049.0666666667,NVIDIA L40S,AMD EPYC 9334 32-Core Processor x1 threads,n-805,366e3d4b5caeef40f4f5e082b03af55f247cd800,B,4,cnn18c,auto,3,_thr1_wire_polauto,cuda,multiproof,cpu,l40s_improved2_thr1,True,C,int,40,2,8,1,"{'g0_n262144': 5, 'g1_n262144': 7, 'g2_n262144': 8}"
cnn,vgg16,defence_C_int_lam40_rate4_thr1_wire_polauto,bytes_total,32,,,,,,1,20203754.0,20203754.0,NVIDIA L40S,AMD EPYC 9334 32-Core Processor x1 threads,n-805,366e3d4b5caeef40f4f5e082b03af55f247cd800,B,4,cnn18c,auto,3,_thr1_wire_polauto,cuda,multiproof,cpu,l40s_improved2_thr1,True,C,int,40,2,8,1,"{'g0_n262144': 5, 'g1_n262144': 7, 'g2_n262144': 8}"
cnn,vgg16,defence_C_int_lam40_rate4_thr1_wire_polauto,bytes_total,8,,,,,,1,5359122.0,5359122.0,NVIDIA L40S,AMD EPYC 9334 32-Core Processor x1 threads,n-805,366e3d4b5caeef40f4f5e082b03af55f247cd800,B,4,cnn18c,auto,3,_thr1_wire_polauto,cuda,multiproof,cpu,l40s_improved2_thr1,True,C,int,40,2,8,1,"{'g0_n262144': 5, 'g1_n262144': 7, 'g2_n262144': 8}"
cnn,vgg16,defence_C_int_lam40_rate4_thr1_wire_polauto,bytes_u,,,,,,,30,263252.0,263252.0,NVIDIA L40S,AMD EPYC 9334 32-Core Processor x1 threads,n-805,366e3d4b5caeef40f4f5e082b03af55f247cd800,B,4,cnn18c,auto,3,_thr1_wire_polauto,cuda,multiproof,cpu,l40s_improved2_thr1,True,C,int,40,2,8,1,"{'g0_n262144': 5, 'g1_n262144': 7, 'g2_n262144': 8}"
cnn,vgg16,defence_C_int_lam40_rate4_thr1_wire_polauto,bytes_u,32,,,,,,1,263252.0,263252.0,NVIDIA L40S,AMD EPYC 9334 32-Core Processor x1 threads,n-805,366e3d4b5caeef40f4f5e082b03af55f247cd800,B,4,cnn18c,auto,3,_thr1_wire_polauto,cuda,multiproof,cpu,l40s_improved2_thr1,True,C,int,40,2,8,1,"{'g0_n262144': 5, 'g1_n262144': 7, 'g2_n262144': 8}"
cnn,vgg16,defence_C_int_lam40_rate4_thr1_wire_polauto,bytes_u,8,,,,,,1,263252.0,263252.0,NVIDIA L40S,AMD EPYC 9334 32-Core Processor x1 threads,n-805,366e3d4b5caeef40f4f5e082b03af55f247cd800,B,4,cnn18c,auto,3,_thr1_wire_polauto,cuda,multiproof,cpu,l40s_improved2_thr1,True,C,int,40,2,8,1,"{'g0_n262144': 5, 'g1_n262144': 7, 'g2_n262144': 8}"
cnn,vgg16,defence_C_int_lam40_rate4_thr1_wire_polauto,fs_hash,,,,,,,30,5.299225449562073e-07,5.639779071013133e-07,NVIDIA L40S,AMD EPYC 9334 32-Core Processor x1 threads,n-805,366e3d4b5caeef40f4f5e082b03af55f247cd800,s,4,cnn18c,auto,3,_thr1_wire_polauto,cuda,multiproof,cpu,l40s_improved2_thr1,True,C,int,40,2,8,1,"{'g0_n262144': 5, 'g1_n262144': 7, 'g2_n262144': 8}"
cnn,vgg16,defence_C_int_lam40_rate4_thr1_wire_polauto,fs_hash,32,,,,,,1,2.020038664340973e-06,2.020038664340973e-06,NVIDIA L40S,AMD EPYC 9334 32-Core Processor x1 threads,n-805,366e3d4b5caeef40f4f5e082b03af55f247cd800,s,4,cnn18c,auto,3,_thr1_wire_polauto,cuda,multiproof,cpu,l40s_improved2_thr1,True,C,int,40,2,8,1,"{'g0_n262144': 5, 'g1_n262144': 7, 'g2_n262144': 8}"
cnn,vgg16,defence_C_int_lam40_rate4_thr1_wire_polauto,fs_hash,8,,,,,,1,6.994232535362244e-07,6.994232535362244e-07,NVIDIA L40S,AMD EPYC 9334 32-Core Processor x1 threads,n-805,366e3d4b5caeef40f4f5e082b03af55f247cd800,s,4,cnn18c,auto,3,_thr1_wire_polauto,cuda,multiproof,cpu,l40s_improved2_thr1,True,C,int,40,2,8,1,"{'g0_n262144': 5, 'g1_n262144': 7, 'g2_n262144': 8}"
cnn,vgg16,defence_C_int_lam40_rate4_thr1_wire_polauto,gpu_alloc_retries,,,,,,,1,0.0,0.0,NVIDIA L40S,AMD EPYC 9334 32-Core Processor x1 threads,n-805,366e3d4b5caeef40f4f5e082b03af55f247cd800,,4,cnn18c,auto,3,_thr1_wire_polauto,cuda,multiproof,cpu,l40s_improved2_thr1,True,C,int,40,2,8,1,"{'g0_n262144': 5, 'g1_n262144': 7, 'g2_n262144': 8}"
cnn,vgg16,defence_C_int_lam40_rate4_thr1_wire_polauto,gpu_alloc_retries,32,,,,,,1,0.0,0.0,NVIDIA L40S,AMD EPYC 9334 32-Core Processor x1 threads,n-805,366e3d4b5caeef40f4f5e082b03af55f247cd800,,4,cnn18c,auto,3,_thr1_wire_polauto,cuda,multiproof,cpu,l40s_improved2_thr1,True,C,int,40,2,8,1,"{'g0_n262144': 5, 'g1_n262144': 7, 'g2_n262144': 8}"
cnn,vgg16,defence_C_int_lam40_rate4_thr1_wire_polauto,gpu_alloc_retries,8,,,,,,1,0.0,0.0,NVIDIA L40S,AMD EPYC 9334 32-Core Processor x1 threads,n-805,366e3d4b5caeef40f4f5e082b03af55f247cd800,,4,cnn18c,auto,3,_thr1_wire_polauto,cuda,multiproof,cpu,l40s_improved2_thr1,True,C,int,40,2,8,1,"{'g0_n262144': 5, 'g1_n262144': 7, 'g2_n262144': 8}"
cnn,vgg16,defence_C_int_lam40_rate4_thr1_wire_polauto,gpu_device_allocs,,,,,,,1,3.0,3.0,NVIDIA L40S,AMD EPYC 9334 32-Core Processor x1 threads,n-805,366e3d4b5caeef40f4f5e082b03af55f247cd800,,4,cnn18c,auto,3,_thr1_wire_polauto,cuda,multiproof,cpu,l40s_improved2_thr1,True,C,int,40,2,8,1,"{'g0_n262144': 5, 'g1_n262144': 7, 'g2_n262144': 8}"
cnn,vgg16,defence_C_int_lam40_rate4_thr1_wire_polauto,gpu_device_allocs,32,,,,,,1,0.0,0.0,NVIDIA L40S,AMD EPYC 9334 32-Core Processor x1 threads,n-805,366e3d4b5caeef40f4f5e082b03af55f247cd800,,4,cnn18c,auto,3,_thr1_wire_polauto,cuda,multiproof,cpu,l40s_improved2_thr1,True,C,int,40,2,8,1,"{'g0_n262144': 5, 'g1_n262144': 7, 'g2_n262144': 8}"
cnn,vgg16,defence_C_int_lam40_rate4_thr1_wire_polauto,gpu_device_allocs,8,,,,,,1,6.0,6.0,NVIDIA L40S,AMD EPYC 9334 32-Core Processor x1 threads,n-805,366e3d4b5caeef40f4f5e082b03af55f247cd800,,4,cnn18c,auto,3,_thr1_wire_polauto,cuda,multiproof,cpu,l40s_improved2_thr1,True,C,int,40,2,8,1,"{'g0_n262144': 5, 'g1_n262144': 7, 'g2_n262144': 8}"
cnn,vgg16,defence_C_int_lam40_rate4_thr1_wire_polauto,gpu_peak_memory,,,,,,,1,127358976.0,127358976.0,NVIDIA L40S,AMD EPYC 9334 32-Core Processor x1 threads,n-805,366e3d4b5caeef40f4f5e082b03af55f247cd800,B,4,cnn18c,auto,3,_thr1_wire_polauto,cuda,multiproof,cpu,l40s_improved2_thr1,True,C,int,40,2,8,1,"{'g0_n262144': 5, 'g1_n262144': 7, 'g2_n262144': 8}"
cnn,vgg16,defence_C_int_lam40_rate4_thr1_wire_polauto,gpu_peak_memory,32,,,,,,1,513307136.0,513307136.0,NVIDIA L40S,AMD EPYC 9334 32-Core Processor x1 threads,n-805,366e3d4b5caeef40f4f5e082b03af55f247cd800,B,4,cnn18c,auto,3,_thr1_wire_polauto,cuda,multiproof,cpu,l40s_improved2_thr1,True,C,int,40,2,8,1,"{'g0_n262144': 5, 'g1_n262144': 7, 'g2_n262144': 8}"
cnn,vgg16,defence_C_int_lam40_rate4_thr1_wire_polauto,gpu_peak_memory,8,,,,,,1,213004800.0,213004800.0,NVIDIA L40S,AMD EPYC 9334 32-Core Processor x1 threads,n-805,366e3d4b5caeef40f4f5e082b03af55f247cd800,B,4,cnn18c,auto,3,_thr1_wire_polauto,cuda,multiproof,cpu,l40s_improved2_thr1,True,C,int,40,2,8,1,"{'g0_n262144': 5, 'g1_n262144': 7, 'g2_n262144': 8}"
cnn,vgg16,defence_C_int_lam40_rate4_thr1_wire_polauto,gpu_peak_reserved,,,,,,,1,1690304512.0,1690304512.0,NVIDIA L40S,AMD EPYC 9334 32-Core Processor x1 threads,n-805,366e3d4b5caeef40f4f5e082b03af55f247cd800,B,4,cnn18c,auto,3,_thr1_wire_polauto,cuda,multiproof,cpu,l40s_improved2_thr1,True,C,int,40,2,8,1,"{'g0_n262144': 5, 'g1_n262144': 7, 'g2_n262144': 8}"
cnn,vgg16,defence_C_int_lam40_rate4_thr1_wire_polauto,gpu_peak_reserved,32,,,,,,1,1702887424.0,1702887424.0,NVIDIA L40S,AMD EPYC 9334 32-Core Processor x1 threads,n-805,366e3d4b5caeef40f4f5e082b03af55f247cd800,B,4,cnn18c,auto,3,_thr1_wire_polauto,cuda,multiproof,cpu,l40s_improved2_thr1,True,C,int,40,2,8,1,"{'g0_n262144': 5, 'g1_n262144': 7, 'g2_n262144': 8}"
cnn,vgg16,defence_C_int_lam40_rate4_thr1_wire_polauto,gpu_peak_reserved,8,,,,,,1,1702887424.0,1702887424.0,NVIDIA L40S,AMD EPYC 9334 32-Core Processor x1 threads,n-805,366e3d4b5caeef40f4f5e082b03af55f247cd800,B,4,cnn18c,auto,3,_thr1_wire_polauto,cuda,multiproof,cpu,l40s_improved2_thr1,True,C,int,40,2,8,1,"{'g0_n262144': 5, 'g1_n262144': 7, 'g2_n262144': 8}"
cnn,vgg16,defence_C_int_lam40_rate4_thr1_wire_polauto,host_peak_rss,,,,,,,1,1383710720.0,1383710720.0,NVIDIA L40S,AMD EPYC 9334 32-Core Processor x1 threads,n-805,366e3d4b5caeef40f4f5e082b03af55f247cd800,B,4,cnn18c,auto,3,_thr1_wire_polauto,cuda,multiproof,cpu,l40s_improved2_thr1,True,C,int,40,2,8,1,"{'g0_n262144': 5, 'g1_n262144': 7, 'g2_n262144': 8}"
cnn,vgg16,defence_C_int_lam40_rate4_thr1_wire_polauto,host_peak_rss,32,,,,,,1,1665183744.0,1665183744.0,NVIDIA L40S,AMD EPYC 9334 32-Core Processor x1 threads,n-805,366e3d4b5caeef40f4f5e082b03af55f247cd800,B,4,cnn18c,auto,3,_thr1_wire_polauto,cuda,multiproof,cpu,l40s_improved2_thr1,True,C,int,40,2,8,1,"{'g0_n262144': 5, 'g1_n262144': 7, 'g2_n262144': 8}"
cnn,vgg16,defence_C_int_lam40_rate4_thr1_wire_polauto,host_peak_rss,8,,,,,,1,1455214592.0,1455214592.0,NVIDIA L40S,AMD EPYC 9334 32-Core Processor x1 threads,n-805,366e3d4b5caeef40f4f5e082b03af55f247cd800,B,4,cnn18c,auto,3,_thr1_wire_polauto,cuda,multiproof,cpu,l40s_improved2_thr1,True,C,int,40,2,8,1,"{'g0_n262144': 5, 'g1_n262144': 7, 'g2_n262144': 8}"
cnn,vgg16,defence_C_int_lam40_rate4_thr1_wire_polauto,prove_encode,,,,,,,30,0.0033570020459592342,0.0033994002578159174,NVIDIA L40S,AMD EPYC 9334 32-Core Processor x1 threads,n-805,366e3d4b5caeef40f4f5e082b03af55f247cd800,s,4,cnn18c,auto,3,_thr1_wire_polauto,cuda,multiproof,cpu,l40s_improved2_thr1,True,C,int,40,2,8,1,"{'g0_n262144': 5, 'g1_n262144': 7, 'g2_n262144': 8}"
cnn,vgg16,defence_C_int_lam40_rate4_thr1_wire_polauto,prove_encode,32,,,,,,1,0.02906217984855175,0.02906217984855175,NVIDIA L40S,AMD EPYC 9334 32-Core Processor x1 threads,n-805,366e3d4b5caeef40f4f5e082b03af55f247cd800,s,4,cnn18c,auto,3,_thr1_wire_polauto,cuda,multiproof,cpu,l40s_improved2_thr1,True,C,int,40,2,8,1,"{'g0_n262144': 5, 'g1_n262144': 7, 'g2_n262144': 8}"
cnn,vgg16,defence_C_int_lam40_rate4_thr1_wire_polauto,prove_encode,8,,,,,,1,0.011171804741024971,0.011171804741024971,NVIDIA L40S,AMD EPYC 9334 32-Core Processor x1 threads,n-805,366e3d4b5caeef40f4f5e082b03af55f247cd800,s,4,cnn18c,auto,3,_thr1_wire_polauto,cuda,multiproof,cpu,l40s_improved2_thr1,True,C,int,40,2,8,1,"{'g0_n262144': 5, 'g1_n262144': 7, 'g2_n262144': 8}"
cnn,vgg16,defence_C_int_lam40_rate4_thr1_wire_polauto,prove_fold,,,,,,,30,0.005369442515075207,0.005375110420087973,NVIDIA L40S,AMD EPYC 9334 32-Core Processor x1 threads,n-805,366e3d4b5caeef40f4f5e082b03af55f247cd800,s,4,cnn18c,auto,3,_thr1_wire_polauto,cuda,multiproof,cpu,l40s_improved2_thr1,True,C,int,40,2,8,1,"{'g0_n262144': 5, 'g1_n262144': 7, 'g2_n262144': 8}"
cnn,vgg16,defence_C_int_lam40_rate4_thr1_wire_polauto,prove_fold,32,,,,,,1,0.005742242559790611,0.005742242559790611,NVIDIA L40S,AMD EPYC 9334 32-Core Processor x1 threads,n-805,366e3d4b5caeef40f4f5e082b03af55f247cd800,s,4,cnn18c,auto,3,_thr1_wire_polauto,cuda,multiproof,cpu,l40s_improved2_thr1,True,C,int,40,2,8,1,"{'g0_n262144': 5, 'g1_n262144': 7, 'g2_n262144': 8}"
cnn,vgg16,defence_C_int_lam40_rate4_thr1_wire_polauto,prove_fold,8,,,,,,1,0.0056228032335639,0.0056228032335639,NVIDIA L40S,AMD EPYC 9334 32-Core Processor x1 threads,n-805,366e3d4b5caeef40f4f5e082b03af55f247cd800,s,4,cnn18c,auto,3,_thr1_wire_polauto,cuda,multiproof,cpu,l40s_improved2_thr1,True,C,int,40,2,8,1,"{'g0_n262144': 5, 'g1_n262144': 7, 'g2_n262144': 8}"
cnn,vgg16,defence_C_int_lam40_rate4_thr1_wire_polauto,prove_forward,,,,,,,30,0.003341090399771929,0.0033419800922274588,NVIDIA L40S,AMD EPYC 9334 32-Core Processor x1 threads,n-805,366e3d4b5caeef40f4f5e082b03af55f247cd800,s,4,cnn18c,auto,3,_thr1_wire_polauto,cuda,multiproof,cpu,l40s_improved2_thr1,True,C,int,40,2,8,1,"{'g0_n262144': 5, 'g1_n262144': 7, 'g2_n262144': 8}"
cnn,vgg16,defence_C_int_lam40_rate4_thr1_wire_polauto,prove_forward,32,,,,,,1,0.00529183354228735,0.00529183354228735,NVIDIA L40S,AMD EPYC 9334 32-Core Processor x1 threads,n-805,366e3d4b5caeef40f4f5e082b03af55f247cd800,s,4,cnn18c,auto,3,_thr1_wire_polauto,cuda,multiproof,cpu,l40s_improved2_thr1,True,C,int,40,2,8,1,"{'g0_n262144': 5, 'g1_n262144': 7, 'g2_n262144': 8}"
cnn,vgg16,defence_C_int_lam40_rate4_thr1_wire_polauto,prove_forward,8,,,,,,1,0.0062395017594099045,0.0062395017594099045,NVIDIA L40S,AMD EPYC 9334 32-Core Processor x1 threads,n-805,366e3d4b5caeef40f4f5e082b03af55f247cd800,s,4,cnn18c,auto,3,_thr1_wire_polauto,cuda,multiproof,cpu,l40s_improved2_thr1,True,C,int,40,2,8,1,"{'g0_n262144': 5, 'g1_n262144': 7, 'g2_n262144': 8}"
cnn,vgg16,defence_C_int_lam40_rate4_thr1_wire_polauto,prove_open,,,,,,,30,0.0038818051107227802,0.003882743107775847,NVIDIA L40S,AMD EPYC 9334 32-Core Processor x1 threads,n-805,366e3d4b5caeef40f4f5e082b03af55f247cd800,s,4,cnn18c,auto,3,_thr1_wire_polauto,cuda,multiproof,cpu,l40s_improved2_thr1,True,C,int,40,2,8,1,"{'g0_n262144': 5, 'g1_n262144': 7, 'g2_n262144': 8}"
cnn,vgg16,defence_C_int_lam40_rate4_thr1_wire_polauto,prove_open,32,,,,,,1,0.004223004914820194,0.004223004914820194,NVIDIA L40S,AMD EPYC 9334 32-Core Processor x1 threads,n-805,366e3d4b5caeef40f4f5e082b03af55f247cd800,s,4,cnn18c,auto,3,_thr1_wire_polauto,cuda,multiproof,cpu,l40s_improved2_thr1,True,C,int,40,2,8,1,"{'g0_n262144': 5, 'g1_n262144': 7, 'g2_n262144': 8}"
cnn,vgg16,defence_C_int_lam40_rate4_thr1_wire_polauto,prove_open,8,,,,,,1,0.004212074913084507,0.004212074913084507,NVIDIA L40S,AMD EPYC 9334 32-Core Processor x1 threads,n-805,366e3d4b5caeef40f4f5e082b03af55f247cd800,s,4,cnn18c,auto,3,_thr1_wire_polauto,cuda,multiproof,cpu,l40s_improved2_thr1,True,C,int,40,2,8,1,"{'g0_n262144': 5, 'g1_n262144': 7, 'g2_n262144': 8}"
cnn,vgg16,defence_C_int_lam40_rate4_thr1_wire_polauto,soundness_bits,,,,,,,1,42.694626341435544,42.694626341435544,NVIDIA L40S,AMD EPYC 9334 32-Core Processor x1 threads,n-805,366e3d4b5caeef40f4f5e082b03af55f247cd800,bits,4,cnn18c,auto,3,_thr1_wire_polauto,cuda,multiproof,cpu,l40s_improved2_thr1,True,C,int,40,2,8,1,"{'g0_n262144': 5, 'g1_n262144': 7, 'g2_n262144': 8}"
cnn,vgg16,defence_C_int_lam40_rate4_thr1_wire_polauto,verify_columns,,,,,,,30,0.00262150214985013,0.0026438230959077674,NVIDIA L40S,AMD EPYC 9334 32-Core Processor x1 threads,n-805,366e3d4b5caeef40f4f5e082b03af55f247cd800,s,4,cnn18c,auto,3,_thr1_wire_polauto,cuda,multiproof,cpu,l40s_improved2_thr1,True,C,int,40,2,8,1,"{'g0_n262144': 5, 'g1_n262144': 7, 'g2_n262144': 8}"
cnn,vgg16,defence_C_int_lam40_rate4_thr1_wire_polauto,verify_columns,32,,,,,,1,0.002796705812215805,0.002796705812215805,NVIDIA L40S,AMD EPYC 9334 32-Core Processor x1 threads,n-805,366e3d4b5caeef40f4f5e082b03af55f247cd800,s,4,cnn18c,auto,3,_thr1_wire_polauto,cuda,multiproof,cpu,l40s_improved2_thr1,True,C,int,40,2,8,1,"{'g0_n262144': 5, 'g1_n262144': 7, 'g2_n262144': 8}"
cnn,vgg16,defence_C_int_lam40_rate4_thr1_wire_polauto,verify_columns,8,,,,,,1,0.002715805545449257,0.002715805545449257,NVIDIA L40S,AMD EPYC 9334 32-Core Processor x1 threads,n-805,366e3d4b5caeef40f4f5e082b03af55f247cd800,s,4,cnn18c,auto,3,_thr1_wire_polauto,cuda,multiproof,cpu,l40s_improved2_thr1,True,C,int,40,2,8,1,"{'g0_n262144': 5, 'g1_n262144': 7, 'g2_n262144': 8}"
cnn,vgg16,defence_C_int_lam40_rate4_thr1_wire_polauto,verify_decode,,,,,,,30,0.0016380264423787594,0.0016551835462450982,NVIDIA L40S,AMD EPYC 9334 32-Core Processor x1 threads,n-805,366e3d4b5caeef40f4f5e082b03af55f247cd800,s,4,cnn18c,auto,3,_thr1_wire_polauto,cuda,multiproof,cpu,l40s_improved2_thr1,True,C,int,40,2,8,1,"{'g0_n262144': 5, 'g1_n262144': 7, 'g2_n262144': 8}"
cnn,vgg16,defence_C_int_lam40_rate4_thr1_wire_polauto,verify_decode,32,,,,,,1,0.05292009748518467,0.05292009748518467,NVIDIA L40S,AMD EPYC 9334 32-Core Processor x1 threads,n-805,366e3d4b5caeef40f4f5e082b03af55f247cd800,s,4,cnn18c,auto,3,_thr1_wire_polauto,cuda,multiproof,cpu,l40s_improved2_thr1,True,C,int,40,2,8,1,"{'g0_n262144': 5, 'g1_n262144': 7, 'g2_n262144': 8}"
cnn,vgg16,defence_C_int_lam40_rate4_thr1_wire_polauto,verify_decode,8,,,,,,1,0.023203960619866848,0.023203960619866848,NVIDIA L40S,AMD EPYC 9334 32-Core Processor x1 threads,n-805,366e3d4b5caeef40f4f5e082b03af55f247cd800,s,4,cnn18c,auto,3,_thr1_wire_polauto,cuda,multiproof,cpu,l40s_improved2_thr1,True,C,int,40,2,8,1,"{'g0_n262144': 5, 'g1_n262144': 7, 'g2_n262144': 8}"
cnn,vgg16,defence_C_int_lam40_rate4_thr1_wire_polauto,verify_derive,,,,,,,30,0.001437532715499401,0.0014317510339121023,NVIDIA L40S,AMD EPYC 9334 32-Core Processor x1 threads,n-805,366e3d4b5caeef40f4f5e082b03af55f247cd800,s,4,cnn18c,auto,3,_thr1_wire_polauto,cuda,multiproof,cpu,l40s_improved2_thr1,True,C,int,40,2,8,1,"{'g0_n262144': 5, 'g1_n262144': 7, 'g2_n262144': 8}"
cnn,vgg16,defence_C_int_lam40_rate4_thr1_wire_polauto,verify_derive,32,,,,,,1,0.07562712766230106,0.07562712766230106,NVIDIA L40S,AMD EPYC 9334 32-Core Processor x1 threads,n-805,366e3d4b5caeef40f4f5e082b03af55f247cd800,s,4,cnn18c,auto,3,_thr1_wire_polauto,cuda,multiproof,cpu,l40s_improved2_thr1,True,C,int,40,2,8,1,"{'g0_n262144': 5, 'g1_n262144': 7, 'g2_n262144': 8}"
cnn,vgg16,defence_C_int_lam40_rate4_thr1_wire_polauto,verify_derive,8,,,,,,1,0.01980597246438265,0.01980597246438265,NVIDIA L40S,AMD EPYC 9334 32-Core Processor x1 threads,n-805,366e3d4b5caeef40f4f5e082b03af55f247cd800,s,4,cnn18c,auto,3,_thr1_wire_polauto,cuda,multiproof,cpu,l40s_improved2_thr1,True,C,int,40,2,8,1,"{'g0_n262144': 5, 'g1_n262144': 7, 'g2_n262144': 8}"
cnn,vgg16,defence_C_int_lam40_rate4_thr1_wire_polauto,verify_fold,,,,,,,30,0.0,0.0,NVIDIA L40S,AMD EPYC 9334 32-Core Processor x1 threads,n-805,366e3d4b5caeef40f4f5e082b03af55f247cd800,s,4,cnn18c,auto,3,_thr1_wire_polauto,cuda,multiproof,cpu,l40s_improved2_thr1,True,C,int,40,2,8,1,"{'g0_n262144': 5, 'g1_n262144': 7, 'g2_n262144': 8}"
cnn,vgg16,defence_C_int_lam40_rate4_thr1_wire_polauto,verify_fold,32,,,,,,1,0.0,0.0,NVIDIA L40S,AMD EPYC 9334 32-Core Processor x1 threads,n-805,366e3d4b5caeef40f4f5e082b03af55f247cd800,s,4,cnn18c,auto,3,_thr1_wire_polauto,cuda,multiproof,cpu,l40s_improved2_thr1,True,C,int,40,2,8,1,"{'g0_n262144': 5, 'g1_n262144': 7, 'g2_n262144': 8}"
cnn,vgg16,defence_C_int_lam40_rate4_thr1_wire_polauto,verify_fold,8,,,,,,1,0.0,0.0,NVIDIA L40S,AMD EPYC 9334 32-Core Processor x1 threads,n-805,366e3d4b5caeef40f4f5e082b03af55f247cd800,s,4,cnn18c,auto,3,_thr1_wire_polauto,cuda,multiproof,cpu,l40s_improved2_thr1,True,C,int,40,2,8,1,"{'g0_n262144': 5, 'g1_n262144': 7, 'g2_n262144': 8}"
cnn,vgg16,defence_C_int_lam40_rate4_thr1_wire_polauto,verify_products,,,,,,,30,0.0034501254558563232,0.0034520790912210943,NVIDIA L40S,AMD EPYC 9334 32-Core Processor x1 threads,n-805,366e3d4b5caeef40f4f5e082b03af55f247cd800,s,4,cnn18c,auto,3,_thr1_wire_polauto,cuda,multiproof,cpu,l40s_improved2_thr1,True,C,int,40,2,8,1,"{'g0_n262144': 5, 'g1_n262144': 7, 'g2_n262144': 8}"
cnn,vgg16,defence_C_int_lam40_rate4_thr1_wire_polauto,verify_products,32,,,,,,1,0.04765838570892811,0.04765838570892811,NVIDIA L40S,AMD EPYC 9334 32-Core Processor x1 threads,n-805,366e3d4b5caeef40f4f5e082b03af55f247cd800,s,4,cnn18c,auto,3,_thr1_wire_polauto,cuda,multiproof,cpu,l40s_improved2_thr1,True,C,int,40,2,8,1,"{'g0_n262144': 5, 'g1_n262144': 7, 'g2_n262144': 8}"
cnn,vgg16,defence_C_int_lam40_rate4_thr1_wire_polauto,verify_products,8,,,,,,1,0.01394622027873993,0.01394622027873993,NVIDIA L40S,AMD EPYC 9334 32-Core Processor x1 threads,n-805,366e3d4b5caeef40f4f5e082b03af55f247cd800,s,4,cnn18c,auto,3,_thr1_wire_polauto,cuda,multiproof,cpu,l40s_improved2_thr1,True,C,int,40,2,8,1,"{'g0_n262144': 5, 'g1_n262144': 7, 'g2_n262144': 8}"
cnn,vgg16,defence_C_int_lam80_rate4_thr1_wire_polauto,accepted,,,,,,,30,1.0,1.0,NVIDIA L40S,AMD EPYC 9334 32-Core Processor x1 threads,n-805,366e3d4b5caeef40f4f5e082b03af55f247cd800,,4,cnn18c,auto,3,_thr1_wire_polauto,cuda,multiproof,cpu,l40s_improved2_thr1,True,C,int,80,3,15,1,"{'g0_n262144': 10, 'g1_n262144': 13, 'g2_n262144': 15}"
cnn,vgg16,defence_C_int_lam80_rate4_thr1_wire_polauto,accepted,32,,,,,,1,1.0,1.0,NVIDIA L40S,AMD EPYC 9334 32-Core Processor x1 threads,n-805,366e3d4b5caeef40f4f5e082b03af55f247cd800,,4,cnn18c,auto,3,_thr1_wire_polauto,cuda,multiproof,cpu,l40s_improved2_thr1,True,C,int,80,3,15,1,"{'g0_n262144': 10, 'g1_n262144': 13, 'g2_n262144': 15}"
cnn,vgg16,defence_C_int_lam80_rate4_thr1_wire_polauto,accepted,8,,,,,,1,1.0,1.0,NVIDIA L40S,AMD EPYC 9334 32-Core Processor x1 threads,n-805,366e3d4b5caeef40f4f5e082b03af55f247cd800,,4,cnn18c,auto,3,_thr1_wire_polauto,cuda,multiproof,cpu,l40s_improved2_thr1,True,C,int,80,3,15,1,"{'g0_n262144': 10, 'g1_n262144': 13, 'g2_n262144': 15}"
cnn,vgg16,defence_C_int_lam80_rate4_thr1_wire_polauto,bytes_claims,,,,,,,30,609929.5,612421.6,NVIDIA L40S,AMD EPYC 9334 32-Core Processor x1 threads,n-805,366e3d4b5caeef40f4f5e082b03af55f247cd800,B,4,cnn18c,auto,3,_thr1_wire_polauto,cuda,multiproof,cpu,l40s_improved2_thr1,True,C,int,80,3,15,1,"{'g0_n262144': 10, 'g1_n262144': 13, 'g2_n262144': 15}"
cnn,vgg16,defence_C_int_lam80_rate4_thr1_wire_polauto,bytes_claims,32,,,,,,1,19787070.0,19787070.0,NVIDIA L40S,AMD EPYC 9334 32-Core Processor x1 threads,n-805,366e3d4b5caeef40f4f5e082b03af55f247cd800,B,4,cnn18c,auto,3,_thr1_wire_polauto,cuda,multiproof,cpu,l40s_improved2_thr1,True,C,int,80,3,15,1,"{'g0_n262144': 10, 'g1_n262144': 13, 'g2_n262144': 15}"
cnn,vgg16,defence_C_int_lam80_rate4_thr1_wire_polauto,bytes_claims,8,,,,,,1,4942502.0,4942502.0,NVIDIA L40S,AMD EPYC 9334 32-Core Processor x1 threads,n-805,366e3d4b5caeef40f4f5e082b03af55f247cd800,B,4,cnn18c,auto,3,_thr1_wire_polauto,cuda,multiproof,cpu,l40s_improved2_thr1,True,C,int,80,3,15,1,"{'g0_n262144': 10, 'g1_n262144': 13, 'g2_n262144': 15}"
cnn,vgg16,defence_C_int_lam80_rate4_thr1_wire_polauto,bytes_columns,,,,,,,30,272056.0,272056.0,NVIDIA L40S,AMD EPYC 9334 32-Core Processor x1 threads,n-805,366e3d4b5caeef40f4f5e082b03af55f247cd800,B,4,cnn18c,auto,3,_thr1_wire_polauto,cuda,multiproof,cpu,l40s_improved2_thr1,True,C,int,80,3,15,1,"{'g0_n262144': 10, 'g1_n262144': 13, 'g2_n262144': 15}"
cnn,vgg16,defence_C_int_lam80_rate4_thr1_wire_polauto,bytes_columns,32,,,,,,1,272056.0,272056.0,NVIDIA L40S,AMD EPYC 9334 32-Core Processor x1 threads,n-805,366e3d4b5caeef40f4f5e082b03af55f247cd800,B,4,cnn18c,auto,3,_thr1_wire_polauto,cuda,multiproof,cpu,l40s_improved2_thr1,True,C,int,80,3,15,1,"{'g0_n262144': 10, 'g1_n262144': 13, 'g2_n262144': 15}"
cnn,vgg16,defence_C_int_lam80_rate4_thr1_wire_polauto,bytes_columns,8,,,,,,1,272056.0,272056.0,NVIDIA L40S,AMD EPYC 9334 32-Core Processor x1 threads,n-805,366e3d4b5caeef40f4f5e082b03af55f247cd800,B,4,cnn18c,auto,3,_thr1_wire_polauto,cuda,multiproof,cpu,l40s_improved2_thr1,True,C,int,80,3,15,1,"{'g0_n262144': 10, 'g1_n262144': 13, 'g2_n262144': 15}"
cnn,vgg16,defence_C_int_lam80_rate4_thr1_wire_polauto,bytes_paths,,,,,,,30,16400.0,16385.066666666666,NVIDIA L40S,AMD EPYC 9334 32-Core Processor x1 threads,n-805,366e3d4b5caeef40f4f5e082b03af55f247cd800,B,4,cnn18c,auto,3,_thr1_wire_polauto,cuda,multiproof,cpu,l40s_improved2_thr1,True,C,int,80,3,15,1,"{'g0_n262144': 10, 'g1_n262144': 13, 'g2_n262144': 15}"
cnn,vgg16,defence_C_int_lam80_rate4_thr1_wire_polauto,bytes_paths,32,,,,,,1,16192.0,16192.0,NVIDIA L40S,AMD EPYC 9334 32-Core Processor x1 threads,n-805,366e3d4b5caeef40f4f5e082b03af55f247cd800,B,4,cnn18c,auto,3,_thr1_wire_polauto,cuda,multiproof,cpu,l40s_improved2_thr1,True,C,int,80,3,15,1,"{'g0_n262144': 10, 'g1_n262144': 13, 'g2_n262144': 15}"
cnn,vgg16,defence_C_int_lam80_rate4_thr1_wire_polauto,bytes_paths,8,,,,,,1,16512.0,16512.0,NVIDIA L40S,AMD EPYC 9334 32-Core Processor x1 threads,n-805,366e3d4b5caeef40f4f5e082b03af55f247cd800,B,4,cnn18c,auto,3,_thr1_wire_polauto,cuda,multiproof,cpu,l40s_improved2_thr1,True,C,int,80,3,15,1,"{'g0_n262144': 10, 'g1_n262144': 13, 'g2_n262144': 15}"
cnn,vgg16,defence_C_int_lam80_rate4_thr1_wire_polauto,bytes_total,,,,,,,30,1293217.5,1295678.6666666667,NVIDIA L40S,AMD EPYC 9334 32-Core Processor x1 threads,n-805,366e3d4b5caeef40f4f5e082b03af55f247cd800,B,4,cnn18c,auto,3,_thr1_wire_polauto,cuda,multiproof,cpu,l40s_improved2_thr1,True,C,int,80,3,15,1,"{'g0_n262144': 10, 'g1_n262144': 13, 'g2_n262144': 15}"
cnn,vgg16,defence_C_int_lam80_rate4_thr1_wire_polauto,bytes_total,32,,,,,,1,20470134.0,20470134.0,NVIDIA L40S,AMD EPYC 9334 32-Core Processor x1 threads,n-805,366e3d4b5caeef40f4f5e082b03af55f247cd800,B,4,cnn18c,auto,3,_thr1_wire_polauto,cuda,multiproof,cpu,l40s_improved2_thr1,True,C,int,80,3,15,1,"{'g0_n262144': 10, 'g1_n262144': 13, 'g2_n262144': 15}"
cnn,vgg16,defence_C_int_lam80_rate4_thr1_wire_polauto,bytes_total,8,,,,,,1,5625886.0,5625886.0,NVIDIA L40S,AMD EPYC 9334 32-Core Processor x1 threads,n-805,366e3d4b5caeef40f4f5e082b03af55f247cd800,B,4,cnn18c,auto,3,_thr1_wire_polauto,cuda,multiproof,cpu,l40s_improved2_thr1,True,C,int,80,3,15,1,"{'g0_n262144': 10, 'g1_n262144': 13, 'g2_n262144': 15}"
cnn,vgg16,defence_C_int_lam80_rate4_thr1_wire_polauto,bytes_u,,,,,,,30,394816.0,394816.0,NVIDIA L40S,AMD EPYC 9334 32-Core Processor x1 threads,n-805,366e3d4b5caeef40f4f5e082b03af55f247cd800,B,4,cnn18c,auto,3,_thr1_wire_polauto,cuda,multiproof,cpu,l40s_improved2_thr1,True,C,int,80,3,15,1,"{'g0_n262144': 10, 'g1_n262144': 13, 'g2_n262144': 15}"
cnn,vgg16,defence_C_int_lam80_rate4_thr1_wire_polauto,bytes_u,32,,,,,,1,394816.0,394816.0,NVIDIA L40S,AMD EPYC 9334 32-Core Processor x1 threads,n-805,366e3d4b5caeef40f4f5e082b03af55f247cd800,B,4,cnn18c,auto,3,_thr1_wire_polauto,cuda,multiproof,cpu,l40s_improved2_thr1,True,C,int,80,3,15,1,"{'g0_n262144': 10, 'g1_n262144': 13, 'g2_n262144': 15}"
cnn,vgg16,defence_C_int_lam80_rate4_thr1_wire_polauto,bytes_u,8,,,,,,1,394816.0,394816.0,NVIDIA L40S,AMD EPYC 9334 32-Core Processor x1 threads,n-805,366e3d4b5caeef40f4f5e082b03af55f247cd800,B,4,cnn18c,auto,3,_thr1_wire_polauto,cuda,multiproof,cpu,l40s_improved2_thr1,True,C,int,80,3,15,1,"{'g0_n262144': 10, 'g1_n262144': 13, 'g2_n262144': 15}"
cnn,vgg16,defence_C_int_lam80_rate4_thr1_wire_polauto,fs_hash,,,,,,,30,6.398186087608337e-07,6.093022723992666e-07,NVIDIA L40S,AMD EPYC 9334 32-Core Processor x1 threads,n-805,366e3d4b5caeef40f4f5e082b03af55f247cd800,s,4,cnn18c,auto,3,_thr1_wire_polauto,cuda,multiproof,cpu,l40s_improved2_thr1,True,C,int,80,3,15,1,"{'g0_n262144': 10, 'g1_n262144': 13, 'g2_n262144': 15}"
cnn,vgg16,defence_C_int_lam80_rate4_thr1_wire_polauto,fs_hash,32,,,,,,1,1.3606622815132141e-06,1.3606622815132141e-06,NVIDIA L40S,AMD EPYC 9334 32-Core Processor x1 threads,n-805,366e3d4b5caeef40f4f5e082b03af55f247cd800,s,4,cnn18c,auto,3,_thr1_wire_polauto,cuda,multiproof,cpu,l40s_improved2_thr1,True,C,int,80,3,15,1,"{'g0_n262144': 10, 'g1_n262144': 13, 'g2_n262144': 15}"
cnn,vgg16,defence_C_int_lam80_rate4_thr1_wire_polauto,fs_hash,8,,,,,,1,9.30391252040863e-07,9.30391252040863e-07,NVIDIA L40S,AMD EPYC 9334 32-Core Processor x1 threads,n-805,366e3d4b5caeef40f4f5e082b03af55f247cd800,s,4,cnn18c,auto,3,_thr1_wire_polauto,cuda,multiproof,cpu,l40s_improved2_thr1,True,C,int,80,3,15,1,"{'g0_n262144': 10, 'g1_n262144': 13, 'g2_n262144': 15}"
cnn,vgg16,defence_C_int_lam80_rate4_thr1_wire_polauto,gpu_alloc_retries,,,,,,,1,0.0,0.0,NVIDIA L40S,AMD EPYC 9334 32-Core Processor x1 threads,n-805,366e3d4b5caeef40f4f5e082b03af55f247cd800,,4,cnn18c,auto,3,_thr1_wire_polauto,cuda,multiproof,cpu,l40s_improved2_thr1,True,C,int,80,3,15,1,"{'g0_n262144': 10, 'g1_n262144': 13, 'g2_n262144': 15}"
cnn,vgg16,defence_C_int_lam80_rate4_thr1_wire_polauto,gpu_alloc_retries,32,,,,,,1,0.0,0.0,NVIDIA L40S,AMD EPYC 9334 32-Core Processor x1 threads,n-805,366e3d4b5caeef40f4f5e082b03af55f247cd800,,4,cnn18c,auto,3,_thr1_wire_polauto,cuda,multiproof,cpu,l40s_improved2_thr1,True,C,int,80,3,15,1,"{'g0_n262144': 10, 'g1_n262144': 13, 'g2_n262144': 15}"
cnn,vgg16,defence_C_int_lam80_rate4_thr1_wire_polauto,gpu_alloc_retries,8,,,,,,1,0.0,0.0,NVIDIA L40S,AMD EPYC 9334 32-Core Processor x1 threads,n-805,366e3d4b5caeef40f4f5e082b03af55f247cd800,,4,cnn18c,auto,3,_thr1_wire_polauto,cuda,multiproof,cpu,l40s_improved2_thr1,True,C,int,80,3,15,1,"{'g0_n262144': 10, 'g1_n262144': 13, 'g2_n262144': 15}"
cnn,vgg16,defence_C_int_lam80_rate4_thr1_wire_polauto,gpu_device_allocs,,,,,,,1,0.0,0.0,NVIDIA L40S,AMD EPYC 9334 32-Core Processor x1 threads,n-805,366e3d4b5caeef40f4f5e082b03af55f247cd800,,4,cnn18c,auto,3,_thr1_wire_polauto,cuda,multiproof,cpu,l40s_improved2_thr1,True,C,int,80,3,15,1,"{'g0_n262144': 10, 'g1_n262144': 13, 'g2_n262144': 15}"
cnn,vgg16,defence_C_int_lam80_rate4_thr1_wire_polauto,gpu_device_allocs,32,,,,,,1,0.0,0.0,NVIDIA L40S,AMD EPYC 9334 32-Core Processor x1 threads,n-805,366e3d4b5caeef40f4f5e082b03af55f247cd800,,4,cnn18c,auto,3,_thr1_wire_polauto,cuda,multiproof,cpu,l40s_improved2_thr1,True,C,int,80,3,15,1,"{'g0_n262144': 10, 'g1_n262144': 13, 'g2_n262144': 15}"
cnn,vgg16,defence_C_int_lam80_rate4_thr1_wire_polauto,gpu_device_allocs,8,,,,,,1,0.0,0.0,NVIDIA L40S,AMD EPYC 9334 32-Core Processor x1 threads,n-805,366e3d4b5caeef40f4f5e082b03af55f247cd800,,4,cnn18c,auto,3,_thr1_wire_polauto,cuda,multiproof,cpu,l40s_improved2_thr1,True,C,int,80,3,15,1,"{'g0_n262144': 10, 'g1_n262144': 13, 'g2_n262144': 15}"
cnn,vgg16,defence_C_int_lam80_rate4_thr1_wire_polauto,gpu_peak_memory,,,,,,,1,127361536.0,127361536.0,NVIDIA L40S,AMD EPYC 9334 32-Core Processor x1 threads,n-805,366e3d4b5caeef40f4f5e082b03af55f247cd800,B,4,cnn18c,auto,3,_thr1_wire_polauto,cuda,multiproof,cpu,l40s_improved2_thr1,True,C,int,80,3,15,1,"{'g0_n262144': 10, 'g1_n262144': 13, 'g2_n262144': 15}"
cnn,vgg16,defence_C_int_lam80_rate4_thr1_wire_polauto,gpu_peak_memory,32,,,,,,1,513086464.0,513086464.0,NVIDIA L40S,AMD EPYC 9334 32-Core Processor x1 threads,n-805,366e3d4b5caeef40f4f5e082b03af55f247cd800,B,4,cnn18c,auto,3,_thr1_wire_polauto,cuda,multiproof,cpu,l40s_improved2_thr1,True,C,int,80,3,15,1,"{'g0_n262144': 10, 'g1_n262144': 13, 'g2_n262144': 15}"
cnn,vgg16,defence_C_int_lam80_rate4_thr1_wire_polauto,gpu_peak_memory,8,,,,,,1,212341248.0,212341248.0,NVIDIA L40S,AMD EPYC 9334 32-Core Processor x1 threads,n-805,366e3d4b5caeef40f4f5e082b03af55f247cd800,B,4,cnn18c,auto,3,_thr1_wire_polauto,cuda,multiproof,cpu,l40s_improved2_thr1,True,C,int,80,3,15,1,"{'g0_n262144': 10, 'g1_n262144': 13, 'g2_n262144': 15}"
cnn,vgg16,defence_C_int_lam80_rate4_thr1_wire_polauto,gpu_peak_reserved,,,,,,,1,1702887424.0,1702887424.0,NVIDIA L40S,AMD EPYC 9334 32-Core Processor x1 threads,n-805,366e3d4b5caeef40f4f5e082b03af55f247cd800,B,4,cnn18c,auto,3,_thr1_wire_polauto,cuda,multiproof,cpu,l40s_improved2_thr1,True,C,int,80,3,15,1,"{'g0_n262144': 10, 'g1_n262144': 13, 'g2_n262144': 15}"
cnn,vgg16,defence_C_int_lam80_rate4_thr1_wire_polauto,gpu_peak_reserved,32,,,,,,1,1702887424.0,1702887424.0,NVIDIA L40S,AMD EPYC 9334 32-Core Processor x1 threads,n-805,366e3d4b5caeef40f4f5e082b03af55f247cd800,B,4,cnn18c,auto,3,_thr1_wire_polauto,cuda,multiproof,cpu,l40s_improved2_thr1,True,C,int,80,3,15,1,"{'g0_n262144': 10, 'g1_n262144': 13, 'g2_n262144': 15}"
cnn,vgg16,defence_C_int_lam80_rate4_thr1_wire_polauto,gpu_peak_reserved,8,,,,,,1,1702887424.0,1702887424.0,NVIDIA L40S,AMD EPYC 9334 32-Core Processor x1 threads,n-805,366e3d4b5caeef40f4f5e082b03af55f247cd800,B,4,cnn18c,auto,3,_thr1_wire_polauto,cuda,multiproof,cpu,l40s_improved2_thr1,True,C,int,80,3,15,1,"{'g0_n262144': 10, 'g1_n262144': 13, 'g2_n262144': 15}"
cnn,vgg16,defence_C_int_lam80_rate4_thr1_wire_polauto,host_peak_rss,,,,,,,1,1484595200.0,1484595200.0,NVIDIA L40S,AMD EPYC 9334 32-Core Processor x1 threads,n-805,366e3d4b5caeef40f4f5e082b03af55f247cd800,B,4,cnn18c,auto,3,_thr1_wire_polauto,cuda,multiproof,cpu,l40s_improved2_thr1,True,C,int,80,3,15,1,"{'g0_n262144': 10, 'g1_n262144': 13, 'g2_n262144': 15}"
cnn,vgg16,defence_C_int_lam80_rate4_thr1_wire_polauto,host_peak_rss,32,,,,,,1,1685450752.0,1685450752.0,NVIDIA L40S,AMD EPYC 9334 32-Core Processor x1 threads,n-805,366e3d4b5caeef40f4f5e082b03af55f247cd800,B,4,cnn18c,auto,3,_thr1_wire_polauto,cuda,multiproof,cpu,l40s_improved2_thr1,True,C,int,80,3,15,1,"{'g0_n262144': 10, 'g1_n262144': 13, 'g2_n262144': 15}"
cnn,vgg16,defence_C_int_lam80_rate4_thr1_wire_polauto,host_peak_rss,8,,,,,,1,1492983808.0,1492983808.0,NVIDIA L40S,AMD EPYC 9334 32-Core Processor x1 threads,n-805,366e3d4b5caeef40f4f5e082b03af55f247cd800,B,4,cnn18c,auto,3,_thr1_wire_polauto,cuda,multiproof,cpu,l40s_improved2_thr1,True,C,int,80,3,15,1,"{'g0_n262144': 10, 'g1_n262144': 13, 'g2_n262144': 15}"
cnn,vgg16,defence_C_int_lam80_rate4_thr1_wire_polauto,prove_encode,,,,,,,30,0.0034759268164634705,0.0034863976761698723,NVIDIA L40S,AMD EPYC 9334 32-Core Processor x1 threads,n-805,366e3d4b5caeef40f4f5e082b03af55f247cd800,s,4,cnn18c,auto,3,_thr1_wire_polauto,cuda,multiproof,cpu,l40s_improved2_thr1,True,C,int,80,3,15,1,"{'g0_n262144': 10, 'g1_n262144': 13, 'g2_n262144': 15}"
cnn,vgg16,defence_C_int_lam80_rate4_thr1_wire_polauto,prove_encode,32,,,,,,1,0.011255242861807346,0.011255242861807346,NVIDIA L40S,AMD EPYC 9334 32-Core Processor x1 threads,n-805,366e3d4b5caeef40f4f5e082b03af55f247cd800,s,4,cnn18c,auto,3,_thr1_wire_polauto,cuda,multiproof,cpu,l40s_improved2_thr1,True,C,int,80,3,15,1,"{'g0_n262144': 10, 'g1_n262144': 13, 'g2_n262144': 15}"
cnn,vgg16,defence_C_int_lam80_rate4_thr1_wire_polauto,prove_encode,8,,,,,,1,0.005273502320051193,0.005273502320051193,NVIDIA L40S,AMD EPYC 9334 32-Core Processor x1 threads,n-805,366e3d4b5caeef40f4f5e082b03af55f247cd800,s,4,cnn18c,auto,3,_thr1_wire_polauto,cuda,multiproof,cpu,l40s_improved2_thr1,True,C,int,80,3,15,1,"{'g0_n262144': 10, 'g1_n262144': 13, 'g2_n262144': 15}"
cnn,vgg16,defence_C_int_lam80_rate4_thr1_wire_polauto,prove_fold,,,,,,,30,0.005416127387434244,0.005419925041496754,NVIDIA L40S,AMD EPYC 9334 32-Core Processor x1 threads,n-805,366e3d4b5caeef40f4f5e082b03af55f247cd800,s,4,cnn18c,auto,3,_thr1_wire_polauto,cuda,multiproof,cpu,l40s_improved2_thr1,True,C,int,80,3,15,1,"{'g0_n262144': 10, 'g1_n262144': 13, 'g2_n262144': 15}"
cnn,vgg16,defence_C_int_lam80_rate4_thr1_wire_polauto,prove_fold,32,,,,,,1,0.005720122717320919,0.005720122717320919,NVIDIA L40S,AMD EPYC 9334 32-Core Processor x1 threads,n-805,366e3d4b5caeef40f4f5e082b03af55f247cd800,s,4,cnn18c,auto,3,_thr1_wire_polauto,cuda,multiproof,cpu,l40s_improved2_thr1,True,C,int,80,3,15,1,"{'g0_n262144': 10, 'g1_n262144': 13, 'g2_n262144': 15}"
cnn,vgg16,defence_C_int_lam80_rate4_thr1_wire_polauto,prove_fold,8,,,,,,1,0.005914142355322838,0.005914142355322838,NVIDIA L40S,AMD EPYC 9334 32-Core Processor x1 threads,n-805,366e3d4b5caeef40f4f5e082b03af55f247cd800,s,4,cnn18c,auto,3,_thr1_wire_polauto,cuda,multiproof,cpu,l40s_improved2_thr1,True,C,int,80,3,15,1,"{'g0_n262144': 10, 'g1_n262144': 13, 'g2_n262144': 15}"
cnn,vgg16,defence_C_int_lam80_rate4_thr1_wire_polauto,prove_forward,,,,,,,30,0.0033491700887680054,0.00335044814273715,NVIDIA L40S,AMD EPYC 9334 32-Core Processor x1 threads,n-805,366e3d4b5caeef40f4f5e082b03af55f247cd800,s,4,cnn18c,auto,3,_thr1_wire_polauto,cuda,multiproof,cpu,l40s_improved2_thr1,True,C,int,80,3,15,1,"{'g0_n262144': 10, 'g1_n262144': 13, 'g2_n262144': 15}"
cnn,vgg16,defence_C_int_lam80_rate4_thr1_wire_polauto,prove_forward,32,,,,,,1,0.005242702551186085,0.005242702551186085,NVIDIA L40S,AMD EPYC 9334 32-Core Processor x1 threads,n-805,366e3d4b5caeef40f4f5e082b03af55f247cd800,s,4,cnn18c,auto,3,_thr1_wire_polauto,cuda,multiproof,cpu,l40s_improved2_thr1,True,C,int,80,3,15,1,"{'g0_n262144': 10, 'g1_n262144': 13, 'g2_n262144': 15}"
cnn,vgg16,defence_C_int_lam80_rate4_thr1_wire_polauto,prove_forward,8,,,,,,1,0.0038972850888967514,0.0038972850888967514,NVIDIA L40S,AMD EPYC 9334 32-Core Processor x1 threads,n-805,366e3d4b5caeef40f4f5e082b03af55f247cd800,s,4,cnn18c,auto,3,_thr1_wire_polauto,cuda,multiproof,cpu,l40s_improved2_thr1,True,C,int,80,3,15,1,"{'g0_n262144': 10, 'g1_n262144': 13, 'g2_n262144': 15}"
cnn,vgg16,defence_C_int_lam80_rate4_thr1_wire_polauto,prove_open,,,,,,,30,0.004018563777208328,0.004020460384587447,NVIDIA L40S,AMD EPYC 9334 32-Core Processor x1 threads,n-805,366e3d4b5caeef40f4f5e082b03af55f247cd800,s,4,cnn18c,auto,3,_thr1_wire_polauto,cuda,multiproof,cpu,l40s_improved2_thr1,True,C,int,80,3,15,1,"{'g0_n262144': 10, 'g1_n262144': 13, 'g2_n262144': 15}"
cnn,vgg16,defence_C_int_lam80_rate4_thr1_wire_polauto,prove_open,32,,,,,,1,0.0043130842968821526,0.0043130842968821526,NVIDIA L40S,AMD EPYC 9334 32-Core Processor x1 threads,n-805,366e3d4b5caeef40f4f5e082b03af55f247cd800,s,4,cnn18c,auto,3,_thr1_wire_polauto,cuda,multiproof,cpu,l40s_improved2_thr1,True,C,int,80,3,15,1,"{'g0_n262144': 10, 'g1_n262144': 13, 'g2_n262144': 15}"
cnn,vgg16,defence_C_int_lam80_rate4_thr1_wire_polauto,prove_open,8,,,,,,1,0.004317783750593662,0.004317783750593662,NVIDIA L40S,AMD EPYC 9334 32-Core Processor x1 threads,n-805,366e3d4b5caeef40f4f5e082b03af55f247cd800,s,4,cnn18c,auto,3,_thr1_wire_polauto,cuda,multiproof,cpu,l40s_improved2_thr1,True,C,int,80,3,15,1,"{'g0_n262144': 10, 'g1_n262144': 13, 'g2_n262144': 15}"
cnn,vgg16,defence_C_int_lam80_rate4_thr1_wire_polauto,soundness_bits,,,,,,,1,84.66174578435542,84.66174578435542,NVIDIA L40S,AMD EPYC 9334 32-Core Processor x1 threads,n-805,366e3d4b5caeef40f4f5e082b03af55f247cd800,bits,4,cnn18c,auto,3,_thr1_wire_polauto,cuda,multiproof,cpu,l40s_improved2_thr1,True,C,int,80,3,15,1,"{'g0_n262144': 10, 'g1_n262144': 13, 'g2_n262144': 15}"
cnn,vgg16,defence_C_int_lam80_rate4_thr1_wire_polauto,verify_columns,,,,,,,30,0.0038206703029572964,0.0038191152736544607,NVIDIA L40S,AMD EPYC 9334 32-Core Processor x1 threads,n-805,366e3d4b5caeef40f4f5e082b03af55f247cd800,s,4,cnn18c,auto,3,_thr1_wire_polauto,cuda,multiproof,cpu,l40s_improved2_thr1,True,C,int,80,3,15,1,"{'g0_n262144': 10, 'g1_n262144': 13, 'g2_n262144': 15}"
cnn,vgg16,defence_C_int_lam80_rate4_thr1_wire_polauto,verify_columns,32,,,,,,1,0.003941205330193043,0.003941205330193043,NVIDIA L40S,AMD EPYC 9334 32-Core Processor x1 threads,n-805,366e3d4b5caeef40f4f5e082b03af55f247cd800,s,4,cnn18c,auto,3,_thr1_wire_polauto,cuda,multiproof,cpu,l40s_improved2_thr1,True,C,int,80,3,15,1,"{'g0_n262144': 10, 'g1_n262144': 13, 'g2_n262144': 15}"
cnn,vgg16,defence_C_int_lam80_rate4_thr1_wire_polauto,verify_columns,8,,,,,,1,0.0038878554478287697,0.0038878554478287697,NVIDIA L40S,AMD EPYC 9334 32-Core Processor x1 threads,n-805,366e3d4b5caeef40f4f5e082b03af55f247cd800,s,4,cnn18c,auto,3,_thr1_wire_polauto,cuda,multiproof,cpu,l40s_improved2_thr1,True,C,int,80,3,15,1,"{'g0_n262144': 10, 'g1_n262144': 13, 'g2_n262144': 15}"
cnn,vgg16,defence_C_int_lam80_rate4_thr1_wire_polauto,verify_decode,,,,,,,30,0.0016700178384780884,0.0016916099314888318,NVIDIA L40S,AMD EPYC 9334 32-Core Processor x1 threads,n-805,366e3d4b5caeef40f4f5e082b03af55f247cd800,s,4,cnn18c,auto,3,_thr1_wire_polauto,cuda,multiproof,cpu,l40s_improved2_thr1,True,C,int,80,3,15,1,"{'g0_n262144': 10, 'g1_n262144': 13, 'g2_n262144': 15}"
cnn,vgg16,defence_C_int_lam80_rate4_thr1_wire_polauto,verify_decode,32,,,,,,1,0.054257357493042946,0.054257357493042946,NVIDIA L40S,AMD EPYC 9334 32-Core Processor x1 threads,n-805,366e3d4b5caeef40f4f5e082b03af55f247cd800,s,4,cnn18c,auto,3,_thr1_wire_polauto,cuda,multiproof,cpu,l40s_improved2_thr1,True,C,int,80,3,15,1,"{'g0_n262144': 10, 'g1_n262144': 13, 'g2_n262144': 15}"
cnn,vgg16,defence_C_int_lam80_rate4_thr1_wire_polauto,verify_decode,8,,,,,,1,0.01512632891535759,0.01512632891535759,NVIDIA L40S,AMD EPYC 9334 32-Core Processor x1 threads,n-805,366e3d4b5caeef40f4f5e082b03af55f247cd800,s,4,cnn18c,auto,3,_thr1_wire_polauto,cuda,multiproof,cpu,l40s_improved2_thr1,True,C,int,80,3,15,1,"{'g0_n262144': 10, 'g1_n262144': 13, 'g2_n262144': 15}"
cnn,vgg16,defence_C_int_lam80_rate4_thr1_wire_polauto,verify_derive,,,,,,,30,0.0014392482116818428,0.0014322030978898208,NVIDIA L40S,AMD EPYC 9334 32-Core Processor x1 threads,n-805,366e3d4b5caeef40f4f5e082b03af55f247cd800,s,4,cnn18c,auto,3,_thr1_wire_polauto,cuda,multiproof,cpu,l40s_improved2_thr1,True,C,int,80,3,15,1,"{'g0_n262144': 10, 'g1_n262144': 13, 'g2_n262144': 15}"
cnn,vgg16,defence_C_int_lam80_rate4_thr1_wire_polauto,verify_derive,32,,,,,,1,0.07547683920711279,0.07547683920711279,NVIDIA L40S,AMD EPYC 9334 32-Core Processor x1 threads,n-805,366e3d4b5caeef40f4f5e082b03af55f247cd800,s,4,cnn18c,auto,3,_thr1_wire_polauto,cuda,multiproof,cpu,l40s_improved2_thr1,True,C,int,80,3,15,1,"{'g0_n262144': 10, 'g1_n262144': 13, 'g2_n262144': 15}"
cnn,vgg16,defence_C_int_lam80_rate4_thr1_wire_polauto,verify_derive,8,,,,,,1,0.010208046063780785,0.010208046063780785,NVIDIA L40S,AMD EPYC 9334 32-Core Processor x1 threads,n-805,366e3d4b5caeef40f4f5e082b03af55f247cd800,s,4,cnn18c,auto,3,_thr1_wire_polauto,cuda,multiproof,cpu,l40s_improved2_thr1,True,C,int,80,3,15,1,"{'g0_n262144': 10, 'g1_n262144': 13, 'g2_n262144': 15}"
cnn,vgg16,defence_C_int_lam80_rate4_thr1_wire_polauto,verify_fold,,,,,,,30,0.0,0.0,NVIDIA L40S,AMD EPYC 9334 32-Core Processor x1 threads,n-805,366e3d4b5caeef40f4f5e082b03af55f247cd800,s,4,cnn18c,auto,3,_thr1_wire_polauto,cuda,multiproof,cpu,l40s_improved2_thr1,True,C,int,80,3,15,1,"{'g0_n262144': 10, 'g1_n262144': 13, 'g2_n262144': 15}"
cnn,vgg16,defence_C_int_lam80_rate4_thr1_wire_polauto,verify_fold,32,,,,,,1,0.0,0.0,NVIDIA L40S,AMD EPYC 9334 32-Core Processor x1 threads,n-805,366e3d4b5caeef40f4f5e082b03af55f247cd800,s,4,cnn18c,auto,3,_thr1_wire_polauto,cuda,multiproof,cpu,l40s_improved2_thr1,True,C,int,80,3,15,1,"{'g0_n262144': 10, 'g1_n262144': 13, 'g2_n262144': 15}"
cnn,vgg16,defence_C_int_lam80_rate4_thr1_wire_polauto,verify_fold,8,,,,,,1,0.0,0.0,NVIDIA L40S,AMD EPYC 9334 32-Core Processor x1 threads,n-805,366e3d4b5caeef40f4f5e082b03af55f247cd800,s,4,cnn18c,auto,3,_thr1_wire_polauto,cuda,multiproof,cpu,l40s_improved2_thr1,True,C,int,80,3,15,1,"{'g0_n262144': 10, 'g1_n262144': 13, 'g2_n262144': 15}"
cnn,vgg16,defence_C_int_lam80_rate4_thr1_wire_polauto,verify_products,,,,,,,30,0.003742495086044073,0.0037419723657270273,NVIDIA L40S,AMD EPYC 9334 32-Core Processor x1 threads,n-805,366e3d4b5caeef40f4f5e082b03af55f247cd800,s,4,cnn18c,auto,3,_thr1_wire_polauto,cuda,multiproof,cpu,l40s_improved2_thr1,True,C,int,80,3,15,1,"{'g0_n262144': 10, 'g1_n262144': 13, 'g2_n262144': 15}"
cnn,vgg16,defence_C_int_lam80_rate4_thr1_wire_polauto,verify_products,32,,,,,,1,0.05937195010483265,0.05937195010483265,NVIDIA L40S,AMD EPYC 9334 32-Core Processor x1 threads,n-805,366e3d4b5caeef40f4f5e082b03af55f247cd800,s,4,cnn18c,auto,3,_thr1_wire_polauto,cuda,multiproof,cpu,l40s_improved2_thr1,True,C,int,80,3,15,1,"{'g0_n262144': 10, 'g1_n262144': 13, 'g2_n262144': 15}"
cnn,vgg16,defence_C_int_lam80_rate4_thr1_wire_polauto,verify_products,8,,,,,,1,0.016802577301859856,0.016802577301859856,NVIDIA L40S,AMD EPYC 9334 32-Core Processor x1 threads,n-805,366e3d4b5caeef40f4f5e082b03af55f247cd800,s,4,cnn18c,auto,3,_thr1_wire_polauto,cuda,multiproof,cpu,l40s_improved2_thr1,True,C,int,80,3,15,1,"{'g0_n262144': 10, 'g1_n262144': 13, 'g2_n262144': 15}"
