model,seq,mode,challenges,lam,metric,threads,rate,variant,device,prover_hw,verifier_hw,n_layers_full,params_full,value,provenance,value_1block,value_2blocks,extrapolated,batch
gpt2,512,C,fs,128,bytes_total,8,4,_wire_prune_polauto,cuda,NVIDIA L40S,AMD EPYC 9334 32-Core Processor x8 threads,12,124401408,91220810.5,measured,,,,
gpt2,512,C,fs,128,fs_hash,8,4,_wire_prune_polauto,cuda,NVIDIA L40S,AMD EPYC 9334 32-Core Processor x8 threads,12,124401408,0.04593273112550378,measured,,,,
gpt2,512,C,fs,128,prove_encode,8,4,_wire_prune_polauto,cuda,NVIDIA L40S,AMD EPYC 9334 32-Core Processor x8 threads,12,124401408,0.060926265083253384,measured,,,,
gpt2,512,C,fs,128,prove_fold,8,4,_wire_prune_polauto,cuda,NVIDIA L40S,AMD EPYC 9334 32-Core Processor x8 threads,12,124401408,0.005705905146896839,measured,,,,
gpt2,512,C,fs,128,prove_forward,8,4,_wire_prune_polauto,cuda,NVIDIA L40S,AMD EPYC 9334 32-Core Processor x8 threads,12,124401408,0.020760146901011467,measured,,,,
gpt2,512,C,fs,128,prove_lookups,8,4,_wire_prune_polauto,cuda,NVIDIA L40S,AMD EPYC 9334 32-Core Processor x8 threads,12,124401408,0.0013169576413929462,measured,,,,
gpt2,512,C,fs,128,prove_open,8,4,_wire_prune_polauto,cuda,NVIDIA L40S,AMD EPYC 9334 32-Core Processor x8 threads,12,124401408,0.04267836082726717,measured,,,,
gpt2,512,C,fs,128,verify_columns,8,4,_wire_prune_polauto,cuda,NVIDIA L40S,AMD EPYC 9334 32-Core Processor x8 threads,12,124401408,0.022475415840744972,measured,,,,
gpt2,512,C,fs,128,verify_decode,8,4,_wire_prune_polauto,cuda,NVIDIA L40S,AMD EPYC 9334 32-Core Processor x8 threads,12,124401408,0.06861721351742744,measured,,,,
gpt2,512,C,fs,128,verify_derive,8,4,_wire_prune_polauto,cuda,NVIDIA L40S,AMD EPYC 9334 32-Core Processor x8 threads,12,124401408,0.17095664096996188,measured,,,,
gpt2,512,C,fs,128,verify_fold,8,4,_wire_prune_polauto,cuda,NVIDIA L40S,AMD EPYC 9334 32-Core Processor x8 threads,12,124401408,0.0,measured,,,,
gpt2,512,C,fs,128,verify_lookups,8,4,_wire_prune_polauto,cuda,NVIDIA L40S,AMD EPYC 9334 32-Core Processor x8 threads,12,124401408,0.005090429913252592,measured,,,,
gpt2,512,C,fs,128,verify_products,8,4,_wire_prune_polauto,cuda,NVIDIA L40S,AMD EPYC 9334 32-Core Processor x8 threads,12,124401408,0.12404517270624638,measured,,,,
gpt2,512,C,int,128,bytes_total,8,4,,cuda,NVIDIA L40S,AMD EPYC 9334 32-Core Processor x8 threads,12,124401408,213461064.0,measured,,,,
gpt2,512,C,int,128,bytes_total,8,4,_wire_prune_polauto,cuda,NVIDIA L40S,AMD EPYC 9334 32-Core Processor x8 threads,12,124401408,89492662.5,measured,,,,
gpt2,512,C,int,128,fs_hash,8,4,,cuda,NVIDIA L40S,AMD EPYC 9334 32-Core Processor x8 threads,12,124401408,9.699724614620209e-07,measured,,,,
gpt2,512,C,int,128,fs_hash,8,4,_wire_prune_polauto,cuda,NVIDIA L40S,AMD EPYC 9334 32-Core Processor x8 threads,12,124401408,1.900363713502884e-06,measured,,,,
gpt2,512,C,int,128,prove_encode,8,4,_wire_prune_polauto,cuda,NVIDIA L40S,AMD EPYC 9334 32-Core Processor x8 threads,12,124401408,0.06090393429622054,measured,,,,
gpt2,512,C,int,128,prove_fold,8,4,,cuda,NVIDIA L40S,AMD EPYC 9334 32-Core Processor x8 threads,12,124401408,0.03267610305920243,measured,,,,
gpt2,512,C,int,128,prove_fold,8,4,_wire_prune_polauto,cuda,NVIDIA L40S,AMD EPYC 9334 32-Core Processor x8 threads,12,124401408,0.005626989994198084,measured,,,,
gpt2,512,C,int,128,prove_forward,8,4,,cuda,NVIDIA L40S,AMD EPYC 9334 32-Core Processor x8 threads,12,124401408,0.05098157562315464,measured,,,,
gpt2,512,C,int,128,prove_forward,8,4,_wire_prune_polauto,cuda,NVIDIA L40S,AMD EPYC 9334 32-Core Processor x8 threads,12,124401408,0.02128337323665619,measured,,,,
gpt2,512,C,int,128,prove_lookups,8,4,_wire_prune_polauto,cuda,NVIDIA L40S,AMD EPYC 9334 32-Core Processor x8 threads,12,124401408,0.001397696789354086,measured,,,,
gpt2,512,C,int,128,prove_open,8,4,,cuda,NVIDIA L40S,AMD EPYC 9334 32-Core Processor x8 threads,12,124401408,0.08835235657170415,measured,,,,
gpt2,512,C,int,128,prove_open,8,4,_wire_prune_polauto,cuda,NVIDIA L40S,AMD EPYC 9334 32-Core Processor x8 threads,12,124401408,0.03971322579309344,measured,,,,
gpt2,512,C,int,128,verify_columns,8,4,,cuda,NVIDIA L40S,AMD EPYC 9334 32-Core Processor x8 threads,12,124401408,0.09623857028782368,measured,,,,
gpt2,512,C,int,128,verify_columns,8,4,_wire_prune_polauto,cuda,NVIDIA L40S,AMD EPYC 9334 32-Core Processor x8 threads,12,124401408,0.018521348014473915,measured,,,,
gpt2,512,C,int,128,verify_decode,8,4,_wire_prune_polauto,cuda,NVIDIA L40S,AMD EPYC 9334 32-Core Processor x8 threads,12,124401408,0.07271403539925814,measured,,,,
gpt2,512,C,int,128,verify_derive,8,4,,cuda,NVIDIA L40S,AMD EPYC 9334 32-Core Processor x8 threads,12,124401408,0.2875872100703418,measured,,,,
gpt2,512,C,int,128,verify_derive,8,4,_wire_prune_polauto,cuda,NVIDIA L40S,AMD EPYC 9334 32-Core Processor x8 threads,12,124401408,0.21520465519279242,measured,,,,
gpt2,512,C,int,128,verify_fold,8,4,,cuda,NVIDIA L40S,AMD EPYC 9334 32-Core Processor x8 threads,12,124401408,0.0,measured,,,,
gpt2,512,C,int,128,verify_fold,8,4,_wire_prune_polauto,cuda,NVIDIA L40S,AMD EPYC 9334 32-Core Processor x8 threads,12,124401408,0.0,measured,,,,
gpt2,512,C,int,128,verify_lookups,8,4,_wire_prune_polauto,cuda,NVIDIA L40S,AMD EPYC 9334 32-Core Processor x8 threads,12,124401408,0.0051991441287100315,measured,,,,
gpt2,512,C,int,128,verify_products,8,4,,cuda,NVIDIA L40S,AMD EPYC 9334 32-Core Processor x8 threads,12,124401408,0.15173736913129687,measured,,,,
gpt2,512,C,int,128,verify_products,8,4,_wire_prune_polauto,cuda,NVIDIA L40S,AMD EPYC 9334 32-Core Processor x8 threads,12,124401408,0.13640171475708485,measured,,,,
gpt2,512,Kpre,int,128,bytes_total,8,4,,cuda,NVIDIA L40S,AMD EPYC 9334 32-Core Processor x8 threads,12,124401408,173216068.0,measured,,,,
gpt2,512,Kpre,int,128,fs_hash,8,4,,cuda,NVIDIA L40S,AMD EPYC 9334 32-Core Processor x8 threads,12,124401408,7.147900760173798e-07,measured,,,,
gpt2,512,Kpre,int,128,prove_fold,8,4,,cuda,NVIDIA L40S,AMD EPYC 9334 32-Core Processor x8 threads,12,124401408,0.0,measured,,,,
gpt2,512,Kpre,int,128,prove_forward,8,4,,cuda,NVIDIA L40S,AMD EPYC 9334 32-Core Processor x8 threads,12,124401408,0.04700187360867858,measured,,,,
gpt2,512,Kpre,int,128,verify_derive,8,4,,cuda,NVIDIA L40S,AMD EPYC 9334 32-Core Processor x8 threads,12,124401408,0.27053931495174766,measured,,,,
gpt2,512,Kpre,int,128,verify_fold,8,4,,cuda,NVIDIA L40S,AMD EPYC 9334 32-Core Processor x8 threads,12,124401408,0.0,measured,,,,
gpt2,512,Kpre,int,128,verify_products,8,4,,cuda,NVIDIA L40S,AMD EPYC 9334 32-Core Processor x8 threads,12,124401408,0.13606519624590874,measured,,,,
gpt2,64,C,fs,128,bytes_total,8,4,_wire_polauto,cuda,NVIDIA L40S,AMD EPYC 9334 32-Core Processor x8 threads,12,124401408,17219778.0,measured,,,,
gpt2,64,C,fs,128,bytes_total,8,4,_wire_prune_polauto,cuda,NVIDIA L40S,AMD EPYC 9334 32-Core Processor x8 threads,12,124401408,16574665.5,measured,,,,
gpt2,64,C,fs,128,fs_hash,8,4,_wire_polauto,cuda,NVIDIA L40S,AMD EPYC 9334 32-Core Processor x8 threads,12,124401408,0.006864660885185003,measured,,,,
gpt2,64,C,fs,128,fs_hash,8,4,_wire_prune_polauto,cuda,NVIDIA L40S,AMD EPYC 9334 32-Core Processor x8 threads,12,124401408,0.006500051356852055,measured,,,,
gpt2,64,C,fs,128,prove_encode,8,4,_wire_polauto,cuda,NVIDIA L40S,AMD EPYC 9334 32-Core Processor x8 threads,12,124401408,0.019217301160097122,measured,,,,
gpt2,64,C,fs,128,prove_encode,8,4,_wire_prune_polauto,cuda,NVIDIA L40S,AMD EPYC 9334 32-Core Processor x8 threads,12,124401408,0.017239475157111883,measured,,,,
gpt2,64,C,fs,128,prove_fold,8,4,_wire_polauto,cuda,NVIDIA L40S,AMD EPYC 9334 32-Core Processor x8 threads,12,124401408,0.005946960300207138,measured,,,,
gpt2,64,C,fs,128,prove_fold,8,4,_wire_prune_polauto,cuda,NVIDIA L40S,AMD EPYC 9334 32-Core Processor x8 threads,12,124401408,0.005653740372508764,measured,,,,
gpt2,64,C,fs,128,prove_forward,8,4,_wire_polauto,cuda,NVIDIA L40S,AMD EPYC 9334 32-Core Processor x8 threads,12,124401408,0.02103692013770342,measured,,,,
gpt2,64,C,fs,128,prove_forward,8,4,_wire_prune_polauto,cuda,NVIDIA L40S,AMD EPYC 9334 32-Core Processor x8 threads,12,124401408,0.019390269182622433,measured,,,,
gpt2,64,C,fs,128,prove_lookups,8,4,_wire_polauto,cuda,NVIDIA L40S,AMD EPYC 9334 32-Core Processor x8 threads,12,124401408,0.0003088698722422123,measured,,,,
gpt2,64,C,fs,128,prove_lookups,8,4,_wire_prune_polauto,cuda,NVIDIA L40S,AMD EPYC 9334 32-Core Processor x8 threads,12,124401408,0.00027329055592417717,measured,,,,
gpt2,64,C,fs,128,prove_open,8,4,_wire_polauto,cuda,NVIDIA L40S,AMD EPYC 9334 32-Core Processor x8 threads,12,124401408,0.04232280934229493,measured,,,,
gpt2,64,C,fs,128,prove_open,8,4,_wire_prune_polauto,cuda,NVIDIA L40S,AMD EPYC 9334 32-Core Processor x8 threads,12,124401408,0.0459481468424201,measured,,,,
gpt2,64,C,fs,128,verify_columns,8,4,_wire_polauto,cuda,NVIDIA L40S,AMD EPYC 9334 32-Core Processor x8 threads,12,124401408,0.030484968796372414,measured,,,,
gpt2,64,C,fs,128,verify_columns,8,4,_wire_prune_polauto,cuda,NVIDIA L40S,AMD EPYC 9334 32-Core Processor x8 threads,12,124401408,0.020935552660375834,measured,,,,
gpt2,64,C,fs,128,verify_decode,8,4,_wire_polauto,cuda,NVIDIA L40S,AMD EPYC 9334 32-Core Processor x8 threads,12,124401408,0.025284466333687305,measured,,,,
gpt2,64,C,fs,128,verify_decode,8,4,_wire_prune_polauto,cuda,NVIDIA L40S,AMD EPYC 9334 32-Core Processor x8 threads,12,124401408,0.01898483419790864,measured,,,,
gpt2,64,C,fs,128,verify_derive,8,4,_wire_polauto,cuda,NVIDIA L40S,AMD EPYC 9334 32-Core Processor x8 threads,12,124401408,0.046648535411804914,measured,,,,
gpt2,64,C,fs,128,verify_derive,8,4,_wire_prune_polauto,cuda,NVIDIA L40S,AMD EPYC 9334 32-Core Processor x8 threads,12,124401408,0.027240673080086708,measured,,,,
gpt2,64,C,fs,128,verify_fold,8,4,_wire_polauto,cuda,NVIDIA L40S,AMD EPYC 9334 32-Core Processor x8 threads,12,124401408,0.0,measured,,,,
gpt2,64,C,fs,128,verify_fold,8,4,_wire_prune_polauto,cuda,NVIDIA L40S,AMD EPYC 9334 32-Core Processor x8 threads,12,124401408,0.0,measured,,,,
gpt2,64,C,fs,128,verify_lookups,8,4,_wire_polauto,cuda,NVIDIA L40S,AMD EPYC 9334 32-Core Processor x8 threads,12,124401408,0.0010245894081890583,measured,,,,
gpt2,64,C,fs,128,verify_lookups,8,4,_wire_prune_polauto,cuda,NVIDIA L40S,AMD EPYC 9334 32-Core Processor x8 threads,12,124401408,0.0009900368750095367,measured,,,,
gpt2,64,C,fs,128,verify_products,8,4,_wire_polauto,cuda,NVIDIA L40S,AMD EPYC 9334 32-Core Processor x8 threads,12,124401408,0.028380599338561296,measured,,,,
gpt2,64,C,fs,128,verify_products,8,4,_wire_prune_polauto,cuda,NVIDIA L40S,AMD EPYC 9334 32-Core Processor x8 threads,12,124401408,0.022138900123536587,measured,,,,
gpt2,64,C,int,128,bytes_total,8,4,,cuda,NVIDIA L40S,AMD EPYC 9334 32-Core Processor x8 threads,12,124401408,62072232.0,measured,,,,
gpt2,64,C,int,128,bytes_total,8,4,_wire_gpuv_stream_prune_polauto,cuda,NVIDIA L40S,NVIDIA L40S (GPU client) + AMD EPYC 9334 32-Core Processor x8 threads,12,124401408,14846679.0,measured,,,,
gpt2,64,C,int,128,bytes_total,8,4,_wire_polauto,cuda,NVIDIA L40S,AMD EPYC 9334 32-Core Processor x8 threads,12,124401408,15512814.0,measured,,,,
gpt2,64,C,int,128,bytes_total,8,4,_wire_prune_polauto,cuda,NVIDIA L40S,AMD EPYC 9334 32-Core Processor x8 threads,12,124401408,14846951.0,measured,,,,
gpt2,64,C,int,128,fs_hash,8,4,,cuda,NVIDIA L40S,AMD EPYC 9334 32-Core Processor x8 threads,12,124401408,5.150213837623596e-07,measured,,,,
gpt2,64,C,int,128,fs_hash,8,4,_wire_gpuv_stream_prune_polauto,cuda,NVIDIA L40S,NVIDIA L40S (GPU client) + AMD EPYC 9334 32-Core Processor x8 threads,12,124401408,8.153729140758514e-07,measured,,,,
gpt2,64,C,int,128,fs_hash,8,4,_wire_polauto,cuda,NVIDIA L40S,AMD EPYC 9334 32-Core Processor x8 threads,12,124401408,1.4649704098701477e-06,measured,,,,
gpt2,64,C,int,128,fs_hash,8,4,_wire_prune_polauto,cuda,NVIDIA L40S,AMD EPYC 9334 32-Core Processor x8 threads,12,124401408,1.019798219203949e-06,measured,,,,
gpt2,64,C,int,128,prove_encode,8,4,_wire_gpuv_stream_prune_polauto,cuda,NVIDIA L40S,NVIDIA L40S (GPU client) + AMD EPYC 9334 32-Core Processor x8 threads,12,124401408,0.012367085553705692,measured,,,,
gpt2,64,C,int,128,prove_encode,8,4,_wire_polauto,cuda,NVIDIA L40S,AMD EPYC 9334 32-Core Processor x8 threads,12,124401408,0.016563032753765583,measured,,,,
gpt2,64,C,int,128,prove_encode,8,4,_wire_prune_polauto,cuda,NVIDIA L40S,AMD EPYC 9334 32-Core Processor x8 threads,12,124401408,0.012279471382498741,measured,,,,
gpt2,64,C,int,128,prove_fold,8,4,,cuda,NVIDIA L40S,AMD EPYC 9334 32-Core Processor x8 threads,12,124401408,0.03209432167932391,measured,,,,
gpt2,64,C,int,128,prove_fold,8,4,_wire_gpuv_stream_prune_polauto,cuda,NVIDIA L40S,NVIDIA L40S (GPU client) + AMD EPYC 9334 32-Core Processor x8 threads,12,124401408,0.005229959264397621,measured,,,,
gpt2,64,C,int,128,prove_fold,8,4,_wire_polauto,cuda,NVIDIA L40S,AMD EPYC 9334 32-Core Processor x8 threads,12,124401408,0.005841535981744528,measured,,,,
gpt2,64,C,int,128,prove_fold,8,4,_wire_prune_polauto,cuda,NVIDIA L40S,AMD EPYC 9334 32-Core Processor x8 threads,12,124401408,0.005549135152250528,measured,,,,
gpt2,64,C,int,128,prove_forward,8,4,,cuda,NVIDIA L40S,AMD EPYC 9334 32-Core Processor x8 threads,12,124401408,0.025001133792102337,measured,,,,
gpt2,64,C,int,128,prove_forward,8,4,_wire_gpuv_stream_prune_polauto,cuda,NVIDIA L40S,NVIDIA L40S (GPU client) + AMD EPYC 9334 32-Core Processor x8 threads,12,124401408,0.01919630914926529,measured,,,,
gpt2,64,C,int,128,prove_forward,8,4,_wire_polauto,cuda,NVIDIA L40S,AMD EPYC 9334 32-Core Processor x8 threads,12,124401408,0.020997049752622843,measured,,,,
gpt2,64,C,int,128,prove_forward,8,4,_wire_prune_polauto,cuda,NVIDIA L40S,AMD EPYC 9334 32-Core Processor x8 threads,12,124401408,0.019279989413917065,measured,,,,
gpt2,64,C,int,128,prove_lookups,8,4,_wire_gpuv_stream_prune_polauto,cuda,NVIDIA L40S,NVIDIA L40S (GPU client) + AMD EPYC 9334 32-Core Processor x8 threads,12,124401408,0.00027648452669382095,measured,,,,
gpt2,64,C,int,128,prove_lookups,8,4,_wire_polauto,cuda,NVIDIA L40S,AMD EPYC 9334 32-Core Processor x8 threads,12,124401408,0.0003030635416507721,measured,,,,
gpt2,64,C,int,128,prove_lookups,8,4,_wire_prune_polauto,cuda,NVIDIA L40S,AMD EPYC 9334 32-Core Processor x8 threads,12,124401408,0.00026457570493221283,measured,,,,
gpt2,64,C,int,128,prove_open,8,4,,cuda,NVIDIA L40S,AMD EPYC 9334 32-Core Processor x8 threads,12,124401408,0.08689813828095794,measured,,,,
gpt2,64,C,int,128,prove_open,8,4,_wire_gpuv_stream_prune_polauto,cuda,NVIDIA L40S,NVIDIA L40S (GPU client) + AMD EPYC 9334 32-Core Processor x8 threads,12,124401408,0.03854861203581095,measured,,,,
gpt2,64,C,int,128,prove_open,8,4,_wire_polauto,cuda,NVIDIA L40S,AMD EPYC 9334 32-Core Processor x8 threads,12,124401408,0.0391813600435853,measured,,,,
gpt2,64,C,int,128,prove_open,8,4,_wire_prune_polauto,cuda,NVIDIA L40S,AMD EPYC 9334 32-Core Processor x8 threads,12,124401408,0.03875717939808965,measured,,,,
gpt2,64,C,int,128,verify_columns,8,4,,cuda,NVIDIA L40S,AMD EPYC 9334 32-Core Processor x8 threads,12,124401408,0.10428758896887302,measured,,,,
gpt2,64,C,int,128,verify_columns,8,4,_wire_polauto,cuda,NVIDIA L40S,AMD EPYC 9334 32-Core Processor x8 threads,12,124401408,0.02063917927443981,measured,,,,
gpt2,64,C,int,128,verify_columns,8,4,_wire_prune_polauto,cuda,NVIDIA L40S,AMD EPYC 9334 32-Core Processor x8 threads,12,124401408,0.014148000162094831,measured,,,,
gpt2,64,C,int,128,verify_decode,8,4,_wire_gpuv_stream_prune_polauto,cuda,NVIDIA L40S,NVIDIA L40S (GPU client) + AMD EPYC 9334 32-Core Processor x8 threads,12,124401408,0.015691962093114853,measured,,,,
gpt2,64,C,int,128,verify_decode,8,4,_wire_polauto,cuda,NVIDIA L40S,AMD EPYC 9334 32-Core Processor x8 threads,12,124401408,0.02360700210556388,measured,,,,
gpt2,64,C,int,128,verify_decode,8,4,_wire_prune_polauto,cuda,NVIDIA L40S,AMD EPYC 9334 32-Core Processor x8 threads,12,124401408,0.01835443777963519,measured,,,,
gpt2,64,C,int,128,verify_derive,8,4,,cuda,NVIDIA L40S,AMD EPYC 9334 32-Core Processor x8 threads,12,124401408,0.048345889896154404,measured,,,,
gpt2,64,C,int,128,verify_derive,8,4,_wire_polauto,cuda,NVIDIA L40S,AMD EPYC 9334 32-Core Processor x8 threads,12,124401408,0.04696485958993435,measured,,,,
gpt2,64,C,int,128,verify_derive,8,4,_wire_prune_polauto,cuda,NVIDIA L40S,AMD EPYC 9334 32-Core Processor x8 threads,12,124401408,0.026588391978293657,measured,,,,
gpt2,64,C,int,128,verify_fold,8,4,,cuda,NVIDIA L40S,AMD EPYC 9334 32-Core Processor x8 threads,12,124401408,0.0,measured,,,,
gpt2,64,C,int,128,verify_fold,8,4,_wire_gpuv_stream_prune_polauto,cuda,NVIDIA L40S,NVIDIA L40S (GPU client) + AMD EPYC 9334 32-Core Processor x8 threads,12,124401408,0.0,measured,,,,
gpt2,64,C,int,128,verify_fold,8,4,_wire_polauto,cuda,NVIDIA L40S,AMD EPYC 9334 32-Core Processor x8 threads,12,124401408,0.0,measured,,,,
gpt2,64,C,int,128,verify_fold,8,4,_wire_prune_polauto,cuda,NVIDIA L40S,AMD EPYC 9334 32-Core Processor x8 threads,12,124401408,0.0,measured,,,,
gpt2,64,C,int,128,verify_lookups,8,4,_wire_polauto,cuda,NVIDIA L40S,AMD EPYC 9334 32-Core Processor x8 threads,12,124401408,0.001017124392092228,measured,,,,
gpt2,64,C,int,128,verify_lookups,8,4,_wire_prune_polauto,cuda,NVIDIA L40S,AMD EPYC 9334 32-Core Processor x8 threads,12,124401408,0.0009710970334708691,measured,,,,
gpt2,64,C,int,128,verify_products,8,4,,cuda,NVIDIA L40S,AMD EPYC 9334 32-Core Processor x8 threads,12,124401408,0.037318806163966656,measured,,,,
gpt2,64,C,int,128,verify_products,8,4,_wire_polauto,cuda,NVIDIA L40S,AMD EPYC 9334 32-Core Processor x8 threads,12,124401408,0.02723316941410303,measured,,,,
gpt2,64,C,int,128,verify_products,8,4,_wire_prune_polauto,cuda,NVIDIA L40S,AMD EPYC 9334 32-Core Processor x8 threads,12,124401408,0.016815064940601587,measured,,,,
gpt2,64,C,int,128,verify_total,8,4,_wire_gpuv_stream_prune_polauto,cuda,NVIDIA L40S,NVIDIA L40S (GPU client) + AMD EPYC 9334 32-Core Processor x8 threads,12,124401408,0.06425664201378822,measured,,,,
gpt2,64,Kpre,int,128,bytes_total,8,4,,cuda,NVIDIA L40S,AMD EPYC 9334 32-Core Processor x8 threads,12,124401408,21827908.0,measured,,,,
gpt2,64,Kpre,int,128,bytes_total,8,4,_wire_gpuv_stream_prune_lookups,cuda,NVIDIA L40S,NVIDIA L40S (GPU client) + AMD EPYC 9334 32-Core Processor x8 threads,12,124401408,10855682.5,measured,,,,
gpt2,64,Kpre,int,128,bytes_total,8,4,_wire_prune_lookups,cuda,NVIDIA L40S,AMD EPYC 9334 32-Core Processor x8 threads,12,124401408,10855682.5,measured,,,,
gpt2,64,Kpre,int,128,fs_hash,8,4,,cuda,NVIDIA L40S,AMD EPYC 9334 32-Core Processor x8 threads,12,124401408,6.644986569881439e-07,measured,,,,
gpt2,64,Kpre,int,128,fs_hash,8,4,_wire_gpuv_stream_prune_lookups,cuda,NVIDIA L40S,NVIDIA L40S (GPU client) + AMD EPYC 9334 32-Core Processor x8 threads,12,124401408,1.1799857020378113e-06,measured,,,,
gpt2,64,Kpre,int,128,fs_hash,8,4,_wire_prune_lookups,cuda,NVIDIA L40S,AMD EPYC 9334 32-Core Processor x8 threads,12,124401408,1.1096708476543427e-06,measured,,,,
gpt2,64,Kpre,int,128,prove_encode,8,4,_wire_gpuv_stream_prune_lookups,cuda,NVIDIA L40S,NVIDIA L40S (GPU client) + AMD EPYC 9334 32-Core Processor x8 threads,12,124401408,0.006992087233811617,measured,,,,
gpt2,64,Kpre,int,128,prove_encode,8,4,_wire_prune_lookups,cuda,NVIDIA L40S,AMD EPYC 9334 32-Core Processor x8 threads,12,124401408,0.007129294332116842,measured,,,,
gpt2,64,Kpre,int,128,prove_fold,8,4,,cuda,NVIDIA L40S,AMD EPYC 9334 32-Core Processor x8 threads,12,124401408,0.0,measured,,,,
gpt2,64,Kpre,int,128,prove_fold,8,4,_wire_gpuv_stream_prune_lookups,cuda,NVIDIA L40S,NVIDIA L40S (GPU client) + AMD EPYC 9334 32-Core Processor x8 threads,12,124401408,0.0,measured,,,,
gpt2,64,Kpre,int,128,prove_fold,8,4,_wire_prune_lookups,cuda,NVIDIA L40S,AMD EPYC 9334 32-Core Processor x8 threads,12,124401408,0.0,measured,,,,
gpt2,64,Kpre,int,128,prove_forward,8,4,,cuda,NVIDIA L40S,AMD EPYC 9334 32-Core Processor x8 threads,12,124401408,0.02456876775249839,measured,,,,
gpt2,64,Kpre,int,128,prove_forward,8,4,_wire_gpuv_stream_prune_lookups,cuda,NVIDIA L40S,NVIDIA L40S (GPU client) + AMD EPYC 9334 32-Core Processor x8 threads,12,124401408,0.01909097284078598,measured,,,,
gpt2,64,Kpre,int,128,prove_forward,8,4,_wire_prune_lookups,cuda,NVIDIA L40S,AMD EPYC 9334 32-Core Processor x8 threads,12,124401408,0.020581483840942383,measured,,,,
gpt2,64,Kpre,int,128,verify_decode,8,4,_wire_gpuv_stream_prune_lookups,cuda,NVIDIA L40S,NVIDIA L40S (GPU client) + AMD EPYC 9334 32-Core Processor x8 threads,12,124401408,0.015656831674277782,measured,,,,
gpt2,64,Kpre,int,128,verify_decode,8,4,_wire_prune_lookups,cuda,NVIDIA L40S,AMD EPYC 9334 32-Core Processor x8 threads,12,124401408,0.017989423125982285,measured,,,,
gpt2,64,Kpre,int,128,verify_derive,8,4,,cuda,NVIDIA L40S,AMD EPYC 9334 32-Core Processor x8 threads,12,124401408,0.05051024444401264,measured,,,,
gpt2,64,Kpre,int,128,verify_derive,8,4,_wire_prune_lookups,cuda,NVIDIA L40S,AMD EPYC 9334 32-Core Processor x8 threads,12,124401408,0.03225752431899309,measured,,,,
gpt2,64,Kpre,int,128,verify_fold,8,4,,cuda,NVIDIA L40S,AMD EPYC 9334 32-Core Processor x8 threads,12,124401408,0.0,measured,,,,
gpt2,64,Kpre,int,128,verify_fold,8,4,_wire_gpuv_stream_prune_lookups,cuda,NVIDIA L40S,NVIDIA L40S (GPU client) + AMD EPYC 9334 32-Core Processor x8 threads,12,124401408,0.0,measured,,,,
gpt2,64,Kpre,int,128,verify_fold,8,4,_wire_prune_lookups,cuda,NVIDIA L40S,AMD EPYC 9334 32-Core Processor x8 threads,12,124401408,0.0,measured,,,,
gpt2,64,Kpre,int,128,verify_products,8,4,,cuda,NVIDIA L40S,AMD EPYC 9334 32-Core Processor x8 threads,12,124401408,0.017107665538787842,measured,,,,
gpt2,64,Kpre,int,128,verify_products,8,4,_wire_prune_lookups,cuda,NVIDIA L40S,AMD EPYC 9334 32-Core Processor x8 threads,12,124401408,0.011577684432268143,measured,,,,
gpt2,64,Kpre,int,128,verify_total,8,4,_wire_gpuv_stream_prune_lookups,cuda,NVIDIA L40S,NVIDIA L40S (GPU client) + AMD EPYC 9334 32-Core Processor x8 threads,12,124401408,0.05499343015253544,measured,,,,
llama2-13b,2048,C,int,128,bytes_total,8,4,_wire_gpuv_stream_prune_polauto,cuda,NVIDIA L40S,NVIDIA L40S (GPU client) + AMD EPYC 9334 32-Core Processor x8 threads,40,13015449600,10510281087.0,measured,,,,
llama2-13b,2048,C,int,128,bytes_total,8,4,_wire_prune_polauto,cuda,NVIDIA L40S,AMD EPYC 9334 32-Core Processor x8 threads,40,13015449600,10508980385.0,measured,66527023.0,326790495.0,10216802431.0,
llama2-13b,2048,C,int,128,fs_hash,8,4,_wire_gpuv_stream_prune_polauto,cuda,NVIDIA L40S,NVIDIA L40S (GPU client) + AMD EPYC 9334 32-Core Processor x8 threads,40,13015449600,1.2451782822608948e-05,measured,,,,
llama2-13b,2048,C,int,128,fs_hash,8,4,_wire_prune_polauto,cuda,NVIDIA L40S,AMD EPYC 9334 32-Core Processor x8 threads,40,13015449600,5.125999450683594e-06,measured,1.73225998878479e-06,2.1383166313171387e-06,1.7568469047546387e-05,
llama2-13b,2048,C,int,128,prove_encode,8,4,_wire_gpuv_stream_prune_polauto,cuda,NVIDIA L40S,NVIDIA L40S (GPU client) + AMD EPYC 9334 32-Core Processor x8 threads,40,13015449600,11.051703093573451,measured,,,,
llama2-13b,2048,C,int,128,prove_encode,8,4,_wire_prune_polauto,cuda,NVIDIA L40S,AMD EPYC 9334 32-Core Processor x8 threads,40,13015449600,17.862295020371675,measured,0.053518638014793396,0.31261732801795006,10.158367548137903,
llama2-13b,2048,C,int,128,prove_fold,8,4,_wire_gpuv_stream_prune_polauto,cuda,NVIDIA L40S,NVIDIA L40S (GPU client) + AMD EPYC 9334 32-Core Processor x8 threads,40,13015449600,0.23231208696961403,measured,,,,
llama2-13b,2048,C,int,128,prove_fold,8,4,_wire_prune_polauto,cuda,NVIDIA L40S,AMD EPYC 9334 32-Core Processor x8 threads,40,13015449600,0.24429889395833015,measured,0.005980890244245529,0.011887673288583755,0.23634542897343636,
llama2-13b,2048,C,int,128,prove_forward,8,4,_wire_gpuv_stream_prune_polauto,cuda,NVIDIA L40S,NVIDIA L40S (GPU client) + AMD EPYC 9334 32-Core Processor x8 threads,40,13015449600,4.426709720864892,measured,,,,
llama2-13b,2048,C,int,128,prove_forward,8,4,_wire_prune_polauto,cuda,NVIDIA L40S,AMD EPYC 9334 32-Core Processor x8 threads,40,13015449600,4.417313698679209,measured,0.01995435729622841,0.13281697779893875,4.421596556901932,
llama2-13b,2048,C,int,128,prove_lookups,8,4,_wire_gpuv_stream_prune_polauto,cuda,NVIDIA L40S,NVIDIA L40S (GPU client) + AMD EPYC 9334 32-Core Processor x8 threads,40,13015449600,0.003703482449054718,measured,,,,
llama2-13b,2048,C,int,128,prove_lookups,8,4,_wire_prune_polauto,cuda,NVIDIA L40S,AMD EPYC 9334 32-Core Processor x8 threads,40,13015449600,0.0029640011489391327,measured,0.002525120973587036,0.002613849937915802,0.005985550582408905,
llama2-13b,2048,C,int,128,prove_open,8,4,_wire_gpuv_stream_prune_polauto,cuda,NVIDIA L40S,NVIDIA L40S (GPU client) + AMD EPYC 9334 32-Core Processor x8 threads,40,13015449600,1.8607175648212433,measured,,,,
llama2-13b,2048,C,int,128,prove_open,8,4,_wire_prune_polauto,cuda,NVIDIA L40S,AMD EPYC 9334 32-Core Processor x8 threads,40,13015449600,1.9544423557817936,measured,0.0786905400454998,0.12475421279668808,1.8751737773418427,
llama2-13b,2048,C,int,128,verify_columns,8,4,_wire_prune_polauto,cuda,NVIDIA L40S,AMD EPYC 9334 32-Core Processor x8 threads,40,13015449600,0.46259620413184166,measured,0.012514591217041016,0.02678573504090309,0.569089200347662,
llama2-13b,2048,C,int,128,verify_decode,8,4,_wire_gpuv_stream_prune_polauto,cuda,NVIDIA L40S,NVIDIA L40S (GPU client) + AMD EPYC 9334 32-Core Processor x8 threads,40,13015449600,12.18274176120758,measured,,,,
llama2-13b,2048,C,int,128,verify_decode,8,4,_wire_prune_polauto,cuda,NVIDIA L40S,AMD EPYC 9334 32-Core Processor x8 threads,40,13015449600,1115.3605430722237,measured,0.22033875435590744,1.4917870908975601,49.80682387948036,
llama2-13b,2048,C,int,128,verify_derive,8,4,_wire_prune_polauto,cuda,NVIDIA L40S,AMD EPYC 9334 32-Core Processor x8 threads,40,13015449600,70.33004430681467,measured,0.13856127858161926,1.72614087164402,62.05416540801525,
llama2-13b,2048,C,int,128,verify_fold,8,4,_wire_gpuv_stream_prune_polauto,cuda,NVIDIA L40S,NVIDIA L40S (GPU client) + AMD EPYC 9334 32-Core Processor x8 threads,40,13015449600,0.0,measured,,,,
llama2-13b,2048,C,int,128,verify_fold,8,4,_wire_prune_polauto,cuda,NVIDIA L40S,AMD EPYC 9334 32-Core Processor x8 threads,40,13015449600,0.0,measured,0.0,0.0,0.0,
llama2-13b,2048,C,int,128,verify_lookups,8,4,_wire_prune_polauto,cuda,NVIDIA L40S,AMD EPYC 9334 32-Core Processor x8 threads,40,13015449600,0.0386754609644413,measured,0.03134085237979889,0.028233177959918976,-0.08985844999551773,
llama2-13b,2048,C,int,128,verify_products,8,4,_wire_prune_polauto,cuda,NVIDIA L40S,AMD EPYC 9334 32-Core Processor x8 threads,40,13015449600,25.24582350254059,measured,0.0921609178185463,0.5792607665061951,19.08905501663685,
llama2-13b,2048,C,int,128,verify_total,8,4,_wire_gpuv_stream_prune_polauto,cuda,NVIDIA L40S,NVIDIA L40S (GPU client) + AMD EPYC 9334 32-Core Processor x8 threads,40,13015449600,2.3560277856886387,measured,,,,
llama2-13b,2048,Kpre,int,128,bytes_total,8,4,_wire_gpuv_stream_prune_lookups,cuda,NVIDIA L40S,NVIDIA L40S (GPU client) + AMD EPYC 9334 32-Core Processor x8 threads,40,13015449600,10344123439.0,measured,,,,
llama2-13b,2048,Kpre,int,128,bytes_total,8,4,_wire_prune_lookups,cuda,NVIDIA L40S,AMD EPYC 9334 32-Core Processor x8 threads,40,13015449600,10342824833.0,measured,50107113.0,306517505.0,10050112401.0,
llama2-13b,2048,Kpre,int,128,fs_hash,8,4,_wire_gpuv_stream_prune_lookups,cuda,NVIDIA L40S,NVIDIA L40S (GPU client) + AMD EPYC 9334 32-Core Processor x8 threads,40,13015449600,9.102746844291687e-06,measured,,,,
llama2-13b,2048,Kpre,int,128,fs_hash,8,4,_wire_prune_lookups,cuda,NVIDIA L40S,AMD EPYC 9334 32-Core Processor x8 threads,40,13015449600,1.0151416063308716e-05,measured,1.7881393432617188e-06,1.8849968910217285e-06,5.5655837059021e-06,
llama2-13b,2048,Kpre,int,128,prove_encode,8,4,_wire_gpuv_stream_prune_lookups,cuda,NVIDIA L40S,NVIDIA L40S (GPU client) + AMD EPYC 9334 32-Core Processor x8 threads,40,13015449600,14.537324914708734,measured,,,,
llama2-13b,2048,Kpre,int,128,prove_encode,8,4,_wire_prune_lookups,cuda,NVIDIA L40S,AMD EPYC 9334 32-Core Processor x8 threads,40,13015449600,10.28173067048192,measured,0.04615696147084236,0.3070213682949543,10.219868827611208,
llama2-13b,2048,Kpre,int,128,prove_fold,8,4,_wire_gpuv_stream_prune_lookups,cuda,NVIDIA L40S,NVIDIA L40S (GPU client) + AMD EPYC 9334 32-Core Processor x8 threads,40,13015449600,0.0,measured,,,,
llama2-13b,2048,Kpre,int,128,prove_fold,8,4,_wire_prune_lookups,cuda,NVIDIA L40S,AMD EPYC 9334 32-Core Processor x8 threads,40,13015449600,0.0,measured,0.0,0.0,0.0,
llama2-13b,2048,Kpre,int,128,prove_forward,8,4,_wire_gpuv_stream_prune_lookups,cuda,NVIDIA L40S,NVIDIA L40S (GPU client) + AMD EPYC 9334 32-Core Processor x8 threads,40,13015449600,4.427798556163907,measured,,,,
llama2-13b,2048,Kpre,int,128,prove_forward,8,4,_wire_prune_lookups,cuda,NVIDIA L40S,AMD EPYC 9334 32-Core Processor x8 threads,40,13015449600,4.490331791341305,measured,0.020360711961984634,0.13423744216561317,4.461553189903498,
llama2-13b,2048,Kpre,int,128,verify_decode,8,4,_wire_gpuv_stream_prune_lookups,cuda,NVIDIA L40S,NVIDIA L40S (GPU client) + AMD EPYC 9334 32-Core Processor x8 threads,40,13015449600,249.7924547623843,measured,,,,
llama2-13b,2048,Kpre,int,128,verify_decode,8,4,_wire_prune_lookups,cuda,NVIDIA L40S,AMD EPYC 9334 32-Core Processor x8 threads,40,13015449600,1075.388681244105,measured,0.022629834711551666,0.1621486358344555,5.463863078504801,
llama2-13b,2048,Kpre,int,128,verify_derive,8,4,_wire_prune_lookups,cuda,NVIDIA L40S,AMD EPYC 9334 32-Core Processor x8 threads,40,13015449600,71.49222027882934,measured,0.1919950395822525,1.8705251067876816,65.65466766059399,
llama2-13b,2048,Kpre,int,128,verify_fold,8,4,_wire_gpuv_stream_prune_lookups,cuda,NVIDIA L40S,NVIDIA L40S (GPU client) + AMD EPYC 9334 32-Core Processor x8 threads,40,13015449600,0.0,measured,,,,
llama2-13b,2048,Kpre,int,128,verify_fold,8,4,_wire_prune_lookups,cuda,NVIDIA L40S,AMD EPYC 9334 32-Core Processor x8 threads,40,13015449600,0.0,measured,0.0,0.0,0.0,
llama2-13b,2048,Kpre,int,128,verify_products,8,4,_wire_prune_lookups,cuda,NVIDIA L40S,AMD EPYC 9334 32-Core Processor x8 threads,40,13015449600,17.121733512729406,measured,0.0708981491625309,0.45885274559259415,15.201127409934998,
llama2-13b,2048,Kpre,int,128,verify_total,8,4,_wire_gpuv_stream_prune_lookups,cuda,NVIDIA L40S,NVIDIA L40S (GPU client) + AMD EPYC 9334 32-Core Processor x8 threads,40,13015449600,2.170624552294612,measured,,,,
llama2-13b,64,C,int,128,bytes_total,8,4,_wire_prune_polauto,cuda,NVIDIA L40S,AMD EPYC 9334 32-Core Processor x8 threads,40,13015449600,468554890.0,measured,,,,
llama2-13b,64,C,int,128,fs_hash,8,4,_wire_prune_polauto,cuda,NVIDIA L40S,AMD EPYC 9334 32-Core Processor x8 threads,40,13015449600,1.5953555703163147e-06,measured,,,,
llama2-13b,64,C,int,128,prove_encode,8,4,_wire_prune_polauto,cuda,NVIDIA L40S,AMD EPYC 9334 32-Core Processor x8 threads,40,13015449600,0.4252261267974973,measured,,,,
llama2-13b,64,C,int,128,prove_fold,8,4,_wire_prune_polauto,cuda,NVIDIA L40S,AMD EPYC 9334 32-Core Processor x8 threads,40,13015449600,0.23275407310575247,measured,,,,
llama2-13b,64,C,int,128,prove_forward,8,4,_wire_prune_polauto,cuda,NVIDIA L40S,AMD EPYC 9334 32-Core Processor x8 threads,40,13015449600,0.19954822305589914,measured,,,,
llama2-13b,64,C,int,128,prove_lookups,8,4,_wire_prune_polauto,cuda,NVIDIA L40S,AMD EPYC 9334 32-Core Processor x8 threads,40,13015449600,0.0002894899807870388,measured,,,,
llama2-13b,64,C,int,128,prove_open,8,4,_wire_prune_polauto,cuda,NVIDIA L40S,AMD EPYC 9334 32-Core Processor x8 threads,40,13015449600,1.8879865985363722,measured,,,,
llama2-13b,64,C,int,128,verify_columns,8,4,_wire_prune_polauto,cuda,NVIDIA L40S,AMD EPYC 9334 32-Core Processor x8 threads,40,13015449600,0.3479910842142999,measured,,,,
llama2-13b,64,C,int,128,verify_decode,8,4,_wire_prune_polauto,cuda,NVIDIA L40S,AMD EPYC 9334 32-Core Processor x8 threads,40,13015449600,0.27380410209298134,measured,,,,
llama2-13b,64,C,int,128,verify_derive,8,4,_wire_prune_polauto,cuda,NVIDIA L40S,AMD EPYC 9334 32-Core Processor x8 threads,40,13015449600,0.48800348676741123,measured,,,,
llama2-13b,64,C,int,128,verify_fold,8,4,_wire_prune_polauto,cuda,NVIDIA L40S,AMD EPYC 9334 32-Core Processor x8 threads,40,13015449600,0.0,measured,,,,
llama2-13b,64,C,int,128,verify_lookups,8,4,_wire_prune_polauto,cuda,NVIDIA L40S,AMD EPYC 9334 32-Core Processor x8 threads,40,13015449600,0.0010431790724396706,measured,,,,
llama2-13b,64,C,int,128,verify_products,8,4,_wire_prune_polauto,cuda,NVIDIA L40S,AMD EPYC 9334 32-Core Processor x8 threads,40,13015449600,0.4335264260880649,measured,,,,
llama2-13b,64,Kpre,int,128,bytes_total,8,4,_wire_prune_lookups,cuda,NVIDIA L40S,AMD EPYC 9334 32-Core Processor x8 threads,40,13015449600,312747642.0,measured,,,,
llama2-13b,64,Kpre,int,128,fs_hash,8,4,_wire_prune_lookups,cuda,NVIDIA L40S,AMD EPYC 9334 32-Core Processor x8 threads,40,13015449600,2.6300549507141113e-06,measured,,,,
llama2-13b,64,Kpre,int,128,prove_encode,8,4,_wire_prune_lookups,cuda,NVIDIA L40S,AMD EPYC 9334 32-Core Processor x8 threads,40,13015449600,0.3166773170232773,measured,,,,
llama2-13b,64,Kpre,int,128,prove_fold,8,4,_wire_prune_lookups,cuda,NVIDIA L40S,AMD EPYC 9334 32-Core Processor x8 threads,40,13015449600,0.0,measured,,,,
llama2-13b,64,Kpre,int,128,prove_forward,8,4,_wire_prune_lookups,cuda,NVIDIA L40S,AMD EPYC 9334 32-Core Processor x8 threads,40,13015449600,0.202726477291435,measured,,,,
llama2-13b,64,Kpre,int,128,verify_decode,8,4,_wire_prune_lookups,cuda,NVIDIA L40S,AMD EPYC 9334 32-Core Processor x8 threads,40,13015449600,0.22215884178876877,measured,,,,
llama2-13b,64,Kpre,int,128,verify_derive,8,4,_wire_prune_lookups,cuda,NVIDIA L40S,AMD EPYC 9334 32-Core Processor x8 threads,40,13015449600,0.5303719732910395,measured,,,,
llama2-13b,64,Kpre,int,128,verify_fold,8,4,_wire_prune_lookups,cuda,NVIDIA L40S,AMD EPYC 9334 32-Core Processor x8 threads,40,13015449600,0.0,measured,,,,
llama2-13b,64,Kpre,int,128,verify_products,8,4,_wire_prune_lookups,cuda,NVIDIA L40S,AMD EPYC 9334 32-Core Processor x8 threads,40,13015449600,0.339213059283793,measured,,,,
llama2-70b,512,C,int,128,bytes_total,8,4,_wire_prune_polauto,cuda,NVIDIA L40S,AMD EPYC 9334 32-Core Processor x8 threads,80,68975329280,8791984591.5,extrapolated_from_1_and_2_blocks,19107627.0,130156702.5,,
llama2-70b,512,C,int,128,fs_hash,8,4,_wire_prune_polauto,cuda,NVIDIA L40S,AMD EPYC 9334 32-Core Processor x8 threads,80,68975329280,8.54278914630413e-05,extrapolated_from_1_and_2_blocks,1.2954697012901306e-06,2.3604370653629303e-06,,
llama2-70b,512,C,int,128,prove_encode,8,4,_wire_prune_polauto,cuda,NVIDIA L40S,AMD EPYC 9334 32-Core Processor x8 threads,80,68975329280,8.750501092988998,extrapolated_from_1_and_2_blocks,0.028362959623336792,0.138769771438092,,
llama2-70b,512,C,int,128,prove_fold,8,4,_wire_prune_polauto,cuda,NVIDIA L40S,AMD EPYC 9334 32-Core Processor x8 threads,80,68975329280,1.5036090333014727,extrapolated_from_1_and_2_blocks,0.02012459095567465,0.038902875036001205,,
llama2-70b,512,C,int,128,prove_forward,8,4,_wire_prune_polauto,cuda,NVIDIA L40S,AMD EPYC 9334 32-Core Processor x8 threads,80,68975329280,4.402507429942489,extrapolated_from_1_and_2_blocks,0.012976313475519419,0.06853999849408865,,
llama2-70b,512,C,int,128,prove_lookups,8,4,_wire_prune_polauto,cuda,NVIDIA L40S,AMD EPYC 9334 32-Core Processor x8 threads,80,68975329280,0.002570765558630228,extrapolated_from_1_and_2_blocks,0.0011037271469831467,0.001122297253459692,,
llama2-70b,512,C,int,128,prove_open,8,4,_wire_prune_polauto,cuda,NVIDIA L40S,AMD EPYC 9334 32-Core Processor x8 threads,80,68975329280,8.887008403427899,extrapolated_from_1_and_2_blocks,0.16759660933166742,0.27796891052275896,,
llama2-70b,512,C,int,128,verify_columns,8,4,_wire_prune_polauto,cuda,NVIDIA L40S,AMD EPYC 9334 32-Core Processor x8 threads,80,68975329280,1.5185368503443897,extrapolated_from_1_and_2_blocks,0.019507149700075388,0.03848220920190215,,
llama2-70b,512,C,int,128,verify_decode,8,4,_wire_prune_polauto,cuda,NVIDIA L40S,AMD EPYC 9334 32-Core Processor x8 threads,80,68975329280,6.702795267570764,extrapolated_from_1_and_2_blocks,0.009489221964031458,0.09421461494639516,,
llama2-70b,512,C,int,128,verify_derive,8,4,_wire_prune_polauto,cuda,NVIDIA L40S,AMD EPYC 9334 32-Core Processor x8 threads,80,68975329280,28.734772118739784,extrapolated_from_1_and_2_blocks,0.02884988719597459,0.39221599139273167,,
llama2-70b,512,C,int,128,verify_fold,8,4,_wire_prune_polauto,cuda,NVIDIA L40S,AMD EPYC 9334 32-Core Processor x8 threads,80,68975329280,0.0,extrapolated_from_1_and_2_blocks,0.0,0.0,,
llama2-70b,512,C,int,128,verify_lookups,8,4,_wire_prune_polauto,cuda,NVIDIA L40S,AMD EPYC 9334 32-Core Processor x8 threads,80,68975329280,0.03117657918483019,extrapolated_from_1_and_2_blocks,0.009251235984265804,0.009528771974146366,,
llama2-70b,512,C,int,128,verify_products,8,4,_wire_prune_polauto,cuda,NVIDIA L40S,AMD EPYC 9334 32-Core Processor x8 threads,80,68975329280,14.891322216484696,extrapolated_from_1_and_2_blocks,0.011858731508255005,0.2002063705585897,,
llama2-70b,512,Kpre,int,128,bytes_total,8,4,_wire_prune_lookups,cuda,NVIDIA L40S,AMD EPYC 9334 32-Core Processor x8 threads,80,68975329280,8111088447.5,extrapolated_from_1_and_2_blocks,2787291.0,105424014.5,,
llama2-70b,512,Kpre,int,128,fs_hash,8,4,_wire_prune_lookups,cuda,NVIDIA L40S,AMD EPYC 9334 32-Core Processor x8 threads,80,68975329280,9.623821824789047e-05,extrapolated_from_1_and_2_blocks,6.649643182754517e-07,1.8747523427009583e-06,,
llama2-70b,512,Kpre,int,128,prove_encode,8,4,_wire_prune_lookups,cuda,NVIDIA L40S,AMD EPYC 9334 32-Core Processor x8 threads,80,68975329280,7.806075953412801,extrapolated_from_1_and_2_blocks,0.00311281718313694,0.10188450245186687,,
llama2-70b,512,Kpre,int,128,prove_fold,8,4,_wire_prune_lookups,cuda,NVIDIA L40S,AMD EPYC 9334 32-Core Processor x8 threads,80,68975329280,0.0,extrapolated_from_1_and_2_blocks,0.0,0.0,,
llama2-70b,512,Kpre,int,128,prove_forward,8,4,_wire_prune_lookups,cuda,NVIDIA L40S,AMD EPYC 9334 32-Core Processor x8 threads,80,68975329280,4.40472378814593,extrapolated_from_1_and_2_blocks,0.012951740063726902,0.06854379130527377,,
llama2-70b,512,Kpre,int,128,verify_decode,8,4,_wire_prune_lookups,cuda,NVIDIA L40S,AMD EPYC 9334 32-Core Processor x8 threads,80,68975329280,5.302559209056199,extrapolated_from_1_and_2_blocks,0.0035873674787580967,0.0706629604101181,,
llama2-70b,512,Kpre,int,128,verify_derive,8,4,_wire_prune_lookups,cuda,NVIDIA L40S,AMD EPYC 9334 32-Core Processor x8 threads,80,68975329280,24.01015115948394,extrapolated_from_1_and_2_blocks,0.039899074006825686,0.34331998648121953,,
llama2-70b,512,Kpre,int,128,verify_fold,8,4,_wire_prune_lookups,cuda,NVIDIA L40S,AMD EPYC 9334 32-Core Processor x8 threads,80,68975329280,0.0,extrapolated_from_1_and_2_blocks,0.0,0.0,,
llama2-70b,512,Kpre,int,128,verify_products,8,4,_wire_prune_lookups,cuda,NVIDIA L40S,AMD EPYC 9334 32-Core Processor x8 threads,80,68975329280,10.539377592504025,extrapolated_from_1_and_2_blocks,0.0055997613817453384,0.13893872126936913,,
llama2-70b,64,C,int,128,bytes_total,8,4,_wire_prune_polauto,cuda,NVIDIA L40S,AMD EPYC 9334 32-Core Processor x8 threads,80,68975329280,1696961489.5,extrapolated_from_1_and_2_blocks,13169591.0,34483412.5,,
llama2-70b,64,C,int,128,fs_hash,8,4,_wire_prune_polauto,cuda,NVIDIA L40S,AMD EPYC 9334 32-Core Processor x8 threads,80,68975329280,5.468912422657013e-05,extrapolated_from_1_and_2_blocks,5.75091689825058e-07,1.2600794434547424e-06,,
llama2-70b,64,C,int,128,prove_encode,8,4,_wire_prune_polauto,cuda,NVIDIA L40S,AMD EPYC 9334 32-Core Processor x8 threads,80,68975329280,1.3824887536466122,extrapolated_from_1_and_2_blocks,0.02496559266000986,0.04214943014085293,,
llama2-70b,64,C,int,128,prove_fold,8,4,_wire_prune_polauto,cuda,NVIDIA L40S,AMD EPYC 9334 32-Core Processor x8 threads,80,68975329280,1.500228464603424,extrapolated_from_1_and_2_blocks,0.02002290589734912,0.03875968512147665,,
llama2-70b,64,C,int,128,prove_forward,8,4,_wire_prune_polauto,cuda,NVIDIA L40S,AMD EPYC 9334 32-Core Processor x8 threads,80,68975329280,1.0600818623788655,extrapolated_from_1_and_2_blocks,0.01218116981908679,0.025445735547691584,,
llama2-70b,64,C,int,128,prove_lookups,8,4,_wire_prune_polauto,cuda,NVIDIA L40S,AMD EPYC 9334 32-Core Processor x8 threads,80,68975329280,0.002967342734336853,extrapolated_from_1_and_2_blocks,0.00021223584190011024,0.00024711061269044876,,
llama2-70b,64,C,int,128,prove_open,8,4,_wire_prune_polauto,cuda,NVIDIA L40S,AMD EPYC 9334 32-Core Processor x8 threads,80,68975329280,8.769077252130955,extrapolated_from_1_and_2_blocks,0.16852466808632016,0.27739242231473327,,
llama2-70b,64,C,int,128,verify_columns,8,4,_wire_prune_polauto,cuda,NVIDIA L40S,AMD EPYC 9334 32-Core Processor x8 threads,80,68975329280,0.5647904500365257,extrapolated_from_1_and_2_blocks,0.018678181804716587,0.025590995326638222,,
llama2-70b,64,C,int,128,verify_decode,8,4,_wire_prune_polauto,cuda,NVIDIA L40S,AMD EPYC 9334 32-Core Processor x8 threads,80,68975329280,0.8469638228416443,extrapolated_from_1_and_2_blocks,0.0033208318054676056,0.013999857008457184,,
llama2-70b,64,C,int,128,verify_derive,8,4,_wire_prune_polauto,cuda,NVIDIA L40S,AMD EPYC 9334 32-Core Processor x8 threads,80,68975329280,1.624061321374029,extrapolated_from_1_and_2_blocks,0.002907469402998686,0.023428404238075018,,
llama2-70b,64,C,int,128,verify_fold,8,4,_wire_prune_polauto,cuda,NVIDIA L40S,AMD EPYC 9334 32-Core Processor x8 threads,80,68975329280,0.0,extrapolated_from_1_and_2_blocks,0.0,0.0,,
llama2-70b,64,C,int,128,verify_lookups,8,4,_wire_prune_polauto,cuda,NVIDIA L40S,AMD EPYC 9334 32-Core Processor x8 threads,80,68975329280,0.02218734659254551,extrapolated_from_1_and_2_blocks,0.0010548788122832775,0.0013223784044384956,,
llama2-70b,64,C,int,128,verify_products,8,4,_wire_prune_polauto,cuda,NVIDIA L40S,AMD EPYC 9334 32-Core Processor x8 threads,80,68975329280,1.1263330457732081,extrapolated_from_1_and_2_blocks,0.004344209562987089,0.01854659989476204,,
llama2-70b,64,Kpre,int,128,bytes_total,8,4,_wire_prune_lookups,cuda,NVIDIA L40S,AMD EPYC 9334 32-Core Processor x8 threads,80,68975329280,1019825921.5,extrapolated_from_1_and_2_blocks,587079.0,13488836.5,,
llama2-70b,64,Kpre,int,128,fs_hash,8,4,_wire_prune_lookups,cuda,NVIDIA L40S,AMD EPYC 9334 32-Core Processor x8 threads,80,68975329280,9.391922503709793e-06,extrapolated_from_1_and_2_blocks,7.101334631443024e-07,8.200295269489288e-07,,
llama2-70b,64,Kpre,int,128,prove_encode,8,4,_wire_prune_lookups,cuda,NVIDIA L40S,AMD EPYC 9334 32-Core Processor x8 threads,80,68975329280,0.3811860028654337,extrapolated_from_1_and_2_blocks,0.002497180365025997,0.007290709763765335,,
llama2-70b,64,Kpre,int,128,prove_fold,8,4,_wire_prune_lookups,cuda,NVIDIA L40S,AMD EPYC 9334 32-Core Processor x8 threads,80,68975329280,0.0,extrapolated_from_1_and_2_blocks,0.0,0.0,,
llama2-70b,64,Kpre,int,128,prove_forward,8,4,_wire_prune_lookups,cuda,NVIDIA L40S,AMD EPYC 9334 32-Core Processor x8 threads,80,68975329280,1.0587757090106606,extrapolated_from_1_and_2_blocks,0.012001184280961752,0.025251494720578194,,
llama2-70b,64,Kpre,int,128,verify_decode,8,4,_wire_prune_lookups,cuda,NVIDIA L40S,AMD EPYC 9334 32-Core Processor x8 threads,80,68975329280,1.0781826036982238,extrapolated_from_1_and_2_blocks,0.0008808118291199207,0.014517543371766806,,
llama2-70b,64,Kpre,int,128,verify_derive,8,4,_wire_prune_lookups,cuda,NVIDIA L40S,AMD EPYC 9334 32-Core Processor x8 threads,80,68975329280,1.731444176286459,extrapolated_from_1_and_2_blocks,0.007146955002099276,0.028973502106964588,,
llama2-70b,64,Kpre,int,128,verify_fold,8,4,_wire_prune_lookups,cuda,NVIDIA L40S,AMD EPYC 9334 32-Core Processor x8 threads,80,68975329280,0.0,extrapolated_from_1_and_2_blocks,0.0,0.0,,
llama2-70b,64,Kpre,int,128,verify_products,8,4,_wire_prune_lookups,cuda,NVIDIA L40S,AMD EPYC 9334 32-Core Processor x8 threads,80,68975329280,0.9212020924314857,extrapolated_from_1_and_2_blocks,0.0035548326559364796,0.015170620754361153,,
llama2-7b,1,C,fs,128,bytes_total,8,4,_wire_prune_polauto,cuda,NVIDIA L40S,AMD EPYC 9334 32-Core Processor x8 threads,32,6738149376,189854688.0,measured,,,,
llama2-7b,1,C,fs,128,fs_hash,8,4,_wire_prune_polauto,cuda,NVIDIA L40S,AMD EPYC 9334 32-Core Processor x8 threads,32,6738149376,0.007183851208537817,measured,,,,
llama2-7b,1,C,fs,128,prove_encode,8,4,_wire_prune_polauto,cuda,NVIDIA L40S,AMD EPYC 9334 32-Core Processor x8 threads,32,6738149376,0.3200273630209267,measured,,,,
llama2-7b,1,C,fs,128,prove_fold,8,4,_wire_prune_polauto,cuda,NVIDIA L40S,AMD EPYC 9334 32-Core Processor x8 threads,32,6738149376,0.1444905917160213,measured,,,,
llama2-7b,1,C,fs,128,prove_forward,8,4,_wire_prune_polauto,cuda,NVIDIA L40S,AMD EPYC 9334 32-Core Processor x8 threads,32,6738149376,0.08440588414669037,measured,,,,
llama2-7b,1,C,fs,128,prove_lookups,8,4,_wire_prune_polauto,cuda,NVIDIA L40S,AMD EPYC 9334 32-Core Processor x8 threads,32,6738149376,4.59449365735054e-05,measured,,,,
llama2-7b,1,C,fs,128,prove_open,8,4,_wire_prune_polauto,cuda,NVIDIA L40S,AMD EPYC 9334 32-Core Processor x8 threads,32,6738149376,1.6246296595782042,measured,,,,
llama2-7b,1,C,fs,128,verify_columns,8,4,_wire_prune_polauto,cuda,NVIDIA L40S,AMD EPYC 9334 32-Core Processor x8 threads,32,6738149376,0.23464810475707054,measured,,,,
llama2-7b,1,C,fs,128,verify_decode,8,4,_wire_prune_polauto,cuda,NVIDIA L40S,AMD EPYC 9334 32-Core Processor x8 threads,32,6738149376,0.0468699517659843,measured,,,,
llama2-7b,1,C,fs,128,verify_derive,8,4,_wire_prune_polauto,cuda,NVIDIA L40S,AMD EPYC 9334 32-Core Processor x8 threads,32,6738149376,0.022440291475504637,measured,,,,
llama2-7b,1,C,fs,128,verify_fold,8,4,_wire_prune_polauto,cuda,NVIDIA L40S,AMD EPYC 9334 32-Core Processor x8 threads,32,6738149376,0.0,measured,,,,
llama2-7b,1,C,fs,128,verify_lookups,8,4,_wire_prune_polauto,cuda,NVIDIA L40S,AMD EPYC 9334 32-Core Processor x8 threads,32,6738149376,0.00015914998948574066,measured,,,,
llama2-7b,1,C,fs,128,verify_products,8,4,_wire_prune_polauto,cuda,NVIDIA L40S,AMD EPYC 9334 32-Core Processor x8 threads,32,6738149376,0.02137376368045807,measured,,,,
llama2-7b,1,C,int,128,bytes_total,8,4,_wire_prune_polauto,cuda,NVIDIA L40S,AMD EPYC 9334 32-Core Processor x8 threads,32,6738149376,131100651.0,measured,,,,
llama2-7b,1,C,int,128,fs_hash,8,4,_wire_prune_polauto,cuda,NVIDIA L40S,AMD EPYC 9334 32-Core Processor x8 threads,32,6738149376,1.1203810572624207e-06,measured,,,,
llama2-7b,1,C,int,128,prove_encode,8,4,_wire_prune_polauto,cuda,NVIDIA L40S,AMD EPYC 9334 32-Core Processor x8 threads,32,6738149376,0.21273958822712302,measured,,,,
llama2-7b,1,C,int,128,prove_fold,8,4,_wire_prune_polauto,cuda,NVIDIA L40S,AMD EPYC 9334 32-Core Processor x8 threads,32,6738149376,0.1436603171750903,measured,,,,
llama2-7b,1,C,int,128,prove_forward,8,4,_wire_prune_polauto,cuda,NVIDIA L40S,AMD EPYC 9334 32-Core Processor x8 threads,32,6738149376,0.08389004645869136,measured,,,,
llama2-7b,1,C,int,128,prove_lookups,8,4,_wire_prune_polauto,cuda,NVIDIA L40S,AMD EPYC 9334 32-Core Processor x8 threads,32,6738149376,3.3549964427948e-05,measured,,,,
llama2-7b,1,C,int,128,prove_open,8,4,_wire_prune_polauto,cuda,NVIDIA L40S,AMD EPYC 9334 32-Core Processor x8 threads,32,6738149376,1.0944412630051374,measured,,,,
llama2-7b,1,C,int,128,verify_columns,8,4,_wire_prune_polauto,cuda,NVIDIA L40S,AMD EPYC 9334 32-Core Processor x8 threads,32,6738149376,0.15343449311330914,measured,,,,
llama2-7b,1,C,int,128,verify_decode,8,4,_wire_prune_polauto,cuda,NVIDIA L40S,AMD EPYC 9334 32-Core Processor x8 threads,32,6738149376,0.03185543464496732,measured,,,,
llama2-7b,1,C,int,128,verify_derive,8,4,_wire_prune_polauto,cuda,NVIDIA L40S,AMD EPYC 9334 32-Core Processor x8 threads,32,6738149376,0.023804035503417253,measured,,,,
llama2-7b,1,C,int,128,verify_fold,8,4,_wire_prune_polauto,cuda,NVIDIA L40S,AMD EPYC 9334 32-Core Processor x8 threads,32,6738149376,0.0,measured,,,,
llama2-7b,1,C,int,128,verify_lookups,8,4,_wire_prune_polauto,cuda,NVIDIA L40S,AMD EPYC 9334 32-Core Processor x8 threads,32,6738149376,0.00016051111742854118,measured,,,,
llama2-7b,1,C,int,128,verify_products,8,4,_wire_prune_polauto,cuda,NVIDIA L40S,AMD EPYC 9334 32-Core Processor x8 threads,32,6738149376,0.021649891044944525,measured,,,,
llama2-7b,1,Kpre,int,128,bytes_total,8,4,_wire_prune_lookups,cuda,NVIDIA L40S,AMD EPYC 9334 32-Core Processor x8 threads,32,6738149376,3320021.5,measured,,,,
llama2-7b,1,Kpre,int,128,fs_hash,8,4,_wire_prune_lookups,cuda,NVIDIA L40S,AMD EPYC 9334 32-Core Processor x8 threads,32,6738149376,1.3499520719051361e-06,measured,,,,
llama2-7b,1,Kpre,int,128,prove_encode,8,4,_wire_prune_lookups,cuda,NVIDIA L40S,AMD EPYC 9334 32-Core Processor x8 threads,32,6738149376,0.005028675775974989,measured,,,,
llama2-7b,1,Kpre,int,128,prove_fold,8,4,_wire_prune_lookups,cuda,NVIDIA L40S,AMD EPYC 9334 32-Core Processor x8 threads,32,6738149376,0.0,measured,,,,
llama2-7b,1,Kpre,int,128,prove_forward,8,4,_wire_prune_lookups,cuda,NVIDIA L40S,AMD EPYC 9334 32-Core Processor x8 threads,32,6738149376,0.08201942080631852,measured,,,,
llama2-7b,1,Kpre,int,128,verify_decode,8,4,_wire_prune_lookups,cuda,NVIDIA L40S,AMD EPYC 9334 32-Core Processor x8 threads,32,6738149376,0.011930715758353472,measured,,,,
llama2-7b,1,Kpre,int,128,verify_derive,8,4,_wire_prune_lookups,cuda,NVIDIA L40S,AMD EPYC 9334 32-Core Processor x8 threads,32,6738149376,0.023470681626349688,measured,,,,
llama2-7b,1,Kpre,int,128,verify_fold,8,4,_wire_prune_lookups,cuda,NVIDIA L40S,AMD EPYC 9334 32-Core Processor x8 threads,32,6738149376,0.0,measured,,,,
llama2-7b,1,Kpre,int,128,verify_products,8,4,_wire_prune_lookups,cuda,NVIDIA L40S,AMD EPYC 9334 32-Core Processor x8 threads,32,6738149376,0.02052152529358864,measured,,,,
llama2-7b,2048,C,int,128,bytes_total,8,4,_wire_gpuv_stream_prune_polauto,cuda,NVIDIA L40S,NVIDIA L40S (GPU client) + AMD EPYC 9334 32-Core Processor x8 threads,32,6738149376,6572222316.5,measured,,,,
llama2-7b,2048,C,int,128,bytes_total,8,4,_wire_prune_polauto,cuda,NVIDIA L40S,AMD EPYC 9334 32-Core Processor x8 threads,32,6738149376,6570112359.0,measured,54959453.0,264750850.0,6558492760.0,
llama2-7b,2048,C,int,128,fs_hash,8,4,_wire_gpuv_stream_prune_polauto,cuda,NVIDIA L40S,NVIDIA L40S (GPU client) + AMD EPYC 9334 32-Core Processor x8 threads,32,6738149376,1.1341646313667297e-05,measured,,,,
llama2-7b,2048,C,int,128,fs_hash,8,4,_wire_prune_polauto,cuda,NVIDIA L40S,AMD EPYC 9334 32-Core Processor x8 threads,32,6738149376,4.459172487258911e-06,measured,1.8253922462463379e-06,1.6093254089355469e-06,-4.872679710388184e-06,
llama2-7b,2048,C,int,128,prove_encode,8,4,_wire_gpuv_stream_prune_polauto,cuda,NVIDIA L40S,NVIDIA L40S (GPU client) + AMD EPYC 9334 32-Core Processor x8 threads,32,6738149376,66.36512602120638,measured,,,,
llama2-7b,2048,C,int,128,prove_encode,8,4,_wire_prune_polauto,cuda,NVIDIA L40S,AMD EPYC 9334 32-Core Processor x8 threads,32,6738149376,62.68188441172242,measured,0.05893459916114807,0.2865474224090576,7.114932119846344,
llama2-7b,2048,C,int,128,prove_fold,8,4,_wire_gpuv_stream_prune_polauto,cuda,NVIDIA L40S,NVIDIA L40S (GPU client) + AMD EPYC 9334 32-Core Processor x8 threads,32,6738149376,0.14366794005036354,measured,,,,
llama2-7b,2048,C,int,128,prove_fold,8,4,_wire_prune_polauto,cuda,NVIDIA L40S,AMD EPYC 9334 32-Core Processor x8 threads,32,6738149376,0.14732450619339943,measured,0.004686135798692703,0.009159505367279053,0.14336059242486954,
llama2-7b,2048,C,int,128,prove_forward,8,4,_wire_gpuv_stream_prune_polauto,cuda,NVIDIA L40S,NVIDIA L40S (GPU client) + AMD EPYC 9334 32-Core Processor x8 threads,32,6738149376,2.3789500538259745,measured,,,,
llama2-7b,2048,C,int,128,prove_forward,8,4,_wire_prune_polauto,cuda,NVIDIA L40S,AMD EPYC 9334 32-Core Processor x8 threads,32,6738149376,2.4005627892911434,measured,0.013868171721696854,0.09084268286824226,2.4000780172646046,
llama2-7b,2048,C,int,128,prove_lookups,8,4,_wire_gpuv_stream_prune_polauto,cuda,NVIDIA L40S,NVIDIA L40S (GPU client) + AMD EPYC 9334 32-Core Processor x8 threads,32,6738149376,0.003001909703016281,measured,,,,
llama2-7b,2048,C,int,128,prove_lookups,8,4,_wire_prune_polauto,cuda,NVIDIA L40S,AMD EPYC 9334 32-Core Processor x8 threads,32,6738149376,0.0029628239572048187,measured,0.002562887966632843,0.0026340894401073456,0.0047701336443424225,
llama2-7b,2048,C,int,128,prove_open,8,4,_wire_gpuv_stream_prune_polauto,cuda,NVIDIA L40S,NVIDIA L40S (GPU client) + AMD EPYC 9334 32-Core Processor x8 threads,32,6738149376,1.140734575688839,measured,,,,
llama2-7b,2048,C,int,128,prove_open,8,4,_wire_prune_polauto,cuda,NVIDIA L40S,AMD EPYC 9334 32-Core Processor x8 threads,32,6738149376,1.119872011244297,measured,0.06963099166750908,0.1009768508374691,1.0413526259362698,
llama2-7b,2048,C,int,128,verify_columns,8,4,_wire_prune_polauto,cuda,NVIDIA L40S,AMD EPYC 9334 32-Core Processor x8 threads,32,6738149376,0.32873503863811493,measured,0.01562606543302536,0.024647433310747147,0.29528846964240074,
llama2-7b,2048,C,int,128,verify_decode,8,4,_wire_gpuv_stream_prune_polauto,cuda,NVIDIA L40S,NVIDIA L40S (GPU client) + AMD EPYC 9334 32-Core Processor x8 threads,32,6738149376,253.0279080569744,measured,,,,
llama2-7b,2048,C,int,128,verify_decode,8,4,_wire_prune_polauto,cuda,NVIDIA L40S,AMD EPYC 9334 32-Core Processor x8 threads,32,6738149376,514.0387980267406,measured,0.037952832877635956,0.205277681350708,5.22502313554287,
llama2-7b,2048,C,int,128,verify_derive,8,4,_wire_prune_polauto,cuda,NVIDIA L40S,AMD EPYC 9334 32-Core Processor x8 threads,32,6738149376,40.411174811422825,measured,0.10535451397299767,1.2782135270535946,36.4639839194715,
llama2-7b,2048,C,int,128,verify_fold,8,4,_wire_gpuv_stream_prune_polauto,cuda,NVIDIA L40S,NVIDIA L40S (GPU client) + AMD EPYC 9334 32-Core Processor x8 threads,32,6738149376,0.0,measured,,,,
llama2-7b,2048,C,int,128,verify_fold,8,4,_wire_prune_polauto,cuda,NVIDIA L40S,AMD EPYC 9334 32-Core Processor x8 threads,32,6738149376,0.0,measured,0.0,0.0,0.0,
llama2-7b,2048,C,int,128,verify_lookups,8,4,_wire_prune_polauto,cuda,NVIDIA L40S,AMD EPYC 9334 32-Core Processor x8 threads,32,6738149376,0.026395797729492188,measured,0.019201844930648804,0.02050039917230606,0.05945702642202377,
llama2-7b,2048,C,int,128,verify_products,8,4,_wire_prune_polauto,cuda,NVIDIA L40S,AMD EPYC 9334 32-Core Processor x8 threads,32,6738149376,12.620707985013723,measured,0.06610157713294029,0.4056573957204819,10.59233195334673,
llama2-7b,2048,C,int,128,verify_total,8,4,_wire_gpuv_stream_prune_polauto,cuda,NVIDIA L40S,NVIDIA L40S (GPU client) + AMD EPYC 9334 32-Core Processor x8 threads,32,6738149376,1.5909633580595255,measured,,,,
llama2-7b,2048,Kpre,int,128,bytes_total,8,4,_wire_gpuv_stream_prune_lookups,cuda,NVIDIA L40S,NVIDIA L40S (GPU client) + AMD EPYC 9334 32-Core Processor x8 threads,32,6738149376,6435850092.5,measured,,,,
llama2-7b,2048,Kpre,int,128,bytes_total,8,4,_wire_prune_lookups,cuda,NVIDIA L40S,AMD EPYC 9334 32-Core Processor x8 threads,32,6738149376,6433736775.0,measured,39860349.0,245717538.0,6421433208.0,
llama2-7b,2048,Kpre,int,128,fs_hash,8,4,_wire_gpuv_stream_prune_lookups,cuda,NVIDIA L40S,NVIDIA L40S (GPU client) + AMD EPYC 9334 32-Core Processor x8 threads,32,6738149376,2.725515514612198e-06,measured,,,,
llama2-7b,2048,Kpre,int,128,fs_hash,8,4,_wire_prune_lookups,cuda,NVIDIA L40S,AMD EPYC 9334 32-Core Processor x8 threads,32,6738149376,5.260109901428223e-06,measured,1.7201527953147888e-06,2.109445631504059e-06,1.378823071718216e-05,
llama2-7b,2048,Kpre,int,128,prove_encode,8,4,_wire_gpuv_stream_prune_lookups,cuda,NVIDIA L40S,NVIDIA L40S (GPU client) + AMD EPYC 9334 32-Core Processor x8 threads,32,6738149376,4.912336686160415,measured,,,,
llama2-7b,2048,Kpre,int,128,prove_encode,8,4,_wire_prune_lookups,cuda,NVIDIA L40S,AMD EPYC 9334 32-Core Processor x8 threads,32,6738149376,7.955045761540532,measured,0.046718779020011425,0.25034698098897934,6.359193040058017,
llama2-7b,2048,Kpre,int,128,prove_fold,8,4,_wire_gpuv_stream_prune_lookups,cuda,NVIDIA L40S,NVIDIA L40S (GPU client) + AMD EPYC 9334 32-Core Processor x8 threads,32,6738149376,0.0,measured,,,,
llama2-7b,2048,Kpre,int,128,prove_fold,8,4,_wire_prune_lookups,cuda,NVIDIA L40S,AMD EPYC 9334 32-Core Processor x8 threads,32,6738149376,0.0,measured,0.0,0.0,0.0,
llama2-7b,2048,Kpre,int,128,prove_forward,8,4,_wire_gpuv_stream_prune_lookups,cuda,NVIDIA L40S,NVIDIA L40S (GPU client) + AMD EPYC 9334 32-Core Processor x8 threads,32,6738149376,2.406810433138162,measured,,,,
llama2-7b,2048,Kpre,int,128,prove_forward,8,4,_wire_prune_lookups,cuda,NVIDIA L40S,AMD EPYC 9334 32-Core Processor x8 threads,32,6738149376,2.3997439220547676,measured,0.014065773226320744,0.09089434053748846,2.39575135987252,
llama2-7b,2048,Kpre,int,128,verify_decode,8,4,_wire_gpuv_stream_prune_lookups,cuda,NVIDIA L40S,NVIDIA L40S (GPU client) + AMD EPYC 9334 32-Core Processor x8 threads,32,6738149376,3.6434692214243114,measured,,,,
llama2-7b,2048,Kpre,int,128,verify_decode,8,4,_wire_prune_lookups,cuda,NVIDIA L40S,AMD EPYC 9334 32-Core Processor x8 threads,32,6738149376,10.096295164898038,measured,0.036025493405759335,0.273800915107131,7.407063566148281,
llama2-7b,2048,Kpre,int,128,verify_derive,8,4,_wire_prune_lookups,cuda,NVIDIA L40S,AMD EPYC 9334 32-Core Processor x8 threads,32,6738149376,39.84008996933699,measured,0.14921984635293484,1.4715751511976123,41.142234296537936,
llama2-7b,2048,Kpre,int,128,verify_fold,8,4,_wire_gpuv_stream_prune_lookups,cuda,NVIDIA L40S,NVIDIA L40S (GPU client) + AMD EPYC 9334 32-Core Processor x8 threads,32,6738149376,0.0,measured,,,,
llama2-7b,2048,Kpre,int,128,verify_fold,8,4,_wire_prune_lookups,cuda,NVIDIA L40S,AMD EPYC 9334 32-Core Processor x8 threads,32,6738149376,0.0,measured,0.0,0.0,0.0,
llama2-7b,2048,Kpre,int,128,verify_products,8,4,_wire_prune_lookups,cuda,NVIDIA L40S,AMD EPYC 9334 32-Core Processor x8 threads,32,6738149376,8.2419956298545,measured,0.06012374069541693,0.35786217730492353,9.290015275590122,
llama2-7b,2048,Kpre,int,128,verify_total,8,4,_wire_gpuv_stream_prune_lookups,cuda,NVIDIA L40S,NVIDIA L40S (GPU client) + AMD EPYC 9334 32-Core Processor x8 threads,32,6738149376,1.3143570637330413,measured,,,,
llama2-7b,64,C,int,128,bytes_total,8,4,_wire_batch_prune_polauto,cuda,NVIDIA L40S,AMD EPYC 9334 32-Core Processor x8 threads,32,6738149376,324320880.0,measured,,,,
llama2-7b,64,C,int,128,bytes_total,8,4,_wire_batch_prune_polauto,cuda,NVIDIA L40S,AMD EPYC 9334 32-Core Processor x8 threads,32,6738149376,1749361019.0,measured,,,,8
llama2-7b,64,C,int,128,bytes_total,8,4,_wire_gpuv_stream_prune_polauto,cuda,NVIDIA L40S,NVIDIA L40S (GPU client) + AMD EPYC 9334 32-Core Processor x8 threads,32,6738149376,324534004.0,measured,,,,
llama2-7b,64,C,int,128,bytes_total,8,4,_wire_prune_polauto,cuda,NVIDIA L40S,AMD EPYC 9334 32-Core Processor x8 threads,32,6738149376,324534708.0,measured,8172238.5,18511400.0,328686245.0,
llama2-7b,64,C,int,128,fs_hash,8,4,_wire_batch_prune_polauto,cuda,NVIDIA L40S,AMD EPYC 9334 32-Core Processor x8 threads,32,6738149376,2.3599714040756226e-06,measured,,,,
llama2-7b,64,C,int,128,fs_hash,8,4,_wire_batch_prune_polauto,cuda,NVIDIA L40S,AMD EPYC 9334 32-Core Processor x8 threads,32,6738149376,4.520639777183533e-06,measured,,,,8
llama2-7b,64,C,int,128,fs_hash,8,4,_wire_gpuv_stream_prune_polauto,cuda,NVIDIA L40S,NVIDIA L40S (GPU client) + AMD EPYC 9334 32-Core Processor x8 threads,32,6738149376,1.7881393432617188e-06,measured,,,,
llama2-7b,64,C,int,128,fs_hash,8,4,_wire_prune_polauto,cuda,NVIDIA L40S,AMD EPYC 9334 32-Core Processor x8 threads,32,6738149376,2.069864422082901e-06,measured,6.002373993396759e-07,1.2246891856193542e-06,1.9958242774009705e-05,
llama2-7b,64,C,int,128,prove_encode,8,4,_wire_batch_prune_polauto,cuda,NVIDIA L40S,AMD EPYC 9334 32-Core Processor x8 threads,32,6738149376,0.40257396921515465,measured,,,,
llama2-7b,64,C,int,128,prove_encode,8,4,_wire_batch_prune_polauto,cuda,NVIDIA L40S,AMD EPYC 9334 32-Core Processor x8 threads,32,6738149376,1.5237956456840038,measured,,,,8
llama2-7b,64,C,int,128,prove_encode,8,4,_wire_gpuv_stream_prune_polauto,cuda,NVIDIA L40S,NVIDIA L40S (GPU client) + AMD EPYC 9334 32-Core Processor x8 threads,32,6738149376,0.4940470140427351,measured,,,,
llama2-7b,64,C,int,128,prove_encode,8,4,_wire_prune_polauto,cuda,NVIDIA L40S,AMD EPYC 9334 32-Core Processor x8 threads,32,6738149376,0.4133165921084583,measured,0.01498735835775733,0.027524498291313648,0.4036386962980032,
llama2-7b,64,C,int,128,prove_fold,8,4,_wire_batch_prune_polauto,cuda,NVIDIA L40S,AMD EPYC 9334 32-Core Processor x8 threads,32,6738149376,0.14361858647316694,measured,,,,
llama2-7b,64,C,int,128,prove_fold,8,4,_wire_batch_prune_polauto,cuda,NVIDIA L40S,AMD EPYC 9334 32-Core Processor x8 threads,32,6738149376,0.14364189188927412,measured,,,,8
llama2-7b,64,C,int,128,prove_fold,8,4,_wire_gpuv_stream_prune_polauto,cuda,NVIDIA L40S,NVIDIA L40S (GPU client) + AMD EPYC 9334 32-Core Processor x8 threads,32,6738149376,0.14409277774393559,measured,,,,
llama2-7b,64,C,int,128,prove_fold,8,4,_wire_prune_polauto,cuda,NVIDIA L40S,AMD EPYC 9334 32-Core Processor x8 threads,32,6738149376,0.14384121261537075,measured,0.0045969425700604916,0.009155175182968378,0.14590215357020497,
llama2-7b,64,C,int,128,prove_forward,8,4,_wire_batch_prune_polauto,cuda,NVIDIA L40S,AMD EPYC 9334 32-Core Processor x8 threads,32,6738149376,0.11508950777351856,measured,,,,
llama2-7b,64,C,int,128,prove_forward,8,4,_wire_batch_prune_polauto,cuda,NVIDIA L40S,AMD EPYC 9334 32-Core Processor x8 threads,32,6738149376,0.35662735905498266,measured,,,,8
llama2-7b,64,C,int,128,prove_forward,8,4,_wire_gpuv_stream_prune_polauto,cuda,NVIDIA L40S,NVIDIA L40S (GPU client) + AMD EPYC 9334 32-Core Processor x8 threads,32,6738149376,0.11303960904479027,measured,,,,
llama2-7b,64,C,int,128,prove_forward,8,4,_wire_prune_polauto,cuda,NVIDIA L40S,AMD EPYC 9334 32-Core Processor x8 threads,32,6738149376,0.11664066696539521,measured,0.005028813611716032,0.008706199005246162,0.11902776081115007,
llama2-7b,64,C,int,128,prove_lookups,8,4,_wire_batch_prune_polauto,cuda,NVIDIA L40S,AMD EPYC 9334 32-Core Processor x8 threads,32,6738149376,0.0002348804846405983,measured,,,,
llama2-7b,64,C,int,128,prove_lookups,8,4,_wire_batch_prune_polauto,cuda,NVIDIA L40S,AMD EPYC 9334 32-Core Processor x8 threads,32,6738149376,0.001067429780960083,measured,,,,8
llama2-7b,64,C,int,128,prove_lookups,8,4,_wire_gpuv_stream_prune_polauto,cuda,NVIDIA L40S,NVIDIA L40S (GPU client) + AMD EPYC 9334 32-Core Processor x8 threads,32,6738149376,0.00031707435846328735,measured,,,,
llama2-7b,64,C,int,128,prove_lookups,8,4,_wire_prune_polauto,cuda,NVIDIA L40S,AMD EPYC 9334 32-Core Processor x8 threads,32,6738149376,0.0003006705082952976,measured,0.0002532200887799263,0.00025725504383444786,0.0003783036954700947,
llama2-7b,64,C,int,128,prove_open,8,4,_wire_batch_prune_polauto,cuda,NVIDIA L40S,AMD EPYC 9334 32-Core Processor x8 threads,32,6738149376,1.1138565754517913,measured,,,,
llama2-7b,64,C,int,128,prove_open,8,4,_wire_batch_prune_polauto,cuda,NVIDIA L40S,AMD EPYC 9334 32-Core Processor x8 threads,32,6738149376,1.0913606015965343,measured,,,,8
llama2-7b,64,C,int,128,prove_open,8,4,_wire_gpuv_stream_prune_polauto,cuda,NVIDIA L40S,NVIDIA L40S (GPU client) + AMD EPYC 9334 32-Core Processor x8 threads,32,6738149376,1.1281984616070986,measured,,,,
llama2-7b,64,C,int,128,prove_open,8,4,_wire_prune_polauto,cuda,NVIDIA L40S,AMD EPYC 9334 32-Core Processor x8 threads,32,6738149376,1.10546829784289,measured,0.06959138996899128,0.10055419150739908,1.0294382376596332,
llama2-7b,64,C,int,128,verify_columns,8,4,_wire_batch_prune_polauto,cuda,NVIDIA L40S,AMD EPYC 9334 32-Core Processor x8 threads,32,6738149376,0.3060216959565878,measured,,,,
llama2-7b,64,C,int,128,verify_columns,8,4,_wire_batch_prune_polauto,cuda,NVIDIA L40S,AMD EPYC 9334 32-Core Processor x8 threads,32,6738149376,0.33908810559660196,measured,,,,8
llama2-7b,64,C,int,128,verify_columns,8,4,_wire_prune_polauto,cuda,NVIDIA L40S,AMD EPYC 9334 32-Core Processor x8 threads,32,6738149376,0.26676288433372974,measured,0.019018125254660845,0.02573708025738597,0.2273057303391397,
llama2-7b,64,C,int,128,verify_decode,8,4,_wire_batch_prune_polauto,cuda,NVIDIA L40S,AMD EPYC 9334 32-Core Processor x8 threads,32,6738149376,0.17814811784774065,measured,,,,
llama2-7b,64,C,int,128,verify_decode,8,4,_wire_batch_prune_polauto,cuda,NVIDIA L40S,AMD EPYC 9334 32-Core Processor x8 threads,32,6738149376,1.6910894382745028,measured,,,,8
llama2-7b,64,C,int,128,verify_decode,8,4,_wire_gpuv_stream_prune_polauto,cuda,NVIDIA L40S,NVIDIA L40S (GPU client) + AMD EPYC 9334 32-Core Processor x8 threads,32,6738149376,0.09625058248639107,measured,,,,
llama2-7b,64,C,int,128,verify_decode,8,4,_wire_prune_polauto,cuda,NVIDIA L40S,AMD EPYC 9334 32-Core Processor x8 threads,32,6738149376,0.17264105519279838,measured,0.006315100006759167,0.016078469809144735,0.3089795638807118,
llama2-7b,64,C,int,128,verify_derive,8,4,_wire_batch_prune_polauto,cuda,NVIDIA L40S,AMD EPYC 9334 32-Core Processor x8 threads,32,6738149376,0.31799482461065054,measured,,,,
llama2-7b,64,C,int,128,verify_derive,8,4,_wire_batch_prune_polauto,cuda,NVIDIA L40S,AMD EPYC 9334 32-Core Processor x8 threads,32,6738149376,3.467519011348486,measured,,,,8
llama2-7b,64,C,int,128,verify_derive,8,4,_wire_prune_polauto,cuda,NVIDIA L40S,AMD EPYC 9334 32-Core Processor x8 threads,32,6738149376,0.31129297660663724,measured,0.003143494948744774,0.014709223061800003,0.3616810664534569,
llama2-7b,64,C,int,128,verify_fold,8,4,_wire_batch_prune_polauto,cuda,NVIDIA L40S,AMD EPYC 9334 32-Core Processor x8 threads,32,6738149376,0.0,measured,,,,
llama2-7b,64,C,int,128,verify_fold,8,4,_wire_batch_prune_polauto,cuda,NVIDIA L40S,AMD EPYC 9334 32-Core Processor x8 threads,32,6738149376,0.0,measured,,,,8
llama2-7b,64,C,int,128,verify_fold,8,4,_wire_gpuv_stream_prune_polauto,cuda,NVIDIA L40S,NVIDIA L40S (GPU client) + AMD EPYC 9334 32-Core Processor x8 threads,32,6738149376,0.0,measured,,,,
llama2-7b,64,C,int,128,verify_fold,8,4,_wire_prune_polauto,cuda,NVIDIA L40S,AMD EPYC 9334 32-Core Processor x8 threads,32,6738149376,0.0,measured,0.0,0.0,0.0,
llama2-7b,64,C,int,128,verify_lookups,8,4,_wire_batch_prune_polauto,cuda,NVIDIA L40S,AMD EPYC 9334 32-Core Processor x8 threads,32,6738149376,0.0009473599493503571,measured,,,,
llama2-7b,64,C,int,128,verify_lookups,8,4,_wire_batch_prune_polauto,cuda,NVIDIA L40S,AMD EPYC 9334 32-Core Processor x8 threads,32,6738149376,0.005236539989709854,measured,,,,8
llama2-7b,64,C,int,128,verify_lookups,8,4,_wire_prune_polauto,cuda,NVIDIA L40S,AMD EPYC 9334 32-Core Processor x8 threads,32,6738149376,0.0009618713520467281,measured,0.0008275462314486504,0.0009904969483613968,0.00587901845574379,
llama2-7b,64,C,int,128,verify_products,8,4,_wire_batch_prune_polauto,cuda,NVIDIA L40S,AMD EPYC 9334 32-Core Processor x8 threads,32,6738149376,0.28978633414953947,measured,,,,
llama2-7b,64,C,int,128,verify_products,8,4,_wire_batch_prune_polauto,cuda,NVIDIA L40S,AMD EPYC 9334 32-Core Processor x8 threads,32,6738149376,1.8060758290812373,measured,,,,8
llama2-7b,64,C,int,128,verify_products,8,4,_wire_prune_polauto,cuda,NVIDIA L40S,AMD EPYC 9334 32-Core Processor x8 threads,32,6738149376,0.27634135680273175,measured,0.004016555845737457,0.011503602843731642,0.23611501278355718,
llama2-7b,64,C,int,128,verify_total,8,4,_wire_gpuv_stream_prune_polauto,cuda,NVIDIA L40S,NVIDIA L40S (GPU client) + AMD EPYC 9334 32-Core Processor x8 threads,32,6738149376,0.3343634083867073,measured,,,,
llama2-7b,64,Kpre,int,128,bytes_total,8,4,_wire_gpuv_stream_prune_lookups,cuda,NVIDIA L40S,NVIDIA L40S (GPU client) + AMD EPYC 9334 32-Core Processor x8 threads,32,6738149376,196479940.0,measured,,,,
llama2-7b,64,Kpre,int,128,bytes_total,8,4,_wire_prune_lookups,cuda,NVIDIA L40S,AMD EPYC 9334 32-Core Processor x8 threads,32,6738149376,196479940.0,measured,1389778.5,7800980.5,200137040.5,
llama2-7b,64,Kpre,int,128,fs_hash,8,4,_wire_gpuv_stream_prune_lookups,cuda,NVIDIA L40S,NVIDIA L40S (GPU client) + AMD EPYC 9334 32-Core Processor x8 threads,32,6738149376,1.695007085800171e-06,measured,,,,
llama2-7b,64,Kpre,int,128,fs_hash,8,4,_wire_prune_lookups,cuda,NVIDIA L40S,AMD EPYC 9334 32-Core Processor x8 threads,32,6738149376,2.4745240807533264e-06,measured,9.848736226558685e-07,8.14441591501236e-07,-4.298519343137741e-06,
llama2-7b,64,Kpre,int,128,prove_encode,8,4,_wire_gpuv_stream_prune_lookups,cuda,NVIDIA L40S,NVIDIA L40S (GPU client) + AMD EPYC 9334 32-Core Processor x8 threads,32,6738149376,0.20918548107147217,measured,,,,
llama2-7b,64,Kpre,int,128,prove_encode,8,4,_wire_prune_lookups,cuda,NVIDIA L40S,AMD EPYC 9334 32-Core Processor x8 threads,32,6738149376,0.19477352313697338,measured,0.0029490217566490173,0.005436197854578495,0.08005148079246283,
llama2-7b,64,Kpre,int,128,prove_fold,8,4,_wire_gpuv_stream_prune_lookups,cuda,NVIDIA L40S,NVIDIA L40S (GPU client) + AMD EPYC 9334 32-Core Processor x8 threads,32,6738149376,0.0,measured,,,,
llama2-7b,64,Kpre,int,128,prove_fold,8,4,_wire_prune_lookups,cuda,NVIDIA L40S,AMD EPYC 9334 32-Core Processor x8 threads,32,6738149376,0.0,measured,0.0,0.0,0.0,
llama2-7b,64,Kpre,int,128,prove_forward,8,4,_wire_gpuv_stream_prune_lookups,cuda,NVIDIA L40S,NVIDIA L40S (GPU client) + AMD EPYC 9334 32-Core Processor x8 threads,32,6738149376,0.1167074772529304,measured,,,,
llama2-7b,64,Kpre,int,128,prove_forward,8,4,_wire_prune_lookups,cuda,NVIDIA L40S,AMD EPYC 9334 32-Core Processor x8 threads,32,6738149376,0.11691845068708062,measured,0.0049723414704203606,0.008513214066624641,0.11473939195275307,
llama2-7b,64,Kpre,int,128,verify_decode,8,4,_wire_gpuv_stream_prune_lookups,cuda,NVIDIA L40S,NVIDIA L40S (GPU client) + AMD EPYC 9334 32-Core Processor x8 threads,32,6738149376,0.10373437823727727,measured,,,,
llama2-7b,64,Kpre,int,128,verify_decode,8,4,_wire_prune_lookups,cuda,NVIDIA L40S,AMD EPYC 9334 32-Core Processor x8 threads,32,6738149376,0.13990223221480846,measured,0.00219812523573637,0.009597247000783682,0.23157089995220304,
llama2-7b,64,Kpre,int,128,verify_derive,8,4,_wire_prune_lookups,cuda,NVIDIA L40S,AMD EPYC 9334 32-Core Processor x8 threads,32,6738149376,0.34007563814520836,measured,0.004192314576357603,0.015043983701616526,0.3405940574593842,
llama2-7b,64,Kpre,int,128,verify_fold,8,4,_wire_gpuv_stream_prune_lookups,cuda,NVIDIA L40S,NVIDIA L40S (GPU client) + AMD EPYC 9334 32-Core Processor x8 threads,32,6738149376,0.0,measured,,,,
llama2-7b,64,Kpre,int,128,verify_fold,8,4,_wire_prune_lookups,cuda,NVIDIA L40S,AMD EPYC 9334 32-Core Processor x8 threads,32,6738149376,0.0,measured,0.0,0.0,0.0,
llama2-7b,64,Kpre,int,128,verify_products,8,4,_wire_prune_lookups,cuda,NVIDIA L40S,AMD EPYC 9334 32-Core Processor x8 threads,32,6738149376,0.21756622474640608,measured,0.0019350689835846424,0.009143625851720572,0.22540033189579844,
llama2-7b,64,Kpre,int,128,verify_total,8,4,_wire_gpuv_stream_prune_lookups,cuda,NVIDIA L40S,NVIDIA L40S (GPU client) + AMD EPYC 9334 32-Core Processor x8 threads,32,6738149376,0.17155323131009936,measured,,,,
opt-1.3b,2048,C,int,128,bytes_total,8,4,_wire_gpuv_stream_prune_polauto,cuda,NVIDIA L40S,NVIDIA L40S (GPU client) + AMD EPYC 9334 32-Core Processor x8 threads,24,1315553280,2046017777.0,measured,,,,
opt-1.3b,2048,C,int,128,bytes_total,8,4,_wire_prune_polauto,cuda,NVIDIA L40S,AMD EPYC 9334 32-Core Processor x8 threads,24,1315553280,2054949476.0,measured,30338964.0,116706070.0,2016782402.0,
opt-1.3b,2048,C,int,128,fs_hash,8,4,_wire_gpuv_stream_prune_polauto,cuda,NVIDIA L40S,NVIDIA L40S (GPU client) + AMD EPYC 9334 32-Core Processor x8 threads,24,1315553280,1.5096738934516907e-06,measured,,,,
opt-1.3b,2048,C,int,128,fs_hash,8,4,_wire_prune_polauto,cuda,NVIDIA L40S,AMD EPYC 9334 32-Core Processor x8 threads,24,1315553280,5.149282515048981e-06,measured,1.5702098608016968e-06,2.119690179824829e-06,1.420825719833374e-05,
opt-1.3b,2048,C,int,128,prove_encode,8,4,_wire_gpuv_stream_prune_polauto,cuda,NVIDIA L40S,NVIDIA L40S (GPU client) + AMD EPYC 9334 32-Core Processor x8 threads,24,1315553280,1.5412060068920255,measured,,,,
opt-1.3b,2048,C,int,128,prove_encode,8,4,_wire_prune_polauto,cuda,NVIDIA L40S,AMD EPYC 9334 32-Core Processor x8 threads,24,1315553280,2.6761931218206882,measured,0.01401547808200121,0.11683495808392763,2.378863518126309,
opt-1.3b,2048,C,int,128,prove_fold,8,4,_wire_gpuv_stream_prune_polauto,cuda,NVIDIA L40S,NVIDIA L40S (GPU client) + AMD EPYC 9334 32-Core Processor x8 threads,24,1315553280,0.03267304366454482,measured,,,,
opt-1.3b,2048,C,int,128,prove_fold,8,4,_wire_prune_polauto,cuda,NVIDIA L40S,AMD EPYC 9334 32-Core Processor x8 threads,24,1315553280,0.03623789642006159,measured,0.0018149912357330322,0.0032368646934628487,0.03451808076351881,
opt-1.3b,2048,C,int,128,prove_forward,8,4,_wire_gpuv_stream_prune_polauto,cuda,NVIDIA L40S,NVIDIA L40S (GPU client) + AMD EPYC 9334 32-Core Processor x8 threads,24,1315553280,0.7837834670208395,measured,,,,
opt-1.3b,2048,C,int,128,prove_forward,8,4,_wire_prune_polauto,cuda,NVIDIA L40S,AMD EPYC 9334 32-Core Processor x8 threads,24,1315553280,0.7924052253365517,measured,0.005969498306512833,0.04004202224314213,0.7896375488489866,
opt-1.3b,2048,C,int,128,prove_lookups,8,4,_wire_gpuv_stream_prune_polauto,cuda,NVIDIA L40S,NVIDIA L40S (GPU client) + AMD EPYC 9334 32-Core Processor x8 threads,24,1315553280,0.0034035160206258297,measured,,,,
opt-1.3b,2048,C,int,128,prove_lookups,8,4,_wire_prune_polauto,cuda,NVIDIA L40S,AMD EPYC 9334 32-Core Processor x8 threads,24,1315553280,0.003915555775165558,measured,0.0035911956802010536,0.004043844528496265,0.014002119190990925,
opt-1.3b,2048,C,int,128,prove_open,8,4,_wire_gpuv_stream_prune_polauto,cuda,NVIDIA L40S,NVIDIA L40S (GPU client) + AMD EPYC 9334 32-Core Processor x8 threads,24,1315553280,0.3093562903814018,measured,,,,
opt-1.3b,2048,C,int,128,prove_open,8,4,_wire_prune_polauto,cuda,NVIDIA L40S,AMD EPYC 9334 32-Core Processor x8 threads,24,1315553280,0.3131707822903991,measured,0.03847300074994564,0.05192402005195618,0.347846444696188,
opt-1.3b,2048,C,int,128,verify_columns,8,4,_wire_prune_polauto,cuda,NVIDIA L40S,AMD EPYC 9334 32-Core Processor x8 threads,24,1315553280,0.08484685700386763,measured,0.010470372624695301,0.015987921506166458,0.1373739968985319,
opt-1.3b,2048,C,int,128,verify_decode,8,4,_wire_gpuv_stream_prune_polauto,cuda,NVIDIA L40S,NVIDIA L40S (GPU client) + AMD EPYC 9334 32-Core Processor x8 threads,24,1315553280,1.8867970081046224,measured,,,,
opt-1.3b,2048,C,int,128,verify_decode,8,4,_wire_prune_polauto,cuda,NVIDIA L40S,AMD EPYC 9334 32-Core Processor x8 threads,24,1315553280,2.593920669518411,measured,0.023708022199571133,0.09942936152219772,1.7652988266199827,
opt-1.3b,2048,C,int,128,verify_derive,8,4,_wire_prune_polauto,cuda,NVIDIA L40S,AMD EPYC 9334 32-Core Processor x8 threads,24,1315553280,20.494913209229708,measured,0.05254710838198662,1.0749721061438322,23.568322056904435,
opt-1.3b,2048,C,int,128,verify_fold,8,4,_wire_gpuv_stream_prune_polauto,cuda,NVIDIA L40S,NVIDIA L40S (GPU client) + AMD EPYC 9334 32-Core Processor x8 threads,24,1315553280,0.0,measured,,,,
opt-1.3b,2048,C,int,128,verify_fold,8,4,_wire_prune_polauto,cuda,NVIDIA L40S,AMD EPYC 9334 32-Core Processor x8 threads,24,1315553280,0.0,measured,0.0,0.0,0.0,
opt-1.3b,2048,C,int,128,verify_lookups,8,4,_wire_prune_polauto,cuda,NVIDIA L40S,AMD EPYC 9334 32-Core Processor x8 threads,24,1315553280,0.0293310871347785,measured,0.027739635668694973,0.025076854042708874,-0.03350434172898531,
opt-1.3b,2048,C,int,128,verify_products,8,4,_wire_prune_polauto,cuda,NVIDIA L40S,AMD EPYC 9334 32-Core Processor x8 threads,24,1315553280,4.184711451642215,measured,0.04108071327209473,0.2174166403710842,4.096807036548853,
opt-1.3b,2048,C,int,128,verify_total,8,4,_wire_gpuv_stream_prune_polauto,cuda,NVIDIA L40S,NVIDIA L40S (GPU client) + AMD EPYC 9334 32-Core Processor x8 threads,24,1315553280,0.6957889953628182,measured,,,,
opt-1.3b,2048,Kpre,int,128,bytes_total,8,4,_wire_gpuv_stream_prune_lookups,cuda,NVIDIA L40S,NVIDIA L40S (GPU client) + AMD EPYC 9334 32-Core Processor x8 threads,24,1315553280,2002040285.0,measured,,,,
opt-1.3b,2048,Kpre,int,128,bytes_total,8,4,_wire_prune_lookups,cuda,NVIDIA L40S,AMD EPYC 9334 32-Core Processor x8 threads,24,1315553280,2010968432.0,measured,19239137.0,104163655.0,1972503051.0,
opt-1.3b,2048,Kpre,int,128,fs_hash,8,4,_wire_gpuv_stream_prune_lookups,cuda,NVIDIA L40S,NVIDIA L40S (GPU client) + AMD EPYC 9334 32-Core Processor x8 threads,24,1315553280,1.4598481357097626e-06,measured,,,,
opt-1.3b,2048,Kpre,int,128,fs_hash,8,4,_wire_prune_lookups,cuda,NVIDIA L40S,AMD EPYC 9334 32-Core Processor x8 threads,24,1315553280,5.309469997882843e-06,measured,1.0905787348747253e-06,1.4100223779678345e-06,8.437782526016235e-06,
opt-1.3b,2048,Kpre,int,128,prove_encode,8,4,_wire_gpuv_stream_prune_lookups,cuda,NVIDIA L40S,NVIDIA L40S (GPU client) + AMD EPYC 9334 32-Core Processor x8 threads,24,1315553280,1.5269381953403354,measured,,,,
opt-1.3b,2048,Kpre,int,128,prove_encode,8,4,_wire_prune_lookups,cuda,NVIDIA L40S,AMD EPYC 9334 32-Core Processor x8 threads,24,1315553280,1.5949504189193249,measured,0.008997203782200813,0.10141190607100725,2.134535356424749,
opt-1.3b,2048,Kpre,int,128,prove_fold,8,4,_wire_gpuv_stream_prune_lookups,cuda,NVIDIA L40S,NVIDIA L40S (GPU client) + AMD EPYC 9334 32-Core Processor x8 threads,24,1315553280,0.0,measured,,,,
opt-1.3b,2048,Kpre,int,128,prove_fold,8,4,_wire_prune_lookups,cuda,NVIDIA L40S,AMD EPYC 9334 32-Core Processor x8 threads,24,1315553280,0.0,measured,0.0,0.0,0.0,
opt-1.3b,2048,Kpre,int,128,prove_forward,8,4,_wire_gpuv_stream_prune_lookups,cuda,NVIDIA L40S,NVIDIA L40S (GPU client) + AMD EPYC 9334 32-Core Processor x8 threads,24,1315553280,0.7863999013788998,measured,,,,
opt-1.3b,2048,Kpre,int,128,prove_forward,8,4,_wire_prune_lookups,cuda,NVIDIA L40S,AMD EPYC 9334 32-Core Processor x8 threads,24,1315553280,0.7864749412983656,measured,0.005469847470521927,0.03956520091742277,0.7896629767492414,
opt-1.3b,2048,Kpre,int,128,verify_decode,8,4,_wire_gpuv_stream_prune_lookups,cuda,NVIDIA L40S,NVIDIA L40S (GPU client) + AMD EPYC 9334 32-Core Processor x8 threads,24,1315553280,1.6815849961712956,measured,,,,
opt-1.3b,2048,Kpre,int,128,verify_decode,8,4,_wire_prune_lookups,cuda,NVIDIA L40S,AMD EPYC 9334 32-Core Processor x8 threads,24,1315553280,2.2284448556602,measured,0.012782890349626541,0.07368994411081076,1.4136451268568635,
opt-1.3b,2048,Kpre,int,128,verify_derive,8,4,_wire_prune_lookups,cuda,NVIDIA L40S,AMD EPYC 9334 32-Core Processor x8 threads,24,1315553280,21.603438750840724,measured,0.08371823839843273,0.9855048712342978,20.824810793623328,
opt-1.3b,2048,Kpre,int,128,verify_fold,8,4,_wire_gpuv_stream_prune_lookups,cuda,NVIDIA L40S,NVIDIA L40S (GPU client) + AMD EPYC 9334 32-Core Processor x8 threads,24,1315553280,0.0,measured,,,,
opt-1.3b,2048,Kpre,int,128,verify_fold,8,4,_wire_prune_lookups,cuda,NVIDIA L40S,AMD EPYC 9334 32-Core Processor x8 threads,24,1315553280,0.0,measured,0.0,0.0,0.0,
opt-1.3b,2048,Kpre,int,128,verify_products,8,4,_wire_prune_lookups,cuda,NVIDIA L40S,AMD EPYC 9334 32-Core Processor x8 threads,24,1315553280,3.6551403207704425,measured,0.028936903923749924,0.14767969865351915,2.760021182708442,
opt-1.3b,2048,Kpre,int,128,verify_total,8,4,_wire_gpuv_stream_prune_lookups,cuda,NVIDIA L40S,NVIDIA L40S (GPU client) + AMD EPYC 9334 32-Core Processor x8 threads,24,1315553280,0.6489063398912549,measured,,,,
opt-1.3b,64,C,int,128,bytes_total,8,4,_wire_prune_polauto,cuda,NVIDIA L40S,AMD EPYC 9334 32-Core Processor x8 threads,24,1315553280,95971195.0,measured,,,,
opt-1.3b,64,C,int,128,fs_hash,8,4,_wire_prune_polauto,cuda,NVIDIA L40S,AMD EPYC 9334 32-Core Processor x8 threads,24,1315553280,1.7299316823482513e-06,measured,,,,
opt-1.3b,64,C,int,128,prove_encode,8,4,_wire_prune_polauto,cuda,NVIDIA L40S,AMD EPYC 9334 32-Core Processor x8 threads,24,1315553280,0.1252621216699481,measured,,,,
opt-1.3b,64,C,int,128,prove_fold,8,4,_wire_prune_polauto,cuda,NVIDIA L40S,AMD EPYC 9334 32-Core Processor x8 threads,24,1315553280,0.03390422370284796,measured,,,,
opt-1.3b,64,C,int,128,prove_forward,8,4,_wire_prune_polauto,cuda,NVIDIA L40S,AMD EPYC 9334 32-Core Processor x8 threads,24,1315553280,0.05112979328259826,measured,,,,
opt-1.3b,64,C,int,128,prove_lookups,8,4,_wire_prune_polauto,cuda,NVIDIA L40S,AMD EPYC 9334 32-Core Processor x8 threads,24,1315553280,0.00033296598121523857,measured,,,,
opt-1.3b,64,C,int,128,prove_open,8,4,_wire_prune_polauto,cuda,NVIDIA L40S,AMD EPYC 9334 32-Core Processor x8 threads,24,1315553280,0.3047309834510088,measured,,,,
opt-1.3b,64,C,int,128,verify_columns,8,4,_wire_prune_polauto,cuda,NVIDIA L40S,AMD EPYC 9334 32-Core Processor x8 threads,24,1315553280,0.08662836160510778,measured,,,,
opt-1.3b,64,C,int,128,verify_decode,8,4,_wire_prune_polauto,cuda,NVIDIA L40S,AMD EPYC 9334 32-Core Processor x8 threads,24,1315553280,0.05184330604970455,measured,,,,
opt-1.3b,64,C,int,128,verify_derive,8,4,_wire_prune_polauto,cuda,NVIDIA L40S,AMD EPYC 9334 32-Core Processor x8 threads,24,1315553280,0.12303776200860739,measured,,,,
opt-1.3b,64,C,int,128,verify_fold,8,4,_wire_prune_polauto,cuda,NVIDIA L40S,AMD EPYC 9334 32-Core Processor x8 threads,24,1315553280,0.0,measured,,,,
opt-1.3b,64,C,int,128,verify_lookups,8,4,_wire_prune_polauto,cuda,NVIDIA L40S,AMD EPYC 9334 32-Core Processor x8 threads,24,1315553280,0.001185497734695673,measured,,,,
opt-1.3b,64,C,int,128,verify_products,8,4,_wire_prune_polauto,cuda,NVIDIA L40S,AMD EPYC 9334 32-Core Processor x8 threads,24,1315553280,0.1374706025235355,measured,,,,
opt-1.3b,64,Kpre,int,128,bytes_total,8,4,_wire_prune_lookups,cuda,NVIDIA L40S,AMD EPYC 9334 32-Core Processor x8 threads,24,1315553280,60351351.0,measured,,,,
opt-1.3b,64,Kpre,int,128,fs_hash,8,4,_wire_prune_lookups,cuda,NVIDIA L40S,AMD EPYC 9334 32-Core Processor x8 threads,24,1315553280,1.9101426005363464e-06,measured,,,,
opt-1.3b,64,Kpre,int,128,prove_encode,8,4,_wire_prune_lookups,cuda,NVIDIA L40S,AMD EPYC 9334 32-Core Processor x8 threads,24,1315553280,0.03598074754700065,measured,,,,
opt-1.3b,64,Kpre,int,128,prove_fold,8,4,_wire_prune_lookups,cuda,NVIDIA L40S,AMD EPYC 9334 32-Core Processor x8 threads,24,1315553280,0.0,measured,,,,
opt-1.3b,64,Kpre,int,128,prove_forward,8,4,_wire_prune_lookups,cuda,NVIDIA L40S,AMD EPYC 9334 32-Core Processor x8 threads,24,1315553280,0.050702694337815046,measured,,,,
opt-1.3b,64,Kpre,int,128,verify_decode,8,4,_wire_prune_lookups,cuda,NVIDIA L40S,AMD EPYC 9334 32-Core Processor x8 threads,24,1315553280,0.04892013967037201,measured,,,,
opt-1.3b,64,Kpre,int,128,verify_derive,8,4,_wire_prune_lookups,cuda,NVIDIA L40S,AMD EPYC 9334 32-Core Processor x8 threads,24,1315553280,0.14888369850814342,measured,,,,
opt-1.3b,64,Kpre,int,128,verify_fold,8,4,_wire_prune_lookups,cuda,NVIDIA L40S,AMD EPYC 9334 32-Core Processor x8 threads,24,1315553280,0.0,measured,,,,
opt-1.3b,64,Kpre,int,128,verify_products,8,4,_wire_prune_lookups,cuda,NVIDIA L40S,AMD EPYC 9334 32-Core Processor x8 threads,24,1315553280,0.10122643690556288,measured,,,,
opt-125m,2048,C,int,128,bytes_total,8,4,_wire_gpuv_stream_prune_polauto,cuda,NVIDIA L40S,NVIDIA L40S (GPU client) + AMD EPYC 9334 32-Core Processor x8 threads,12,125199360,347932447.0,measured,,,,
opt-125m,2048,C,int,128,bytes_total,8,4,_wire_prune_polauto,cuda,NVIDIA L40S,AMD EPYC 9334 32-Core Processor x8 threads,12,125199360,347916370.0,measured,,,,
opt-125m,2048,C,int,128,fs_hash,8,4,_wire_gpuv_stream_prune_polauto,cuda,NVIDIA L40S,NVIDIA L40S (GPU client) + AMD EPYC 9334 32-Core Processor x8 threads,12,125199360,1.6852281987667084e-06,measured,,,,
opt-125m,2048,C,int,128,fs_hash,8,4,_wire_prune_polauto,cuda,NVIDIA L40S,AMD EPYC 9334 32-Core Processor x8 threads,12,125199360,1.3494864106178284e-06,measured,,,,
opt-125m,2048,C,int,128,prove_encode,8,4,_wire_gpuv_stream_prune_polauto,cuda,NVIDIA L40S,NVIDIA L40S (GPU client) + AMD EPYC 9334 32-Core Processor x8 threads,12,125199360,0.2820192985236645,measured,,,,
opt-125m,2048,C,int,128,prove_encode,8,4,_wire_prune_polauto,cuda,NVIDIA L40S,AMD EPYC 9334 32-Core Processor x8 threads,12,125199360,0.24086043145507574,measured,,,,
opt-125m,2048,C,int,128,prove_fold,8,4,_wire_gpuv_stream_prune_polauto,cuda,NVIDIA L40S,NVIDIA L40S (GPU client) + AMD EPYC 9334 32-Core Processor x8 threads,12,125199360,0.00550929456949234,measured,,,,
opt-125m,2048,C,int,128,prove_fold,8,4,_wire_prune_polauto,cuda,NVIDIA L40S,AMD EPYC 9334 32-Core Processor x8 threads,12,125199360,0.006456800736486912,measured,,,,
opt-125m,2048,C,int,128,prove_forward,8,4,_wire_gpuv_stream_prune_polauto,cuda,NVIDIA L40S,NVIDIA L40S (GPU client) + AMD EPYC 9334 32-Core Processor x8 threads,12,125199360,0.10465509444475174,measured,,,,
opt-125m,2048,C,int,128,prove_forward,8,4,_wire_prune_polauto,cuda,NVIDIA L40S,AMD EPYC 9334 32-Core Processor x8 threads,12,125199360,0.10453308932483196,measured,,,,
opt-125m,2048,C,int,128,prove_lookups,8,4,_wire_gpuv_stream_prune_polauto,cuda,NVIDIA L40S,NVIDIA L40S (GPU client) + AMD EPYC 9334 32-Core Processor x8 threads,12,125199360,0.0033997055143117905,measured,,,,
opt-125m,2048,C,int,128,prove_lookups,8,4,_wire_prune_polauto,cuda,NVIDIA L40S,AMD EPYC 9334 32-Core Processor x8 threads,12,125199360,0.0036324355751276016,measured,,,,
opt-125m,2048,C,int,128,prove_open,8,4,_wire_gpuv_stream_prune_polauto,cuda,NVIDIA L40S,NVIDIA L40S (GPU client) + AMD EPYC 9334 32-Core Processor x8 threads,12,125199360,0.03902916144579649,measured,,,,
opt-125m,2048,C,int,128,prove_open,8,4,_wire_prune_polauto,cuda,NVIDIA L40S,AMD EPYC 9334 32-Core Processor x8 threads,12,125199360,0.0406956197693944,measured,,,,
opt-125m,2048,C,int,128,verify_columns,8,4,_wire_prune_polauto,cuda,NVIDIA L40S,AMD EPYC 9334 32-Core Processor x8 threads,12,125199360,0.020959566347301006,measured,,,,
opt-125m,2048,C,int,128,verify_decode,8,4,_wire_gpuv_stream_prune_polauto,cuda,NVIDIA L40S,NVIDIA L40S (GPU client) + AMD EPYC 9334 32-Core Processor x8 threads,12,125199360,0.18831419618800282,measured,,,,
opt-125m,2048,C,int,128,verify_decode,8,4,_wire_prune_polauto,cuda,NVIDIA L40S,AMD EPYC 9334 32-Core Processor x8 threads,12,125199360,0.2704618824645877,measured,,,,
opt-125m,2048,C,int,128,verify_derive,8,4,_wire_prune_polauto,cuda,NVIDIA L40S,AMD EPYC 9334 32-Core Processor x8 threads,12,125199360,3.7916006837040186,measured,,,,
opt-125m,2048,C,int,128,verify_fold,8,4,_wire_gpuv_stream_prune_polauto,cuda,NVIDIA L40S,NVIDIA L40S (GPU client) + AMD EPYC 9334 32-Core Processor x8 threads,12,125199360,0.0,measured,,,,
opt-125m,2048,C,int,128,verify_fold,8,4,_wire_prune_polauto,cuda,NVIDIA L40S,AMD EPYC 9334 32-Core Processor x8 threads,12,125199360,0.0,measured,,,,
opt-125m,2048,C,int,128,verify_lookups,8,4,_wire_prune_polauto,cuda,NVIDIA L40S,AMD EPYC 9334 32-Core Processor x8 threads,12,125199360,0.018858342431485653,measured,,,,
opt-125m,2048,C,int,128,verify_products,8,4,_wire_prune_polauto,cuda,NVIDIA L40S,AMD EPYC 9334 32-Core Processor x8 threads,12,125199360,0.6662220377475023,measured,,,,
opt-125m,2048,C,int,128,verify_total,8,4,_wire_gpuv_stream_prune_polauto,cuda,NVIDIA L40S,NVIDIA L40S (GPU client) + AMD EPYC 9334 32-Core Processor x8 threads,12,125199360,0.12997841741889715,measured,,,,
opt-125m,2048,Kpre,int,128,bytes_total,8,4,_wire_gpuv_stream_prune_lookups,cuda,NVIDIA L40S,NVIDIA L40S (GPU client) + AMD EPYC 9334 32-Core Processor x8 threads,12,125199360,340664419.0,measured,,,,
opt-125m,2048,Kpre,int,128,bytes_total,8,4,_wire_prune_lookups,cuda,NVIDIA L40S,AMD EPYC 9334 32-Core Processor x8 threads,12,125199360,340644406.0,measured,,,,
opt-125m,2048,Kpre,int,128,fs_hash,8,4,_wire_gpuv_stream_prune_lookups,cuda,NVIDIA L40S,NVIDIA L40S (GPU client) + AMD EPYC 9334 32-Core Processor x8 threads,12,125199360,1.3243407011032104e-06,measured,,,,
opt-125m,2048,Kpre,int,128,fs_hash,8,4,_wire_prune_lookups,cuda,NVIDIA L40S,AMD EPYC 9334 32-Core Processor x8 threads,12,125199360,4.200264811515808e-06,measured,,,,
opt-125m,2048,Kpre,int,128,prove_encode,8,4,_wire_gpuv_stream_prune_lookups,cuda,NVIDIA L40S,NVIDIA L40S (GPU client) + AMD EPYC 9334 32-Core Processor x8 threads,12,125199360,0.2784222108311951,measured,,,,
opt-125m,2048,Kpre,int,128,prove_encode,8,4,_wire_prune_lookups,cuda,NVIDIA L40S,AMD EPYC 9334 32-Core Processor x8 threads,12,125199360,0.2837639106437564,measured,,,,
opt-125m,2048,Kpre,int,128,prove_fold,8,4,_wire_gpuv_stream_prune_lookups,cuda,NVIDIA L40S,NVIDIA L40S (GPU client) + AMD EPYC 9334 32-Core Processor x8 threads,12,125199360,0.0,measured,,,,
opt-125m,2048,Kpre,int,128,prove_fold,8,4,_wire_prune_lookups,cuda,NVIDIA L40S,AMD EPYC 9334 32-Core Processor x8 threads,12,125199360,0.0,measured,,,,
opt-125m,2048,Kpre,int,128,prove_forward,8,4,_wire_gpuv_stream_prune_lookups,cuda,NVIDIA L40S,NVIDIA L40S (GPU client) + AMD EPYC 9334 32-Core Processor x8 threads,12,125199360,0.10386912291869521,measured,,,,
opt-125m,2048,Kpre,int,128,prove_forward,8,4,_wire_prune_lookups,cuda,NVIDIA L40S,AMD EPYC 9334 32-Core Processor x8 threads,12,125199360,0.10577593836933374,measured,,,,
opt-125m,2048,Kpre,int,128,verify_decode,8,4,_wire_gpuv_stream_prune_lookups,cuda,NVIDIA L40S,NVIDIA L40S (GPU client) + AMD EPYC 9334 32-Core Processor x8 threads,12,125199360,0.15596816642209888,measured,,,,
opt-125m,2048,Kpre,int,128,verify_decode,8,4,_wire_prune_lookups,cuda,NVIDIA L40S,AMD EPYC 9334 32-Core Processor x8 threads,12,125199360,0.2795420829206705,measured,,,,
opt-125m,2048,Kpre,int,128,verify_derive,8,4,_wire_prune_lookups,cuda,NVIDIA L40S,AMD EPYC 9334 32-Core Processor x8 threads,12,125199360,3.6976522747427225,measured,,,,
opt-125m,2048,Kpre,int,128,verify_fold,8,4,_wire_gpuv_stream_prune_lookups,cuda,NVIDIA L40S,NVIDIA L40S (GPU client) + AMD EPYC 9334 32-Core Processor x8 threads,12,125199360,0.0,measured,,,,
opt-125m,2048,Kpre,int,128,verify_fold,8,4,_wire_prune_lookups,cuda,NVIDIA L40S,AMD EPYC 9334 32-Core Processor x8 threads,12,125199360,0.0,measured,,,,
opt-125m,2048,Kpre,int,128,verify_products,8,4,_wire_prune_lookups,cuda,NVIDIA L40S,AMD EPYC 9334 32-Core Processor x8 threads,12,125199360,0.5826801657676697,measured,,,,
opt-125m,2048,Kpre,int,128,verify_total,8,4,_wire_gpuv_stream_prune_lookups,cuda,NVIDIA L40S,NVIDIA L40S (GPU client) + AMD EPYC 9334 32-Core Processor x8 threads,12,125199360,0.10762028396129608,measured,,,,
opt-125m,64,C,int,128,bytes_total,8,4,_wire_prune_polauto,cuda,NVIDIA L40S,AMD EPYC 9334 32-Core Processor x8 threads,12,125199360,14816978.5,measured,,,,
opt-125m,64,C,int,128,fs_hash,8,4,_wire_prune_polauto,cuda,NVIDIA L40S,AMD EPYC 9334 32-Core Processor x8 threads,12,125199360,9.099021553993225e-07,measured,,,,
opt-125m,64,C,int,128,prove_encode,8,4,_wire_prune_polauto,cuda,NVIDIA L40S,AMD EPYC 9334 32-Core Processor x8 threads,12,125199360,0.014544436242431402,measured,,,,
opt-125m,64,C,int,128,prove_fold,8,4,_wire_prune_polauto,cuda,NVIDIA L40S,AMD EPYC 9334 32-Core Processor x8 threads,12,125199360,0.005759316962212324,measured,,,,
opt-125m,64,C,int,128,prove_forward,8,4,_wire_prune_polauto,cuda,NVIDIA L40S,AMD EPYC 9334 32-Core Processor x8 threads,12,125199360,0.020589233841747046,measured,,,,
opt-125m,64,C,int,128,prove_lookups,8,4,_wire_prune_polauto,cuda,NVIDIA L40S,AMD EPYC 9334 32-Core Processor x8 threads,12,125199360,0.000299620907753706,measured,,,,
opt-125m,64,C,int,128,prove_open,8,4,_wire_prune_polauto,cuda,NVIDIA L40S,AMD EPYC 9334 32-Core Processor x8 threads,12,125199360,0.039089609403163195,measured,,,,
opt-125m,64,C,int,128,verify_columns,8,4,_wire_prune_polauto,cuda,NVIDIA L40S,AMD EPYC 9334 32-Core Processor x8 threads,12,125199360,0.01770493295043707,measured,,,,
opt-125m,64,C,int,128,verify_decode,8,4,_wire_prune_polauto,cuda,NVIDIA L40S,AMD EPYC 9334 32-Core Processor x8 threads,12,125199360,0.021205429919064045,measured,,,,
opt-125m,64,C,int,128,verify_derive,8,4,_wire_prune_polauto,cuda,NVIDIA L40S,AMD EPYC 9334 32-Core Processor x8 threads,12,125199360,0.03279071534052491,measured,,,,
opt-125m,64,C,int,128,verify_fold,8,4,_wire_prune_polauto,cuda,NVIDIA L40S,AMD EPYC 9334 32-Core Processor x8 threads,12,125199360,0.0,measured,,,,
opt-125m,64,C,int,128,verify_lookups,8,4,_wire_prune_polauto,cuda,NVIDIA L40S,AMD EPYC 9334 32-Core Processor x8 threads,12,125199360,0.0010124626569449902,measured,,,,
opt-125m,64,C,int,128,verify_products,8,4,_wire_prune_polauto,cuda,NVIDIA L40S,AMD EPYC 9334 32-Core Processor x8 threads,12,125199360,0.021498841233551502,measured,,,,
opt-125m,64,Kpre,int,128,bytes_total,8,4,_wire_prune_lookups,cuda,NVIDIA L40S,AMD EPYC 9334 32-Core Processor x8 threads,12,125199360,10825622.5,measured,,,,
opt-125m,64,Kpre,int,128,fs_hash,8,4,_wire_prune_lookups,cuda,NVIDIA L40S,AMD EPYC 9334 32-Core Processor x8 threads,12,125199360,1.1050142347812653e-06,measured,,,,
opt-125m,64,Kpre,int,128,prove_encode,8,4,_wire_prune_lookups,cuda,NVIDIA L40S,AMD EPYC 9334 32-Core Processor x8 threads,12,125199360,0.007092816289514303,measured,,,,
opt-125m,64,Kpre,int,128,prove_fold,8,4,_wire_prune_lookups,cuda,NVIDIA L40S,AMD EPYC 9334 32-Core Processor x8 threads,12,125199360,0.0,measured,,,,
opt-125m,64,Kpre,int,128,prove_forward,8,4,_wire_prune_lookups,cuda,NVIDIA L40S,AMD EPYC 9334 32-Core Processor x8 threads,12,125199360,0.019425678998231888,measured,,,,
opt-125m,64,Kpre,int,128,verify_decode,8,4,_wire_prune_lookups,cuda,NVIDIA L40S,AMD EPYC 9334 32-Core Processor x8 threads,12,125199360,0.013221393339335918,measured,,,,
opt-125m,64,Kpre,int,128,verify_derive,8,4,_wire_prune_lookups,cuda,NVIDIA L40S,AMD EPYC 9334 32-Core Processor x8 threads,12,125199360,0.04055505432188511,measured,,,,
opt-125m,64,Kpre,int,128,verify_fold,8,4,_wire_prune_lookups,cuda,NVIDIA L40S,AMD EPYC 9334 32-Core Processor x8 threads,12,125199360,0.0,measured,,,,
opt-125m,64,Kpre,int,128,verify_products,8,4,_wire_prune_lookups,cuda,NVIDIA L40S,AMD EPYC 9334 32-Core Processor x8 threads,12,125199360,0.01234540157020092,measured,,,,
opt-13b,2048,C,int,128,bytes_total,8,4,_wire_prune_polauto,cuda,NVIDIA L40S,AMD EPYC 9334 32-Core Processor x8 threads,40,12852633600,8776474626.0,measured,77794384.0,304252821.0,8909673427.0,
opt-13b,2048,C,int,128,fs_hash,8,4,_wire_prune_polauto,cuda,NVIDIA L40S,AMD EPYC 9334 32-Core Processor x8 threads,40,12852633600,5.1371753215789795e-06,measured,1.430511474609375e-06,1.989305019378662e-06,2.3223459720611572e-05,
opt-13b,2048,C,int,128,prove_encode,8,4,_wire_prune_polauto,cuda,NVIDIA L40S,AMD EPYC 9334 32-Core Processor x8 threads,40,12852633600,6.934530317783356,measured,0.058888692408800125,0.2886255234479904,9.018625102937222,
opt-13b,2048,C,int,128,prove_fold,8,4,_wire_prune_polauto,cuda,NVIDIA L40S,AMD EPYC 9334 32-Core Processor x8 threads,40,12852633600,0.36876415088772774,measured,0.009342968463897705,0.018251188099384308,0.3567635342478752,
opt-13b,2048,C,int,128,prove_forward,8,4,_wire_prune_polauto,cuda,NVIDIA L40S,AMD EPYC 9334 32-Core Processor x8 threads,40,12852633600,4.305854808539152,measured,0.022971466183662415,0.13291965425014496,4.310950800776482,
opt-13b,2048,C,int,128,prove_lookups,8,4,_wire_prune_polauto,cuda,NVIDIA L40S,AMD EPYC 9334 32-Core Processor x8 threads,40,12852633600,0.005455289036035538,measured,0.003649890422821045,0.003809407353401184,0.009871050715446472,
opt-13b,2048,C,int,128,prove_open,8,4,_wire_prune_polauto,cuda,NVIDIA L40S,AMD EPYC 9334 32-Core Processor x8 threads,40,12852633600,2.002181764692068,measured,0.11075489595532417,0.15573818981647491,1.865103356540203,
opt-13b,2048,C,int,128,verify_columns,8,4,_wire_prune_polauto,cuda,NVIDIA L40S,AMD EPYC 9334 32-Core Processor x8 threads,40,12852633600,0.3686008080840111,measured,0.015227120369672775,0.021987836807966232,0.2788950614631176,
opt-13b,2048,C,int,128,verify_decode,8,4,_wire_prune_polauto,cuda,NVIDIA L40S,AMD EPYC 9334 32-Core Processor x8 threads,40,12852633600,7.058956298977137,measured,0.03783546760678291,0.172092966735363,5.2738779336214066,
opt-13b,2048,C,int,128,verify_derive,8,4,_wire_prune_polauto,cuda,NVIDIA L40S,AMD EPYC 9334 32-Core Processor x8 threads,40,12852633600,61.232845187187195,measured,0.14319812878966331,1.5451418347656727,54.81900266185403,
opt-13b,2048,C,int,128,verify_fold,8,4,_wire_prune_polauto,cuda,NVIDIA L40S,AMD EPYC 9334 32-Core Processor x8 threads,40,12852633600,0.0,measured,0.0,0.0,0.0,
opt-13b,2048,C,int,128,verify_lookups,8,4,_wire_prune_polauto,cuda,NVIDIA L40S,AMD EPYC 9334 32-Core Processor x8 threads,40,12852633600,0.0413358211517334,measured,0.036066941916942596,0.03435226157307625,-0.030805591493844986,
opt-13b,2048,C,int,128,verify_products,8,4,_wire_prune_polauto,cuda,NVIDIA L40S,AMD EPYC 9334 32-Core Processor x8 threads,40,12852633600,20.585806269198656,measured,0.09351427853107452,0.46505069360136986,14.583434466272593,
opt-13b,2048,Kpre,int,128,bytes_total,8,4,_wire_prune_lookups,cuda,NVIDIA L40S,AMD EPYC 9334 32-Core Processor x8 threads,40,12852633600,8594800030.0,measured,50131614.0,272628957.0,8727527991.0,
opt-13b,2048,Kpre,int,128,fs_hash,8,4,_wire_prune_lookups,cuda,NVIDIA L40S,AMD EPYC 9334 32-Core Processor x8 threads,40,12852633600,1.0006129741668701e-05,measured,1.4454126358032227e-06,1.4007091522216797e-06,-2.980232238769531e-07,
opt-13b,2048,Kpre,int,128,prove_encode,8,4,_wire_prune_lookups,cuda,NVIDIA L40S,AMD EPYC 9334 32-Core Processor x8 threads,40,12852633600,8.21854828670621,measured,0.04521884024143219,0.26886699348688126,8.767496816813946,
opt-13b,2048,Kpre,int,128,prove_fold,8,4,_wire_prune_lookups,cuda,NVIDIA L40S,AMD EPYC 9334 32-Core Processor x8 threads,40,12852633600,0.0,measured,0.0,0.0,0.0,
opt-13b,2048,Kpre,int,128,prove_forward,8,4,_wire_prune_lookups,cuda,NVIDIA L40S,AMD EPYC 9334 32-Core Processor x8 threads,40,12852633600,4.264632843434811,measured,0.02239200845360756,0.13096821680665016,4.256864134222269,
opt-13b,2048,Kpre,int,128,verify_decode,8,4,_wire_prune_lookups,cuda,NVIDIA L40S,AMD EPYC 9334 32-Core Processor x8 threads,40,12852633600,928.4124394990504,measured,0.02450881525874138,0.18025459721684456,6.098594311624765,
opt-13b,2048,Kpre,int,128,verify_derive,8,4,_wire_prune_lookups,cuda,NVIDIA L40S,AMD EPYC 9334 32-Core Processor x8 threads,40,12852633600,68.6612286195159,measured,0.23187632113695145,1.7639489136636257,59.98270742967725,
opt-13b,2048,Kpre,int,128,verify_fold,8,4,_wire_prune_lookups,cuda,NVIDIA L40S,AMD EPYC 9334 32-Core Processor x8 threads,40,12852633600,0.0,measured,0.0,0.0,0.0,
opt-13b,2048,Kpre,int,128,verify_products,8,4,_wire_prune_lookups,cuda,NVIDIA L40S,AMD EPYC 9334 32-Core Processor x8 threads,40,12852633600,17.21740487590432,measured,0.07827572524547577,0.4300376996397972,13.796992726624012,
opt-2.7b,2048,C,int,128,bytes_total,8,4,_wire_prune_polauto,cuda,NVIDIA L40S,AMD EPYC 9334 32-Core Processor x8 threads,32,2651258880,3446384737.0,measured,38155786.0,146733040.0,3404050660.0,
opt-2.7b,2048,C,int,128,fs_hash,8,4,_wire_prune_polauto,cuda,NVIDIA L40S,AMD EPYC 9334 32-Core Processor x8 threads,32,2651258880,6.340444087982178e-06,measured,1.2200325727462769e-06,1.930631697177887e-06,2.324860543012619e-05,
opt-2.7b,2048,C,int,128,prove_encode,8,4,_wire_prune_polauto,cuda,NVIDIA L40S,AMD EPYC 9334 32-Core Processor x8 threads,32,2651258880,3.8889069072902203,measured,0.018279317766427994,0.13814537413418293,3.734127065166831,
opt-2.7b,2048,C,int,128,prove_fold,8,4,_wire_prune_polauto,cuda,NVIDIA L40S,AMD EPYC 9334 32-Core Processor x8 threads,32,2651258880,0.10366582684218884,measured,0.003368847072124481,0.006429683417081833,0.09825477376580238,
opt-2.7b,2048,C,int,128,prove_forward,8,4,_wire_prune_polauto,cuda,NVIDIA L40S,AMD EPYC 9334 32-Core Processor x8 threads,32,2651258880,1.3156884834170341,measured,0.007597006857395172,0.04962276481091976,1.3103955034166574,
opt-2.7b,2048,C,int,128,prove_lookups,8,4,_wire_prune_polauto,cuda,NVIDIA L40S,AMD EPYC 9334 32-Core Processor x8 threads,32,2651258880,0.005060776136815548,measured,0.0033083874732255936,0.0033519966527819633,0.004660272039473057,
opt-2.7b,2048,C,int,128,prove_open,8,4,_wire_prune_polauto,cuda,NVIDIA L40S,AMD EPYC 9334 32-Core Processor x8 threads,32,2651258880,0.6502766767516732,measured,0.050032077357172966,0.06808601506054401,0.6097041461616755,
opt-2.7b,2048,C,int,128,verify_columns,8,4,_wire_prune_polauto,cuda,NVIDIA L40S,AMD EPYC 9334 32-Core Processor x8 threads,32,2651258880,0.14665063936263323,measured,0.008118296973407269,0.01504434272646904,0.22282571531832218,
opt-2.7b,2048,C,int,128,verify_decode,8,4,_wire_prune_polauto,cuda,NVIDIA L40S,AMD EPYC 9334 32-Core Processor x8 threads,32,2651258880,4.208429078571498,measured,0.02472096122801304,0.10151794366538525,2.4054274167865515,
opt-2.7b,2048,C,int,128,verify_derive,8,4,_wire_prune_polauto,cuda,NVIDIA L40S,AMD EPYC 9334 32-Core Processor x8 threads,32,2651258880,27.457430394366384,measured,0.07179934438318014,0.9016614006832242,25.797523089684546,
opt-2.7b,2048,C,int,128,verify_fold,8,4,_wire_prune_polauto,cuda,NVIDIA L40S,AMD EPYC 9334 32-Core Processor x8 threads,32,2651258880,0.0,measured,0.0,0.0,0.0,
opt-2.7b,2048,C,int,128,verify_lookups,8,4,_wire_prune_polauto,cuda,NVIDIA L40S,AMD EPYC 9334 32-Core Processor x8 threads,32,2651258880,0.032665167935192585,measured,0.02359791100025177,0.02383426111191511,0.030924764461815357,
opt-2.7b,2048,C,int,128,verify_products,8,4,_wire_prune_polauto,cuda,NVIDIA L40S,AMD EPYC 9334 32-Core Processor x8 threads,32,2651258880,7.021185766905546,measured,0.04705314990133047,0.21547550987452269,5.268146309070289,
opt-2.7b,2048,Kpre,int,128,bytes_total,8,4,_wire_prune_lookups,cuda,NVIDIA L40S,AMD EPYC 9334 32-Core Processor x8 threads,32,2651258880,3371804913.0,measured,24188314.0,130797666.0,3329078226.0,
opt-2.7b,2048,Kpre,int,128,fs_hash,8,4,_wire_prune_lookups,cuda,NVIDIA L40S,AMD EPYC 9334 32-Core Processor x8 threads,32,2651258880,3.1404197216033936e-06,measured,1.1902302503585815e-06,1.4901161193847656e-06,1.0486692190170288e-05,
opt-2.7b,2048,Kpre,int,128,prove_encode,8,4,_wire_prune_lookups,cuda,NVIDIA L40S,AMD EPYC 9334 32-Core Processor x8 threads,32,2651258880,2.646546727977693,measured,0.01388371642678976,0.12882739584892988,3.5771377785131335,
opt-2.7b,2048,Kpre,int,128,prove_fold,8,4,_wire_prune_lookups,cuda,NVIDIA L40S,AMD EPYC 9334 32-Core Processor x8 threads,32,2651258880,0.0,measured,0.0,0.0,0.0,
opt-2.7b,2048,Kpre,int,128,prove_forward,8,4,_wire_prune_lookups,cuda,NVIDIA L40S,AMD EPYC 9334 32-Core Processor x8 threads,32,2651258880,1.3169288886711001,measured,0.0075046587735414505,0.049547609873116016,1.310836142860353,
opt-2.7b,2048,Kpre,int,128,verify_decode,8,4,_wire_prune_lookups,cuda,NVIDIA L40S,AMD EPYC 9334 32-Core Processor x8 threads,32,2651258880,3.106927463784814,measured,0.014857977628707886,0.10308307409286499,2.749835968017578,
opt-2.7b,2048,Kpre,int,128,verify_derive,8,4,_wire_prune_lookups,cuda,NVIDIA L40S,AMD EPYC 9334 32-Core Processor x8 threads,32,2651258880,28.588875088840723,measured,0.09297129046171904,1.0673578828573227,30.298955654725432,
opt-2.7b,2048,Kpre,int,128,verify_fold,8,4,_wire_prune_lookups,cuda,NVIDIA L40S,AMD EPYC 9334 32-Core Processor x8 threads,32,2651258880,0.0,measured,0.0,0.0,0.0,
opt-2.7b,2048,Kpre,int,128,verify_products,8,4,_wire_prune_lookups,cuda,NVIDIA L40S,AMD EPYC 9334 32-Core Processor x8 threads,32,2651258880,5.062186046503484,measured,0.0303071066737175,0.19907324109226465,5.262057273648679,
opt-2.7b,64,C,int,128,bytes_total,8,4,_wire_prune_polauto,cuda,NVIDIA L40S,AMD EPYC 9334 32-Core Processor x8 threads,32,2651258880,166026854.5,measured,,,,
opt-2.7b,64,C,int,128,fs_hash,8,4,_wire_prune_polauto,cuda,NVIDIA L40S,AMD EPYC 9334 32-Core Processor x8 threads,32,2651258880,1.8049031496047974e-06,measured,,,,
opt-2.7b,64,C,int,128,prove_encode,8,4,_wire_prune_polauto,cuda,NVIDIA L40S,AMD EPYC 9334 32-Core Processor x8 threads,32,2651258880,0.22842764807865024,measured,,,,
opt-2.7b,64,C,int,128,prove_fold,8,4,_wire_prune_polauto,cuda,NVIDIA L40S,AMD EPYC 9334 32-Core Processor x8 threads,32,2651258880,0.09765798598527908,measured,,,,
opt-2.7b,64,C,int,128,prove_forward,8,4,_wire_prune_polauto,cuda,NVIDIA L40S,AMD EPYC 9334 32-Core Processor x8 threads,32,2651258880,0.07809123257175088,measured,,,,
opt-2.7b,64,C,int,128,prove_lookups,8,4,_wire_prune_polauto,cuda,NVIDIA L40S,AMD EPYC 9334 32-Core Processor x8 threads,32,2651258880,0.00036267703399062157,measured,,,,
opt-2.7b,64,C,int,128,prove_open,8,4,_wire_prune_polauto,cuda,NVIDIA L40S,AMD EPYC 9334 32-Core Processor x8 threads,32,2651258880,0.6258210800588131,measured,,,,
opt-2.7b,64,C,int,128,verify_columns,8,4,_wire_prune_polauto,cuda,NVIDIA L40S,AMD EPYC 9334 32-Core Processor x8 threads,32,2651258880,0.1722336527891457,measured,,,,
opt-2.7b,64,C,int,128,verify_decode,8,4,_wire_prune_polauto,cuda,NVIDIA L40S,AMD EPYC 9334 32-Core Processor x8 threads,32,2651258880,0.08457568986341357,measured,,,,
opt-2.7b,64,C,int,128,verify_derive,8,4,_wire_prune_polauto,cuda,NVIDIA L40S,AMD EPYC 9334 32-Core Processor x8 threads,32,2651258880,0.21089150290936232,measured,,,,
opt-2.7b,64,C,int,128,verify_fold,8,4,_wire_prune_polauto,cuda,NVIDIA L40S,AMD EPYC 9334 32-Core Processor x8 threads,32,2651258880,0.0,measured,,,,
opt-2.7b,64,C,int,128,verify_lookups,8,4,_wire_prune_polauto,cuda,NVIDIA L40S,AMD EPYC 9334 32-Core Processor x8 threads,32,2651258880,0.001301364041864872,measured,,,,
opt-2.7b,64,C,int,128,verify_products,8,4,_wire_prune_polauto,cuda,NVIDIA L40S,AMD EPYC 9334 32-Core Processor x8 threads,32,2651258880,0.20950148720294237,measured,,,,
opt-2.7b,64,Kpre,int,128,bytes_total,8,4,_wire_prune_lookups,cuda,NVIDIA L40S,AMD EPYC 9334 32-Core Processor x8 threads,32,2651258880,101837430.5,measured,,,,
opt-2.7b,64,Kpre,int,128,fs_hash,8,4,_wire_prune_lookups,cuda,NVIDIA L40S,AMD EPYC 9334 32-Core Processor x8 threads,32,2651258880,1.419801265001297e-06,measured,,,,
opt-2.7b,64,Kpre,int,128,prove_encode,8,4,_wire_prune_lookups,cuda,NVIDIA L40S,AMD EPYC 9334 32-Core Processor x8 threads,32,2651258880,0.059251644648611546,measured,,,,
opt-2.7b,64,Kpre,int,128,prove_fold,8,4,_wire_prune_lookups,cuda,NVIDIA L40S,AMD EPYC 9334 32-Core Processor x8 threads,32,2651258880,0.0,measured,,,,
opt-2.7b,64,Kpre,int,128,prove_forward,8,4,_wire_prune_lookups,cuda,NVIDIA L40S,AMD EPYC 9334 32-Core Processor x8 threads,32,2651258880,0.07464928459376097,measured,,,,
opt-2.7b,64,Kpre,int,128,verify_decode,8,4,_wire_prune_lookups,cuda,NVIDIA L40S,AMD EPYC 9334 32-Core Processor x8 threads,32,2651258880,0.08372527547180653,measured,,,,
opt-2.7b,64,Kpre,int,128,verify_derive,8,4,_wire_prune_lookups,cuda,NVIDIA L40S,AMD EPYC 9334 32-Core Processor x8 threads,32,2651258880,0.1618526093661785,measured,,,,
opt-2.7b,64,Kpre,int,128,verify_fold,8,4,_wire_prune_lookups,cuda,NVIDIA L40S,AMD EPYC 9334 32-Core Processor x8 threads,32,2651258880,0.0,measured,,,,
opt-2.7b,64,Kpre,int,128,verify_products,8,4,_wire_prune_lookups,cuda,NVIDIA L40S,AMD EPYC 9334 32-Core Processor x8 threads,32,2651258880,0.10599178913980722,measured,,,,
opt-30b,2048,C,int,128,bytes_total,8,4,_wire_prune_polauto,cuda,NVIDIA L40S,AMD EPYC 9334 32-Core Processor x8 threads,48,29973135360,15083238197.5,extrapolated_from_1_and_2_blocks,110030367.5,428609257.5,,
opt-30b,2048,C,int,128,fs_hash,8,4,_wire_prune_polauto,cuda,NVIDIA L40S,AMD EPYC 9334 32-Core Processor x8 threads,48,29973135360,-2.5704503059387207e-07,extrapolated_from_1_and_2_blocks,2.0847655832767487e-06,2.0349398255348206e-06,,
opt-30b,2048,C,int,128,prove_encode,8,4,_wire_prune_polauto,cuda,NVIDIA L40S,AMD EPYC 9334 32-Core Processor x8 threads,48,29973135360,11.324967776890844,extrapolated_from_1_and_2_blocks,0.10028395941480994,0.33910701936110854,,
opt-30b,2048,C,int,128,prove_fold,8,4,_wire_prune_polauto,cuda,NVIDIA L40S,AMD EPYC 9334 32-Core Processor x8 threads,48,29973135360,0.8073213449679315,extrapolated_from_1_and_2_blocks,0.016959190368652344,0.033775406423956156,,
opt-30b,2048,C,int,128,prove_forward,8,4,_wire_prune_polauto,cuda,NVIDIA L40S,AMD EPYC 9334 32-Core Processor x8 threads,48,29973135360,9.072453873697668,extrapolated_from_1_and_2_blocks,0.04198947874829173,0.23412701906636357,,
opt-30b,2048,C,int,128,prove_lookups,8,4,_wire_prune_polauto,cuda,NVIDIA L40S,AMD EPYC 9334 32-Core Processor x8 threads,48,29973135360,0.009241900406777859,extrapolated_from_1_and_2_blocks,0.003674125298857689,0.003792588599026203,,
opt-30b,2048,C,int,128,prove_open,8,4,_wire_prune_polauto,cuda,NVIDIA L40S,AMD EPYC 9334 32-Core Processor x8 threads,48,29973135360,4.236346832010895,extrapolated_from_1_and_2_blocks,0.1705748001113534,0.2570805880241096,,
opt-30b,2048,C,int,128,verify_columns,8,4,_wire_prune_polauto,cuda,NVIDIA L40S,AMD EPYC 9334 32-Core Processor x8 threads,48,29973135360,0.46920651104301214,extrapolated_from_1_and_2_blocks,0.016945539973676205,0.026568113826215267,,
opt-30b,2048,C,int,128,verify_decode,8,4,_wire_prune_polauto,cuda,NVIDIA L40S,AMD EPYC 9334 32-Core Processor x8 threads,48,29973135360,6.782065720297396,extrapolated_from_1_and_2_blocks,0.06750976294279099,0.21037265565246344,,
opt-30b,2048,C,int,128,verify_derive,8,4,_wire_prune_polauto,cuda,NVIDIA L40S,AMD EPYC 9334 32-Core Processor x8 threads,48,29973135360,78.99529809271917,extrapolated_from_1_and_2_blocks,0.19580077240243554,1.8723858217708766,,
opt-30b,2048,C,int,128,verify_fold,8,4,_wire_prune_polauto,cuda,NVIDIA L40S,AMD EPYC 9334 32-Core Processor x8 threads,48,29973135360,0.0,extrapolated_from_1_and_2_blocks,0.0,0.0,,
opt-30b,2048,C,int,128,verify_lookups,8,4,_wire_prune_polauto,cuda,NVIDIA L40S,AMD EPYC 9334 32-Core Processor x8 threads,48,29973135360,0.053851890843361616,extrapolated_from_1_and_2_blocks,0.04440161259844899,0.04460268234834075,,
opt-30b,2048,C,int,128,verify_products,8,4,_wire_prune_polauto,cuda,NVIDIA L40S,AMD EPYC 9334 32-Core Processor x8 threads,48,29973135360,20.181633062660694,extrapolated_from_1_and_2_blocks,0.13056633528321981,0.5571847762912512,,
opt-30b,2048,Kpre,int,128,bytes_total,8,4,_wire_prune_lookups,cuda,NVIDIA L40S,AMD EPYC 9334 32-Core Processor x8 threads,48,29973135360,14739925805.5,extrapolated_from_1_and_2_blocks,70484427.5,382600201.5,,
opt-30b,2048,Kpre,int,128,fs_hash,8,4,_wire_prune_lookups,cuda,NVIDIA L40S,AMD EPYC 9334 32-Core Processor x8 threads,48,29973135360,-1.2108124792575836e-05,extrapolated_from_1_and_2_blocks,1.964624971151352e-06,1.6652047634124756e-06,,
opt-30b,2048,Kpre,int,128,prove_encode,8,4,_wire_prune_lookups,cuda,NVIDIA L40S,AMD EPYC 9334 32-Core Processor x8 threads,48,29973135360,11.652775941416621,extrapolated_from_1_and_2_blocks,0.06567559251561761,0.3122096424922347,,
opt-30b,2048,Kpre,int,128,prove_fold,8,4,_wire_prune_lookups,cuda,NVIDIA L40S,AMD EPYC 9334 32-Core Processor x8 threads,48,29973135360,0.0,extrapolated_from_1_and_2_blocks,0.0,0.0,,
opt-30b,2048,Kpre,int,128,prove_forward,8,4,_wire_prune_lookups,cuda,NVIDIA L40S,AMD EPYC 9334 32-Core Processor x8 threads,48,29973135360,9.17237567063421,extrapolated_from_1_and_2_blocks,0.040682462975382805,0.23497380781918764,,
opt-30b,2048,Kpre,int,128,verify_decode,8,4,_wire_prune_lookups,cuda,NVIDIA L40S,AMD EPYC 9334 32-Core Processor x8 threads,48,29973135360,10.423659976571798,extrapolated_from_1_and_2_blocks,0.03874874487519264,0.259704302996397,,
opt-30b,2048,Kpre,int,128,verify_derive,8,4,_wire_prune_lookups,cuda,NVIDIA L40S,AMD EPYC 9334 32-Core Processor x8 threads,48,29973135360,92.82501157512888,extrapolated_from_1_and_2_blocks,0.2669899743050337,2.2363095828332007,,
opt-30b,2048,Kpre,int,128,verify_fold,8,4,_wire_prune_lookups,cuda,NVIDIA L40S,AMD EPYC 9334 32-Core Processor x8 threads,48,29973135360,0.0,extrapolated_from_1_and_2_blocks,0.0,0.0,,
opt-30b,2048,Kpre,int,128,verify_products,8,4,_wire_prune_lookups,cuda,NVIDIA L40S,AMD EPYC 9334 32-Core Processor x8 threads,48,29973135360,22.56490500830114,extrapolated_from_1_and_2_blocks,0.0855134790763259,0.5637984052300453,,
opt-30b,64,C,int,128,bytes_total,8,4,_wire_prune_polauto,cuda,NVIDIA L40S,AMD EPYC 9334 32-Core Processor x8 threads,48,29973135360,779590538.0,extrapolated_from_1_and_2_blocks,13308178.0,29612058.0,,
opt-30b,64,C,int,128,fs_hash,8,4,_wire_prune_polauto,cuda,NVIDIA L40S,AMD EPYC 9334 32-Core Processor x8 threads,48,29973135360,1.9243918359279633e-05,extrapolated_from_1_and_2_blocks,9.252689778804779e-07,1.3150274753570557e-06,,
opt-30b,64,C,int,128,prove_encode,8,4,_wire_prune_polauto,cuda,NVIDIA L40S,AMD EPYC 9334 32-Core Processor x8 threads,48,29973135360,0.8512009303085506,extrapolated_from_1_and_2_blocks,0.023212335538119078,0.04082911415025592,,
opt-30b,64,C,int,128,prove_fold,8,4,_wire_prune_polauto,cuda,NVIDIA L40S,AMD EPYC 9334 32-Core Processor x8 threads,48,29973135360,0.7981263869442046,extrapolated_from_1_and_2_blocks,0.016832423396408558,0.03345569921657443,,
opt-30b,64,C,int,128,prove_forward,8,4,_wire_prune_polauto,cuda,NVIDIA L40S,AMD EPYC 9334 32-Core Processor x8 threads,48,29973135360,0.43201005971059203,extrapolated_from_1_and_2_blocks,0.011176646687090397,0.02013054909184575,,
opt-30b,64,C,int,128,prove_lookups,8,4,_wire_prune_polauto,cuda,NVIDIA L40S,AMD EPYC 9334 32-Core Processor x8 threads,48,29973135360,0.0013481364585459232,extrapolated_from_1_and_2_blocks,0.00027191033586859703,0.0002948087640106678,,
opt-30b,64,C,int,128,prove_open,8,4,_wire_prune_polauto,cuda,NVIDIA L40S,AMD EPYC 9334 32-Core Processor x8 threads,48,29973135360,4.139037133194506,extrapolated_from_1_and_2_blocks,0.1703901207074523,0.2548294188454747,,
opt-30b,64,C,int,128,verify_columns,8,4,_wire_prune_polauto,cuda,NVIDIA L40S,AMD EPYC 9334 32-Core Processor x8 threads,48,29973135360,0.6640065158717334,extrapolated_from_1_and_2_blocks,0.018872512504458427,0.03259876789525151,,
opt-30b,64,C,int,128,verify_decode,8,4,_wire_prune_polauto,cuda,NVIDIA L40S,AMD EPYC 9334 32-Core Processor x8 threads,48,29973135360,0.6183895096182823,extrapolated_from_1_and_2_blocks,0.00635047722607851,0.01937258429825306,,
opt-30b,64,C,int,128,verify_derive,8,4,_wire_prune_polauto,cuda,NVIDIA L40S,AMD EPYC 9334 32-Core Processor x8 threads,48,29973135360,0.9314088537357748,extrapolated_from_1_and_2_blocks,0.004035457968711853,0.023766806814819574,,
opt-30b,64,C,int,128,verify_fold,8,4,_wire_prune_polauto,cuda,NVIDIA L40S,AMD EPYC 9334 32-Core Processor x8 threads,48,29973135360,0.0,extrapolated_from_1_and_2_blocks,0.0,0.0,,
opt-30b,64,C,int,128,verify_lookups,8,4,_wire_prune_polauto,cuda,NVIDIA L40S,AMD EPYC 9334 32-Core Processor x8 threads,48,29973135360,-0.002127623651176691,extrapolated_from_1_and_2_blocks,0.001958113629370928,0.0018711830489337444,,
opt-30b,64,C,int,128,verify_products,8,4,_wire_prune_polauto,cuda,NVIDIA L40S,AMD EPYC 9334 32-Core Processor x8 threads,48,29973135360,0.5576571607962251,extrapolated_from_1_and_2_blocks,0.005892656743526459,0.017632327042520046,,
opt-30b,64,Kpre,int,128,bytes_total,8,4,_wire_prune_lookups,cuda,NVIDIA L40S,AMD EPYC 9334 32-Core Processor x8 threads,48,29973135360,464958402.0,extrapolated_from_1_and_2_blocks,2434222.0,12275162.0,,
opt-30b,64,Kpre,int,128,fs_hash,8,4,_wire_prune_lookups,cuda,NVIDIA L40S,AMD EPYC 9334 32-Core Processor x8 threads,48,29973135360,9.084586054086685e-06,extrapolated_from_1_and_2_blocks,1.3150274753570557e-06,1.480337232351303e-06,,
opt-30b,64,Kpre,int,128,prove_encode,8,4,_wire_prune_lookups,cuda,NVIDIA L40S,AMD EPYC 9334 32-Core Processor x8 threads,48,29973135360,0.13056499557569623,extrapolated_from_1_and_2_blocks,0.0027209799736738205,0.005441065412014723,,
opt-30b,64,Kpre,int,128,prove_fold,8,4,_wire_prune_lookups,cuda,NVIDIA L40S,AMD EPYC 9334 32-Core Processor x8 threads,48,29973135360,0.0,extrapolated_from_1_and_2_blocks,0.0,0.0,,
opt-30b,64,Kpre,int,128,prove_forward,8,4,_wire_prune_lookups,cuda,NVIDIA L40S,AMD EPYC 9334 32-Core Processor x8 threads,48,29973135360,0.4294305839575827,extrapolated_from_1_and_2_blocks,0.010993565432727337,0.019896480720490217,,
opt-30b,64,Kpre,int,128,verify_decode,8,4,_wire_prune_lookups,cuda,NVIDIA L40S,AMD EPYC 9334 32-Core Processor x8 threads,48,29973135360,0.2633030014112592,extrapolated_from_1_and_2_blocks,0.0022622039541602135,0.007816263474524021,,
opt-30b,64,Kpre,int,128,verify_derive,8,4,_wire_prune_lookups,cuda,NVIDIA L40S,AMD EPYC 9334 32-Core Processor x8 threads,48,29973135360,0.43371217185631394,extrapolated_from_1_and_2_blocks,0.00668563274666667,0.015771303791552782,,
opt-30b,64,Kpre,int,128,verify_fold,8,4,_wire_prune_lookups,cuda,NVIDIA L40S,AMD EPYC 9334 32-Core Processor x8 threads,48,29973135360,0.0,extrapolated_from_1_and_2_blocks,0.0,0.0,,
opt-30b,64,Kpre,int,128,verify_products,8,4,_wire_prune_lookups,cuda,NVIDIA L40S,AMD EPYC 9334 32-Core Processor x8 threads,48,29973135360,0.41063822247087955,extrapolated_from_1_and_2_blocks,0.0028485851362347603,0.011524960398674011,,
opt-350m,2048,C,int,128,bytes_total,8,4,_wire_prune_polauto,cuda,NVIDIA L40S,AMD EPYC 9334 32-Core Processor x8 threads,24,331096064,968279397.0,measured,,,,
opt-350m,2048,C,int,128,fs_hash,8,4,_wire_prune_polauto,cuda,NVIDIA L40S,AMD EPYC 9334 32-Core Processor x8 threads,24,331096064,8.369795978069305e-06,measured,,,,
opt-350m,2048,C,int,128,prove_encode,8,4,_wire_prune_polauto,cuda,NVIDIA L40S,AMD EPYC 9334 32-Core Processor x8 threads,24,331096064,0.7759348191320896,measured,,,,
opt-350m,2048,C,int,128,prove_fold,8,4,_wire_prune_polauto,cuda,NVIDIA L40S,AMD EPYC 9334 32-Core Processor x8 threads,24,331096064,0.014677552506327629,measured,,,,
opt-350m,2048,C,int,128,prove_forward,8,4,_wire_prune_polauto,cuda,NVIDIA L40S,AMD EPYC 9334 32-Core Processor x8 threads,24,331096064,0.3256933595985174,measured,,,,
opt-350m,2048,C,int,128,prove_lookups,8,4,_wire_prune_polauto,cuda,NVIDIA L40S,AMD EPYC 9334 32-Core Processor x8 threads,24,331096064,0.005271191708743572,measured,,,,
opt-350m,2048,C,int,128,prove_open,8,4,_wire_prune_polauto,cuda,NVIDIA L40S,AMD EPYC 9334 32-Core Processor x8 threads,24,331096064,0.11178555246442556,measured,,,,
opt-350m,2048,C,int,128,verify_columns,8,4,_wire_prune_polauto,cuda,NVIDIA L40S,AMD EPYC 9334 32-Core Processor x8 threads,24,331096064,0.05106933321803808,measured,,,,
opt-350m,2048,C,int,128,verify_decode,8,4,_wire_prune_polauto,cuda,NVIDIA L40S,AMD EPYC 9334 32-Core Processor x8 threads,24,331096064,0.5989091694355011,measured,,,,
opt-350m,2048,C,int,128,verify_derive,8,4,_wire_prune_polauto,cuda,NVIDIA L40S,AMD EPYC 9334 32-Core Processor x8 threads,24,331096064,9.644600698724389,measured,,,,
opt-350m,2048,C,int,128,verify_fold,8,4,_wire_prune_polauto,cuda,NVIDIA L40S,AMD EPYC 9334 32-Core Processor x8 threads,24,331096064,0.0,measured,,,,
opt-350m,2048,C,int,128,verify_lookups,8,4,_wire_prune_polauto,cuda,NVIDIA L40S,AMD EPYC 9334 32-Core Processor x8 threads,24,331096064,0.020610916428267956,measured,,,,
opt-350m,2048,C,int,128,verify_products,8,4,_wire_prune_polauto,cuda,NVIDIA L40S,AMD EPYC 9334 32-Core Processor x8 threads,24,331096064,1.7532978635281324,measured,,,,
opt-350m,2048,Kpre,int,128,bytes_total,8,4,_wire_prune_lookups,cuda,NVIDIA L40S,AMD EPYC 9334 32-Core Processor x8 threads,24,331096064,952830041.0,measured,,,,
opt-350m,2048,Kpre,int,128,fs_hash,8,4,_wire_prune_lookups,cuda,NVIDIA L40S,AMD EPYC 9334 32-Core Processor x8 threads,24,331096064,2.239830791950226e-06,measured,,,,
opt-350m,2048,Kpre,int,128,prove_encode,8,4,_wire_prune_lookups,cuda,NVIDIA L40S,AMD EPYC 9334 32-Core Processor x8 threads,24,331096064,0.7815023446455598,measured,,,,
opt-350m,2048,Kpre,int,128,prove_fold,8,4,_wire_prune_lookups,cuda,NVIDIA L40S,AMD EPYC 9334 32-Core Processor x8 threads,24,331096064,0.0,measured,,,,
opt-350m,2048,Kpre,int,128,prove_forward,8,4,_wire_prune_lookups,cuda,NVIDIA L40S,AMD EPYC 9334 32-Core Processor x8 threads,24,331096064,0.3257580464705825,measured,,,,
opt-350m,2048,Kpre,int,128,verify_decode,8,4,_wire_prune_lookups,cuda,NVIDIA L40S,AMD EPYC 9334 32-Core Processor x8 threads,24,331096064,0.935127024538815,measured,,,,
opt-350m,2048,Kpre,int,128,verify_derive,8,4,_wire_prune_lookups,cuda,NVIDIA L40S,AMD EPYC 9334 32-Core Processor x8 threads,24,331096064,10.054959202185273,measured,,,,
opt-350m,2048,Kpre,int,128,verify_fold,8,4,_wire_prune_lookups,cuda,NVIDIA L40S,AMD EPYC 9334 32-Core Processor x8 threads,24,331096064,0.0,measured,,,,
opt-350m,2048,Kpre,int,128,verify_products,8,4,_wire_prune_lookups,cuda,NVIDIA L40S,AMD EPYC 9334 32-Core Processor x8 threads,24,331096064,1.4162058355286717,measured,,,,
opt-350m,64,C,int,128,bytes_total,8,4,_wire_prune_polauto,cuda,NVIDIA L40S,AMD EPYC 9334 32-Core Processor x8 threads,24,331096064,41939781.5,measured,,,,
opt-350m,64,C,int,128,fs_hash,8,4,_wire_prune_polauto,cuda,NVIDIA L40S,AMD EPYC 9334 32-Core Processor x8 threads,24,331096064,1.1450611054897308e-06,measured,,,,
opt-350m,64,C,int,128,prove_encode,8,4,_wire_prune_polauto,cuda,NVIDIA L40S,AMD EPYC 9334 32-Core Processor x8 threads,24,331096064,0.055152333341538906,measured,,,,
opt-350m,64,C,int,128,prove_fold,8,4,_wire_prune_polauto,cuda,NVIDIA L40S,AMD EPYC 9334 32-Core Processor x8 threads,24,331096064,0.012636931613087654,measured,,,,
opt-350m,64,C,int,128,prove_forward,8,4,_wire_prune_polauto,cuda,NVIDIA L40S,AMD EPYC 9334 32-Core Processor x8 threads,24,331096064,0.03894162504002452,measured,,,,
opt-350m,64,C,int,128,prove_lookups,8,4,_wire_prune_polauto,cuda,NVIDIA L40S,AMD EPYC 9334 32-Core Processor x8 threads,24,331096064,0.0002718898467719555,measured,,,,
opt-350m,64,C,int,128,prove_open,8,4,_wire_prune_polauto,cuda,NVIDIA L40S,AMD EPYC 9334 32-Core Processor x8 threads,24,331096064,0.10631343349814415,measured,,,,
opt-350m,64,C,int,128,verify_columns,8,4,_wire_prune_polauto,cuda,NVIDIA L40S,AMD EPYC 9334 32-Core Processor x8 threads,24,331096064,0.03266714559867978,measured,,,,
opt-350m,64,C,int,128,verify_decode,8,4,_wire_prune_polauto,cuda,NVIDIA L40S,AMD EPYC 9334 32-Core Processor x8 threads,24,331096064,0.03467742819339037,measured,,,,
opt-350m,64,C,int,128,verify_derive,8,4,_wire_prune_polauto,cuda,NVIDIA L40S,AMD EPYC 9334 32-Core Processor x8 threads,24,331096064,0.05404440080747008,measured,,,,
opt-350m,64,C,int,128,verify_fold,8,4,_wire_prune_polauto,cuda,NVIDIA L40S,AMD EPYC 9334 32-Core Processor x8 threads,24,331096064,0.0,measured,,,,
opt-350m,64,C,int,128,verify_lookups,8,4,_wire_prune_polauto,cuda,NVIDIA L40S,AMD EPYC 9334 32-Core Processor x8 threads,24,331096064,0.0009854971431195736,measured,,,,
opt-350m,64,C,int,128,verify_products,8,4,_wire_prune_polauto,cuda,NVIDIA L40S,AMD EPYC 9334 32-Core Processor x8 threads,24,331096064,0.05094875069335103,measured,,,,
opt-350m,64,Kpre,int,128,bytes_total,8,4,_wire_prune_lookups,cuda,NVIDIA L40S,AMD EPYC 9334 32-Core Processor x8 threads,24,331096064,29768521.5,measured,,,,
opt-350m,64,Kpre,int,128,fs_hash,8,4,_wire_prune_lookups,cuda,NVIDIA L40S,AMD EPYC 9334 32-Core Processor x8 threads,24,331096064,1.469627022743225e-06,measured,,,,
opt-350m,64,Kpre,int,128,prove_encode,8,4,_wire_prune_lookups,cuda,NVIDIA L40S,AMD EPYC 9334 32-Core Processor x8 threads,24,331096064,0.020887919701635838,measured,,,,
opt-350m,64,Kpre,int,128,prove_fold,8,4,_wire_prune_lookups,cuda,NVIDIA L40S,AMD EPYC 9334 32-Core Processor x8 threads,24,331096064,0.0,measured,,,,
opt-350m,64,Kpre,int,128,prove_forward,8,4,_wire_prune_lookups,cuda,NVIDIA L40S,AMD EPYC 9334 32-Core Processor x8 threads,24,331096064,0.038204999174922705,measured,,,,
opt-350m,64,Kpre,int,128,verify_decode,8,4,_wire_prune_lookups,cuda,NVIDIA L40S,AMD EPYC 9334 32-Core Processor x8 threads,24,331096064,0.033760090824216604,measured,,,,
opt-350m,64,Kpre,int,128,verify_derive,8,4,_wire_prune_lookups,cuda,NVIDIA L40S,AMD EPYC 9334 32-Core Processor x8 threads,24,331096064,0.1176569014787674,measured,,,,
opt-350m,64,Kpre,int,128,verify_fold,8,4,_wire_prune_lookups,cuda,NVIDIA L40S,AMD EPYC 9334 32-Core Processor x8 threads,24,331096064,0.0,measured,,,,
opt-350m,64,Kpre,int,128,verify_products,8,4,_wire_prune_lookups,cuda,NVIDIA L40S,AMD EPYC 9334 32-Core Processor x8 threads,24,331096064,0.05997924506664276,measured,,,,
opt-6.7b,2048,C,int,128,bytes_total,8,4,_wire_gpuv_stream_prune_polauto,cuda,NVIDIA L40S,NVIDIA L40S (GPU client) + AMD EPYC 9334 32-Core Processor x8 threads,32,6657933312,5518376923.5,measured,,,,
opt-6.7b,2048,C,int,128,bytes_total,8,4,_wire_prune_polauto,cuda,NVIDIA L40S,AMD EPYC 9334 32-Core Processor x8 threads,32,6657933312,5519070085.0,measured,62006195.0,241943154.0,5640051924.0,
opt-6.7b,2048,C,int,128,fs_hash,8,4,_wire_gpuv_stream_prune_polauto,cuda,NVIDIA L40S,NVIDIA L40S (GPU client) + AMD EPYC 9334 32-Core Processor x8 threads,32,6657933312,5.623325705528259e-06,measured,,,,
opt-6.7b,2048,C,int,128,fs_hash,8,4,_wire_prune_polauto,cuda,NVIDIA L40S,AMD EPYC 9334 32-Core Processor x8 threads,32,6657933312,4.699453711509705e-06,measured,1.9297003746032715e-06,2.169981598854065e-06,9.378418326377869e-06,
opt-6.7b,2048,C,int,128,prove_encode,8,4,_wire_gpuv_stream_prune_polauto,cuda,NVIDIA L40S,NVIDIA L40S (GPU client) + AMD EPYC 9334 32-Core Processor x8 threads,32,6657933312,114.48245055601001,measured,,,,
opt-6.7b,2048,C,int,128,prove_encode,8,4,_wire_prune_polauto,cuda,NVIDIA L40S,AMD EPYC 9334 32-Core Processor x8 threads,32,6657933312,4.155297347344458,measured,0.05602744501084089,0.24735068157315254,5.987047778442502,
opt-6.7b,2048,C,int,128,prove_fold,8,4,_wire_gpuv_stream_prune_polauto,cuda,NVIDIA L40S,NVIDIA L40S (GPU client) + AMD EPYC 9334 32-Core Processor x8 threads,32,6657933312,0.1669033244252205,measured,,,,
opt-6.7b,2048,C,int,128,prove_fold,8,4,_wire_prune_polauto,cuda,NVIDIA L40S,AMD EPYC 9334 32-Core Processor x8 threads,32,6657933312,0.1685631275177002,measured,0.0054292455315589905,0.010551370680332184,0.16421512514352798,
opt-6.7b,2048,C,int,128,prove_forward,8,4,_wire_gpuv_stream_prune_polauto,cuda,NVIDIA L40S,NVIDIA L40S (GPU client) + AMD EPYC 9334 32-Core Processor x8 threads,32,6657933312,2.337036522105336,measured,,,,
opt-6.7b,2048,C,int,128,prove_forward,8,4,_wire_prune_polauto,cuda,NVIDIA L40S,AMD EPYC 9334 32-Core Processor x8 threads,32,6657933312,2.3265607180073857,measured,0.01567382551729679,0.09032165259122849,2.3297564648091793,
opt-6.7b,2048,C,int,128,prove_lookups,8,4,_wire_gpuv_stream_prune_polauto,cuda,NVIDIA L40S,NVIDIA L40S (GPU client) + AMD EPYC 9334 32-Core Processor x8 threads,32,6657933312,0.004947397857904434,measured,,,,
opt-6.7b,2048,C,int,128,prove_lookups,8,4,_wire_prune_polauto,cuda,NVIDIA L40S,AMD EPYC 9334 32-Core Processor x8 threads,32,6657933312,0.005139835178852081,measured,0.0035191839560866356,0.0036993632093071938,0.009104740805923939,
opt-6.7b,2048,C,int,128,prove_open,8,4,_wire_gpuv_stream_prune_polauto,cuda,NVIDIA L40S,NVIDIA L40S (GPU client) + AMD EPYC 9334 32-Core Processor x8 threads,32,6657933312,1.0349862035363913,measured,,,,
opt-6.7b,2048,C,int,128,prove_open,8,4,_wire_prune_polauto,cuda,NVIDIA L40S,AMD EPYC 9334 32-Core Processor x8 threads,32,6657933312,1.0095459893345833,measured,0.07967361994087696,0.10841825138777494,0.9707571947947145,
opt-6.7b,2048,C,int,128,verify_columns,8,4,_wire_prune_polauto,cuda,NVIDIA L40S,AMD EPYC 9334 32-Core Processor x8 threads,32,6657933312,0.2321384074166417,measured,0.012822733260691166,0.021917901933193207,0.29477296210825443,
opt-6.7b,2048,C,int,128,verify_decode,8,4,_wire_gpuv_stream_prune_polauto,cuda,NVIDIA L40S,NVIDIA L40S (GPU client) + AMD EPYC 9334 32-Core Processor x8 threads,32,6657933312,154.90147853642702,measured,,,,
opt-6.7b,2048,C,int,128,verify_decode,8,4,_wire_prune_polauto,cuda,NVIDIA L40S,AMD EPYC 9334 32-Core Processor x8 threads,32,6657933312,3.003440434113145,measured,0.05321146547794342,0.2263019196689129,5.419015545397997,
opt-6.7b,2048,C,int,128,verify_derive,8,4,_wire_prune_polauto,cuda,NVIDIA L40S,AMD EPYC 9334 32-Core Processor x8 threads,32,6657933312,31.801453694701195,measured,0.10933235008269548,1.1610844628885388,32.71364784706384,
opt-6.7b,2048,C,int,128,verify_fold,8,4,_wire_gpuv_stream_prune_polauto,cuda,NVIDIA L40S,NVIDIA L40S (GPU client) + AMD EPYC 9334 32-Core Processor x8 threads,32,6657933312,0.0,measured,,,,
opt-6.7b,2048,C,int,128,verify_fold,8,4,_wire_prune_polauto,cuda,NVIDIA L40S,AMD EPYC 9334 32-Core Processor x8 threads,32,6657933312,0.0,measured,0.0,0.0,0.0,
opt-6.7b,2048,C,int,128,verify_lookups,8,4,_wire_prune_polauto,cuda,NVIDIA L40S,AMD EPYC 9334 32-Core Processor x8 threads,32,6657933312,0.038831512443721294,measured,0.03144611231982708,0.03706137835979462,0.20551935955882072,
opt-6.7b,2048,C,int,128,verify_products,8,4,_wire_prune_polauto,cuda,NVIDIA L40S,AMD EPYC 9334 32-Core Processor x8 threads,32,6657933312,11.416000373661518,measured,0.064032644033432,0.3768998943269253,9.762917403131723,
opt-6.7b,2048,C,int,128,verify_total,8,4,_wire_gpuv_stream_prune_polauto,cuda,NVIDIA L40S,NVIDIA L40S (GPU client) + AMD EPYC 9334 32-Core Processor x8 threads,32,6657933312,1.3967646341770887,measured,,,,
opt-6.7b,2048,Kpre,int,128,bytes_total,8,4,_wire_gpuv_stream_prune_lookups,cuda,NVIDIA L40S,NVIDIA L40S (GPU client) + AMD EPYC 9334 32-Core Processor x8 threads,32,6657933312,5407897451.5,measured,,,,
opt-6.7b,2048,Kpre,int,128,bytes_total,8,4,_wire_prune_lookups,cuda,NVIDIA L40S,AMD EPYC 9334 32-Core Processor x8 threads,32,6657933312,5408588069.0,measured,40117327.0,217184566.0,5529201736.0,
opt-6.7b,2048,Kpre,int,128,fs_hash,8,4,_wire_gpuv_stream_prune_lookups,cuda,NVIDIA L40S,NVIDIA L40S (GPU client) + AMD EPYC 9334 32-Core Processor x8 threads,32,6657933312,2.479180693626404e-06,measured,,,,
opt-6.7b,2048,Kpre,int,128,fs_hash,8,4,_wire_prune_lookups,cuda,NVIDIA L40S,AMD EPYC 9334 32-Core Processor x8 threads,32,6657933312,4.550442099571228e-06,measured,1.3997778296470642e-06,2.0693987607955933e-06,2.2158026695251465e-05,
opt-6.7b,2048,Kpre,int,128,prove_encode,8,4,_wire_gpuv_stream_prune_lookups,cuda,NVIDIA L40S,NVIDIA L40S (GPU client) + AMD EPYC 9334 32-Core Processor x8 threads,32,6657933312,4.224760256707668,measured,,,,
opt-6.7b,2048,Kpre,int,128,prove_encode,8,4,_wire_prune_lookups,cuda,NVIDIA L40S,AMD EPYC 9334 32-Core Processor x8 threads,32,6657933312,4.2248144540935755,measured,0.04565099999308586,0.2267270078882575,5.659007244743407,
opt-6.7b,2048,Kpre,int,128,prove_fold,8,4,_wire_gpuv_stream_prune_lookups,cuda,NVIDIA L40S,NVIDIA L40S (GPU client) + AMD EPYC 9334 32-Core Processor x8 threads,32,6657933312,0.0,measured,,,,
opt-6.7b,2048,Kpre,int,128,prove_fold,8,4,_wire_prune_lookups,cuda,NVIDIA L40S,AMD EPYC 9334 32-Core Processor x8 threads,32,6657933312,0.0,measured,0.0,0.0,0.0,
opt-6.7b,2048,Kpre,int,128,prove_forward,8,4,_wire_gpuv_stream_prune_lookups,cuda,NVIDIA L40S,NVIDIA L40S (GPU client) + AMD EPYC 9334 32-Core Processor x8 threads,32,6657933312,2.3241223637014627,measured,,,,
opt-6.7b,2048,Kpre,int,128,prove_forward,8,4,_wire_prune_lookups,cuda,NVIDIA L40S,AMD EPYC 9334 32-Core Processor x8 threads,32,6657933312,2.3345206156373024,measured,0.015472114086151123,0.09029134921729565,2.3348684031516314,
opt-6.7b,2048,Kpre,int,128,verify_decode,8,4,_wire_gpuv_stream_prune_lookups,cuda,NVIDIA L40S,NVIDIA L40S (GPU client) + AMD EPYC 9334 32-Core Processor x8 threads,32,6657933312,2.399797758087516,measured,,,,
opt-6.7b,2048,Kpre,int,128,verify_decode,8,4,_wire_prune_lookups,cuda,NVIDIA L40S,AMD EPYC 9334 32-Core Processor x8 threads,32,6657933312,4.262425346300006,measured,0.03966149128973484,0.2538064317777753,6.678154646418989,
opt-6.7b,2048,Kpre,int,128,verify_derive,8,4,_wire_prune_lookups,cuda,NVIDIA L40S,AMD EPYC 9334 32-Core Processor x8 threads,32,6657933312,36.113738977350295,measured,0.16331059113144875,1.3847514213994145,38.02797632943839,
opt-6.7b,2048,Kpre,int,128,verify_fold,8,4,_wire_gpuv_stream_prune_lookups,cuda,NVIDIA L40S,NVIDIA L40S (GPU client) + AMD EPYC 9334 32-Core Processor x8 threads,32,6657933312,0.0,measured,,,,
opt-6.7b,2048,Kpre,int,128,verify_fold,8,4,_wire_prune_lookups,cuda,NVIDIA L40S,AMD EPYC 9334 32-Core Processor x8 threads,32,6657933312,0.0,measured,0.0,0.0,0.0,
opt-6.7b,2048,Kpre,int,128,verify_products,8,4,_wire_prune_lookups,cuda,NVIDIA L40S,AMD EPYC 9334 32-Core Processor x8 threads,32,6657933312,9.769586304202676,measured,0.050364596769213676,0.3586715515702963,9.607880195602775,
opt-6.7b,2048,Kpre,int,128,verify_total,8,4,_wire_gpuv_stream_prune_lookups,cuda,NVIDIA L40S,NVIDIA L40S (GPU client) + AMD EPYC 9334 32-Core Processor x8 threads,32,6657933312,1.1672591362148523,measured,,,,
opt-6.7b,64,C,int,128,bytes_total,8,4,_wire_prune_polauto,cuda,NVIDIA L40S,AMD EPYC 9334 32-Core Processor x8 threads,32,6657933312,260952243.5,measured,,,,
opt-6.7b,64,C,int,128,fs_hash,8,4,_wire_prune_polauto,cuda,NVIDIA L40S,AMD EPYC 9334 32-Core Processor x8 threads,32,6657933312,1.6298145055770874e-06,measured,,,,
opt-6.7b,64,C,int,128,prove_encode,8,4,_wire_prune_polauto,cuda,NVIDIA L40S,AMD EPYC 9334 32-Core Processor x8 threads,32,6657933312,0.32814816758036613,measured,,,,
opt-6.7b,64,C,int,128,prove_fold,8,4,_wire_prune_polauto,cuda,NVIDIA L40S,AMD EPYC 9334 32-Core Processor x8 threads,32,6657933312,0.1637502103112638,measured,,,,
opt-6.7b,64,C,int,128,prove_forward,8,4,_wire_prune_polauto,cuda,NVIDIA L40S,AMD EPYC 9334 32-Core Processor x8 threads,32,6657933312,0.11310501908883452,measured,,,,
opt-6.7b,64,C,int,128,prove_lookups,8,4,_wire_prune_polauto,cuda,NVIDIA L40S,AMD EPYC 9334 32-Core Processor x8 threads,32,6657933312,0.00049935607239604,measured,,,,
opt-6.7b,64,C,int,128,prove_open,8,4,_wire_prune_polauto,cuda,NVIDIA L40S,AMD EPYC 9334 32-Core Processor x8 threads,32,6657933312,1.0129053094424307,measured,,,,
opt-6.7b,64,C,int,128,verify_columns,8,4,_wire_prune_polauto,cuda,NVIDIA L40S,AMD EPYC 9334 32-Core Processor x8 threads,32,6657933312,0.17605877248570323,measured,,,,
opt-6.7b,64,C,int,128,verify_decode,8,4,_wire_prune_polauto,cuda,NVIDIA L40S,AMD EPYC 9334 32-Core Processor x8 threads,32,6657933312,0.18289222428575158,measured,,,,
opt-6.7b,64,C,int,128,verify_derive,8,4,_wire_prune_polauto,cuda,NVIDIA L40S,AMD EPYC 9334 32-Core Processor x8 threads,32,6657933312,0.22818676382303238,measured,,,,
opt-6.7b,64,C,int,128,verify_fold,8,4,_wire_prune_polauto,cuda,NVIDIA L40S,AMD EPYC 9334 32-Core Processor x8 threads,32,6657933312,0.0,measured,,,,
opt-6.7b,64,C,int,128,verify_lookups,8,4,_wire_prune_polauto,cuda,NVIDIA L40S,AMD EPYC 9334 32-Core Processor x8 threads,32,6657933312,0.0016127228736877441,measured,,,,
opt-6.7b,64,C,int,128,verify_products,8,4,_wire_prune_polauto,cuda,NVIDIA L40S,AMD EPYC 9334 32-Core Processor x8 threads,32,6657933312,0.32389436662197113,measured,,,,
opt-6.7b,64,Kpre,int,128,bytes_total,8,4,_wire_prune_lookups,cuda,NVIDIA L40S,AMD EPYC 9334 32-Core Processor x8 threads,32,6657933312,166954179.5,measured,,,,
opt-6.7b,64,Kpre,int,128,fs_hash,8,4,_wire_prune_lookups,cuda,NVIDIA L40S,AMD EPYC 9334 32-Core Processor x8 threads,32,6657933312,1.9599683582782745e-06,measured,,,,
opt-6.7b,64,Kpre,int,128,prove_encode,8,4,_wire_prune_lookups,cuda,NVIDIA L40S,AMD EPYC 9334 32-Core Processor x8 threads,32,6657933312,0.10469764191657305,measured,,,,
opt-6.7b,64,Kpre,int,128,prove_fold,8,4,_wire_prune_lookups,cuda,NVIDIA L40S,AMD EPYC 9334 32-Core Processor x8 threads,32,6657933312,0.0,measured,,,,
opt-6.7b,64,Kpre,int,128,prove_forward,8,4,_wire_prune_lookups,cuda,NVIDIA L40S,AMD EPYC 9334 32-Core Processor x8 threads,32,6657933312,0.11303218081593513,measured,,,,
opt-6.7b,64,Kpre,int,128,verify_decode,8,4,_wire_prune_lookups,cuda,NVIDIA L40S,AMD EPYC 9334 32-Core Processor x8 threads,32,6657933312,0.14918175479397178,measured,,,,
opt-6.7b,64,Kpre,int,128,verify_derive,8,4,_wire_prune_lookups,cuda,NVIDIA L40S,AMD EPYC 9334 32-Core Processor x8 threads,32,6657933312,0.27145496383309364,measured,,,,
opt-6.7b,64,Kpre,int,128,verify_fold,8,4,_wire_prune_lookups,cuda,NVIDIA L40S,AMD EPYC 9334 32-Core Processor x8 threads,32,6657933312,0.0,measured,,,,
opt-6.7b,64,Kpre,int,128,verify_products,8,4,_wire_prune_lookups,cuda,NVIDIA L40S,AMD EPYC 9334 32-Core Processor x8 threads,32,6657933312,0.21687457850202918,measured,,,,
opt-66b,64,C,int,128,bytes_total,8,4,_wire_prune_polauto,cuda,NVIDIA L40S,AMD EPYC 9334 32-Core Processor x8 threads,64,65717305344,1244650739.5,extrapolated_from_1_and_2_blocks,14024489.5,33558239.5,,
opt-66b,64,C,int,128,fs_hash,8,4,_wire_prune_polauto,cuda,NVIDIA L40S,AMD EPYC 9334 32-Core Processor x8 threads,64,65717305344,3.973953425884247e-06,extrapolated_from_1_and_2_blocks,1.069623976945877e-06,1.1157244443893433e-06,,
opt-66b,64,C,int,128,prove_encode,8,4,_wire_prune_polauto,cuda,NVIDIA L40S,AMD EPYC 9334 32-Core Processor x8 threads,64,65717305344,1.0445400471799076,extrapolated_from_1_and_2_blocks,0.023819182999432087,0.04002110147848725,,
opt-66b,64,C,int,128,prove_fold,8,4,_wire_prune_polauto,cuda,NVIDIA L40S,AMD EPYC 9334 32-Core Processor x8 threads,64,65717305344,1.713035045657307,extrapolated_from_1_and_2_blocks,0.026953984517604113,0.05371717596426606,,
opt-66b,64,C,int,128,prove_forward,8,4,_wire_prune_polauto,cuda,NVIDIA L40S,AMD EPYC 9334 32-Core Processor x8 threads,64,65717305344,0.8818244626745582,extrapolated_from_1_and_2_blocks,0.01696883887052536,0.030696705915033817,,
opt-66b,64,C,int,128,prove_lookups,8,4,_wire_prune_polauto,cuda,NVIDIA L40S,AMD EPYC 9334 32-Core Processor x8 threads,64,65717305344,0.0013393163681030273,extrapolated_from_1_and_2_blocks,0.00026606395840644836,0.0002830997109413147,,
opt-66b,64,C,int,128,prove_open,8,4,_wire_prune_polauto,cuda,NVIDIA L40S,AMD EPYC 9334 32-Core Processor x8 threads,64,65717305344,8.933016178198159,extrapolated_from_1_and_2_blocks,0.22179762413725257,0.3600709345191717,,
opt-66b,64,C,int,128,verify_columns,8,4,_wire_prune_polauto,cuda,NVIDIA L40S,AMD EPYC 9334 32-Core Processor x8 threads,64,65717305344,0.6502139824442565,extrapolated_from_1_and_2_blocks,0.01458828104659915,0.024677577894181013,,
opt-66b,64,C,int,128,verify_decode,8,4,_wire_prune_polauto,cuda,NVIDIA L40S,AMD EPYC 9334 32-Core Processor x8 threads,64,65717305344,0.951623123139143,extrapolated_from_1_and_2_blocks,0.007268022745847702,0.022257786244153976,,
opt-66b,64,C,int,128,verify_derive,8,4,_wire_prune_polauto,cuda,NVIDIA L40S,AMD EPYC 9334 32-Core Processor x8 threads,64,65717305344,1.0740782315842807,extrapolated_from_1_and_2_blocks,0.0068242596462368965,0.023764798883348703,,
opt-66b,64,C,int,128,verify_fold,8,4,_wire_prune_polauto,cuda,NVIDIA L40S,AMD EPYC 9334 32-Core Processor x8 threads,64,65717305344,0.0,extrapolated_from_1_and_2_blocks,0.0,0.0,,
opt-66b,64,C,int,128,verify_lookups,8,4,_wire_prune_polauto,cuda,NVIDIA L40S,AMD EPYC 9334 32-Core Processor x8 threads,64,65717305344,-0.012105309870094061,extrapolated_from_1_and_2_blocks,0.0023793731816112995,0.0021494575776159763,,
opt-66b,64,C,int,128,verify_products,8,4,_wire_prune_polauto,cuda,NVIDIA L40S,AMD EPYC 9334 32-Core Processor x8 threads,64,65717305344,0.7126825568266213,extrapolated_from_1_and_2_blocks,0.007541407365351915,0.018734124023467302,,
opt-66b,64,Kpre,int,128,bytes_total,8,4,_wire_prune_lookups,cuda,NVIDIA L40S,AMD EPYC 9334 32-Core Processor x8 threads,64,65717305344,805169611.5,extrapolated_from_1_and_2_blocks,3119761.5,15850711.5,,
opt-66b,64,Kpre,int,128,fs_hash,8,4,_wire_prune_lookups,cuda,NVIDIA L40S,AMD EPYC 9334 32-Core Processor x8 threads,64,65717305344,-5.3658150136470795e-06,extrapolated_from_1_and_2_blocks,1.2349337339401245e-06,1.1301599442958832e-06,,
opt-66b,64,Kpre,int,128,prove_encode,8,4,_wire_prune_lookups,cuda,NVIDIA L40S,AMD EPYC 9334 32-Core Processor x8 threads,64,65717305344,0.32576673850417137,extrapolated_from_1_and_2_blocks,0.0032937005162239075,0.008412320166826248,,
opt-66b,64,Kpre,int,128,prove_fold,8,4,_wire_prune_lookups,cuda,NVIDIA L40S,AMD EPYC 9334 32-Core Processor x8 threads,64,65717305344,0.0,extrapolated_from_1_and_2_blocks,0.0,0.0,,
opt-66b,64,Kpre,int,128,prove_forward,8,4,_wire_prune_lookups,cuda,NVIDIA L40S,AMD EPYC 9334 32-Core Processor x8 threads,64,65717305344,0.9200743352994323,extrapolated_from_1_and_2_blocks,0.016167919151484966,0.030515640042722225,,
opt-66b,64,Kpre,int,128,verify_decode,8,4,_wire_prune_lookups,cuda,NVIDIA L40S,AMD EPYC 9334 32-Core Processor x8 threads,64,65717305344,0.6552707450464368,extrapolated_from_1_and_2_blocks,0.0028891456313431263,0.01324440911412239,,
opt-66b,64,Kpre,int,128,verify_derive,8,4,_wire_prune_lookups,cuda,NVIDIA L40S,AMD EPYC 9334 32-Core Processor x8 threads,64,65717305344,0.7213371279649436,extrapolated_from_1_and_2_blocks,0.00977732241153717,0.02107192249968648,,
opt-66b,64,Kpre,int,128,verify_fold,8,4,_wire_prune_lookups,cuda,NVIDIA L40S,AMD EPYC 9334 32-Core Processor x8 threads,64,65717305344,0.0,extrapolated_from_1_and_2_blocks,0.0,0.0,,
opt-66b,64,Kpre,int,128,verify_products,8,4,_wire_prune_lookups,cuda,NVIDIA L40S,AMD EPYC 9334 32-Core Processor x8 threads,64,65717305344,0.5744819832034409,extrapolated_from_1_and_2_blocks,0.004873714409768581,0.013915115501731634,,
qwen3-4b,64,C,int,128,bytes_total,8,4,_wire_prune_polauto,cuda,NVIDIA L40S,AMD EPYC 9334 32-Core Processor x8 threads,36,4022272000,222916190.5,measured,,,,
qwen3-4b,64,C,int,128,fs_hash,8,4,_wire_prune_polauto,cuda,NVIDIA L40S,AMD EPYC 9334 32-Core Processor x8 threads,36,4022272000,1.6796402633190155e-06,measured,,,,
qwen3-4b,64,C,int,128,prove_encode,8,4,_wire_prune_polauto,cuda,NVIDIA L40S,AMD EPYC 9334 32-Core Processor x8 threads,36,4022272000,0.26488007605075836,measured,,,,
qwen3-4b,64,C,int,128,prove_fold,8,4,_wire_prune_polauto,cuda,NVIDIA L40S,AMD EPYC 9334 32-Core Processor x8 threads,36,4022272000,0.1289281384088099,measured,,,,
qwen3-4b,64,C,int,128,prove_forward,8,4,_wire_prune_polauto,cuda,NVIDIA L40S,AMD EPYC 9334 32-Core Processor x8 threads,36,4022272000,0.11694345436990261,measured,,,,
qwen3-4b,64,C,int,128,prove_lookups,8,4,_wire_prune_polauto,cuda,NVIDIA L40S,AMD EPYC 9334 32-Core Processor x8 threads,36,4022272000,0.00037302495911717415,measured,,,,
qwen3-4b,64,C,int,128,prove_open,8,4,_wire_prune_polauto,cuda,NVIDIA L40S,AMD EPYC 9334 32-Core Processor x8 threads,36,4022272000,0.6718563735485077,measured,,,,
qwen3-4b,64,C,int,128,verify_columns,8,4,_wire_prune_polauto,cuda,NVIDIA L40S,AMD EPYC 9334 32-Core Processor x8 threads,36,4022272000,0.13605618756264448,measured,,,,
qwen3-4b,64,C,int,128,verify_decode,8,4,_wire_prune_polauto,cuda,NVIDIA L40S,AMD EPYC 9334 32-Core Processor x8 threads,36,4022272000,0.1456531616859138,measured,,,,
qwen3-4b,64,C,int,128,verify_derive,8,4,_wire_prune_polauto,cuda,NVIDIA L40S,AMD EPYC 9334 32-Core Processor x8 threads,36,4022272000,0.2534918123856187,measured,,,,
qwen3-4b,64,C,int,128,verify_fold,8,4,_wire_prune_polauto,cuda,NVIDIA L40S,AMD EPYC 9334 32-Core Processor x8 threads,36,4022272000,0.0,measured,,,,
qwen3-4b,64,C,int,128,verify_lookups,8,4,_wire_prune_polauto,cuda,NVIDIA L40S,AMD EPYC 9334 32-Core Processor x8 threads,36,4022272000,0.0010021012276411057,measured,,,,
qwen3-4b,64,C,int,128,verify_products,8,4,_wire_prune_polauto,cuda,NVIDIA L40S,AMD EPYC 9334 32-Core Processor x8 threads,36,4022272000,0.17553285602480173,measured,,,,
qwen3-4b,64,Kpre,int,128,bytes_total,8,4,_wire_prune_lookups,cuda,NVIDIA L40S,AMD EPYC 9334 32-Core Processor x8 threads,36,4022272000,159551550.5,measured,,,,
qwen3-4b,64,Kpre,int,128,fs_hash,8,4,_wire_prune_lookups,cuda,NVIDIA L40S,AMD EPYC 9334 32-Core Processor x8 threads,36,4022272000,2.025160938501358e-06,measured,,,,
qwen3-4b,64,Kpre,int,128,prove_encode,8,4,_wire_prune_lookups,cuda,NVIDIA L40S,AMD EPYC 9334 32-Core Processor x8 threads,36,4022272000,0.16898648347705603,measured,,,,
qwen3-4b,64,Kpre,int,128,prove_fold,8,4,_wire_prune_lookups,cuda,NVIDIA L40S,AMD EPYC 9334 32-Core Processor x8 threads,36,4022272000,0.0,measured,,,,
qwen3-4b,64,Kpre,int,128,prove_forward,8,4,_wire_prune_lookups,cuda,NVIDIA L40S,AMD EPYC 9334 32-Core Processor x8 threads,36,4022272000,0.1211131694726646,measured,,,,
qwen3-4b,64,Kpre,int,128,verify_decode,8,4,_wire_prune_lookups,cuda,NVIDIA L40S,AMD EPYC 9334 32-Core Processor x8 threads,36,4022272000,0.12304206471890211,measured,,,,
qwen3-4b,64,Kpre,int,128,verify_derive,8,4,_wire_prune_lookups,cuda,NVIDIA L40S,AMD EPYC 9334 32-Core Processor x8 threads,36,4022272000,0.36099354131147265,measured,,,,
qwen3-4b,64,Kpre,int,128,verify_fold,8,4,_wire_prune_lookups,cuda,NVIDIA L40S,AMD EPYC 9334 32-Core Processor x8 threads,36,4022272000,0.0,measured,,,,
qwen3-4b,64,Kpre,int,128,verify_products,8,4,_wire_prune_lookups,cuda,NVIDIA L40S,AMD EPYC 9334 32-Core Processor x8 threads,36,4022272000,0.20817568060010672,measured,,,,
qwen3-4b,8,C,int,128,bytes_total,8,4,_wire_prune_polauto,cuda,NVIDIA L40S,AMD EPYC 9334 32-Core Processor x8 threads,36,4022272000,83506786.5,measured,,,,
qwen3-4b,8,C,int,128,fs_hash,8,4,_wire_prune_polauto,cuda,NVIDIA L40S,AMD EPYC 9334 32-Core Processor x8 threads,36,4022272000,1.389533281326294e-06,measured,,,,
qwen3-4b,8,C,int,128,prove_encode,8,4,_wire_prune_polauto,cuda,NVIDIA L40S,AMD EPYC 9334 32-Core Processor x8 threads,36,4022272000,0.11656784545630217,measured,,,,
qwen3-4b,8,C,int,128,prove_fold,8,4,_wire_prune_polauto,cuda,NVIDIA L40S,AMD EPYC 9334 32-Core Processor x8 threads,36,4022272000,0.12870063120499253,measured,,,,
qwen3-4b,8,C,int,128,prove_forward,8,4,_wire_prune_polauto,cuda,NVIDIA L40S,AMD EPYC 9334 32-Core Processor x8 threads,36,4022272000,0.10632400121539831,measured,,,,
qwen3-4b,8,C,int,128,prove_lookups,8,4,_wire_prune_polauto,cuda,NVIDIA L40S,AMD EPYC 9334 32-Core Processor x8 threads,36,4022272000,0.00012223981320858002,measured,,,,
qwen3-4b,8,C,int,128,prove_open,8,4,_wire_prune_polauto,cuda,NVIDIA L40S,AMD EPYC 9334 32-Core Processor x8 threads,36,4022272000,0.6638322309590876,measured,,,,
qwen3-4b,8,C,int,128,verify_columns,8,4,_wire_prune_polauto,cuda,NVIDIA L40S,AMD EPYC 9334 32-Core Processor x8 threads,36,4022272000,0.16853585885837674,measured,,,,
qwen3-4b,8,C,int,128,verify_decode,8,4,_wire_prune_polauto,cuda,NVIDIA L40S,AMD EPYC 9334 32-Core Processor x8 threads,36,4022272000,0.030038350727409124,measured,,,,
qwen3-4b,8,C,int,128,verify_derive,8,4,_wire_prune_polauto,cuda,NVIDIA L40S,AMD EPYC 9334 32-Core Processor x8 threads,36,4022272000,0.09711208939552307,measured,,,,
qwen3-4b,8,C,int,128,verify_fold,8,4,_wire_prune_polauto,cuda,NVIDIA L40S,AMD EPYC 9334 32-Core Processor x8 threads,36,4022272000,0.0,measured,,,,
qwen3-4b,8,C,int,128,verify_lookups,8,4,_wire_prune_polauto,cuda,NVIDIA L40S,AMD EPYC 9334 32-Core Processor x8 threads,36,4022272000,0.00029282039031386375,measured,,,,
qwen3-4b,8,C,int,128,verify_products,8,4,_wire_prune_polauto,cuda,NVIDIA L40S,AMD EPYC 9334 32-Core Processor x8 threads,36,4022272000,0.10910040140151978,measured,,,,
qwen3-4b,8,Kpre,int,128,bytes_total,8,4,_wire_prune_lookups,cuda,NVIDIA L40S,AMD EPYC 9334 32-Core Processor x8 threads,36,4022272000,20302628.5,measured,,,,
qwen3-4b,8,Kpre,int,128,fs_hash,8,4,_wire_prune_lookups,cuda,NVIDIA L40S,AMD EPYC 9334 32-Core Processor x8 threads,36,4022272000,1.6205012798309326e-06,measured,,,,
qwen3-4b,8,Kpre,int,128,prove_encode,8,4,_wire_prune_lookups,cuda,NVIDIA L40S,AMD EPYC 9334 32-Core Processor x8 threads,36,4022272000,0.01098472997546196,measured,,,,
qwen3-4b,8,Kpre,int,128,prove_fold,8,4,_wire_prune_lookups,cuda,NVIDIA L40S,AMD EPYC 9334 32-Core Processor x8 threads,36,4022272000,0.0,measured,,,,
qwen3-4b,8,Kpre,int,128,prove_forward,8,4,_wire_prune_lookups,cuda,NVIDIA L40S,AMD EPYC 9334 32-Core Processor x8 threads,36,4022272000,0.11004833364859223,measured,,,,
qwen3-4b,8,Kpre,int,128,verify_decode,8,4,_wire_prune_lookups,cuda,NVIDIA L40S,AMD EPYC 9334 32-Core Processor x8 threads,36,4022272000,0.02110341051593423,measured,,,,
qwen3-4b,8,Kpre,int,128,verify_derive,8,4,_wire_prune_lookups,cuda,NVIDIA L40S,AMD EPYC 9334 32-Core Processor x8 threads,36,4022272000,0.11042768508195877,measured,,,,
qwen3-4b,8,Kpre,int,128,verify_fold,8,4,_wire_prune_lookups,cuda,NVIDIA L40S,AMD EPYC 9334 32-Core Processor x8 threads,36,4022272000,0.0,measured,,,,
qwen3-4b,8,Kpre,int,128,verify_products,8,4,_wire_prune_lookups,cuda,NVIDIA L40S,AMD EPYC 9334 32-Core Processor x8 threads,36,4022272000,0.048480038065463305,measured,,,,
qwen3-4b,8,Kpre,int,40,bytes_total,1,4,_thr1_wire_prune_lookups,cuda,NVIDIA L40S,AMD EPYC 9334 32-Core Processor x1 threads,36,4022272000,20302628.5,measured,,,,
qwen3-4b,8,Kpre,int,40,fs_hash,1,4,_thr1_wire_prune_lookups,cuda,NVIDIA L40S,AMD EPYC 9334 32-Core Processor x1 threads,36,4022272000,1.1748634278774261e-06,measured,,,,
qwen3-4b,8,Kpre,int,40,prove_encode,1,4,_thr1_wire_prune_lookups,cuda,NVIDIA L40S,AMD EPYC 9334 32-Core Processor x1 threads,36,4022272000,0.010981726925820112,measured,,,,
qwen3-4b,8,Kpre,int,40,prove_fold,1,4,_thr1_wire_prune_lookups,cuda,NVIDIA L40S,AMD EPYC 9334 32-Core Processor x1 threads,36,4022272000,0.0,measured,,,,
qwen3-4b,8,Kpre,int,40,prove_forward,1,4,_thr1_wire_prune_lookups,cuda,NVIDIA L40S,AMD EPYC 9334 32-Core Processor x1 threads,36,4022272000,0.11080282786861062,measured,,,,
qwen3-4b,8,Kpre,int,40,verify_decode,1,4,_thr1_wire_prune_lookups,cuda,NVIDIA L40S,AMD EPYC 9334 32-Core Processor x1 threads,36,4022272000,0.04108381271362305,measured,,,,
qwen3-4b,8,Kpre,int,40,verify_derive,1,4,_thr1_wire_prune_lookups,cuda,NVIDIA L40S,AMD EPYC 9334 32-Core Processor x1 threads,36,4022272000,0.07921911915764213,measured,,,,
qwen3-4b,8,Kpre,int,40,verify_fold,1,4,_thr1_wire_prune_lookups,cuda,NVIDIA L40S,AMD EPYC 9334 32-Core Processor x1 threads,36,4022272000,0.0,measured,,,,
qwen3-4b,8,Kpre,int,40,verify_products,1,4,_thr1_wire_prune_lookups,cuda,NVIDIA L40S,AMD EPYC 9334 32-Core Processor x1 threads,36,4022272000,0.03133074287325144,measured,,,,
