model,params,seq,lam,mode,challenges,reps,columns,soundness_bits,bytes_claims,bytes_u,bytes_columns,bytes_paths,bytes_total,macs_prover_forward,macs_verifier_freivalds,macs_prover_fold,macs_prover_open,macs_verifier_reencode,macs_verifier_columns,model_bytes_int8,model_bytes_fp16,anchuri_width,anchuri_paths,anchuri_path_bytes_est,anchuri_bytes_naive,anchuri_open_all_bytes,anchuri_bytes_est,provenance
gpt2,124401408,1,40,C,int,2,24,48.22,538948,1080520,12934752,401777,14955997,123616512,437046,325997568,3911970816,6483120,6467376,124401408,248802816,3072,85161,239062.5,20358801562.5,249097728,249097728,formula
gpt2,124401408,1,40,C,fs,4,56,49.64,538948,2161040,30181088,773660,33654736,123616512,874092,651995136,9127931904,30254560,30181088,124401408,248802816,3072,85161,239062.5,20358801562.5,249097728,249097728,formula
gpt2,124401408,1,40,Kpre,int,2,24,55.58,538948,0,0,0,538948,123616512,437046,,,,,124401408,248802816,3072,85161,239062.5,20358801562.5,249097728,249097728,formula
gpt2,124401408,1,80,C,int,3,44,86.27,538948,1620780,23713712,644212,26517652,123616512,655569,488996352,7171946496,17828580,17785284,124401408,248802816,3072,170321,239062.5,40717364062.5,249097728,249097728,formula
gpt2,124401408,1,80,C,fs,5,76,84.29,538948,2701300,40960048,971079,45171375,123616512,1092615,814993920,12387907584,51324700,51200060,124401408,248802816,3072,170321,239062.5,40717364062.5,249097728,249097728,formula
gpt2,124401408,1,80,Kpre,int,3,44,86.49,538948,0,0,0,538948,123616512,655569,,,,,124401408,248802816,3072,170321,239062.5,40717364062.5,249097728,249097728,formula
gpt2,124401408,1,128,C,int,5,68,138.57,538948,2701300,36648464,894499,40783211,123616512,1092615,814993920,11083917312,45922100,45810580,124401408,248802816,3072,272513,239062.5,65147639062.5,249097728,249097728,formula
gpt2,124401408,1,128,C,fs,7,100,141.54,538948,3781820,53894800,1185229,59400797,123616512,1529661,1140991488,16299878400,94545500,94315900,124401408,248802816,3072,272513,239062.5,65147639062.5,249097728,249097728,formula
gpt2,124401408,1,128,Kpre,int,5,68,148.31,538948,0,0,0,538948,123616512,1092615,,,,,124401408,248802816,3072,272513,239062.5,65147639062.5,249097728,249097728,formula
gpt2,124401408,8,40,C,int,2,24,48.22,2904388,1080520,12934752,401777,17321437,718750464,2782018,325997568,3911970816,6483120,6467376,124401408,248802816,3072,85161,239062.5,20358801562.5,251162112,251162112,formula
gpt2,124401408,8,40,C,fs,4,56,49.64,2904388,2161040,30181088,773660,36020176,718750464,5564036,651995136,9127931904,30254560,30181088,124401408,248802816,3072,85161,239062.5,20358801562.5,251162112,251162112,formula
gpt2,124401408,8,40,Kpre,int,2,24,55.58,2904388,0,0,0,2904388,718750464,2782018,,,,,124401408,248802816,3072,85161,239062.5,20358801562.5,251162112,251162112,formula
gpt2,124401408,8,80,C,int,3,44,86.27,2904388,1620780,23713712,644212,28883092,718750464,4173027,488996352,7171946496,17828580,17785284,124401408,248802816,3072,170321,239062.5,40717364062.5,251162112,251162112,formula
gpt2,124401408,8,80,C,fs,5,76,84.29,2904388,2701300,40960048,971079,47536815,718750464,6955045,814993920,12387907584,51324700,51200060,124401408,248802816,3072,170321,239062.5,40717364062.5,251162112,251162112,formula
gpt2,124401408,8,80,Kpre,int,3,44,86.49,2904388,0,0,0,2904388,718750464,4173027,,,,,124401408,248802816,3072,170321,239062.5,40717364062.5,251162112,251162112,formula
gpt2,124401408,8,128,C,int,5,68,138.57,2904388,2701300,36648464,894499,43148651,718750464,6955045,814993920,11083917312,45922100,45810580,124401408,248802816,3072,272513,239062.5,65147639062.5,251162112,251162112,formula
gpt2,124401408,8,128,C,fs,7,100,141.54,2904388,3781820,53894800,1185229,61766237,718750464,9737063,1140991488,16299878400,94545500,94315900,124401408,248802816,3072,272513,239062.5,65147639062.5,251162112,251162112,formula
gpt2,124401408,8,128,Kpre,int,5,68,148.31,2904388,0,0,0,2904388,718750464,6955045,,,,,124401408,248802816,3072,272513,239062.5,65147639062.5,251162112,251162112,formula
gpt2,124401408,64,40,C,int,2,24,48.22,21827908,1080520,12934752,401777,36244957,5479822080,21541794,325997568,3911970816,6483120,6467376,124401408,248802816,3072,85161,239062.5,20358801562.5,267677184,267677184,formula
gpt2,124401408,64,40,C,fs,4,56,49.64,21827908,2161040,30181088,773660,54943696,5479822080,43083588,651995136,9127931904,30254560,30181088,124401408,248802816,3072,85161,239062.5,20358801562.5,267677184,267677184,formula
gpt2,124401408,64,40,Kpre,int,2,24,55.58,21827908,0,0,0,21827908,5479822080,21541794,,,,,124401408,248802816,3072,85161,239062.5,20358801562.5,267677184,267677184,formula
gpt2,124401408,64,80,C,int,3,44,86.27,21827908,1620780,23713712,644212,47806612,5479822080,32312691,488996352,7171946496,17828580,17785284,124401408,248802816,3072,170321,239062.5,40717364062.5,267677184,267677184,formula
gpt2,124401408,64,80,C,fs,5,76,84.29,21827908,2701300,40960048,971079,66460335,5479822080,53854485,814993920,12387907584,51324700,51200060,124401408,248802816,3072,170321,239062.5,40717364062.5,267677184,267677184,formula
gpt2,124401408,64,80,Kpre,int,3,44,86.49,21827908,0,0,0,21827908,5479822080,32312691,,,,,124401408,248802816,3072,170321,239062.5,40717364062.5,267677184,267677184,formula
gpt2,124401408,64,128,C,int,5,68,138.57,21827908,2701300,36648464,894499,62072171,5479822080,53854485,814993920,11083917312,45922100,45810580,124401408,248802816,3072,272513,239062.5,65147639062.5,267677184,267677184,formula
gpt2,124401408,64,128,C,fs,7,100,141.54,21827908,3781820,53894800,1185229,80689757,5479822080,75396279,1140991488,16299878400,94545500,94315900,124401408,248802816,3072,272513,239062.5,65147639062.5,267677184,267677184,formula
gpt2,124401408,64,128,Kpre,int,5,68,148.31,21827908,0,0,0,21827908,5479822080,53854485,,,,,124401408,248802816,3072,272513,239062.5,65147639062.5,267677184,267677184,formula
gpt2,124401408,128,40,C,int,2,24,48.22,43454788,1080520,12934752,401777,57871837,10921046784,42981538,325997568,3911970816,6483120,6467376,124401408,248802816,3072,85161,239062.5,20358801562.5,286551552,286551552,formula
gpt2,124401408,128,40,C,fs,4,56,49.64,43454788,2161040,30181088,773660,76570576,10921046784,85963076,651995136,9127931904,30254560,30181088,124401408,248802816,3072,85161,239062.5,20358801562.5,286551552,286551552,formula
gpt2,124401408,128,40,Kpre,int,2,24,55.58,43454788,0,0,0,43454788,10921046784,42981538,,,,,124401408,248802816,3072,85161,239062.5,20358801562.5,286551552,286551552,formula
gpt2,124401408,128,80,C,int,3,44,86.27,43454788,1620780,23713712,644212,69433492,10921046784,64472307,488996352,7171946496,17828580,17785284,124401408,248802816,3072,170321,239062.5,40717364062.5,286551552,286551552,formula
gpt2,124401408,128,80,C,fs,5,76,84.29,43454788,2701300,40960048,971079,88087215,10921046784,107453845,814993920,12387907584,51324700,51200060,124401408,248802816,3072,170321,239062.5,40717364062.5,286551552,286551552,formula
gpt2,124401408,128,80,Kpre,int,3,44,86.49,43454788,0,0,0,43454788,10921046784,64472307,,,,,124401408,248802816,3072,170321,239062.5,40717364062.5,286551552,286551552,formula
gpt2,124401408,128,128,C,int,5,68,138.57,43454788,2701300,36648464,894499,83699051,10921046784,107453845,814993920,11083917312,45922100,45810580,124401408,248802816,3072,272513,239062.5,65147639062.5,286551552,286551552,formula
gpt2,124401408,128,128,C,fs,7,100,141.54,43454788,3781820,53894800,1185229,102316637,10921046784,150435383,1140991488,16299878400,94545500,94315900,124401408,248802816,3072,272513,239062.5,65147639062.5,286551552,286551552,formula
gpt2,124401408,128,128,Kpre,int,5,68,148.31,43454788,0,0,0,43454788,10921046784,107453845,,,,,124401408,248802816,3072,272513,239062.5,65147639062.5,286551552,286551552,formula
gpt2,124401408,256,40,C,int,2,24,48.22,86708548,1080520,12934752,401777,101125597,21803496192,85861026,325997568,3911970816,6483120,6467376,124401408,248802816,3072,85161,239062.5,20358801562.5,324300288,324300288,formula
gpt2,124401408,256,40,C,fs,4,56,49.64,86708548,2161040,30181088,773660,119824336,21803496192,171722052,651995136,9127931904,30254560,30181088,124401408,248802816,3072,85161,239062.5,20358801562.5,324300288,324300288,formula
gpt2,124401408,256,40,Kpre,int,2,24,55.58,86708548,0,0,0,86708548,21803496192,85861026,,,,,124401408,248802816,3072,85161,239062.5,20358801562.5,324300288,324300288,formula
gpt2,124401408,256,80,C,int,3,44,86.27,86708548,1620780,23713712,644212,112687252,21803496192,128791539,488996352,7171946496,17828580,17785284,124401408,248802816,3072,170321,239062.5,40717364062.5,324300288,324300288,formula
gpt2,124401408,256,80,C,fs,5,76,84.29,86708548,2701300,40960048,971079,131340975,21803496192,214652565,814993920,12387907584,51324700,51200060,124401408,248802816,3072,170321,239062.5,40717364062.5,324300288,324300288,formula
gpt2,124401408,256,80,Kpre,int,3,44,86.49,86708548,0,0,0,86708548,21803496192,128791539,,,,,124401408,248802816,3072,170321,239062.5,40717364062.5,324300288,324300288,formula
gpt2,124401408,256,128,C,int,5,68,138.57,86708548,2701300,36648464,894499,126952811,21803496192,214652565,814993920,11083917312,45922100,45810580,124401408,248802816,3072,272513,239062.5,65147639062.5,324300288,324300288,formula
gpt2,124401408,256,128,C,fs,7,100,141.54,86708548,3781820,53894800,1185229,145570397,21803496192,300513591,1140991488,16299878400,94545500,94315900,124401408,248802816,3072,272513,239062.5,65147639062.5,324300288,324300288,formula
gpt2,124401408,256,128,Kpre,int,5,68,148.31,86708548,0,0,0,86708548,21803496192,214652565,,,,,124401408,248802816,3072,272513,239062.5,65147639062.5,324300288,324300288,formula
gpt2,124401408,512,40,C,int,2,24,48.22,173216068,1080520,12934752,401777,187633117,43568395008,171620002,325997568,3911970816,6483120,6467376,124401408,248802816,3072,85161,239062.5,20358801562.5,399797760,399797760,formula
gpt2,124401408,512,40,C,fs,4,56,49.64,173216068,2161040,30181088,773660,206331856,43568395008,343240004,651995136,9127931904,30254560,30181088,124401408,248802816,3072,85161,239062.5,20358801562.5,399797760,399797760,formula
gpt2,124401408,512,40,Kpre,int,2,24,55.58,173216068,0,0,0,173216068,43568395008,171620002,,,,,124401408,248802816,3072,85161,239062.5,20358801562.5,399797760,399797760,formula
gpt2,124401408,512,80,C,int,3,44,86.27,173216068,1620780,23713712,644212,199194772,43568395008,257430003,488996352,7171946496,17828580,17785284,124401408,248802816,3072,170321,239062.5,40717364062.5,399797760,399797760,formula
gpt2,124401408,512,80,C,fs,5,76,84.29,173216068,2701300,40960048,971079,217848495,43568395008,429050005,814993920,12387907584,51324700,51200060,124401408,248802816,3072,170321,239062.5,40717364062.5,399797760,399797760,formula
gpt2,124401408,512,80,Kpre,int,3,44,86.49,173216068,0,0,0,173216068,43568395008,257430003,,,,,124401408,248802816,3072,170321,239062.5,40717364062.5,399797760,399797760,formula
gpt2,124401408,512,128,C,int,5,68,138.57,173216068,2701300,36648464,894499,213460331,43568395008,429050005,814993920,11083917312,45922100,45810580,124401408,248802816,3072,272513,239062.5,65147639062.5,399797760,399797760,formula
gpt2,124401408,512,128,C,fs,7,100,141.54,173216068,3781820,53894800,1185229,232077917,43568395008,600670007,1140991488,16299878400,94545500,94315900,124401408,248802816,3072,272513,239062.5,65147639062.5,399797760,399797760,formula
gpt2,124401408,512,128,Kpre,int,5,68,148.31,173216068,0,0,0,173216068,43568395008,429050005,,,,,124401408,248802816,3072,272513,239062.5,65147639062.5,399797760,399797760,formula
gpt2,124401408,1024,40,C,int,2,24,48.22,346231108,1080520,12934752,401777,360648157,87098192640,343137954,325997568,3911970816,6483120,6467376,124401408,248802816,3072,85161,239062.5,20358801562.5,550792704,550792704,formula
gpt2,124401408,1024,40,C,fs,4,56,49.64,346231108,2161040,30181088,773660,379346896,87098192640,686275908,651995136,9127931904,30254560,30181088,124401408,248802816,3072,85161,239062.5,20358801562.5,550792704,550792704,formula
gpt2,124401408,1024,40,Kpre,int,2,24,55.58,346231108,0,0,0,346231108,87098192640,343137954,,,,,124401408,248802816,3072,85161,239062.5,20358801562.5,550792704,550792704,formula
gpt2,124401408,1024,80,C,int,3,44,86.27,346231108,1620780,23713712,644212,372209812,87098192640,514706931,488996352,7171946496,17828580,17785284,124401408,248802816,3072,170321,239062.5,40717364062.5,550792704,550792704,formula
gpt2,124401408,1024,80,C,fs,5,76,84.29,346231108,2701300,40960048,971079,390863535,87098192640,857844885,814993920,12387907584,51324700,51200060,124401408,248802816,3072,170321,239062.5,40717364062.5,550792704,550792704,formula
gpt2,124401408,1024,80,Kpre,int,3,44,86.49,346231108,0,0,0,346231108,87098192640,514706931,,,,,124401408,248802816,3072,170321,239062.5,40717364062.5,550792704,550792704,formula
gpt2,124401408,1024,128,C,int,5,68,138.57,346231108,2701300,36648464,894499,386475371,87098192640,857844885,814993920,11083917312,45922100,45810580,124401408,248802816,3072,272513,239062.5,65147639062.5,550792704,550792704,formula
gpt2,124401408,1024,128,C,fs,7,100,141.54,346231108,3781820,53894800,1185229,405092957,87098192640,1200982839,1140991488,16299878400,94545500,94315900,124401408,248802816,3072,272513,239062.5,65147639062.5,550792704,550792704,formula
gpt2,124401408,1024,128,Kpre,int,5,68,148.31,346231108,0,0,0,346231108,87098192640,857844885,,,,,124401408,248802816,3072,272513,239062.5,65147639062.5,550792704,550792704,formula
gpt2,124401408,2048,40,C,int,2,24,48.22,692261188,1080520,12934752,401777,706678237,174157787904,686173858,325997568,3911970816,6483120,6467376,124401408,248802816,3072,85161,239062.5,20358801562.5,852782592,852782592,formula
gpt2,124401408,2048,40,C,fs,4,56,49.64,692261188,2161040,30181088,773660,725376976,174157787904,1372347716,651995136,9127931904,30254560,30181088,124401408,248802816,3072,85161,239062.5,20358801562.5,852782592,852782592,formula
gpt2,124401408,2048,40,Kpre,int,2,24,55.58,692261188,0,0,0,692261188,174157787904,686173858,,,,,124401408,248802816,3072,85161,239062.5,20358801562.5,852782592,852782592,formula
gpt2,124401408,2048,80,C,int,3,44,86.27,692261188,1620780,23713712,644212,718239892,174157787904,1029260787,488996352,7171946496,17828580,17785284,124401408,248802816,3072,170321,239062.5,40717364062.5,852782592,852782592,formula
gpt2,124401408,2048,80,C,fs,5,76,84.29,692261188,2701300,40960048,971079,736893615,174157787904,1715434645,814993920,12387907584,51324700,51200060,124401408,248802816,3072,170321,239062.5,40717364062.5,852782592,852782592,formula
gpt2,124401408,2048,80,Kpre,int,3,44,86.49,692261188,0,0,0,692261188,174157787904,1029260787,,,,,124401408,248802816,3072,170321,239062.5,40717364062.5,852782592,852782592,formula
gpt2,124401408,2048,128,C,int,5,68,138.57,692261188,2701300,36648464,894499,732505451,174157787904,1715434645,814993920,11083917312,45922100,45810580,124401408,248802816,3072,272513,239062.5,65147639062.5,852782592,852782592,formula
gpt2,124401408,2048,128,C,fs,7,100,141.54,692261188,3781820,53894800,1185229,751123037,174157787904,2401608503,1140991488,16299878400,94545500,94315900,124401408,248802816,3072,272513,239062.5,65147639062.5,852782592,852782592,formula
gpt2,124401408,2048,128,Kpre,int,5,68,148.31,692261188,0,0,0,692261188,174157787904,1715434645,,,,,124401408,248802816,3072,272513,239062.5,65147639062.5,852782592,852782592,formula
opt-125m,125199360,1,40,C,int,2,24,48.06,539008,1088832,12936192,402537,14966569,123628032,437076,327616512,3931398144,6532992,6468096,125199360,250398720,3072,85161,239062.5,20358801562.5,250693632,250693632,formula
opt-125m,125199360,1,40,C,fs,4,56,48.8,539008,2177664,30184448,775417,33676537,123628032,874152,655233024,9173262336,30487296,30184448,125199360,250398720,3072,85161,239062.5,20358801562.5,250693632,250693632,formula
opt-125m,125199360,1,40,Kpre,int,2,24,55.58,539008,0,0,0,539008,123628032,437076,,,,,125199360,250398720,3072,85161,239062.5,20358801562.5,250693632,250693632,formula
opt-125m,125199360,1,80,C,int,3,44,86.18,539008,1633248,23716352,645597,26534205,123628032,655614,491424768,7207563264,17965728,17787264,125199360,250398720,3072,170321,239062.5,40717364062.5,250693632,250693632,formula
opt-125m,125199360,1,80,C,fs,5,76,84.27,539008,2722080,40964608,973449,45199145,123628032,1092690,819041280,12449427456,51719520,51205760,125199360,250398720,3072,170321,239062.5,40717364062.5,250693632,250693632,formula
opt-125m,125199360,1,80,Kpre,int,3,44,86.49,539008,0,0,0,539008,123628032,655614,,,,,125199360,250398720,3072,170321,239062.5,40717364062.5,250693632,250693632,formula
opt-125m,125199360,1,128,C,int,5,68,137.27,539008,2722080,36652544,896624,40810256,123628032,1092690,819041280,11138961408,46275360,45815680,125199360,250398720,3072,272513,239062.5,65147639062.5,250693632,250693632,formula
opt-125m,125199360,1,128,C,fs,7,100,138.73,539008,3810912,53900800,1188329,59439049,123628032,1529766,1146657792,16380825600,95272800,94326400,125199360,250398720,3072,272513,239062.5,65147639062.5,250693632,250693632,formula
opt-125m,125199360,1,128,Kpre,int,5,68,148.31,539008,0,0,0,539008,123628032,1092690,,,,,125199360,250398720,3072,272513,239062.5,65147639062.5,250693632,250693632,formula
opt-125m,125199360,8,40,C,int,2,24,48.06,2904448,1088832,12936192,402537,17332009,718761984,2782048,327616512,3931398144,6532992,6468096,125199360,250398720,3072,85161,239062.5,20358801562.5,252758016,252758016,formula
opt-125m,125199360,8,40,C,fs,4,56,48.8,2904448,2177664,30184448,775417,36041977,718761984,5564096,655233024,9173262336,30487296,30184448,125199360,250398720,3072,85161,239062.5,20358801562.5,252758016,252758016,formula
opt-125m,125199360,8,40,Kpre,int,2,24,55.58,2904448,0,0,0,2904448,718761984,2782048,,,,,125199360,250398720,3072,85161,239062.5,20358801562.5,252758016,252758016,formula
opt-125m,125199360,8,80,C,int,3,44,86.18,2904448,1633248,23716352,645597,28899645,718761984,4173072,491424768,7207563264,17965728,17787264,125199360,250398720,3072,170321,239062.5,40717364062.5,252758016,252758016,formula
opt-125m,125199360,8,80,C,fs,5,76,84.27,2904448,2722080,40964608,973449,47564585,718761984,6955120,819041280,12449427456,51719520,51205760,125199360,250398720,3072,170321,239062.5,40717364062.5,252758016,252758016,formula
opt-125m,125199360,8,80,Kpre,int,3,44,86.49,2904448,0,0,0,2904448,718761984,4173072,,,,,125199360,250398720,3072,170321,239062.5,40717364062.5,252758016,252758016,formula
opt-125m,125199360,8,128,C,int,5,68,137.27,2904448,2722080,36652544,896624,43175696,718761984,6955120,819041280,11138961408,46275360,45815680,125199360,250398720,3072,272513,239062.5,65147639062.5,252758016,252758016,formula
opt-125m,125199360,8,128,C,fs,7,100,138.73,2904448,3810912,53900800,1188329,61804489,718761984,9737168,1146657792,16380825600,95272800,94326400,125199360,250398720,3072,272513,239062.5,65147639062.5,252758016,252758016,formula
opt-125m,125199360,8,128,Kpre,int,5,68,148.31,2904448,0,0,0,2904448,718761984,6955120,,,,,125199360,250398720,3072,272513,239062.5,65147639062.5,252758016,252758016,formula
opt-125m,125199360,64,40,C,int,2,24,48.06,21827968,1088832,12936192,402537,36255529,5479833600,21541824,327616512,3931398144,6532992,6468096,125199360,250398720,3072,85161,239062.5,20358801562.5,269273088,269273088,formula
opt-125m,125199360,64,40,C,fs,4,56,48.8,21827968,2177664,30184448,775417,54965497,5479833600,43083648,655233024,9173262336,30487296,30184448,125199360,250398720,3072,85161,239062.5,20358801562.5,269273088,269273088,formula
opt-125m,125199360,64,40,Kpre,int,2,24,55.58,21827968,0,0,0,21827968,5479833600,21541824,,,,,125199360,250398720,3072,85161,239062.5,20358801562.5,269273088,269273088,formula
opt-125m,125199360,64,80,C,int,3,44,86.18,21827968,1633248,23716352,645597,47823165,5479833600,32312736,491424768,7207563264,17965728,17787264,125199360,250398720,3072,170321,239062.5,40717364062.5,269273088,269273088,formula
opt-125m,125199360,64,80,C,fs,5,76,84.27,21827968,2722080,40964608,973449,66488105,5479833600,53854560,819041280,12449427456,51719520,51205760,125199360,250398720,3072,170321,239062.5,40717364062.5,269273088,269273088,formula
opt-125m,125199360,64,80,Kpre,int,3,44,86.49,21827968,0,0,0,21827968,5479833600,32312736,,,,,125199360,250398720,3072,170321,239062.5,40717364062.5,269273088,269273088,formula
opt-125m,125199360,64,128,C,int,5,68,137.27,21827968,2722080,36652544,896624,62099216,5479833600,53854560,819041280,11138961408,46275360,45815680,125199360,250398720,3072,272513,239062.5,65147639062.5,269273088,269273088,formula
opt-125m,125199360,64,128,C,fs,7,100,138.73,21827968,3810912,53900800,1188329,80728009,5479833600,75396384,1146657792,16380825600,95272800,94326400,125199360,250398720,3072,272513,239062.5,65147639062.5,269273088,269273088,formula
opt-125m,125199360,64,128,Kpre,int,5,68,148.31,21827968,0,0,0,21827968,5479833600,53854560,,,,,125199360,250398720,3072,272513,239062.5,65147639062.5,269273088,269273088,formula
opt-125m,125199360,128,40,C,int,2,24,48.06,43454848,1088832,12936192,402537,57882409,10921058304,42981568,327616512,3931398144,6532992,6468096,125199360,250398720,3072,85161,239062.5,20358801562.5,288147456,288147456,formula
opt-125m,125199360,128,40,C,fs,4,56,48.8,43454848,2177664,30184448,775417,76592377,10921058304,85963136,655233024,9173262336,30487296,30184448,125199360,250398720,3072,85161,239062.5,20358801562.5,288147456,288147456,formula
opt-125m,125199360,128,40,Kpre,int,2,24,55.58,43454848,0,0,0,43454848,10921058304,42981568,,,,,125199360,250398720,3072,85161,239062.5,20358801562.5,288147456,288147456,formula
opt-125m,125199360,128,80,C,int,3,44,86.18,43454848,1633248,23716352,645597,69450045,10921058304,64472352,491424768,7207563264,17965728,17787264,125199360,250398720,3072,170321,239062.5,40717364062.5,288147456,288147456,formula
opt-125m,125199360,128,80,C,fs,5,76,84.27,43454848,2722080,40964608,973449,88114985,10921058304,107453920,819041280,12449427456,51719520,51205760,125199360,250398720,3072,170321,239062.5,40717364062.5,288147456,288147456,formula
opt-125m,125199360,128,80,Kpre,int,3,44,86.49,43454848,0,0,0,43454848,10921058304,64472352,,,,,125199360,250398720,3072,170321,239062.5,40717364062.5,288147456,288147456,formula
opt-125m,125199360,128,128,C,int,5,68,137.27,43454848,2722080,36652544,896624,83726096,10921058304,107453920,819041280,11138961408,46275360,45815680,125199360,250398720,3072,272513,239062.5,65147639062.5,288147456,288147456,formula
opt-125m,125199360,128,128,C,fs,7,100,138.73,43454848,3810912,53900800,1188329,102354889,10921058304,150435488,1146657792,16380825600,95272800,94326400,125199360,250398720,3072,272513,239062.5,65147639062.5,288147456,288147456,formula
opt-125m,125199360,128,128,Kpre,int,5,68,148.31,43454848,0,0,0,43454848,10921058304,107453920,,,,,125199360,250398720,3072,272513,239062.5,65147639062.5,288147456,288147456,formula
opt-125m,125199360,256,40,C,int,2,24,48.06,86708608,1088832,12936192,402537,101136169,21803507712,85861056,327616512,3931398144,6532992,6468096,125199360,250398720,3072,85161,239062.5,20358801562.5,325896192,325896192,formula
opt-125m,125199360,256,40,C,fs,4,56,48.8,86708608,2177664,30184448,775417,119846137,21803507712,171722112,655233024,9173262336,30487296,30184448,125199360,250398720,3072,85161,239062.5,20358801562.5,325896192,325896192,formula
opt-125m,125199360,256,40,Kpre,int,2,24,55.58,86708608,0,0,0,86708608,21803507712,85861056,,,,,125199360,250398720,3072,85161,239062.5,20358801562.5,325896192,325896192,formula
opt-125m,125199360,256,80,C,int,3,44,86.18,86708608,1633248,23716352,645597,112703805,21803507712,128791584,491424768,7207563264,17965728,17787264,125199360,250398720,3072,170321,239062.5,40717364062.5,325896192,325896192,formula
opt-125m,125199360,256,80,C,fs,5,76,84.27,86708608,2722080,40964608,973449,131368745,21803507712,214652640,819041280,12449427456,51719520,51205760,125199360,250398720,3072,170321,239062.5,40717364062.5,325896192,325896192,formula
opt-125m,125199360,256,80,Kpre,int,3,44,86.49,86708608,0,0,0,86708608,21803507712,128791584,,,,,125199360,250398720,3072,170321,239062.5,40717364062.5,325896192,325896192,formula
opt-125m,125199360,256,128,C,int,5,68,137.27,86708608,2722080,36652544,896624,126979856,21803507712,214652640,819041280,11138961408,46275360,45815680,125199360,250398720,3072,272513,239062.5,65147639062.5,325896192,325896192,formula
opt-125m,125199360,256,128,C,fs,7,100,138.73,86708608,3810912,53900800,1188329,145608649,21803507712,300513696,1146657792,16380825600,95272800,94326400,125199360,250398720,3072,272513,239062.5,65147639062.5,325896192,325896192,formula
opt-125m,125199360,256,128,Kpre,int,5,68,148.31,86708608,0,0,0,86708608,21803507712,214652640,,,,,125199360,250398720,3072,272513,239062.5,65147639062.5,325896192,325896192,formula
opt-125m,125199360,512,40,C,int,2,24,48.06,173216128,1088832,12936192,402537,187643689,43568406528,171620032,327616512,3931398144,6532992,6468096,125199360,250398720,3072,85161,239062.5,20358801562.5,401393664,401393664,formula
opt-125m,125199360,512,40,C,fs,4,56,48.8,173216128,2177664,30184448,775417,206353657,43568406528,343240064,655233024,9173262336,30487296,30184448,125199360,250398720,3072,85161,239062.5,20358801562.5,401393664,401393664,formula
opt-125m,125199360,512,40,Kpre,int,2,24,55.58,173216128,0,0,0,173216128,43568406528,171620032,,,,,125199360,250398720,3072,85161,239062.5,20358801562.5,401393664,401393664,formula
opt-125m,125199360,512,80,C,int,3,44,86.18,173216128,1633248,23716352,645597,199211325,43568406528,257430048,491424768,7207563264,17965728,17787264,125199360,250398720,3072,170321,239062.5,40717364062.5,401393664,401393664,formula
opt-125m,125199360,512,80,C,fs,5,76,84.27,173216128,2722080,40964608,973449,217876265,43568406528,429050080,819041280,12449427456,51719520,51205760,125199360,250398720,3072,170321,239062.5,40717364062.5,401393664,401393664,formula
opt-125m,125199360,512,80,Kpre,int,3,44,86.49,173216128,0,0,0,173216128,43568406528,257430048,,,,,125199360,250398720,3072,170321,239062.5,40717364062.5,401393664,401393664,formula
opt-125m,125199360,512,128,C,int,5,68,137.27,173216128,2722080,36652544,896624,213487376,43568406528,429050080,819041280,11138961408,46275360,45815680,125199360,250398720,3072,272513,239062.5,65147639062.5,401393664,401393664,formula
opt-125m,125199360,512,128,C,fs,7,100,138.73,173216128,3810912,53900800,1188329,232116169,43568406528,600670112,1146657792,16380825600,95272800,94326400,125199360,250398720,3072,272513,239062.5,65147639062.5,401393664,401393664,formula
opt-125m,125199360,512,128,Kpre,int,5,68,148.31,173216128,0,0,0,173216128,43568406528,429050080,,,,,125199360,250398720,3072,272513,239062.5,65147639062.5,401393664,401393664,formula
opt-125m,125199360,1024,40,C,int,2,24,48.06,346231168,1088832,12936192,402537,360658729,87098204160,343137984,327616512,3931398144,6532992,6468096,125199360,250398720,3072,85161,239062.5,20358801562.5,552388608,552388608,formula
opt-125m,125199360,1024,40,C,fs,4,56,48.8,346231168,2177664,30184448,775417,379368697,87098204160,686275968,655233024,9173262336,30487296,30184448,125199360,250398720,3072,85161,239062.5,20358801562.5,552388608,552388608,formula
opt-125m,125199360,1024,40,Kpre,int,2,24,55.58,346231168,0,0,0,346231168,87098204160,343137984,,,,,125199360,250398720,3072,85161,239062.5,20358801562.5,552388608,552388608,formula
opt-125m,125199360,1024,80,C,int,3,44,86.18,346231168,1633248,23716352,645597,372226365,87098204160,514706976,491424768,7207563264,17965728,17787264,125199360,250398720,3072,170321,239062.5,40717364062.5,552388608,552388608,formula
opt-125m,125199360,1024,80,C,fs,5,76,84.27,346231168,2722080,40964608,973449,390891305,87098204160,857844960,819041280,12449427456,51719520,51205760,125199360,250398720,3072,170321,239062.5,40717364062.5,552388608,552388608,formula
opt-125m,125199360,1024,80,Kpre,int,3,44,86.49,346231168,0,0,0,346231168,87098204160,514706976,,,,,125199360,250398720,3072,170321,239062.5,40717364062.5,552388608,552388608,formula
opt-125m,125199360,1024,128,C,int,5,68,137.27,346231168,2722080,36652544,896624,386502416,87098204160,857844960,819041280,11138961408,46275360,45815680,125199360,250398720,3072,272513,239062.5,65147639062.5,552388608,552388608,formula
opt-125m,125199360,1024,128,C,fs,7,100,138.73,346231168,3810912,53900800,1188329,405131209,87098204160,1200982944,1146657792,16380825600,95272800,94326400,125199360,250398720,3072,272513,239062.5,65147639062.5,552388608,552388608,formula
opt-125m,125199360,1024,128,Kpre,int,5,68,148.31,346231168,0,0,0,346231168,87098204160,857844960,,,,,125199360,250398720,3072,272513,239062.5,65147639062.5,552388608,552388608,formula
opt-125m,125199360,2048,40,C,int,2,24,48.06,692261248,1088832,12936192,402537,706688809,174157799424,686173888,327616512,3931398144,6532992,6468096,125199360,250398720,3072,85161,239062.5,20358801562.5,854378496,854378496,formula
opt-125m,125199360,2048,40,C,fs,4,56,48.8,692261248,2177664,30184448,775417,725398777,174157799424,1372347776,655233024,9173262336,30487296,30184448,125199360,250398720,3072,85161,239062.5,20358801562.5,854378496,854378496,formula
opt-125m,125199360,2048,40,Kpre,int,2,24,55.58,692261248,0,0,0,692261248,174157799424,686173888,,,,,125199360,250398720,3072,85161,239062.5,20358801562.5,854378496,854378496,formula
opt-125m,125199360,2048,80,C,int,3,44,86.18,692261248,1633248,23716352,645597,718256445,174157799424,1029260832,491424768,7207563264,17965728,17787264,125199360,250398720,3072,170321,239062.5,40717364062.5,854378496,854378496,formula
opt-125m,125199360,2048,80,C,fs,5,76,84.27,692261248,2722080,40964608,973449,736921385,174157799424,1715434720,819041280,12449427456,51719520,51205760,125199360,250398720,3072,170321,239062.5,40717364062.5,854378496,854378496,formula
opt-125m,125199360,2048,80,Kpre,int,3,44,86.49,692261248,0,0,0,692261248,174157799424,1029260832,,,,,125199360,250398720,3072,170321,239062.5,40717364062.5,854378496,854378496,formula
opt-125m,125199360,2048,128,C,int,5,68,137.27,692261248,2722080,36652544,896624,732532496,174157799424,1715434720,819041280,11138961408,46275360,45815680,125199360,250398720,3072,272513,239062.5,65147639062.5,854378496,854378496,formula
opt-125m,125199360,2048,128,C,fs,7,100,138.73,692261248,3810912,53900800,1188329,751161289,174157799424,2401608608,1146657792,16380825600,95272800,94326400,125199360,250398720,3072,272513,239062.5,65147639062.5,854378496,854378496,formula
opt-125m,125199360,2048,128,Kpre,int,5,68,148.31,692261248,0,0,0,692261248,174157799424,1715434720,,,,,125199360,250398720,3072,272513,239062.5,65147639062.5,854378496,854378496,formula
opt-1.3b,1315553280,1,40,C,int,2,25,49.14,1986944,3975040,49673600,1039800,56675384,1311363072,1882596,2837020672,35462758400,24844000,24836800,1315553280,2631106560,8192,227117,1275000.0,289574175000.0,2632679424,2632679424,formula
opt-1.3b,1315553280,1,40,C,fs,4,57,49.66,1986944,7950080,113255808,2049407,125242239,1311363072,3765192,5674041344,80855089152,113288640,113255808,1315553280,2631106560,8192,227117,1275000.0,289574175000.0,2632679424,2632679424,formula
opt-1.3b,1315553280,1,40,Kpre,int,2,25,54.61,1986944,0,0,0,1986944,1311363072,1882596,,,,,1315553280,2631106560,8192,227117,1275000.0,289574175000.0,2632679424,2632679424,formula
opt-1.3b,1315553280,1,80,C,int,3,45,85.44,1986944,5962560,89412480,1690336,99052320,1311363072,2823894,4255531008,63832965120,67078800,67059360,1315553280,2631106560,8192,454234,1275000.0,579148350000.0,2632679424,2632679424,formula
opt-1.3b,1315553280,1,80,C,fs,5,77,83.33,1986944,9937600,152994688,2611566,167530798,1311363072,4706490,7092551680,109225295872,191298800,191243360,1315553280,2631106560,8192,454234,1275000.0,579148350000.0,2632679424,2632679424,formula
opt-1.3b,1315553280,1,80,Kpre,int,3,45,85.52,1986944,0,0,0,1986944,1311363072,2823894,,,,,1315553280,2631106560,8192,454234,1275000.0,579148350000.0,2632679424,2632679424,formula
opt-1.3b,1315553280,1,128,C,int,5,69,138.3,1986944,9937600,137099136,2391454,151415134,1311363072,4706490,7092551680,97877213184,171423600,171373920,1315553280,2631106560,8192,726774,1275000.0,926636850000.0,2632679424,2632679424,formula
opt-1.3b,1315553280,1,128,C,fs,7,101,139.76,1986944,13912640,200681344,3240651,219821579,1311363072,6589086,9929572352,143269543936,351294160,351192352,1315553280,2631106560,8192,726774,1275000.0,926636850000.0,2632679424,2632679424,formula
opt-1.3b,1315553280,1,128,Kpre,int,5,69,147.33,1986944,0,0,0,1986944,1311363072,4706490,,,,,1315553280,2631106560,8192,726774,1275000.0,926636850000.0,2632679424,2632679424,formula
opt-1.3b,1315553280,8,40,C,int,2,25,49.14,14487936,3975040,49673600,1039800,69176376,9770205184,14328288,2837020672,35462758400,24844000,24836800,1315553280,2631106560,8192,227117,1275000.0,289574175000.0,2643689472,2643689472,formula
opt-1.3b,1315553280,8,40,C,fs,4,57,49.66,14487936,7950080,113255808,2049407,137743231,9770205184,28656576,5674041344,80855089152,113288640,113255808,1315553280,2631106560,8192,227117,1275000.0,289574175000.0,2643689472,2643689472,formula
opt-1.3b,1315553280,8,40,Kpre,int,2,25,54.61,14487936,0,0,0,14487936,9770205184,14328288,,,,,1315553280,2631106560,8192,227117,1275000.0,289574175000.0,2643689472,2643689472,formula
opt-1.3b,1315553280,8,80,C,int,3,45,85.44,14487936,5962560,89412480,1690336,111553312,9770205184,21492432,4255531008,63832965120,67078800,67059360,1315553280,2631106560,8192,454234,1275000.0,579148350000.0,2643689472,2643689472,formula
opt-1.3b,1315553280,8,80,C,fs,5,77,83.33,14487936,9937600,152994688,2611566,180031790,9770205184,35820720,7092551680,109225295872,191298800,191243360,1315553280,2631106560,8192,454234,1275000.0,579148350000.0,2643689472,2643689472,formula
opt-1.3b,1315553280,8,80,Kpre,int,3,45,85.52,14487936,0,0,0,14487936,9770205184,21492432,,,,,1315553280,2631106560,8192,454234,1275000.0,579148350000.0,2643689472,2643689472,formula
opt-1.3b,1315553280,8,128,C,int,5,69,138.3,14487936,9937600,137099136,2391454,163916126,9770205184,35820720,7092551680,97877213184,171423600,171373920,1315553280,2631106560,8192,726774,1275000.0,926636850000.0,2643689472,2643689472,formula
opt-1.3b,1315553280,8,128,C,fs,7,101,139.76,14487936,13912640,200681344,3240651,232322571,9770205184,50149008,9929572352,143269543936,351294160,351192352,1315553280,2631106560,8192,726774,1275000.0,926636850000.0,2643689472,2643689472,formula
opt-1.3b,1315553280,8,128,Kpre,int,5,69,147.33,14487936,0,0,0,14487936,9770205184,35820720,,,,,1315553280,2631106560,8192,726774,1275000.0,926636850000.0,2643689472,2643689472,formula
opt-1.3b,1315553280,64,40,C,int,2,25,49.14,114495872,3975040,49673600,1039800,169184312,77440942080,113893824,2837020672,35462758400,24844000,24836800,1315553280,2631106560,8192,227117,1275000.0,289574175000.0,2731769856,2731769856,formula
opt-1.3b,1315553280,64,40,C,fs,4,57,49.66,114495872,7950080,113255808,2049407,237751167,77440942080,227787648,5674041344,80855089152,113288640,113255808,1315553280,2631106560,8192,227117,1275000.0,289574175000.0,2731769856,2731769856,formula
opt-1.3b,1315553280,64,40,Kpre,int,2,25,54.61,114495872,0,0,0,114495872,77440942080,113893824,,,,,1315553280,2631106560,8192,227117,1275000.0,289574175000.0,2731769856,2731769856,formula
opt-1.3b,1315553280,64,80,C,int,3,45,85.44,114495872,5962560,89412480,1690336,211561248,77440942080,170840736,4255531008,63832965120,67078800,67059360,1315553280,2631106560,8192,454234,1275000.0,579148350000.0,2731769856,2731769856,formula
opt-1.3b,1315553280,64,80,C,fs,5,77,83.33,114495872,9937600,152994688,2611566,280039726,77440942080,284734560,7092551680,109225295872,191298800,191243360,1315553280,2631106560,8192,454234,1275000.0,579148350000.0,2731769856,2731769856,formula
opt-1.3b,1315553280,64,80,Kpre,int,3,45,85.52,114495872,0,0,0,114495872,77440942080,170840736,,,,,1315553280,2631106560,8192,454234,1275000.0,579148350000.0,2731769856,2731769856,formula
opt-1.3b,1315553280,64,128,C,int,5,69,138.3,114495872,9937600,137099136,2391454,263924062,77440942080,284734560,7092551680,97877213184,171423600,171373920,1315553280,2631106560,8192,726774,1275000.0,926636850000.0,2731769856,2731769856,formula
opt-1.3b,1315553280,64,128,C,fs,7,101,139.76,114495872,13912640,200681344,3240651,332330507,77440942080,398628384,9929572352,143269543936,351294160,351192352,1315553280,2631106560,8192,726774,1275000.0,926636850000.0,2731769856,2731769856,formula
opt-1.3b,1315553280,64,128,Kpre,int,5,69,147.33,114495872,0,0,0,114495872,77440942080,284734560,,,,,1315553280,2631106560,8192,726774,1275000.0,926636850000.0,2731769856,2731769856,formula
opt-1.3b,1315553280,128,40,C,int,2,25,49.14,228790656,3975040,49673600,1039800,283479096,154778927104,227683008,2837020672,35462758400,24844000,24836800,1315553280,2631106560,8192,227117,1275000.0,289574175000.0,2832433152,2832433152,formula
opt-1.3b,1315553280,128,40,C,fs,4,57,49.66,228790656,7950080,113255808,2049407,352045951,154778927104,455366016,5674041344,80855089152,113288640,113255808,1315553280,2631106560,8192,227117,1275000.0,289574175000.0,2832433152,2832433152,formula
opt-1.3b,1315553280,128,40,Kpre,int,2,25,54.61,228790656,0,0,0,228790656,154778927104,227683008,,,,,1315553280,2631106560,8192,227117,1275000.0,289574175000.0,2832433152,2832433152,formula
opt-1.3b,1315553280,128,80,C,int,3,45,85.44,228790656,5962560,89412480,1690336,325856032,154778927104,341524512,4255531008,63832965120,67078800,67059360,1315553280,2631106560,8192,454234,1275000.0,579148350000.0,2832433152,2832433152,formula
opt-1.3b,1315553280,128,80,C,fs,5,77,83.33,228790656,9937600,152994688,2611566,394334510,154778927104,569207520,7092551680,109225295872,191298800,191243360,1315553280,2631106560,8192,454234,1275000.0,579148350000.0,2832433152,2832433152,formula
opt-1.3b,1315553280,128,80,Kpre,int,3,45,85.52,228790656,0,0,0,228790656,154778927104,341524512,,,,,1315553280,2631106560,8192,454234,1275000.0,579148350000.0,2832433152,2832433152,formula
opt-1.3b,1315553280,128,128,C,int,5,69,138.3,228790656,9937600,137099136,2391454,378218846,154778927104,569207520,7092551680,97877213184,171423600,171373920,1315553280,2631106560,8192,726774,1275000.0,926636850000.0,2832433152,2832433152,formula
opt-1.3b,1315553280,128,128,C,fs,7,101,139.76,228790656,13912640,200681344,3240651,446625291,154778927104,796890528,9929572352,143269543936,351294160,351192352,1315553280,2631106560,8192,726774,1275000.0,926636850000.0,2832433152,2832433152,formula
opt-1.3b,1315553280,128,128,Kpre,int,5,69,147.33,228790656,0,0,0,228790656,154778927104,569207520,,,,,1315553280,2631106560,8192,726774,1275000.0,926636850000.0,2832433152,2832433152,formula
opt-1.3b,1315553280,256,40,C,int,2,25,49.14,457380224,3975040,49673600,1039800,512068664,309454897152,455261376,2837020672,35462758400,24844000,24836800,1315553280,2631106560,8192,227117,1275000.0,289574175000.0,3033759744,3033759744,formula
opt-1.3b,1315553280,256,40,C,fs,4,57,49.66,457380224,7950080,113255808,2049407,580635519,309454897152,910522752,5674041344,80855089152,113288640,113255808,1315553280,2631106560,8192,227117,1275000.0,289574175000.0,3033759744,3033759744,formula
opt-1.3b,1315553280,256,40,Kpre,int,2,25,54.61,457380224,0,0,0,457380224,309454897152,455261376,,,,,1315553280,2631106560,8192,227117,1275000.0,289574175000.0,3033759744,3033759744,formula
opt-1.3b,1315553280,256,80,C,int,3,45,85.44,457380224,5962560,89412480,1690336,554445600,309454897152,682892064,4255531008,63832965120,67078800,67059360,1315553280,2631106560,8192,454234,1275000.0,579148350000.0,3033759744,3033759744,formula
opt-1.3b,1315553280,256,80,C,fs,5,77,83.33,457380224,9937600,152994688,2611566,622924078,309454897152,1138153440,7092551680,109225295872,191298800,191243360,1315553280,2631106560,8192,454234,1275000.0,579148350000.0,3033759744,3033759744,formula
opt-1.3b,1315553280,256,80,Kpre,int,3,45,85.52,457380224,0,0,0,457380224,309454897152,682892064,,,,,1315553280,2631106560,8192,454234,1275000.0,579148350000.0,3033759744,3033759744,formula
opt-1.3b,1315553280,256,128,C,int,5,69,138.3,457380224,9937600,137099136,2391454,606808414,309454897152,1138153440,7092551680,97877213184,171423600,171373920,1315553280,2631106560,8192,726774,1275000.0,926636850000.0,3033759744,3033759744,formula
opt-1.3b,1315553280,256,128,C,fs,7,101,139.76,457380224,13912640,200681344,3240651,675214859,309454897152,1593414816,9929572352,143269543936,351294160,351192352,1315553280,2631106560,8192,726774,1275000.0,926636850000.0,3033759744,3033759744,formula
opt-1.3b,1315553280,256,128,Kpre,int,5,69,147.33,457380224,0,0,0,457380224,309454897152,1138153440,,,,,1315553280,2631106560,8192,726774,1275000.0,926636850000.0,3033759744,3033759744,formula
opt-1.3b,1315553280,512,40,C,int,2,25,49.14,914559360,3975040,49673600,1039800,969247800,618806837248,910418112,2837020672,35462758400,24844000,24836800,1315553280,2631106560,8192,227117,1275000.0,289574175000.0,3436412928,3436412928,formula
opt-1.3b,1315553280,512,40,C,fs,4,57,49.66,914559360,7950080,113255808,2049407,1037814655,618806837248,1820836224,5674041344,80855089152,113288640,113255808,1315553280,2631106560,8192,227117,1275000.0,289574175000.0,3436412928,3436412928,formula
opt-1.3b,1315553280,512,40,Kpre,int,2,25,54.61,914559360,0,0,0,914559360,618806837248,910418112,,,,,1315553280,2631106560,8192,227117,1275000.0,289574175000.0,3436412928,3436412928,formula
opt-1.3b,1315553280,512,80,C,int,3,45,85.44,914559360,5962560,89412480,1690336,1011624736,618806837248,1365627168,4255531008,63832965120,67078800,67059360,1315553280,2631106560,8192,454234,1275000.0,579148350000.0,3436412928,3436412928,formula
opt-1.3b,1315553280,512,80,C,fs,5,77,83.33,914559360,9937600,152994688,2611566,1080103214,618806837248,2276045280,7092551680,109225295872,191298800,191243360,1315553280,2631106560,8192,454234,1275000.0,579148350000.0,3436412928,3436412928,formula
opt-1.3b,1315553280,512,80,Kpre,int,3,45,85.52,914559360,0,0,0,914559360,618806837248,1365627168,,,,,1315553280,2631106560,8192,454234,1275000.0,579148350000.0,3436412928,3436412928,formula
opt-1.3b,1315553280,512,128,C,int,5,69,138.3,914559360,9937600,137099136,2391454,1063987550,618806837248,2276045280,7092551680,97877213184,171423600,171373920,1315553280,2631106560,8192,726774,1275000.0,926636850000.0,3436412928,3436412928,formula
opt-1.3b,1315553280,512,128,C,fs,7,101,139.76,914559360,13912640,200681344,3240651,1132393995,618806837248,3186463392,9929572352,143269543936,351294160,351192352,1315553280,2631106560,8192,726774,1275000.0,926636850000.0,3436412928,3436412928,formula
opt-1.3b,1315553280,512,128,Kpre,int,5,69,147.33,914559360,0,0,0,914559360,618806837248,2276045280,,,,,1315553280,2631106560,8192,726774,1275000.0,926636850000.0,3436412928,3436412928,formula
opt-1.3b,1315553280,1024,40,C,int,2,25,49.14,1828917632,3975040,49673600,1039800,1883606072,1237510717440,1820731584,2837020672,35462758400,24844000,24836800,1315553280,2631106560,8192,227117,1275000.0,289574175000.0,4241719296,4241719296,formula
opt-1.3b,1315553280,1024,40,C,fs,4,57,49.66,1828917632,7950080,113255808,2049407,1952172927,1237510717440,3641463168,5674041344,80855089152,113288640,113255808,1315553280,2631106560,8192,227117,1275000.0,289574175000.0,4241719296,4241719296,formula
opt-1.3b,1315553280,1024,40,Kpre,int,2,25,54.61,1828917632,0,0,0,1828917632,1237510717440,1820731584,,,,,1315553280,2631106560,8192,227117,1275000.0,289574175000.0,4241719296,4241719296,formula
opt-1.3b,1315553280,1024,80,C,int,3,45,85.44,1828917632,5962560,89412480,1690336,1925983008,1237510717440,2731097376,4255531008,63832965120,67078800,67059360,1315553280,2631106560,8192,454234,1275000.0,579148350000.0,4241719296,4241719296,formula
opt-1.3b,1315553280,1024,80,C,fs,5,77,83.33,1828917632,9937600,152994688,2611566,1994461486,1237510717440,4551828960,7092551680,109225295872,191298800,191243360,1315553280,2631106560,8192,454234,1275000.0,579148350000.0,4241719296,4241719296,formula
opt-1.3b,1315553280,1024,80,Kpre,int,3,45,85.52,1828917632,0,0,0,1828917632,1237510717440,2731097376,,,,,1315553280,2631106560,8192,454234,1275000.0,579148350000.0,4241719296,4241719296,formula
opt-1.3b,1315553280,1024,128,C,int,5,69,138.3,1828917632,9937600,137099136,2391454,1978345822,1237510717440,4551828960,7092551680,97877213184,171423600,171373920,1315553280,2631106560,8192,726774,1275000.0,926636850000.0,4241719296,4241719296,formula
opt-1.3b,1315553280,1024,128,C,fs,7,101,139.76,1828917632,13912640,200681344,3240651,2046752267,1237510717440,6372560544,9929572352,143269543936,351294160,351192352,1315553280,2631106560,8192,726774,1275000.0,926636850000.0,4241719296,4241719296,formula
opt-1.3b,1315553280,1024,128,Kpre,int,5,69,147.33,1828917632,0,0,0,1828917632,1237510717440,4551828960,,,,,1315553280,2631106560,8192,726774,1275000.0,926636850000.0,4241719296,4241719296,formula
opt-1.3b,1315553280,2048,40,C,int,2,25,49.14,3657634176,3975040,49673600,1039800,3712322616,2474918477824,3641358528,2837020672,35462758400,24844000,24836800,1315553280,2631106560,8192,227117,1275000.0,289574175000.0,5852332032,5852332032,formula
opt-1.3b,1315553280,2048,40,C,fs,4,57,49.66,3657634176,7950080,113255808,2049407,3780889471,2474918477824,7282717056,5674041344,80855089152,113288640,113255808,1315553280,2631106560,8192,227117,1275000.0,289574175000.0,5852332032,5852332032,formula
opt-1.3b,1315553280,2048,40,Kpre,int,2,25,54.61,3657634176,0,0,0,3657634176,2474918477824,3641358528,,,,,1315553280,2631106560,8192,227117,1275000.0,289574175000.0,5852332032,5852332032,formula
opt-1.3b,1315553280,2048,80,C,int,3,45,85.44,3657634176,5962560,89412480,1690336,3754699552,2474918477824,5462037792,4255531008,63832965120,67078800,67059360,1315553280,2631106560,8192,454234,1275000.0,579148350000.0,5852332032,5852332032,formula
opt-1.3b,1315553280,2048,80,C,fs,5,77,83.33,3657634176,9937600,152994688,2611566,3823178030,2474918477824,9103396320,7092551680,109225295872,191298800,191243360,1315553280,2631106560,8192,454234,1275000.0,579148350000.0,5852332032,5852332032,formula
opt-1.3b,1315553280,2048,80,Kpre,int,3,45,85.52,3657634176,0,0,0,3657634176,2474918477824,5462037792,,,,,1315553280,2631106560,8192,454234,1275000.0,579148350000.0,5852332032,5852332032,formula
opt-1.3b,1315553280,2048,128,C,int,5,69,138.3,3657634176,9937600,137099136,2391454,3807062366,2474918477824,9103396320,7092551680,97877213184,171423600,171373920,1315553280,2631106560,8192,726774,1275000.0,926636850000.0,5852332032,5852332032,formula
opt-1.3b,1315553280,2048,128,C,fs,7,101,139.76,3657634176,13912640,200681344,3240651,3875468811,2474918477824,12744754848,9929572352,143269543936,351294160,351192352,1315553280,2631106560,8192,726774,1275000.0,926636850000.0,5852332032,5852332032,formula
opt-1.3b,1315553280,2048,128,Kpre,int,5,69,147.33,3657634176,0,0,0,3657634176,2474918477824,9103396320,,,,,1315553280,2631106560,8192,726774,1275000.0,926636850000.0,5852332032,5852332032,formula
opt-6.7b,6657933312,1,40,C,int,2,25,49.09,4952448,9890048,123811200,1533008,140186704,6649552896,4844100,13727694848,171596185600,61812800,61905600,6657933312,13315866624,16384,454248,3400000.0,1544443200000.0,13320060928,13320060928,formula
opt-6.7b,6657933312,1,40,C,fs,4,57,49.4,4952448,19780096,282289536,3067920,310090000,6649552896,9688200,27455389696,391239303168,281866368,282289536,6657933312,13315866624,16384,454248,3400000.0,1544443200000.0,13320060928,13320060928,formula
opt-6.7b,6657933312,1,40,Kpre,int,2,25,54.21,4952448,0,0,0,4952448,6649552896,4844100,,,,,6657933312,13315866624,16384,454248,3400000.0,1544443200000.0,13320060928,13320060928,formula
opt-6.7b,6657933312,1,80,C,int,3,45,85.04,4952448,14835072,222860160,2518362,245166042,6649552896,7266150,20591542272,308873134080,166894560,167145120,6657933312,13315866624,16384,908495,3400000.0,3088883000000.0,13320060928,13320060928,formula
opt-6.7b,6657933312,1,80,C,fs,5,77,82.92,4952448,24725120,381338496,3935397,414951461,6649552896,12110250,34319237120,528516251648,475958560,476673120,6657933312,13315866624,16384,908495,3400000.0,3088883000000.0,13320060928,13320060928,formula
opt-6.7b,6657933312,1,80,Kpre,int,3,45,85.11,4952448,0,0,0,4952448,6649552896,7266150,,,,,6657933312,13315866624,16384,908495,3400000.0,3088883000000.0,13320060928,13320060928,formula
opt-6.7b,6657933312,1,128,C,int,5,69,137.94,4952448,24725120,341718912,3594755,374991235,6649552896,12110250,34319237120,473605472256,426508320,427148640,6657933312,13315866624,16384,1453591,3400000.0,4942209400000.0,13320060928,13320060928,formula
opt-6.7b,6657933312,1,128,C,fs,7,101,138.9,4952448,34615168,500197248,4915529,544680393,6649552896,16954350,48046931968,693248589824,874032992,875345184,6657933312,13315866624,16384,1453591,3400000.0,4942209400000.0,13320060928,13320060928,formula
opt-6.7b,6657933312,1,128,Kpre,int,5,69,146.93,4952448,0,0,0,4952448,6649552896,12110250,,,,,6657933312,13315866624,16384,1453591,3400000.0,4942209400000.0,13320060928,13320060928,formula
opt-6.7b,6657933312,8,40,C,int,2,25,49.09,38211968,9890048,123811200,1533008,173446224,51755024384,37991648,13727694848,171596185600,61812800,61905600,6657933312,13315866624,16384,454248,3400000.0,1544443200000.0,13349421056,13349421056,formula
opt-6.7b,6657933312,8,40,C,fs,4,57,49.4,38211968,19780096,282289536,3067920,343349520,51755024384,75983296,27455389696,391239303168,281866368,282289536,6657933312,13315866624,16384,454248,3400000.0,1544443200000.0,13349421056,13349421056,formula
opt-6.7b,6657933312,8,40,Kpre,int,2,25,54.21,38211968,0,0,0,38211968,51755024384,37991648,,,,,6657933312,13315866624,16384,454248,3400000.0,1544443200000.0,13349421056,13349421056,formula
opt-6.7b,6657933312,8,80,C,int,3,45,85.04,38211968,14835072,222860160,2518362,278425562,51755024384,56987472,20591542272,308873134080,166894560,167145120,6657933312,13315866624,16384,908495,3400000.0,3088883000000.0,13349421056,13349421056,formula
opt-6.7b,6657933312,8,80,C,fs,5,77,82.92,38211968,24725120,381338496,3935397,448210981,51755024384,94979120,34319237120,528516251648,475958560,476673120,6657933312,13315866624,16384,908495,3400000.0,3088883000000.0,13349421056,13349421056,formula
opt-6.7b,6657933312,8,80,Kpre,int,3,45,85.11,38211968,0,0,0,38211968,51755024384,56987472,,,,,6657933312,13315866624,16384,908495,3400000.0,3088883000000.0,13349421056,13349421056,formula
opt-6.7b,6657933312,8,128,C,int,5,69,137.94,38211968,24725120,341718912,3594755,408250755,51755024384,94979120,34319237120,473605472256,426508320,427148640,6657933312,13315866624,16384,1453591,3400000.0,4942209400000.0,13349421056,13349421056,formula
opt-6.7b,6657933312,8,128,C,fs,7,101,138.9,38211968,34615168,500197248,4915529,577939913,51755024384,132970768,48046931968,693248589824,874032992,875345184,6657933312,13315866624,16384,1453591,3400000.0,4942209400000.0,13349421056,13349421056,formula
opt-6.7b,6657933312,8,128,Kpre,int,5,69,146.93,38211968,0,0,0,38211968,51755024384,94979120,,,,,6657933312,13315866624,16384,1453591,3400000.0,4942209400000.0,13349421056,13349421056,formula
opt-6.7b,6657933312,64,40,C,int,2,25,49.09,304288128,9890048,123811200,1533008,439522384,412598796288,303172032,13727694848,171596185600,61812800,61905600,6657933312,13315866624,16384,454248,3400000.0,1544443200000.0,13584302080,13584302080,formula
opt-6.7b,6657933312,64,40,C,fs,4,57,49.4,304288128,19780096,282289536,3067920,609425680,412598796288,606344064,27455389696,391239303168,281866368,282289536,6657933312,13315866624,16384,454248,3400000.0,1544443200000.0,13584302080,13584302080,formula
opt-6.7b,6657933312,64,40,Kpre,int,2,25,54.21,304288128,0,0,0,304288128,412598796288,303172032,,,,,6657933312,13315866624,16384,454248,3400000.0,1544443200000.0,13584302080,13584302080,formula
opt-6.7b,6657933312,64,80,C,int,3,45,85.04,304288128,14835072,222860160,2518362,544501722,412598796288,454758048,20591542272,308873134080,166894560,167145120,6657933312,13315866624,16384,908495,3400000.0,3088883000000.0,13584302080,13584302080,formula
opt-6.7b,6657933312,64,80,C,fs,5,77,82.92,304288128,24725120,381338496,3935397,714287141,412598796288,757930080,34319237120,528516251648,475958560,476673120,6657933312,13315866624,16384,908495,3400000.0,3088883000000.0,13584302080,13584302080,formula
opt-6.7b,6657933312,64,80,Kpre,int,3,45,85.11,304288128,0,0,0,304288128,412598796288,454758048,,,,,6657933312,13315866624,16384,908495,3400000.0,3088883000000.0,13584302080,13584302080,formula
opt-6.7b,6657933312,64,128,C,int,5,69,137.94,304288128,24725120,341718912,3594755,674326915,412598796288,757930080,34319237120,473605472256,426508320,427148640,6657933312,13315866624,16384,1453591,3400000.0,4942209400000.0,13584302080,13584302080,formula
opt-6.7b,6657933312,64,128,C,fs,7,101,138.9,304288128,34615168,500197248,4915529,844016073,412598796288,1061102112,48046931968,693248589824,874032992,875345184,6657933312,13315866624,16384,1453591,3400000.0,4942209400000.0,13584302080,13584302080,formula
opt-6.7b,6657933312,64,128,Kpre,int,5,69,146.93,304288128,0,0,0,304288128,412598796288,757930080,,,,,6657933312,13315866624,16384,1453591,3400000.0,4942209400000.0,13584302080,13584302080,formula
opt-6.7b,6657933312,128,40,C,int,2,25,49.09,608375168,9890048,123811200,1533008,743609424,824991678464,606235328,13727694848,171596185600,61812800,61905600,6657933312,13315866624,16384,454248,3400000.0,1544443200000.0,13852737536,13852737536,formula
opt-6.7b,6657933312,128,40,C,fs,4,57,49.4,608375168,19780096,282289536,3067920,913512720,824991678464,1212470656,27455389696,391239303168,281866368,282289536,6657933312,13315866624,16384,454248,3400000.0,1544443200000.0,13852737536,13852737536,formula
opt-6.7b,6657933312,128,40,Kpre,int,2,25,54.21,608375168,0,0,0,608375168,824991678464,606235328,,,,,6657933312,13315866624,16384,454248,3400000.0,1544443200000.0,13852737536,13852737536,formula
opt-6.7b,6657933312,128,80,C,int,3,45,85.04,608375168,14835072,222860160,2518362,848588762,824991678464,909352992,20591542272,308873134080,166894560,167145120,6657933312,13315866624,16384,908495,3400000.0,3088883000000.0,13852737536,13852737536,formula
opt-6.7b,6657933312,128,80,C,fs,5,77,82.92,608375168,24725120,381338496,3935397,1018374181,824991678464,1515588320,34319237120,528516251648,475958560,476673120,6657933312,13315866624,16384,908495,3400000.0,3088883000000.0,13852737536,13852737536,formula
opt-6.7b,6657933312,128,80,Kpre,int,3,45,85.11,608375168,0,0,0,608375168,824991678464,909352992,,,,,6657933312,13315866624,16384,908495,3400000.0,3088883000000.0,13852737536,13852737536,formula
opt-6.7b,6657933312,128,128,C,int,5,69,137.94,608375168,24725120,341718912,3594755,978413955,824991678464,1515588320,34319237120,473605472256,426508320,427148640,6657933312,13315866624,16384,1453591,3400000.0,4942209400000.0,13852737536,13852737536,formula
opt-6.7b,6657933312,128,128,C,fs,7,101,138.9,608375168,34615168,500197248,4915529,1148103113,824991678464,2121823648,48046931968,693248589824,874032992,875345184,6657933312,13315866624,16384,1453591,3400000.0,4942209400000.0,13852737536,13852737536,formula
opt-6.7b,6657933312,128,128,Kpre,int,5,69,146.93,608375168,0,0,0,608375168,824991678464,1515588320,,,,,6657933312,13315866624,16384,1453591,3400000.0,4942209400000.0,13852737536,13852737536,formula
opt-6.7b,6657933312,256,40,C,int,2,25,49.09,1216549248,9890048,123811200,1533008,1351783504,1649777442816,1212361920,13727694848,171596185600,61812800,61905600,6657933312,13315866624,16384,454248,3400000.0,1544443200000.0,14389608448,14389608448,formula
opt-6.7b,6657933312,256,40,C,fs,4,57,49.4,1216549248,19780096,282289536,3067920,1521686800,1649777442816,2424723840,27455389696,391239303168,281866368,282289536,6657933312,13315866624,16384,454248,3400000.0,1544443200000.0,14389608448,14389608448,formula
opt-6.7b,6657933312,256,40,Kpre,int,2,25,54.21,1216549248,0,0,0,1216549248,1649777442816,1212361920,,,,,6657933312,13315866624,16384,454248,3400000.0,1544443200000.0,14389608448,14389608448,formula
opt-6.7b,6657933312,256,80,C,int,3,45,85.04,1216549248,14835072,222860160,2518362,1456762842,1649777442816,1818542880,20591542272,308873134080,166894560,167145120,6657933312,13315866624,16384,908495,3400000.0,3088883000000.0,14389608448,14389608448,formula
opt-6.7b,6657933312,256,80,C,fs,5,77,82.92,1216549248,24725120,381338496,3935397,1626548261,1649777442816,3030904800,34319237120,528516251648,475958560,476673120,6657933312,13315866624,16384,908495,3400000.0,3088883000000.0,14389608448,14389608448,formula
opt-6.7b,6657933312,256,80,Kpre,int,3,45,85.11,1216549248,0,0,0,1216549248,1649777442816,1818542880,,,,,6657933312,13315866624,16384,908495,3400000.0,3088883000000.0,14389608448,14389608448,formula
opt-6.7b,6657933312,256,128,C,int,5,69,137.94,1216549248,24725120,341718912,3594755,1586588035,1649777442816,3030904800,34319237120,473605472256,426508320,427148640,6657933312,13315866624,16384,1453591,3400000.0,4942209400000.0,14389608448,14389608448,formula
opt-6.7b,6657933312,256,128,C,fs,7,101,138.9,1216549248,34615168,500197248,4915529,1756277193,1649777442816,4243266720,48046931968,693248589824,874032992,875345184,6657933312,13315866624,16384,1453591,3400000.0,4942209400000.0,14389608448,14389608448,formula
opt-6.7b,6657933312,256,128,Kpre,int,5,69,146.93,1216549248,0,0,0,1216549248,1649777442816,3030904800,,,,,6657933312,13315866624,16384,1453591,3400000.0,4942209400000.0,14389608448,14389608448,formula
opt-6.7b,6657933312,512,40,C,int,2,25,49.09,2432897408,9890048,123811200,1533008,2568131664,3299348971520,2424615104,13727694848,171596185600,61812800,61905600,6657933312,13315866624,16384,454248,3400000.0,1544443200000.0,15463350272,15463350272,formula
opt-6.7b,6657933312,512,40,C,fs,4,57,49.4,2432897408,19780096,282289536,3067920,2738034960,3299348971520,4849230208,27455389696,391239303168,281866368,282289536,6657933312,13315866624,16384,454248,3400000.0,1544443200000.0,15463350272,15463350272,formula
opt-6.7b,6657933312,512,40,Kpre,int,2,25,54.21,2432897408,0,0,0,2432897408,3299348971520,2424615104,,,,,6657933312,13315866624,16384,454248,3400000.0,1544443200000.0,15463350272,15463350272,formula
opt-6.7b,6657933312,512,80,C,int,3,45,85.04,2432897408,14835072,222860160,2518362,2673111002,3299348971520,3636922656,20591542272,308873134080,166894560,167145120,6657933312,13315866624,16384,908495,3400000.0,3088883000000.0,15463350272,15463350272,formula
opt-6.7b,6657933312,512,80,C,fs,5,77,82.92,2432897408,24725120,381338496,3935397,2842896421,3299348971520,6061537760,34319237120,528516251648,475958560,476673120,6657933312,13315866624,16384,908495,3400000.0,3088883000000.0,15463350272,15463350272,formula
opt-6.7b,6657933312,512,80,Kpre,int,3,45,85.11,2432897408,0,0,0,2432897408,3299348971520,3636922656,,,,,6657933312,13315866624,16384,908495,3400000.0,3088883000000.0,15463350272,15463350272,formula
opt-6.7b,6657933312,512,128,C,int,5,69,137.94,2432897408,24725120,341718912,3594755,2802936195,3299348971520,6061537760,34319237120,473605472256,426508320,427148640,6657933312,13315866624,16384,1453591,3400000.0,4942209400000.0,15463350272,15463350272,formula
opt-6.7b,6657933312,512,128,C,fs,7,101,138.9,2432897408,34615168,500197248,4915529,2972625353,3299348971520,8486152864,48046931968,693248589824,874032992,875345184,6657933312,13315866624,16384,1453591,3400000.0,4942209400000.0,15463350272,15463350272,formula
opt-6.7b,6657933312,512,128,Kpre,int,5,69,146.93,2432897408,0,0,0,2432897408,3299348971520,6061537760,,,,,6657933312,13315866624,16384,1453591,3400000.0,4942209400000.0,15463350272,15463350272,formula
opt-6.7b,6657933312,1024,40,C,int,2,25,49.09,4865593728,9890048,123811200,1533008,5000827984,6598492028928,4849121472,13727694848,171596185600,61812800,61905600,6657933312,13315866624,16384,454248,3400000.0,1544443200000.0,17610833920,17610833920,formula
opt-6.7b,6657933312,1024,40,C,fs,4,57,49.4,4865593728,19780096,282289536,3067920,5170731280,6598492028928,9698242944,27455389696,391239303168,281866368,282289536,6657933312,13315866624,16384,454248,3400000.0,1544443200000.0,17610833920,17610833920,formula
opt-6.7b,6657933312,1024,40,Kpre,int,2,25,54.21,4865593728,0,0,0,4865593728,6598492028928,4849121472,,,,,6657933312,13315866624,16384,454248,3400000.0,1544443200000.0,17610833920,17610833920,formula
opt-6.7b,6657933312,1024,80,C,int,3,45,85.04,4865593728,14835072,222860160,2518362,5105807322,6598492028928,7273682208,20591542272,308873134080,166894560,167145120,6657933312,13315866624,16384,908495,3400000.0,3088883000000.0,17610833920,17610833920,formula
opt-6.7b,6657933312,1024,80,C,fs,5,77,82.92,4865593728,24725120,381338496,3935397,5275592741,6598492028928,12122803680,34319237120,528516251648,475958560,476673120,6657933312,13315866624,16384,908495,3400000.0,3088883000000.0,17610833920,17610833920,formula
opt-6.7b,6657933312,1024,80,Kpre,int,3,45,85.11,4865593728,0,0,0,4865593728,6598492028928,7273682208,,,,,6657933312,13315866624,16384,908495,3400000.0,3088883000000.0,17610833920,17610833920,formula
opt-6.7b,6657933312,1024,128,C,int,5,69,137.94,4865593728,24725120,341718912,3594755,5235632515,6598492028928,12122803680,34319237120,473605472256,426508320,427148640,6657933312,13315866624,16384,1453591,3400000.0,4942209400000.0,17610833920,17610833920,formula
opt-6.7b,6657933312,1024,128,C,fs,7,101,138.9,4865593728,34615168,500197248,4915529,5405321673,6598492028928,16971925152,48046931968,693248589824,874032992,875345184,6657933312,13315866624,16384,1453591,3400000.0,4942209400000.0,17610833920,17610833920,formula
opt-6.7b,6657933312,1024,128,Kpre,int,5,69,146.93,4865593728,0,0,0,4865593728,6598492028928,12122803680,,,,,6657933312,13315866624,16384,1453591,3400000.0,4942209400000.0,17610833920,17610833920,formula
opt-6.7b,6657933312,2048,40,C,int,2,25,49.09,9730986368,9890048,123811200,1533008,9866220624,13196778143744,9698134208,13727694848,171596185600,61812800,61905600,6657933312,13315866624,16384,454248,3400000.0,1544443200000.0,21905801216,21905801216,formula
opt-6.7b,6657933312,2048,40,C,fs,4,57,49.4,9730986368,19780096,282289536,3067920,10036123920,13196778143744,19396268416,27455389696,391239303168,281866368,282289536,6657933312,13315866624,16384,454248,3400000.0,1544443200000.0,21905801216,21905801216,formula
opt-6.7b,6657933312,2048,40,Kpre,int,2,25,54.21,9730986368,0,0,0,9730986368,13196778143744,9698134208,,,,,6657933312,13315866624,16384,454248,3400000.0,1544443200000.0,21905801216,21905801216,formula
opt-6.7b,6657933312,2048,80,C,int,3,45,85.04,9730986368,14835072,222860160,2518362,9971199962,13196778143744,14547201312,20591542272,308873134080,166894560,167145120,6657933312,13315866624,16384,908495,3400000.0,3088883000000.0,21905801216,21905801216,formula
opt-6.7b,6657933312,2048,80,C,fs,5,77,82.92,9730986368,24725120,381338496,3935397,10140985381,13196778143744,24245335520,34319237120,528516251648,475958560,476673120,6657933312,13315866624,16384,908495,3400000.0,3088883000000.0,21905801216,21905801216,formula
opt-6.7b,6657933312,2048,80,Kpre,int,3,45,85.11,9730986368,0,0,0,9730986368,13196778143744,14547201312,,,,,6657933312,13315866624,16384,908495,3400000.0,3088883000000.0,21905801216,21905801216,formula
opt-6.7b,6657933312,2048,128,C,int,5,69,137.94,9730986368,24725120,341718912,3594755,10101025155,13196778143744,24245335520,34319237120,473605472256,426508320,427148640,6657933312,13315866624,16384,1453591,3400000.0,4942209400000.0,21905801216,21905801216,formula
opt-6.7b,6657933312,2048,128,C,fs,7,101,138.9,9730986368,34615168,500197248,4915529,10270714313,13196778143744,33943469728,48046931968,693248589824,874032992,875345184,6657933312,13315866624,16384,1453591,3400000.0,4942209400000.0,21905801216,21905801216,formula
opt-6.7b,6657933312,2048,128,Kpre,int,5,69,146.93,9730986368,0,0,0,9730986368,13196778143744,24245335520,,,,,6657933312,13315866624,16384,1453591,3400000.0,4942209400000.0,21905801216,21905801216,formula
llama2-7b,6738149376,1,40,C,int,2,25,42.49,5583872,9398272,139596800,1590717,156169661,6607081472,5077506,13476298752,168453734400,58739200,69798400,6738149376,13476298752,11008,305193,3400000.0,1037656200000.0,13479460864,13479460864,formula
llama2-7b,6738149376,1,40,C,fs,4,57,42.85,5583872,18796544,318280704,3132828,345793948,6607081472,10155012,26952597504,384074514432,267850752,318280704,6738149376,13476298752,11008,305193,3400000.0,1037656200000.0,13479460864,13479460864,formula
llama2-7b,6738149376,1,40,Kpre,int,2,25,53.99,5583872,0,0,0,5583872,6607081472,5077506,,,,,6738149376,13476298752,11008,305193,3400000.0,1037656200000.0,13479460864,13479460864,formula
llama2-7b,6738149376,1,80,C,int,3,45,82.4,5583872,14097408,251274240,2584561,273540081,6607081472,7616259,20214448128,303216721920,158595840,188455680,6738149376,13476298752,11008,610386,3400000.0,2075312400000.0,13479460864,13479460864,formula
llama2-7b,6738149376,1,80,C,fs,5,77,81.94,5583872,23495680,429958144,3990815,463028511,6607081472,12693765,33690746880,518837501952,452291840,537447680,6738149376,13476298752,11008,610386,3400000.0,2075312400000.0,13479460864,13479460864,formula
llama2-7b,6738149376,1,80,Kpre,int,3,45,84.9,5583872,0,0,0,5583872,6607081472,7616259,,,,,6738149376,13476298752,11008,610386,3400000.0,2075312400000.0,13479460864,13479460864,formula
llama2-7b,6738149376,1,128,C,int,5,69,131.05,5583872,23495680,385287168,3654925,418021645,6607081472,12693765,33690746880,464932306944,405300480,481608960,6738149376,13476298752,11008,976617,3400000.0,3320497800000.0,13479460864,13479460864,formula
llama2-7b,6738149376,1,128,C,fs,7,101,131.79,5583872,32893952,563971072,4950450,607399346,6607081472,17771271,47167045632,680553086976,830572288,986949376,6738149376,13476298752,11008,976617,3400000.0,3320497800000.0,13479460864,13479460864,formula
llama2-7b,6738149376,1,128,Kpre,int,5,69,146.71,5583872,0,0,0,5583872,6607081472,12693765,,,,,6738149376,13476298752,11008,976617,3400000.0,3320497800000.0,13479460864,13479460864,formula
llama2-7b,6738149376,8,40,C,int,2,25,42.49,43774976,9398272,139596800,1590717,194360765,51939147776,40114704,13476298752,168453734400,58739200,69798400,6738149376,13476298752,11008,305193,3400000.0,1037656200000.0,13501595648,13501595648,formula
llama2-7b,6738149376,8,40,C,fs,4,57,42.85,43774976,18796544,318280704,3132828,383985052,51939147776,80229408,26952597504,384074514432,267850752,318280704,6738149376,13476298752,11008,305193,3400000.0,1037656200000.0,13501595648,13501595648,formula
llama2-7b,6738149376,8,40,Kpre,int,2,25,53.99,43774976,0,0,0,43774976,51939147776,40114704,,,,,6738149376,13476298752,11008,305193,3400000.0,1037656200000.0,13501595648,13501595648,formula
llama2-7b,6738149376,8,80,C,int,3,45,82.4,43774976,14097408,251274240,2584561,311731185,51939147776,60172056,20214448128,303216721920,158595840,188455680,6738149376,13476298752,11008,610386,3400000.0,2075312400000.0,13501595648,13501595648,formula
llama2-7b,6738149376,8,80,C,fs,5,77,81.94,43774976,23495680,429958144,3990815,501219615,51939147776,100286760,33690746880,518837501952,452291840,537447680,6738149376,13476298752,11008,610386,3400000.0,2075312400000.0,13501595648,13501595648,formula
llama2-7b,6738149376,8,80,Kpre,int,3,45,84.9,43774976,0,0,0,43774976,51939147776,60172056,,,,,6738149376,13476298752,11008,610386,3400000.0,2075312400000.0,13501595648,13501595648,formula
llama2-7b,6738149376,8,128,C,int,5,69,131.05,43774976,23495680,385287168,3654925,456212749,51939147776,100286760,33690746880,464932306944,405300480,481608960,6738149376,13476298752,11008,976617,3400000.0,3320497800000.0,13501595648,13501595648,formula
llama2-7b,6738149376,8,128,C,fs,7,101,131.79,43774976,32893952,563971072,4950450,645590450,51939147776,140401464,47167045632,680553086976,830572288,986949376,6738149376,13476298752,11008,976617,3400000.0,3320497800000.0,13501595648,13501595648,formula
llama2-7b,6738149376,8,128,Kpre,int,5,69,146.71,43774976,0,0,0,43774976,51939147776,100286760,,,,,6738149376,13476298752,11008,976617,3400000.0,3320497800000.0,13501595648,13501595648,formula
llama2-7b,6738149376,64,40,C,int,2,25,42.49,349303808,9398272,139596800,1590717,499889597,414595678208,320412288,13476298752,168453734400,58739200,69798400,6738149376,13476298752,11008,305193,3400000.0,1037656200000.0,13678673920,13678673920,formula
llama2-7b,6738149376,64,40,C,fs,4,57,42.85,349303808,18796544,318280704,3132828,689513884,414595678208,640824576,26952597504,384074514432,267850752,318280704,6738149376,13476298752,11008,305193,3400000.0,1037656200000.0,13678673920,13678673920,formula
llama2-7b,6738149376,64,40,Kpre,int,2,25,53.99,349303808,0,0,0,349303808,414595678208,320412288,,,,,6738149376,13476298752,11008,305193,3400000.0,1037656200000.0,13678673920,13678673920,formula
llama2-7b,6738149376,64,80,C,int,3,45,82.4,349303808,14097408,251274240,2584561,617260017,414595678208,480618432,20214448128,303216721920,158595840,188455680,6738149376,13476298752,11008,610386,3400000.0,2075312400000.0,13678673920,13678673920,formula
llama2-7b,6738149376,64,80,C,fs,5,77,81.94,349303808,23495680,429958144,3990815,806748447,414595678208,801030720,33690746880,518837501952,452291840,537447680,6738149376,13476298752,11008,610386,3400000.0,2075312400000.0,13678673920,13678673920,formula
llama2-7b,6738149376,64,80,Kpre,int,3,45,84.9,349303808,0,0,0,349303808,414595678208,480618432,,,,,6738149376,13476298752,11008,610386,3400000.0,2075312400000.0,13678673920,13678673920,formula
llama2-7b,6738149376,64,128,C,int,5,69,131.05,349303808,23495680,385287168,3654925,761741581,414595678208,801030720,33690746880,464932306944,405300480,481608960,6738149376,13476298752,11008,976617,3400000.0,3320497800000.0,13678673920,13678673920,formula
llama2-7b,6738149376,64,128,C,fs,7,101,131.79,349303808,32893952,563971072,4950450,951119282,414595678208,1121443008,47167045632,680553086976,830572288,986949376,6738149376,13476298752,11008,976617,3400000.0,3320497800000.0,13678673920,13678673920,formula
llama2-7b,6738149376,64,128,Kpre,int,5,69,146.71,349303808,0,0,0,349303808,414595678208,801030720,,,,,6738149376,13476298752,11008,976617,3400000.0,3320497800000.0,13678673920,13678673920,formula
llama2-7b,6738149376,128,40,C,int,2,25,42.49,698479616,9398272,139596800,1590717,849065405,829060284416,640752384,13476298752,168453734400,58739200,69798400,6738149376,13476298752,11008,305193,3400000.0,1037656200000.0,13881049088,13881049088,formula
llama2-7b,6738149376,128,40,C,fs,4,57,42.85,698479616,18796544,318280704,3132828,1038689692,829060284416,1281504768,26952597504,384074514432,267850752,318280704,6738149376,13476298752,11008,305193,3400000.0,1037656200000.0,13881049088,13881049088,formula
llama2-7b,6738149376,128,40,Kpre,int,2,25,53.99,698479616,0,0,0,698479616,829060284416,640752384,,,,,6738149376,13476298752,11008,305193,3400000.0,1037656200000.0,13881049088,13881049088,formula
llama2-7b,6738149376,128,80,C,int,3,45,82.4,698479616,14097408,251274240,2584561,966435825,829060284416,961128576,20214448128,303216721920,158595840,188455680,6738149376,13476298752,11008,610386,3400000.0,2075312400000.0,13881049088,13881049088,formula
llama2-7b,6738149376,128,80,C,fs,5,77,81.94,698479616,23495680,429958144,3990815,1155924255,829060284416,1601880960,33690746880,518837501952,452291840,537447680,6738149376,13476298752,11008,610386,3400000.0,2075312400000.0,13881049088,13881049088,formula
llama2-7b,6738149376,128,80,Kpre,int,3,45,84.9,698479616,0,0,0,698479616,829060284416,961128576,,,,,6738149376,13476298752,11008,610386,3400000.0,2075312400000.0,13881049088,13881049088,formula
llama2-7b,6738149376,128,128,C,int,5,69,131.05,698479616,23495680,385287168,3654925,1110917389,829060284416,1601880960,33690746880,464932306944,405300480,481608960,6738149376,13476298752,11008,976617,3400000.0,3320497800000.0,13881049088,13881049088,formula
llama2-7b,6738149376,128,128,C,fs,7,101,131.79,698479616,32893952,563971072,4950450,1300295090,829060284416,2242633344,47167045632,680553086976,830572288,986949376,6738149376,13476298752,11008,976617,3400000.0,3320497800000.0,13881049088,13881049088,formula
llama2-7b,6738149376,128,128,Kpre,int,5,69,146.71,698479616,0,0,0,698479616,829060284416,1601880960,,,,,6738149376,13476298752,11008,976617,3400000.0,3320497800000.0,13881049088,13881049088,formula
llama2-7b,6738149376,256,40,C,int,2,25,42.49,1396831232,9398272,139596800,1590717,1547417021,1657989496832,1281432576,13476298752,168453734400,58739200,69798400,6738149376,13476298752,11008,305193,3400000.0,1037656200000.0,14285799424,14285799424,formula
llama2-7b,6738149376,256,40,C,fs,4,57,42.85,1396831232,18796544,318280704,3132828,1737041308,1657989496832,2562865152,26952597504,384074514432,267850752,318280704,6738149376,13476298752,11008,305193,3400000.0,1037656200000.0,14285799424,14285799424,formula
llama2-7b,6738149376,256,40,Kpre,int,2,25,53.99,1396831232,0,0,0,1396831232,1657989496832,1281432576,,,,,6738149376,13476298752,11008,305193,3400000.0,1037656200000.0,14285799424,14285799424,formula
llama2-7b,6738149376,256,80,C,int,3,45,82.4,1396831232,14097408,251274240,2584561,1664787441,1657989496832,1922148864,20214448128,303216721920,158595840,188455680,6738149376,13476298752,11008,610386,3400000.0,2075312400000.0,14285799424,14285799424,formula
llama2-7b,6738149376,256,80,C,fs,5,77,81.94,1396831232,23495680,429958144,3990815,1854275871,1657989496832,3203581440,33690746880,518837501952,452291840,537447680,6738149376,13476298752,11008,610386,3400000.0,2075312400000.0,14285799424,14285799424,formula
llama2-7b,6738149376,256,80,Kpre,int,3,45,84.9,1396831232,0,0,0,1396831232,1657989496832,1922148864,,,,,6738149376,13476298752,11008,610386,3400000.0,2075312400000.0,14285799424,14285799424,formula
llama2-7b,6738149376,256,128,C,int,5,69,131.05,1396831232,23495680,385287168,3654925,1809269005,1657989496832,3203581440,33690746880,464932306944,405300480,481608960,6738149376,13476298752,11008,976617,3400000.0,3320497800000.0,14285799424,14285799424,formula
llama2-7b,6738149376,256,128,C,fs,7,101,131.79,1396831232,32893952,563971072,4950450,1998646706,1657989496832,4485014016,47167045632,680553086976,830572288,986949376,6738149376,13476298752,11008,976617,3400000.0,3320497800000.0,14285799424,14285799424,formula
llama2-7b,6738149376,256,128,Kpre,int,5,69,146.71,1396831232,0,0,0,1396831232,1657989496832,3203581440,,,,,6738149376,13476298752,11008,976617,3400000.0,3320497800000.0,14285799424,14285799424,formula
llama2-7b,6738149376,512,40,C,int,2,25,42.49,2793534464,9398272,139596800,1590717,2944120253,3315847921664,2562792960,13476298752,168453734400,58739200,69798400,6738149376,13476298752,11008,305193,3400000.0,1037656200000.0,15095300096,15095300096,formula
llama2-7b,6738149376,512,40,C,fs,4,57,42.85,2793534464,18796544,318280704,3132828,3133744540,3315847921664,5125585920,26952597504,384074514432,267850752,318280704,6738149376,13476298752,11008,305193,3400000.0,1037656200000.0,15095300096,15095300096,formula
llama2-7b,6738149376,512,40,Kpre,int,2,25,53.99,2793534464,0,0,0,2793534464,3315847921664,2562792960,,,,,6738149376,13476298752,11008,305193,3400000.0,1037656200000.0,15095300096,15095300096,formula
llama2-7b,6738149376,512,80,C,int,3,45,82.4,2793534464,14097408,251274240,2584561,3061490673,3315847921664,3844189440,20214448128,303216721920,158595840,188455680,6738149376,13476298752,11008,610386,3400000.0,2075312400000.0,15095300096,15095300096,formula
llama2-7b,6738149376,512,80,C,fs,5,77,81.94,2793534464,23495680,429958144,3990815,3250979103,3315847921664,6406982400,33690746880,518837501952,452291840,537447680,6738149376,13476298752,11008,610386,3400000.0,2075312400000.0,15095300096,15095300096,formula
llama2-7b,6738149376,512,80,Kpre,int,3,45,84.9,2793534464,0,0,0,2793534464,3315847921664,3844189440,,,,,6738149376,13476298752,11008,610386,3400000.0,2075312400000.0,15095300096,15095300096,formula
llama2-7b,6738149376,512,128,C,int,5,69,131.05,2793534464,23495680,385287168,3654925,3205972237,3315847921664,6406982400,33690746880,464932306944,405300480,481608960,6738149376,13476298752,11008,976617,3400000.0,3320497800000.0,15095300096,15095300096,formula
llama2-7b,6738149376,512,128,C,fs,7,101,131.79,2793534464,32893952,563971072,4950450,3395349938,3315847921664,8969775360,47167045632,680553086976,830572288,986949376,6738149376,13476298752,11008,976617,3400000.0,3320497800000.0,15095300096,15095300096,formula
llama2-7b,6738149376,512,128,Kpre,int,5,69,146.71,2793534464,0,0,0,2793534464,3315847921664,6406982400,,,,,6738149376,13476298752,11008,976617,3400000.0,3320497800000.0,15095300096,15095300096,formula
llama2-7b,6738149376,1024,40,C,int,2,25,42.49,5586940928,9398272,139596800,1590717,5737526717,6631564771328,5125513728,13476298752,168453734400,58739200,69798400,6738149376,13476298752,11008,305193,3400000.0,1037656200000.0,16714301440,16714301440,formula
llama2-7b,6738149376,1024,40,C,fs,4,57,42.85,5586940928,18796544,318280704,3132828,5927151004,6631564771328,10251027456,26952597504,384074514432,267850752,318280704,6738149376,13476298752,11008,305193,3400000.0,1037656200000.0,16714301440,16714301440,formula
llama2-7b,6738149376,1024,40,Kpre,int,2,25,53.99,5586940928,0,0,0,5586940928,6631564771328,5125513728,,,,,6738149376,13476298752,11008,305193,3400000.0,1037656200000.0,16714301440,16714301440,formula
llama2-7b,6738149376,1024,80,C,int,3,45,82.4,5586940928,14097408,251274240,2584561,5854897137,6631564771328,7688270592,20214448128,303216721920,158595840,188455680,6738149376,13476298752,11008,610386,3400000.0,2075312400000.0,16714301440,16714301440,formula
llama2-7b,6738149376,1024,80,C,fs,5,77,81.94,5586940928,23495680,429958144,3990815,6044385567,6631564771328,12813784320,33690746880,518837501952,452291840,537447680,6738149376,13476298752,11008,610386,3400000.0,2075312400000.0,16714301440,16714301440,formula
llama2-7b,6738149376,1024,80,Kpre,int,3,45,84.9,5586940928,0,0,0,5586940928,6631564771328,7688270592,,,,,6738149376,13476298752,11008,610386,3400000.0,2075312400000.0,16714301440,16714301440,formula
llama2-7b,6738149376,1024,128,C,int,5,69,131.05,5586940928,23495680,385287168,3654925,5999378701,6631564771328,12813784320,33690746880,464932306944,405300480,481608960,6738149376,13476298752,11008,976617,3400000.0,3320497800000.0,16714301440,16714301440,formula
llama2-7b,6738149376,1024,128,C,fs,7,101,131.79,5586940928,32893952,563971072,4950450,6188756402,6631564771328,17939298048,47167045632,680553086976,830572288,986949376,6738149376,13476298752,11008,976617,3400000.0,3320497800000.0,16714301440,16714301440,formula
llama2-7b,6738149376,1024,128,Kpre,int,5,69,146.71,5586940928,0,0,0,5586940928,6631564771328,12813784320,,,,,6738149376,13476298752,11008,976617,3400000.0,3320497800000.0,16714301440,16714301440,formula
llama2-7b,6738149376,2048,40,C,int,2,25,42.49,11173753856,9398272,139596800,1590717,11324339645,13262998470656,10250955264,13476298752,168453734400,58739200,69798400,6738149376,13476298752,11008,305193,3400000.0,1037656200000.0,19952304128,19952304128,formula
llama2-7b,6738149376,2048,40,C,fs,4,57,42.85,11173753856,18796544,318280704,3132828,11513963932,13262998470656,20501910528,26952597504,384074514432,267850752,318280704,6738149376,13476298752,11008,305193,3400000.0,1037656200000.0,19952304128,19952304128,formula
llama2-7b,6738149376,2048,40,Kpre,int,2,25,53.99,11173753856,0,0,0,11173753856,13262998470656,10250955264,,,,,6738149376,13476298752,11008,305193,3400000.0,1037656200000.0,19952304128,19952304128,formula
llama2-7b,6738149376,2048,80,C,int,3,45,82.4,11173753856,14097408,251274240,2584561,11441710065,13262998470656,15376432896,20214448128,303216721920,158595840,188455680,6738149376,13476298752,11008,610386,3400000.0,2075312400000.0,19952304128,19952304128,formula
llama2-7b,6738149376,2048,80,C,fs,5,77,81.94,11173753856,23495680,429958144,3990815,11631198495,13262998470656,25627388160,33690746880,518837501952,452291840,537447680,6738149376,13476298752,11008,610386,3400000.0,2075312400000.0,19952304128,19952304128,formula
llama2-7b,6738149376,2048,80,Kpre,int,3,45,84.9,11173753856,0,0,0,11173753856,13262998470656,15376432896,,,,,6738149376,13476298752,11008,610386,3400000.0,2075312400000.0,19952304128,19952304128,formula
llama2-7b,6738149376,2048,128,C,int,5,69,131.05,11173753856,23495680,385287168,3654925,11586191629,13262998470656,25627388160,33690746880,464932306944,405300480,481608960,6738149376,13476298752,11008,976617,3400000.0,3320497800000.0,19952304128,19952304128,formula
llama2-7b,6738149376,2048,128,C,fs,7,101,131.79,11173753856,32893952,563971072,4950450,11775569330,13262998470656,35878343424,47167045632,680553086976,830572288,986949376,6738149376,13476298752,11008,976617,3400000.0,3320497800000.0,19952304128,19952304128,formula
llama2-7b,6738149376,2048,128,Kpre,int,5,69,146.71,11173753856,0,0,0,11173753856,13262998470656,25627388160,,,,,6738149376,13476298752,11008,976617,3400000.0,3320497800000.0,19952304128,19952304128,formula
llama2-13b,13015449600,1,40,C,int,2,25,49.75,8668160,14551040,216704000,2176556,242099756,12851614720,7907842,26030899200,325386240000,90944000,108352000,13015449600,26030899200,13824,383269,5312500.0,2036116562500.0,26035855360,26035855360,formula
llama2-13b,13015449600,1,40,C,fs,4,57,50.72,8668160,29102080,494085120,4344637,536199997,12851614720,15815684,52061798400,741880627200,414704640,494085120,13015449600,26030899200,13824,383269,5312500.0,2036116562500.0,26035855360,26035855360,formula
llama2-13b,13015449600,1,40,Kpre,int,2,25,53.67,8668160,0,0,0,8668160,12851614720,7907842,,,,,13015449600,26030899200,13824,383269,5312500.0,2036116562500.0,26035855360,26035855360,formula
llama2-13b,13015449600,1,80,C,int,3,45,84.57,8668160,21826560,390067200,3569246,424131166,12851614720,11861763,39046348800,585695232000,245548800,292550400,13015449600,26030899200,13824,766538,5312500.0,4072233125000.0,26035855360,26035855360,formula
llama2-13b,13015449600,1,80,C,fs,5,77,82.39,8668160,36377600,667448320,5566910,718060990,12851614720,19769605,65077248000,1002189619200,700268800,834310400,13015449600,26030899200,13824,766538,5312500.0,4072233125000.0,26035855360,26035855360,formula
llama2-13b,13015449600,1,80,Kpre,int,3,45,84.58,8668160,0,0,0,8668160,12851614720,11861763,,,,,13015449600,26030899200,13824,766538,5312500.0,4072233125000.0,26035855360,26035855360,formula
llama2-13b,13015449600,1,128,C,int,5,69,140.42,8668160,36377600,598103040,5087178,648235978,12851614720,19769605,65077248000,898066022400,627513600,747628800,13015449600,26030899200,13824,1226461,5312500.0,6515574062500.0,26035855360,26035855360,formula
llama2-13b,13015449600,1,128,C,fs,7,101,141.41,8668160,50928640,875484160,6945696,942026656,12851614720,27677447,91108147200,1314560409600,1285948160,1532097280,13015449600,26030899200,13824,1226461,5312500.0,6515574062500.0,26035855360,26035855360,formula
llama2-13b,13015449600,1,128,Kpre,int,5,69,146.39,8668160,0,0,0,8668160,12851614720,19769605,,,,,13015449600,26030899200,13824,1226461,5312500.0,6515574062500.0,26035855360,26035855360,formula
llama2-13b,13015449600,8,40,C,int,2,25,49.75,68449280,14551040,216704000,2176556,301880876,101666037760,62743056,26030899200,325386240000,90944000,108352000,13015449600,26030899200,13824,383269,5312500.0,2036116562500.0,26070548480,26070548480,formula
llama2-13b,13015449600,8,40,C,fs,4,57,50.72,68449280,29102080,494085120,4344637,595981117,101666037760,125486112,52061798400,741880627200,414704640,494085120,13015449600,26030899200,13824,383269,5312500.0,2036116562500.0,26070548480,26070548480,formula
llama2-13b,13015449600,8,40,Kpre,int,2,25,53.67,68449280,0,0,0,68449280,101666037760,62743056,,,,,13015449600,26030899200,13824,383269,5312500.0,2036116562500.0,26070548480,26070548480,formula
llama2-13b,13015449600,8,80,C,int,3,45,84.57,68449280,21826560,390067200,3569246,483912286,101666037760,94114584,39046348800,585695232000,245548800,292550400,13015449600,26030899200,13824,766538,5312500.0,4072233125000.0,26070548480,26070548480,formula
llama2-13b,13015449600,8,80,C,fs,5,77,82.39,68449280,36377600,667448320,5566910,777842110,101666037760,156857640,65077248000,1002189619200,700268800,834310400,13015449600,26030899200,13824,766538,5312500.0,4072233125000.0,26070548480,26070548480,formula
llama2-13b,13015449600,8,80,Kpre,int,3,45,84.58,68449280,0,0,0,68449280,101666037760,94114584,,,,,13015449600,26030899200,13824,766538,5312500.0,4072233125000.0,26070548480,26070548480,formula
llama2-13b,13015449600,8,128,C,int,5,69,140.42,68449280,36377600,598103040,5087178,708017098,101666037760,156857640,65077248000,898066022400,627513600,747628800,13015449600,26030899200,13824,1226461,5312500.0,6515574062500.0,26070548480,26070548480,formula
llama2-13b,13015449600,8,128,C,fs,7,101,141.41,68449280,50928640,875484160,6945696,1001807776,101666037760,219600696,91108147200,1314560409600,1285948160,1532097280,13015449600,26030899200,13824,1226461,5312500.0,6515574062500.0,26070548480,26070548480,formula
llama2-13b,13015449600,8,128,Kpre,int,5,69,146.39,68449280,0,0,0,68449280,101666037760,156857640,,,,,13015449600,26030899200,13824,1226461,5312500.0,6515574062500.0,26070548480,26070548480,formula
llama2-13b,13015449600,64,40,C,int,2,25,49.75,546698240,14551040,216704000,2176556,780129836,812181422080,501424768,26030899200,325386240000,90944000,108352000,13015449600,26030899200,13824,383269,5312500.0,2036116562500.0,26348093440,26348093440,formula
llama2-13b,13015449600,64,40,C,fs,4,57,50.72,546698240,29102080,494085120,4344637,1074230077,812181422080,1002849536,52061798400,741880627200,414704640,494085120,13015449600,26030899200,13824,383269,5312500.0,2036116562500.0,26348093440,26348093440,formula
llama2-13b,13015449600,64,40,Kpre,int,2,25,53.67,546698240,0,0,0,546698240,812181422080,501424768,,,,,13015449600,26030899200,13824,383269,5312500.0,2036116562500.0,26348093440,26348093440,formula
llama2-13b,13015449600,64,80,C,int,3,45,84.57,546698240,21826560,390067200,3569246,962161246,812181422080,752137152,39046348800,585695232000,245548800,292550400,13015449600,26030899200,13824,766538,5312500.0,4072233125000.0,26348093440,26348093440,formula
llama2-13b,13015449600,64,80,C,fs,5,77,82.39,546698240,36377600,667448320,5566910,1256091070,812181422080,1253561920,65077248000,1002189619200,700268800,834310400,13015449600,26030899200,13824,766538,5312500.0,4072233125000.0,26348093440,26348093440,formula
llama2-13b,13015449600,64,80,Kpre,int,3,45,84.58,546698240,0,0,0,546698240,812181422080,752137152,,,,,13015449600,26030899200,13824,766538,5312500.0,4072233125000.0,26348093440,26348093440,formula
llama2-13b,13015449600,64,128,C,int,5,69,140.42,546698240,36377600,598103040,5087178,1186266058,812181422080,1253561920,65077248000,898066022400,627513600,747628800,13015449600,26030899200,13824,1226461,5312500.0,6515574062500.0,26348093440,26348093440,formula
llama2-13b,13015449600,64,128,C,fs,7,101,141.41,546698240,50928640,875484160,6945696,1480056736,812181422080,1754986688,91108147200,1314560409600,1285948160,1532097280,13015449600,26030899200,13824,1226461,5312500.0,6515574062500.0,26348093440,26348093440,formula
llama2-13b,13015449600,64,128,Kpre,int,5,69,146.39,546698240,0,0,0,546698240,812181422080,1253561920,,,,,13015449600,26030899200,13824,1226461,5312500.0,6515574062500.0,26348093440,26348093440,formula
llama2-13b,13015449600,128,40,C,int,2,25,49.75,1093268480,14551040,216704000,2176556,1326700076,1624199004160,1002775296,26030899200,325386240000,90944000,108352000,13015449600,26030899200,13824,383269,5312500.0,2036116562500.0,26665287680,26665287680,formula
llama2-13b,13015449600,128,40,C,fs,4,57,50.72,1093268480,29102080,494085120,4344637,1620800317,1624199004160,2005550592,52061798400,741880627200,414704640,494085120,13015449600,26030899200,13824,383269,5312500.0,2036116562500.0,26665287680,26665287680,formula
llama2-13b,13015449600,128,40,Kpre,int,2,25,53.67,1093268480,0,0,0,1093268480,1624199004160,1002775296,,,,,13015449600,26030899200,13824,383269,5312500.0,2036116562500.0,26665287680,26665287680,formula
llama2-13b,13015449600,128,80,C,int,3,45,84.57,1093268480,21826560,390067200,3569246,1508731486,1624199004160,1504162944,39046348800,585695232000,245548800,292550400,13015449600,26030899200,13824,766538,5312500.0,4072233125000.0,26665287680,26665287680,formula
llama2-13b,13015449600,128,80,C,fs,5,77,82.39,1093268480,36377600,667448320,5566910,1802661310,1624199004160,2506938240,65077248000,1002189619200,700268800,834310400,13015449600,26030899200,13824,766538,5312500.0,4072233125000.0,26665287680,26665287680,formula
llama2-13b,13015449600,128,80,Kpre,int,3,45,84.58,1093268480,0,0,0,1093268480,1624199004160,1504162944,,,,,13015449600,26030899200,13824,766538,5312500.0,4072233125000.0,26665287680,26665287680,formula
llama2-13b,13015449600,128,128,C,int,5,69,140.42,1093268480,36377600,598103040,5087178,1732836298,1624199004160,2506938240,65077248000,898066022400,627513600,747628800,13015449600,26030899200,13824,1226461,5312500.0,6515574062500.0,26665287680,26665287680,formula
llama2-13b,13015449600,128,128,C,fs,7,101,141.41,1093268480,50928640,875484160,6945696,2026626976,1624199004160,3509713536,91108147200,1314560409600,1285948160,1532097280,13015449600,26030899200,13824,1226461,5312500.0,6515574062500.0,26665287680,26665287680,formula
llama2-13b,13015449600,128,128,Kpre,int,5,69,146.39,1093268480,0,0,0,1093268480,1624199004160,2506938240,,,,,13015449600,26030899200,13824,1226461,5312500.0,6515574062500.0,26665287680,26665287680,formula
llama2-13b,13015449600,256,40,C,int,2,25,49.75,2186408960,14551040,216704000,2176556,2419840556,3248234168320,2005476352,26030899200,325386240000,90944000,108352000,13015449600,26030899200,13824,383269,5312500.0,2036116562500.0,27299676160,27299676160,formula
llama2-13b,13015449600,256,40,C,fs,4,57,50.72,2186408960,29102080,494085120,4344637,2713940797,3248234168320,4010952704,52061798400,741880627200,414704640,494085120,13015449600,26030899200,13824,383269,5312500.0,2036116562500.0,27299676160,27299676160,formula
llama2-13b,13015449600,256,40,Kpre,int,2,25,53.67,2186408960,0,0,0,2186408960,3248234168320,2005476352,,,,,13015449600,26030899200,13824,383269,5312500.0,2036116562500.0,27299676160,27299676160,formula
llama2-13b,13015449600,256,80,C,int,3,45,84.57,2186408960,21826560,390067200,3569246,2601871966,3248234168320,3008214528,39046348800,585695232000,245548800,292550400,13015449600,26030899200,13824,766538,5312500.0,4072233125000.0,27299676160,27299676160,formula
llama2-13b,13015449600,256,80,C,fs,5,77,82.39,2186408960,36377600,667448320,5566910,2895801790,3248234168320,5013690880,65077248000,1002189619200,700268800,834310400,13015449600,26030899200,13824,766538,5312500.0,4072233125000.0,27299676160,27299676160,formula
llama2-13b,13015449600,256,80,Kpre,int,3,45,84.58,2186408960,0,0,0,2186408960,3248234168320,3008214528,,,,,13015449600,26030899200,13824,766538,5312500.0,4072233125000.0,27299676160,27299676160,formula
llama2-13b,13015449600,256,128,C,int,5,69,140.42,2186408960,36377600,598103040,5087178,2825976778,3248234168320,5013690880,65077248000,898066022400,627513600,747628800,13015449600,26030899200,13824,1226461,5312500.0,6515574062500.0,27299676160,27299676160,formula
llama2-13b,13015449600,256,128,C,fs,7,101,141.41,2186408960,50928640,875484160,6945696,3119767456,3248234168320,7019167232,91108147200,1314560409600,1285948160,1532097280,13015449600,26030899200,13824,1226461,5312500.0,6515574062500.0,27299676160,27299676160,formula
llama2-13b,13015449600,256,128,Kpre,int,5,69,146.39,2186408960,0,0,0,2186408960,3248234168320,5013690880,,,,,13015449600,26030899200,13824,1226461,5312500.0,6515574062500.0,27299676160,27299676160,formula
llama2-13b,13015449600,512,40,C,int,2,25,49.75,4372689920,14551040,216704000,2176556,4606121516,6496304496640,4010878464,26030899200,325386240000,90944000,108352000,13015449600,26030899200,13824,383269,5312500.0,2036116562500.0,28568453120,28568453120,formula
llama2-13b,13015449600,512,40,C,fs,4,57,50.72,4372689920,29102080,494085120,4344637,4900221757,6496304496640,8021756928,52061798400,741880627200,414704640,494085120,13015449600,26030899200,13824,383269,5312500.0,2036116562500.0,28568453120,28568453120,formula
llama2-13b,13015449600,512,40,Kpre,int,2,25,53.67,4372689920,0,0,0,4372689920,6496304496640,4010878464,,,,,13015449600,26030899200,13824,383269,5312500.0,2036116562500.0,28568453120,28568453120,formula
llama2-13b,13015449600,512,80,C,int,3,45,84.57,4372689920,21826560,390067200,3569246,4788152926,6496304496640,6016317696,39046348800,585695232000,245548800,292550400,13015449600,26030899200,13824,766538,5312500.0,4072233125000.0,28568453120,28568453120,formula
llama2-13b,13015449600,512,80,C,fs,5,77,82.39,4372689920,36377600,667448320,5566910,5082082750,6496304496640,10027196160,65077248000,1002189619200,700268800,834310400,13015449600,26030899200,13824,766538,5312500.0,4072233125000.0,28568453120,28568453120,formula
llama2-13b,13015449600,512,80,Kpre,int,3,45,84.58,4372689920,0,0,0,4372689920,6496304496640,6016317696,,,,,13015449600,26030899200,13824,766538,5312500.0,4072233125000.0,28568453120,28568453120,formula
llama2-13b,13015449600,512,128,C,int,5,69,140.42,4372689920,36377600,598103040,5087178,5012257738,6496304496640,10027196160,65077248000,898066022400,627513600,747628800,13015449600,26030899200,13824,1226461,5312500.0,6515574062500.0,28568453120,28568453120,formula
llama2-13b,13015449600,512,128,C,fs,7,101,141.41,4372689920,50928640,875484160,6945696,5306048416,6496304496640,14038074624,91108147200,1314560409600,1285948160,1532097280,13015449600,26030899200,13824,1226461,5312500.0,6515574062500.0,28568453120,28568453120,formula
llama2-13b,13015449600,512,128,Kpre,int,5,69,146.39,4372689920,0,0,0,4372689920,6496304496640,10027196160,,,,,13015449600,26030899200,13824,1226461,5312500.0,6515574062500.0,28568453120,28568453120,formula
llama2-13b,13015449600,1024,40,C,int,2,25,49.75,8745251840,14551040,216704000,2176556,8978683436,12992445153280,8021682688,26030899200,325386240000,90944000,108352000,13015449600,26030899200,13824,383269,5312500.0,2036116562500.0,31106007040,31106007040,formula
llama2-13b,13015449600,1024,40,C,fs,4,57,50.72,8745251840,29102080,494085120,4344637,9272783677,12992445153280,16043365376,52061798400,741880627200,414704640,494085120,13015449600,26030899200,13824,383269,5312500.0,2036116562500.0,31106007040,31106007040,formula
llama2-13b,13015449600,1024,40,Kpre,int,2,25,53.67,8745251840,0,0,0,8745251840,12992445153280,8021682688,,,,,13015449600,26030899200,13824,383269,5312500.0,2036116562500.0,31106007040,31106007040,formula
llama2-13b,13015449600,1024,80,C,int,3,45,84.57,8745251840,21826560,390067200,3569246,9160714846,12992445153280,12032524032,39046348800,585695232000,245548800,292550400,13015449600,26030899200,13824,766538,5312500.0,4072233125000.0,31106007040,31106007040,formula
llama2-13b,13015449600,1024,80,C,fs,5,77,82.39,8745251840,36377600,667448320,5566910,9454644670,12992445153280,20054206720,65077248000,1002189619200,700268800,834310400,13015449600,26030899200,13824,766538,5312500.0,4072233125000.0,31106007040,31106007040,formula
llama2-13b,13015449600,1024,80,Kpre,int,3,45,84.58,8745251840,0,0,0,8745251840,12992445153280,12032524032,,,,,13015449600,26030899200,13824,766538,5312500.0,4072233125000.0,31106007040,31106007040,formula
llama2-13b,13015449600,1024,128,C,int,5,69,140.42,8745251840,36377600,598103040,5087178,9384819658,12992445153280,20054206720,65077248000,898066022400,627513600,747628800,13015449600,26030899200,13824,1226461,5312500.0,6515574062500.0,31106007040,31106007040,formula
llama2-13b,13015449600,1024,128,C,fs,7,101,141.41,8745251840,50928640,875484160,6945696,9678610336,12992445153280,28075889408,91108147200,1314560409600,1285948160,1532097280,13015449600,26030899200,13824,1226461,5312500.0,6515574062500.0,31106007040,31106007040,formula
llama2-13b,13015449600,1024,128,Kpre,int,5,69,146.39,8745251840,0,0,0,8745251840,12992445153280,20054206720,,,,,13015449600,26030899200,13824,1226461,5312500.0,6515574062500.0,31106007040,31106007040,formula
llama2-13b,13015449600,2048,40,C,int,2,25,49.75,17490375680,14551040,216704000,2176556,17723807276,25984726466560,16043291136,26030899200,325386240000,90944000,108352000,13015449600,26030899200,13824,383269,5312500.0,2036116562500.0,36181114880,36181114880,formula
llama2-13b,13015449600,2048,40,C,fs,4,57,50.72,17490375680,29102080,494085120,4344637,18017907517,25984726466560,32086582272,52061798400,741880627200,414704640,494085120,13015449600,26030899200,13824,383269,5312500.0,2036116562500.0,36181114880,36181114880,formula
llama2-13b,13015449600,2048,40,Kpre,int,2,25,53.67,17490375680,0,0,0,17490375680,25984726466560,16043291136,,,,,13015449600,26030899200,13824,383269,5312500.0,2036116562500.0,36181114880,36181114880,formula
llama2-13b,13015449600,2048,80,C,int,3,45,84.57,17490375680,21826560,390067200,3569246,17905838686,25984726466560,24064936704,39046348800,585695232000,245548800,292550400,13015449600,26030899200,13824,766538,5312500.0,4072233125000.0,36181114880,36181114880,formula
llama2-13b,13015449600,2048,80,C,fs,5,77,82.39,17490375680,36377600,667448320,5566910,18199768510,25984726466560,40108227840,65077248000,1002189619200,700268800,834310400,13015449600,26030899200,13824,766538,5312500.0,4072233125000.0,36181114880,36181114880,formula
llama2-13b,13015449600,2048,80,Kpre,int,3,45,84.58,17490375680,0,0,0,17490375680,25984726466560,24064936704,,,,,13015449600,26030899200,13824,766538,5312500.0,4072233125000.0,36181114880,36181114880,formula
llama2-13b,13015449600,2048,128,C,int,5,69,140.42,17490375680,36377600,598103040,5087178,18129943498,25984726466560,40108227840,65077248000,898066022400,627513600,747628800,13015449600,26030899200,13824,1226461,5312500.0,6515574062500.0,36181114880,36181114880,formula
llama2-13b,13015449600,2048,128,C,fs,7,101,141.41,17490375680,50928640,875484160,6945696,18423734176,25984726466560,56151518976,91108147200,1314560409600,1285948160,1532097280,13015449600,26030899200,13824,1226461,5312500.0,6515574062500.0,36181114880,36181114880,formula
llama2-13b,13015449600,2048,128,Kpre,int,5,69,146.39,17490375680,0,0,0,17490375680,25984726466560,40108227840,,,,,13015449600,26030899200,13824,1226461,5312500.0,6515574062500.0,36181114880,36181114880,formula
qwen3-4b,4022272000,1,40,C,int,2,25,44.92,5041664,8903680,126041600,1789955,141776899,4022274560,4442882,8822456320,110280704000,55648000,63020800,4022272000,8044544000,9728,269704,2390625.0,644761125000.0,8047382528,8047382528,formula
qwen3-4b,4022272000,1,40,C,fs,4,57,45.26,5041664,17807360,287374848,3525888,313749760,4022274560,8885764,17644912640,251440005120,253754880,287374848,4022272000,8044544000,9728,269704,2390625.0,644761125000.0,8047382528,8047382528,formula
qwen3-4b,4022272000,1,40,Kpre,int,2,25,53.83,5041664,0,0,0,5041664,4022274560,4442882,,,,,4022272000,8044544000,9728,269704,2390625.0,644761125000.0,8047382528,8047382528,formula
qwen3-4b,4022272000,1,80,C,int,3,45,83.91,5041664,13355520,226874880,2908658,248180722,4022274560,6664323,13233684480,198505267200,150249600,170156160,4022272000,8044544000,9728,539408,2390625.0,1289522250000.0,8047382528,8047382528,formula
qwen3-4b,4022272000,1,80,C,fs,5,77,82.39,5041664,22259200,388208128,4491900,420000892,4022274560,11107205,22056140800,339664568320,428489600,485260160,4022272000,8044544000,9728,539408,2390625.0,1289522250000.0,8047382528,8047382528,formula
qwen3-4b,4022272000,1,80,Kpre,int,3,45,84.73,5041664,0,0,0,5041664,4022274560,6664323,,,,,4022272000,8044544000,9728,539408,2390625.0,1289522250000.0,8047382528,8047382528,formula
qwen3-4b,4022272000,1,128,C,int,5,69,133.48,5041664,22259200,347874816,4113705,379289385,4022274560,11107205,22056140800,304374743040,383971200,434843520,4022272000,8044544000,9728,863052,2390625.0,2063233687500.0,8047382528,8047382528,formula
qwen3-4b,4022272000,1,128,C,fs,7,101,134.21,5041664,31162880,509208064,5572499,550985107,4022274560,15550087,30878597120,445534044160,786862720,891114112,4022272000,8044544000,9728,863052,2390625.0,2063233687500.0,8047382528,8047382528,formula
qwen3-4b,4022272000,1,128,Kpre,int,5,69,146.55,5041664,0,0,0,5041664,4022274560,11107205,,,,,4022272000,8044544000,9728,863052,2390625.0,2063233687500.0,8047382528,8047382528,formula
qwen3-4b,4022272000,8,40,C,int,2,25,44.92,36079104,8903680,126041600,1789955,172814339,29455503360,33380112,8822456320,110280704000,55648000,63020800,4022272000,8044544000,9728,269704,2390625.0,644761125000.0,8067252224,8067252224,formula
qwen3-4b,4022272000,8,40,C,fs,4,57,45.26,36079104,17807360,287374848,3525888,344787200,29455503360,66760224,17644912640,251440005120,253754880,287374848,4022272000,8044544000,9728,269704,2390625.0,644761125000.0,8067252224,8067252224,formula
qwen3-4b,4022272000,8,40,Kpre,int,2,25,53.83,36079104,0,0,0,36079104,29455503360,33380112,,,,,4022272000,8044544000,9728,269704,2390625.0,644761125000.0,8067252224,8067252224,formula
qwen3-4b,4022272000,8,80,C,int,3,45,83.91,36079104,13355520,226874880,2908658,279218162,29455503360,50070168,13233684480,198505267200,150249600,170156160,4022272000,8044544000,9728,539408,2390625.0,1289522250000.0,8067252224,8067252224,formula
qwen3-4b,4022272000,8,80,C,fs,5,77,82.39,36079104,22259200,388208128,4491900,451038332,29455503360,83450280,22056140800,339664568320,428489600,485260160,4022272000,8044544000,9728,539408,2390625.0,1289522250000.0,8067252224,8067252224,formula
qwen3-4b,4022272000,8,80,Kpre,int,3,45,84.73,36079104,0,0,0,36079104,29455503360,50070168,,,,,4022272000,8044544000,9728,539408,2390625.0,1289522250000.0,8067252224,8067252224,formula
qwen3-4b,4022272000,8,128,C,int,5,69,133.48,36079104,22259200,347874816,4113705,410326825,29455503360,83450280,22056140800,304374743040,383971200,434843520,4022272000,8044544000,9728,863052,2390625.0,2063233687500.0,8067252224,8067252224,formula
qwen3-4b,4022272000,8,128,C,fs,7,101,134.21,36079104,31162880,509208064,5572499,582022547,29455503360,116830392,30878597120,445534044160,786862720,891114112,4022272000,8044544000,9728,863052,2390625.0,2063233687500.0,8067252224,8067252224,formula
qwen3-4b,4022272000,8,128,Kpre,int,5,69,146.55,36079104,0,0,0,36079104,29455503360,83450280,,,,,4022272000,8044544000,9728,863052,2390625.0,2063233687500.0,8067252224,8067252224,formula
qwen3-4b,4022272000,64,40,C,int,2,25,44.92,284378624,8903680,126041600,1789955,421113859,232921333760,264877952,8822456320,110280704000,55648000,63020800,4022272000,8044544000,9728,269704,2390625.0,644761125000.0,8226209792,8226209792,formula
qwen3-4b,4022272000,64,40,C,fs,4,57,45.26,284378624,17807360,287374848,3525888,593086720,232921333760,529755904,17644912640,251440005120,253754880,287374848,4022272000,8044544000,9728,269704,2390625.0,644761125000.0,8226209792,8226209792,formula
qwen3-4b,4022272000,64,40,Kpre,int,2,25,53.83,284378624,0,0,0,284378624,232921333760,264877952,,,,,4022272000,8044544000,9728,269704,2390625.0,644761125000.0,8226209792,8226209792,formula
qwen3-4b,4022272000,64,80,C,int,3,45,83.91,284378624,13355520,226874880,2908658,527517682,232921333760,397316928,13233684480,198505267200,150249600,170156160,4022272000,8044544000,9728,539408,2390625.0,1289522250000.0,8226209792,8226209792,formula
qwen3-4b,4022272000,64,80,C,fs,5,77,82.39,284378624,22259200,388208128,4491900,699337852,232921333760,662194880,22056140800,339664568320,428489600,485260160,4022272000,8044544000,9728,539408,2390625.0,1289522250000.0,8226209792,8226209792,formula
qwen3-4b,4022272000,64,80,Kpre,int,3,45,84.73,284378624,0,0,0,284378624,232921333760,397316928,,,,,4022272000,8044544000,9728,539408,2390625.0,1289522250000.0,8226209792,8226209792,formula
qwen3-4b,4022272000,64,128,C,int,5,69,133.48,284378624,22259200,347874816,4113705,658626345,232921333760,662194880,22056140800,304374743040,383971200,434843520,4022272000,8044544000,9728,863052,2390625.0,2063233687500.0,8226209792,8226209792,formula
qwen3-4b,4022272000,64,128,C,fs,7,101,134.21,284378624,31162880,509208064,5572499,830322067,232921333760,927072832,30878597120,445534044160,786862720,891114112,4022272000,8044544000,9728,863052,2390625.0,2063233687500.0,8226209792,8226209792,formula
qwen3-4b,4022272000,64,128,Kpre,int,5,69,146.55,284378624,0,0,0,284378624,232921333760,662194880,,,,,4022272000,8044544000,9728,863052,2390625.0,2063233687500.0,8226209792,8226209792,formula
qwen3-4b,4022272000,128,40,C,int,2,25,44.92,568149504,8903680,126041600,1789955,704884739,465453711360,529446912,8822456320,110280704000,55648000,63020800,4022272000,8044544000,9728,269704,2390625.0,644761125000.0,8407875584,8407875584,formula
qwen3-4b,4022272000,128,40,C,fs,4,57,45.26,568149504,17807360,287374848,3525888,876857600,465453711360,1058893824,17644912640,251440005120,253754880,287374848,4022272000,8044544000,9728,269704,2390625.0,644761125000.0,8407875584,8407875584,formula
qwen3-4b,4022272000,128,40,Kpre,int,2,25,53.83,568149504,0,0,0,568149504,465453711360,529446912,,,,,4022272000,8044544000,9728,269704,2390625.0,644761125000.0,8407875584,8407875584,formula
qwen3-4b,4022272000,128,80,C,int,3,45,83.91,568149504,13355520,226874880,2908658,811288562,465453711360,794170368,13233684480,198505267200,150249600,170156160,4022272000,8044544000,9728,539408,2390625.0,1289522250000.0,8407875584,8407875584,formula
qwen3-4b,4022272000,128,80,C,fs,5,77,82.39,568149504,22259200,388208128,4491900,983108732,465453711360,1323617280,22056140800,339664568320,428489600,485260160,4022272000,8044544000,9728,539408,2390625.0,1289522250000.0,8407875584,8407875584,formula
qwen3-4b,4022272000,128,80,Kpre,int,3,45,84.73,568149504,0,0,0,568149504,465453711360,794170368,,,,,4022272000,8044544000,9728,539408,2390625.0,1289522250000.0,8407875584,8407875584,formula
qwen3-4b,4022272000,128,128,C,int,5,69,133.48,568149504,22259200,347874816,4113705,942397225,465453711360,1323617280,22056140800,304374743040,383971200,434843520,4022272000,8044544000,9728,863052,2390625.0,2063233687500.0,8407875584,8407875584,formula
qwen3-4b,4022272000,128,128,C,fs,7,101,134.21,568149504,31162880,509208064,5572499,1114092947,465453711360,1853064192,30878597120,445534044160,786862720,891114112,4022272000,8044544000,9728,863052,2390625.0,2063233687500.0,8407875584,8407875584,formula
qwen3-4b,4022272000,128,128,Kpre,int,5,69,146.55,568149504,0,0,0,568149504,465453711360,1323617280,,,,,4022272000,8044544000,9728,863052,2390625.0,2063233687500.0,8407875584,8407875584,formula
qwen3-4b,4022272000,256,40,C,int,2,25,44.92,1135691264,8903680,126041600,1789955,1272426499,930518466560,1058584832,8822456320,110280704000,55648000,63020800,4022272000,8044544000,9728,269704,2390625.0,644761125000.0,8771207168,8771207168,formula
qwen3-4b,4022272000,256,40,C,fs,4,57,45.26,1135691264,17807360,287374848,3525888,1444399360,930518466560,2117169664,17644912640,251440005120,253754880,287374848,4022272000,8044544000,9728,269704,2390625.0,644761125000.0,8771207168,8771207168,formula
qwen3-4b,4022272000,256,40,Kpre,int,2,25,53.83,1135691264,0,0,0,1135691264,930518466560,1058584832,,,,,4022272000,8044544000,9728,269704,2390625.0,644761125000.0,8771207168,8771207168,formula
qwen3-4b,4022272000,256,80,C,int,3,45,83.91,1135691264,13355520,226874880,2908658,1378830322,930518466560,1587877248,13233684480,198505267200,150249600,170156160,4022272000,8044544000,9728,539408,2390625.0,1289522250000.0,8771207168,8771207168,formula
qwen3-4b,4022272000,256,80,C,fs,5,77,82.39,1135691264,22259200,388208128,4491900,1550650492,930518466560,2646462080,22056140800,339664568320,428489600,485260160,4022272000,8044544000,9728,539408,2390625.0,1289522250000.0,8771207168,8771207168,formula
qwen3-4b,4022272000,256,80,Kpre,int,3,45,84.73,1135691264,0,0,0,1135691264,930518466560,1587877248,,,,,4022272000,8044544000,9728,539408,2390625.0,1289522250000.0,8771207168,8771207168,formula
qwen3-4b,4022272000,256,128,C,int,5,69,133.48,1135691264,22259200,347874816,4113705,1509938985,930518466560,2646462080,22056140800,304374743040,383971200,434843520,4022272000,8044544000,9728,863052,2390625.0,2063233687500.0,8771207168,8771207168,formula
qwen3-4b,4022272000,256,128,C,fs,7,101,134.21,1135691264,31162880,509208064,5572499,1681634707,930518466560,3705046912,30878597120,445534044160,786862720,891114112,4022272000,8044544000,9728,863052,2390625.0,2063233687500.0,8771207168,8771207168,formula
qwen3-4b,4022272000,256,128,Kpre,int,5,69,146.55,1135691264,0,0,0,1135691264,930518466560,2646462080,,,,,4022272000,8044544000,9728,863052,2390625.0,2063233687500.0,8771207168,8771207168,formula
qwen3-4b,4022272000,512,40,C,int,2,25,44.92,2270774784,8903680,126041600,1789955,2407510019,1860647976960,2116860672,8822456320,110280704000,55648000,63020800,4022272000,8044544000,9728,269704,2390625.0,644761125000.0,9497870336,9497870336,formula
qwen3-4b,4022272000,512,40,C,fs,4,57,45.26,2270774784,17807360,287374848,3525888,2579482880,1860647976960,4233721344,17644912640,251440005120,253754880,287374848,4022272000,8044544000,9728,269704,2390625.0,644761125000.0,9497870336,9497870336,formula
qwen3-4b,4022272000,512,40,Kpre,int,2,25,53.83,2270774784,0,0,0,2270774784,1860647976960,2116860672,,,,,4022272000,8044544000,9728,269704,2390625.0,644761125000.0,9497870336,9497870336,formula
qwen3-4b,4022272000,512,80,C,int,3,45,83.91,2270774784,13355520,226874880,2908658,2513913842,1860647976960,3175291008,13233684480,198505267200,150249600,170156160,4022272000,8044544000,9728,539408,2390625.0,1289522250000.0,9497870336,9497870336,formula
qwen3-4b,4022272000,512,80,C,fs,5,77,82.39,2270774784,22259200,388208128,4491900,2685734012,1860647976960,5292151680,22056140800,339664568320,428489600,485260160,4022272000,8044544000,9728,539408,2390625.0,1289522250000.0,9497870336,9497870336,formula
qwen3-4b,4022272000,512,80,Kpre,int,3,45,84.73,2270774784,0,0,0,2270774784,1860647976960,3175291008,,,,,4022272000,8044544000,9728,539408,2390625.0,1289522250000.0,9497870336,9497870336,formula
qwen3-4b,4022272000,512,128,C,int,5,69,133.48,2270774784,22259200,347874816,4113705,2645022505,1860647976960,5292151680,22056140800,304374743040,383971200,434843520,4022272000,8044544000,9728,863052,2390625.0,2063233687500.0,9497870336,9497870336,formula
qwen3-4b,4022272000,512,128,C,fs,7,101,134.21,2270774784,31162880,509208064,5572499,2816718227,1860647976960,7409012352,30878597120,445534044160,786862720,891114112,4022272000,8044544000,9728,863052,2390625.0,2063233687500.0,9497870336,9497870336,formula
qwen3-4b,4022272000,512,128,Kpre,int,5,69,146.55,2270774784,0,0,0,2270774784,1860647976960,5292151680,,,,,4022272000,8044544000,9728,863052,2390625.0,2063233687500.0,9497870336,9497870336,formula
qwen3-4b,4022272000,1024,40,C,int,2,25,44.92,4540941824,8903680,126041600,1789955,4677677059,3720906997760,4233412352,8822456320,110280704000,55648000,63020800,4022272000,8044544000,9728,269704,2390625.0,644761125000.0,10951196672,10951196672,formula
qwen3-4b,4022272000,1024,40,C,fs,4,57,45.26,4540941824,17807360,287374848,3525888,4849649920,3720906997760,8466824704,17644912640,251440005120,253754880,287374848,4022272000,8044544000,9728,269704,2390625.0,644761125000.0,10951196672,10951196672,formula
qwen3-4b,4022272000,1024,40,Kpre,int,2,25,53.83,4540941824,0,0,0,4540941824,3720906997760,4233412352,,,,,4022272000,8044544000,9728,269704,2390625.0,644761125000.0,10951196672,10951196672,formula
qwen3-4b,4022272000,1024,80,C,int,3,45,83.91,4540941824,13355520,226874880,2908658,4784080882,3720906997760,6350118528,13233684480,198505267200,150249600,170156160,4022272000,8044544000,9728,539408,2390625.0,1289522250000.0,10951196672,10951196672,formula
qwen3-4b,4022272000,1024,80,C,fs,5,77,82.39,4540941824,22259200,388208128,4491900,4955901052,3720906997760,10583530880,22056140800,339664568320,428489600,485260160,4022272000,8044544000,9728,539408,2390625.0,1289522250000.0,10951196672,10951196672,formula
qwen3-4b,4022272000,1024,80,Kpre,int,3,45,84.73,4540941824,0,0,0,4540941824,3720906997760,6350118528,,,,,4022272000,8044544000,9728,539408,2390625.0,1289522250000.0,10951196672,10951196672,formula
qwen3-4b,4022272000,1024,128,C,int,5,69,133.48,4540941824,22259200,347874816,4113705,4915189545,3720906997760,10583530880,22056140800,304374743040,383971200,434843520,4022272000,8044544000,9728,863052,2390625.0,2063233687500.0,10951196672,10951196672,formula
qwen3-4b,4022272000,1024,128,C,fs,7,101,134.21,4540941824,31162880,509208064,5572499,5086885267,3720906997760,14816943232,30878597120,445534044160,786862720,891114112,4022272000,8044544000,9728,863052,2390625.0,2063233687500.0,10951196672,10951196672,formula
qwen3-4b,4022272000,1024,128,Kpre,int,5,69,146.55,4540941824,0,0,0,4540941824,3720906997760,10583530880,,,,,4022272000,8044544000,9728,863052,2390625.0,2063233687500.0,10951196672,10951196672,formula
qwen3-4b,4022272000,2048,40,C,int,2,25,44.92,9081275904,8903680,126041600,1789955,9218011139,7441425039360,8466515712,8822456320,110280704000,55648000,63020800,4022272000,8044544000,9728,269704,2390625.0,644761125000.0,13857849344,13857849344,formula
qwen3-4b,4022272000,2048,40,C,fs,4,57,45.26,9081275904,17807360,287374848,3525888,9389984000,7441425039360,16933031424,17644912640,251440005120,253754880,287374848,4022272000,8044544000,9728,269704,2390625.0,644761125000.0,13857849344,13857849344,formula
qwen3-4b,4022272000,2048,40,Kpre,int,2,25,53.83,9081275904,0,0,0,9081275904,7441425039360,8466515712,,,,,4022272000,8044544000,9728,269704,2390625.0,644761125000.0,13857849344,13857849344,formula
qwen3-4b,4022272000,2048,80,C,int,3,45,83.91,9081275904,13355520,226874880,2908658,9324414962,7441425039360,12699773568,13233684480,198505267200,150249600,170156160,4022272000,8044544000,9728,539408,2390625.0,1289522250000.0,13857849344,13857849344,formula
qwen3-4b,4022272000,2048,80,C,fs,5,77,82.39,9081275904,22259200,388208128,4491900,9496235132,7441425039360,21166289280,22056140800,339664568320,428489600,485260160,4022272000,8044544000,9728,539408,2390625.0,1289522250000.0,13857849344,13857849344,formula
qwen3-4b,4022272000,2048,80,Kpre,int,3,45,84.73,9081275904,0,0,0,9081275904,7441425039360,12699773568,,,,,4022272000,8044544000,9728,539408,2390625.0,1289522250000.0,13857849344,13857849344,formula
qwen3-4b,4022272000,2048,128,C,int,5,69,133.48,9081275904,22259200,347874816,4113705,9455523625,7441425039360,21166289280,22056140800,304374743040,383971200,434843520,4022272000,8044544000,9728,863052,2390625.0,2063233687500.0,13857849344,13857849344,formula
qwen3-4b,4022272000,2048,128,C,fs,7,101,134.21,9081275904,31162880,509208064,5572499,9627219347,7441425039360,29632804992,30878597120,445534044160,786862720,891114112,4022272000,8044544000,9728,863052,2390625.0,2063233687500.0,13857849344,13857849344,formula
qwen3-4b,4022272000,2048,128,Kpre,int,5,69,146.55,9081275904,0,0,0,9081275904,7441425039360,21166289280,,,,,4022272000,8044544000,9728,863052,2390625.0,2063233687500.0,13857849344,13857849344,formula
