model,seq,mode,challenges,lam,metric,threads,rate,variant,device,prover_hw,verifier_hw,n_layers_full,params_full,hw,value,provenance,value_1block,value_2blocks
gpt2,128,C,fs,128,bytes_claims,8,4,,cuda,NVIDIA GeForce RTX 2080 Ti,Intel(R) Xeon(R) Silver 4114 CPU @ 2.20GHz x8 threads,12,124401408,NVIDIA GeForce RTX 2080 Ti,43454788.0,measured,,
gpt2,128,C,fs,128,bytes_columns,8,4,,cuda,NVIDIA GeForce RTX 2080 Ti,Intel(R) Xeon(R) Silver 4114 CPU @ 2.20GHz x8 threads,12,124401408,NVIDIA GeForce RTX 2080 Ti,53894800.0,measured,,
gpt2,128,C,fs,128,bytes_paths,8,4,,cuda,NVIDIA GeForce RTX 2080 Ti,Intel(R) Xeon(R) Silver 4114 CPU @ 2.20GHz x8 threads,12,124401408,NVIDIA GeForce RTX 2080 Ti,2976000.0,measured,,
gpt2,128,C,fs,128,bytes_paths_multiproof,8,4,,cuda,NVIDIA GeForce RTX 2080 Ti,Intel(R) Xeon(R) Silver 4114 CPU @ 2.20GHz x8 threads,12,124401408,NVIDIA GeForce RTX 2080 Ti,1185228.59,measured,,
gpt2,128,C,fs,128,bytes_total,8,4,,cuda,NVIDIA GeForce RTX 2080 Ti,Intel(R) Xeon(R) Silver 4114 CPU @ 2.20GHz x8 threads,12,124401408,NVIDIA GeForce RTX 2080 Ti,104107408.0,measured,,
gpt2,128,C,fs,128,bytes_total_multiproof,8,4,,cuda,NVIDIA GeForce RTX 2080 Ti,Intel(R) Xeon(R) Silver 4114 CPU @ 2.20GHz x8 threads,12,124401408,NVIDIA GeForce RTX 2080 Ti,102316636.59,measured,,
gpt2,128,C,fs,128,bytes_u,8,4,,cuda,NVIDIA GeForce RTX 2080 Ti,Intel(R) Xeon(R) Silver 4114 CPU @ 2.20GHz x8 threads,12,124401408,NVIDIA GeForce RTX 2080 Ti,3781820.0,measured,,
gpt2,128,C,fs,128,fs_hash,8,4,,cuda,NVIDIA GeForce RTX 2080 Ti,Intel(R) Xeon(R) Silver 4114 CPU @ 2.20GHz x8 threads,12,124401408,NVIDIA GeForce RTX 2080 Ti,0.31196708232164383,measured,,
gpt2,128,C,fs,128,prove_fold,8,4,,cuda,NVIDIA GeForce RTX 2080 Ti,Intel(R) Xeon(R) Silver 4114 CPU @ 2.20GHz x8 threads,12,124401408,NVIDIA GeForce RTX 2080 Ti,0.1790275890380144,measured,,
gpt2,128,C,fs,128,prove_forward,8,4,,cuda,NVIDIA GeForce RTX 2080 Ti,Intel(R) Xeon(R) Silver 4114 CPU @ 2.20GHz x8 threads,12,124401408,NVIDIA GeForce RTX 2080 Ti,0.12090524844825268,measured,,
gpt2,128,C,fs,128,prove_open,8,4,,cuda,NVIDIA GeForce RTX 2080 Ti,Intel(R) Xeon(R) Silver 4114 CPU @ 2.20GHz x8 threads,12,124401408,NVIDIA GeForce RTX 2080 Ti,0.2557342015206814,measured,,
gpt2,128,C,fs,128,verify_columns,8,4,,cuda,NVIDIA GeForce RTX 2080 Ti,Intel(R) Xeon(R) Silver 4114 CPU @ 2.20GHz x8 threads,12,124401408,NVIDIA GeForce RTX 2080 Ti,0.9598075114190578,measured,,
gpt2,128,C,fs,128,verify_derive,8,4,,cuda,NVIDIA GeForce RTX 2080 Ti,Intel(R) Xeon(R) Silver 4114 CPU @ 2.20GHz x8 threads,12,124401408,NVIDIA GeForce RTX 2080 Ti,0.1461887937039137,measured,,
gpt2,128,C,fs,128,verify_fold,8,4,,cuda,NVIDIA GeForce RTX 2080 Ti,Intel(R) Xeon(R) Silver 4114 CPU @ 2.20GHz x8 threads,12,124401408,NVIDIA GeForce RTX 2080 Ti,0.0,measured,,
gpt2,128,C,fs,128,verify_products,8,4,,cuda,NVIDIA GeForce RTX 2080 Ti,Intel(R) Xeon(R) Silver 4114 CPU @ 2.20GHz x8 threads,12,124401408,NVIDIA GeForce RTX 2080 Ti,0.27067532762885094,measured,,
gpt2,128,C,fs,40,bytes_claims,8,4,,cuda,NVIDIA GeForce RTX 2080 Ti,Intel(R) Xeon(R) Silver 4114 CPU @ 2.20GHz x8 threads,12,124401408,NVIDIA GeForce RTX 2080 Ti,43454788.0,measured,,
gpt2,128,C,fs,40,bytes_columns,8,4,,cuda,NVIDIA GeForce RTX 2080 Ti,Intel(R) Xeon(R) Silver 4114 CPU @ 2.20GHz x8 threads,12,124401408,NVIDIA GeForce RTX 2080 Ti,30181088.0,measured,,
gpt2,128,C,fs,40,bytes_paths,8,4,,cuda,NVIDIA GeForce RTX 2080 Ti,Intel(R) Xeon(R) Silver 4114 CPU @ 2.20GHz x8 threads,12,124401408,NVIDIA GeForce RTX 2080 Ti,1666560.0,measured,,
gpt2,128,C,fs,40,bytes_paths_multiproof,8,4,,cuda,NVIDIA GeForce RTX 2080 Ti,Intel(R) Xeon(R) Silver 4114 CPU @ 2.20GHz x8 threads,12,124401408,NVIDIA GeForce RTX 2080 Ti,773660.492,measured,,
gpt2,128,C,fs,40,bytes_total,8,4,,cuda,NVIDIA GeForce RTX 2080 Ti,Intel(R) Xeon(R) Silver 4114 CPU @ 2.20GHz x8 threads,12,124401408,NVIDIA GeForce RTX 2080 Ti,77463476.0,measured,,
gpt2,128,C,fs,40,bytes_total_multiproof,8,4,,cuda,NVIDIA GeForce RTX 2080 Ti,Intel(R) Xeon(R) Silver 4114 CPU @ 2.20GHz x8 threads,12,124401408,NVIDIA GeForce RTX 2080 Ti,76570576.492,measured,,
gpt2,128,C,fs,40,bytes_u,8,4,,cuda,NVIDIA GeForce RTX 2080 Ti,Intel(R) Xeon(R) Silver 4114 CPU @ 2.20GHz x8 threads,12,124401408,NVIDIA GeForce RTX 2080 Ti,2161040.0,measured,,
gpt2,128,C,fs,40,fs_hash,8,4,,cuda,NVIDIA GeForce RTX 2080 Ti,Intel(R) Xeon(R) Silver 4114 CPU @ 2.20GHz x8 threads,12,124401408,NVIDIA GeForce RTX 2080 Ti,0.30543170124292374,measured,,
gpt2,128,C,fs,40,prove_fold,8,4,,cuda,NVIDIA GeForce RTX 2080 Ti,Intel(R) Xeon(R) Silver 4114 CPU @ 2.20GHz x8 threads,12,124401408,NVIDIA GeForce RTX 2080 Ti,0.16950754076242447,measured,,
gpt2,128,C,fs,40,prove_forward,8,4,,cuda,NVIDIA GeForce RTX 2080 Ti,Intel(R) Xeon(R) Silver 4114 CPU @ 2.20GHz x8 threads,12,124401408,NVIDIA GeForce RTX 2080 Ti,0.10890484228730202,measured,,
gpt2,128,C,fs,40,prove_open,8,4,,cuda,NVIDIA GeForce RTX 2080 Ti,Intel(R) Xeon(R) Silver 4114 CPU @ 2.20GHz x8 threads,12,124401408,NVIDIA GeForce RTX 2080 Ti,0.14318190701305866,measured,,
gpt2,128,C,fs,40,verify_columns,8,4,,cuda,NVIDIA GeForce RTX 2080 Ti,Intel(R) Xeon(R) Silver 4114 CPU @ 2.20GHz x8 threads,12,124401408,NVIDIA GeForce RTX 2080 Ti,0.649608762934804,measured,,
gpt2,128,C,fs,40,verify_derive,8,4,,cuda,NVIDIA GeForce RTX 2080 Ti,Intel(R) Xeon(R) Silver 4114 CPU @ 2.20GHz x8 threads,12,124401408,NVIDIA GeForce RTX 2080 Ti,0.1524718478322029,measured,,
gpt2,128,C,fs,40,verify_fold,8,4,,cuda,NVIDIA GeForce RTX 2080 Ti,Intel(R) Xeon(R) Silver 4114 CPU @ 2.20GHz x8 threads,12,124401408,NVIDIA GeForce RTX 2080 Ti,0.0,measured,,
gpt2,128,C,fs,40,verify_products,8,4,,cuda,NVIDIA GeForce RTX 2080 Ti,Intel(R) Xeon(R) Silver 4114 CPU @ 2.20GHz x8 threads,12,124401408,NVIDIA GeForce RTX 2080 Ti,0.25097139924764633,measured,,
gpt2,128,C,fs,80,bytes_claims,8,4,,cuda,NVIDIA GeForce RTX 2080 Ti,Intel(R) Xeon(R) Silver 4114 CPU @ 2.20GHz x8 threads,12,124401408,NVIDIA GeForce RTX 2080 Ti,43454788.0,measured,,
gpt2,128,C,fs,80,bytes_columns,8,4,,cuda,NVIDIA GeForce RTX 2080 Ti,Intel(R) Xeon(R) Silver 4114 CPU @ 2.20GHz x8 threads,12,124401408,NVIDIA GeForce RTX 2080 Ti,40960048.0,measured,,
gpt2,128,C,fs,80,bytes_paths,8,4,,cuda,NVIDIA GeForce RTX 2080 Ti,Intel(R) Xeon(R) Silver 4114 CPU @ 2.20GHz x8 threads,12,124401408,NVIDIA GeForce RTX 2080 Ti,2261760.0,measured,,
gpt2,128,C,fs,80,bytes_paths_multiproof,8,4,,cuda,NVIDIA GeForce RTX 2080 Ti,Intel(R) Xeon(R) Silver 4114 CPU @ 2.20GHz x8 threads,12,124401408,NVIDIA GeForce RTX 2080 Ti,971078.506,measured,,
gpt2,128,C,fs,80,bytes_total,8,4,,cuda,NVIDIA GeForce RTX 2080 Ti,Intel(R) Xeon(R) Silver 4114 CPU @ 2.20GHz x8 threads,12,124401408,NVIDIA GeForce RTX 2080 Ti,89377896.0,measured,,
gpt2,128,C,fs,80,bytes_total_multiproof,8,4,,cuda,NVIDIA GeForce RTX 2080 Ti,Intel(R) Xeon(R) Silver 4114 CPU @ 2.20GHz x8 threads,12,124401408,NVIDIA GeForce RTX 2080 Ti,88087214.506,measured,,
gpt2,128,C,fs,80,bytes_u,8,4,,cuda,NVIDIA GeForce RTX 2080 Ti,Intel(R) Xeon(R) Silver 4114 CPU @ 2.20GHz x8 threads,12,124401408,NVIDIA GeForce RTX 2080 Ti,2701300.0,measured,,
gpt2,128,C,fs,80,fs_hash,8,4,,cuda,NVIDIA GeForce RTX 2080 Ti,Intel(R) Xeon(R) Silver 4114 CPU @ 2.20GHz x8 threads,12,124401408,NVIDIA GeForce RTX 2080 Ti,0.2973406855016947,measured,,
gpt2,128,C,fs,80,prove_fold,8,4,,cuda,NVIDIA GeForce RTX 2080 Ti,Intel(R) Xeon(R) Silver 4114 CPU @ 2.20GHz x8 threads,12,124401408,NVIDIA GeForce RTX 2080 Ti,0.15899638086557388,measured,,
gpt2,128,C,fs,80,prove_forward,8,4,,cuda,NVIDIA GeForce RTX 2080 Ti,Intel(R) Xeon(R) Silver 4114 CPU @ 2.20GHz x8 threads,12,124401408,NVIDIA GeForce RTX 2080 Ti,0.10746281780302525,measured,,
gpt2,128,C,fs,80,prove_open,8,4,,cuda,NVIDIA GeForce RTX 2080 Ti,Intel(R) Xeon(R) Silver 4114 CPU @ 2.20GHz x8 threads,12,124401408,NVIDIA GeForce RTX 2080 Ti,0.22149332985281944,measured,,
gpt2,128,C,fs,80,verify_columns,8,4,,cuda,NVIDIA GeForce RTX 2080 Ti,Intel(R) Xeon(R) Silver 4114 CPU @ 2.20GHz x8 threads,12,124401408,NVIDIA GeForce RTX 2080 Ti,0.790660984814167,measured,,
gpt2,128,C,fs,80,verify_derive,8,4,,cuda,NVIDIA GeForce RTX 2080 Ti,Intel(R) Xeon(R) Silver 4114 CPU @ 2.20GHz x8 threads,12,124401408,NVIDIA GeForce RTX 2080 Ti,0.14200827479362488,measured,,
gpt2,128,C,fs,80,verify_fold,8,4,,cuda,NVIDIA GeForce RTX 2080 Ti,Intel(R) Xeon(R) Silver 4114 CPU @ 2.20GHz x8 threads,12,124401408,NVIDIA GeForce RTX 2080 Ti,0.0,measured,,
gpt2,128,C,fs,80,verify_products,8,4,,cuda,NVIDIA GeForce RTX 2080 Ti,Intel(R) Xeon(R) Silver 4114 CPU @ 2.20GHz x8 threads,12,124401408,NVIDIA GeForce RTX 2080 Ti,0.2541727051138878,measured,,
gpt2,128,C,int,128,bytes_claims,8,4,,cuda,NVIDIA GeForce RTX 2080 Ti,Intel(R) Xeon(R) Silver 4114 CPU @ 2.20GHz x8 threads,12,124401408,NVIDIA GeForce RTX 2080 Ti,43454788.0,measured,,
gpt2,128,C,int,128,bytes_columns,8,4,,cuda,NVIDIA GeForce RTX 2080 Ti,Intel(R) Xeon(R) Silver 4114 CPU @ 2.20GHz x8 threads,12,124401408,NVIDIA GeForce RTX 2080 Ti,36648464.0,measured,,
gpt2,128,C,int,128,bytes_paths,8,4,,cuda,NVIDIA GeForce RTX 2080 Ti,Intel(R) Xeon(R) Silver 4114 CPU @ 2.20GHz x8 threads,12,124401408,NVIDIA GeForce RTX 2080 Ti,2023680.0,measured,,
gpt2,128,C,int,128,bytes_paths_multiproof,8,4,,cuda,NVIDIA GeForce RTX 2080 Ti,Intel(R) Xeon(R) Silver 4114 CPU @ 2.20GHz x8 threads,12,124401408,NVIDIA GeForce RTX 2080 Ti,894498.815,measured,,
gpt2,128,C,int,128,bytes_total,8,4,,cuda,NVIDIA GeForce RTX 2080 Ti,Intel(R) Xeon(R) Silver 4114 CPU @ 2.20GHz x8 threads,12,124401408,NVIDIA GeForce RTX 2080 Ti,84828232.0,measured,,
gpt2,128,C,int,128,bytes_total_multiproof,8,4,,cuda,NVIDIA GeForce RTX 2080 Ti,Intel(R) Xeon(R) Silver 4114 CPU @ 2.20GHz x8 threads,12,124401408,NVIDIA GeForce RTX 2080 Ti,83699050.815,measured,,
gpt2,128,C,int,128,bytes_u,8,4,,cuda,NVIDIA GeForce RTX 2080 Ti,Intel(R) Xeon(R) Silver 4114 CPU @ 2.20GHz x8 threads,12,124401408,NVIDIA GeForce RTX 2080 Ti,2701300.0,measured,,
gpt2,128,C,int,128,fs_hash,8,4,,cuda,NVIDIA GeForce RTX 2080 Ti,Intel(R) Xeon(R) Silver 4114 CPU @ 2.20GHz x8 threads,12,124401408,NVIDIA GeForce RTX 2080 Ti,1.6093254089355469e-06,measured,,
gpt2,128,C,int,128,prove_fold,8,4,,cuda,NVIDIA GeForce RTX 2080 Ti,Intel(R) Xeon(R) Silver 4114 CPU @ 2.20GHz x8 threads,12,124401408,NVIDIA GeForce RTX 2080 Ti,0.16570520401000977,measured,,
gpt2,128,C,int,128,prove_forward,8,4,,cuda,NVIDIA GeForce RTX 2080 Ti,Intel(R) Xeon(R) Silver 4114 CPU @ 2.20GHz x8 threads,12,124401408,NVIDIA GeForce RTX 2080 Ti,0.10990663804113865,measured,,
gpt2,128,C,int,128,prove_open,8,4,,cuda,NVIDIA GeForce RTX 2080 Ti,Intel(R) Xeon(R) Silver 4114 CPU @ 2.20GHz x8 threads,12,124401408,NVIDIA GeForce RTX 2080 Ti,0.20584833435714245,measured,,
gpt2,128,C,int,128,verify_columns,8,4,,cuda,NVIDIA GeForce RTX 2080 Ti,Intel(R) Xeon(R) Silver 4114 CPU @ 2.20GHz x8 threads,12,124401408,NVIDIA GeForce RTX 2080 Ti,0.695891622453928,measured,,
gpt2,128,C,int,128,verify_derive,8,4,,cuda,NVIDIA GeForce RTX 2080 Ti,Intel(R) Xeon(R) Silver 4114 CPU @ 2.20GHz x8 threads,12,124401408,NVIDIA GeForce RTX 2080 Ti,0.14024175330996513,measured,,
gpt2,128,C,int,128,verify_fold,8,4,,cuda,NVIDIA GeForce RTX 2080 Ti,Intel(R) Xeon(R) Silver 4114 CPU @ 2.20GHz x8 threads,12,124401408,NVIDIA GeForce RTX 2080 Ti,0.0,measured,,
gpt2,128,C,int,128,verify_products,8,4,,cuda,NVIDIA GeForce RTX 2080 Ti,Intel(R) Xeon(R) Silver 4114 CPU @ 2.20GHz x8 threads,12,124401408,NVIDIA GeForce RTX 2080 Ti,0.2558125779032707,measured,,
gpt2,128,C,int,40,bytes_claims,8,4,,cuda,NVIDIA GeForce RTX 2080 Ti,Intel(R) Xeon(R) Silver 4114 CPU @ 2.20GHz x8 threads,12,124401408,NVIDIA GeForce RTX 2080 Ti,43454788.0,measured,,
gpt2,128,C,int,40,bytes_columns,8,4,,cuda,NVIDIA GeForce RTX 2080 Ti,Intel(R) Xeon(R) Silver 4114 CPU @ 2.20GHz x8 threads,12,124401408,NVIDIA GeForce RTX 2080 Ti,12934752.0,measured,,
gpt2,128,C,int,40,bytes_paths,8,4,,cuda,NVIDIA GeForce RTX 2080 Ti,Intel(R) Xeon(R) Silver 4114 CPU @ 2.20GHz x8 threads,12,124401408,NVIDIA GeForce RTX 2080 Ti,714240.0,measured,,
gpt2,128,C,int,40,bytes_paths_multiproof,8,4,,cuda,NVIDIA GeForce RTX 2080 Ti,Intel(R) Xeon(R) Silver 4114 CPU @ 2.20GHz x8 threads,12,124401408,NVIDIA GeForce RTX 2080 Ti,401777.029,measured,,
gpt2,128,C,int,40,bytes_total,8,4,,cuda,NVIDIA GeForce RTX 2080 Ti,Intel(R) Xeon(R) Silver 4114 CPU @ 2.20GHz x8 threads,12,124401408,NVIDIA GeForce RTX 2080 Ti,58184300.0,measured,,
gpt2,128,C,int,40,bytes_total_multiproof,8,4,,cuda,NVIDIA GeForce RTX 2080 Ti,Intel(R) Xeon(R) Silver 4114 CPU @ 2.20GHz x8 threads,12,124401408,NVIDIA GeForce RTX 2080 Ti,57871837.029,measured,,
gpt2,128,C,int,40,bytes_u,8,4,,cuda,NVIDIA GeForce RTX 2080 Ti,Intel(R) Xeon(R) Silver 4114 CPU @ 2.20GHz x8 threads,12,124401408,NVIDIA GeForce RTX 2080 Ti,1080520.0,measured,,
gpt2,128,C,int,40,fs_hash,8,4,,cuda,NVIDIA GeForce RTX 2080 Ti,Intel(R) Xeon(R) Silver 4114 CPU @ 2.20GHz x8 threads,12,124401408,NVIDIA GeForce RTX 2080 Ti,1.600012183189392e-06,measured,,
gpt2,128,C,int,40,prove_fold,8,4,,cuda,NVIDIA GeForce RTX 2080 Ti,Intel(R) Xeon(R) Silver 4114 CPU @ 2.20GHz x8 threads,12,124401408,NVIDIA GeForce RTX 2080 Ti,0.1742980182170868,measured,,
gpt2,128,C,int,40,prove_forward,8,4,,cuda,NVIDIA GeForce RTX 2080 Ti,Intel(R) Xeon(R) Silver 4114 CPU @ 2.20GHz x8 threads,12,124401408,NVIDIA GeForce RTX 2080 Ti,0.10866461135447025,measured,,
gpt2,128,C,int,40,prove_open,8,4,,cuda,NVIDIA GeForce RTX 2080 Ti,Intel(R) Xeon(R) Silver 4114 CPU @ 2.20GHz x8 threads,12,124401408,NVIDIA GeForce RTX 2080 Ti,0.09634403139352798,measured,,
gpt2,128,C,int,40,verify_columns,8,4,,cuda,NVIDIA GeForce RTX 2080 Ti,Intel(R) Xeon(R) Silver 4114 CPU @ 2.20GHz x8 threads,12,124401408,NVIDIA GeForce RTX 2080 Ti,0.37322176061570644,measured,,
gpt2,128,C,int,40,verify_derive,8,4,,cuda,NVIDIA GeForce RTX 2080 Ti,Intel(R) Xeon(R) Silver 4114 CPU @ 2.20GHz x8 threads,12,124401408,NVIDIA GeForce RTX 2080 Ti,0.1392347812652588,measured,,
gpt2,128,C,int,40,verify_fold,8,4,,cuda,NVIDIA GeForce RTX 2080 Ti,Intel(R) Xeon(R) Silver 4114 CPU @ 2.20GHz x8 threads,12,124401408,NVIDIA GeForce RTX 2080 Ti,0.0,measured,,
gpt2,128,C,int,40,verify_products,8,4,,cuda,NVIDIA GeForce RTX 2080 Ti,Intel(R) Xeon(R) Silver 4114 CPU @ 2.20GHz x8 threads,12,124401408,NVIDIA GeForce RTX 2080 Ti,0.21460516192018986,measured,,
gpt2,128,C,int,80,bytes_claims,8,4,,cuda,NVIDIA GeForce RTX 2080 Ti,Intel(R) Xeon(R) Silver 4114 CPU @ 2.20GHz x8 threads,12,124401408,NVIDIA GeForce RTX 2080 Ti,43454788.0,measured,,
gpt2,128,C,int,80,bytes_columns,8,4,,cuda,NVIDIA GeForce RTX 2080 Ti,Intel(R) Xeon(R) Silver 4114 CPU @ 2.20GHz x8 threads,12,124401408,NVIDIA GeForce RTX 2080 Ti,23713712.0,measured,,
gpt2,128,C,int,80,bytes_paths,8,4,,cuda,NVIDIA GeForce RTX 2080 Ti,Intel(R) Xeon(R) Silver 4114 CPU @ 2.20GHz x8 threads,12,124401408,NVIDIA GeForce RTX 2080 Ti,1309440.0,measured,,
gpt2,128,C,int,80,bytes_paths_multiproof,8,4,,cuda,NVIDIA GeForce RTX 2080 Ti,Intel(R) Xeon(R) Silver 4114 CPU @ 2.20GHz x8 threads,12,124401408,NVIDIA GeForce RTX 2080 Ti,644212.017,measured,,
gpt2,128,C,int,80,bytes_total,8,4,,cuda,NVIDIA GeForce RTX 2080 Ti,Intel(R) Xeon(R) Silver 4114 CPU @ 2.20GHz x8 threads,12,124401408,NVIDIA GeForce RTX 2080 Ti,70098720.0,measured,,
gpt2,128,C,int,80,bytes_total_multiproof,8,4,,cuda,NVIDIA GeForce RTX 2080 Ti,Intel(R) Xeon(R) Silver 4114 CPU @ 2.20GHz x8 threads,12,124401408,NVIDIA GeForce RTX 2080 Ti,69433492.017,measured,,
gpt2,128,C,int,80,bytes_u,8,4,,cuda,NVIDIA GeForce RTX 2080 Ti,Intel(R) Xeon(R) Silver 4114 CPU @ 2.20GHz x8 threads,12,124401408,NVIDIA GeForce RTX 2080 Ti,1620780.0,measured,,
gpt2,128,C,int,80,fs_hash,8,4,,cuda,NVIDIA GeForce RTX 2080 Ti,Intel(R) Xeon(R) Silver 4114 CPU @ 2.20GHz x8 threads,12,124401408,NVIDIA GeForce RTX 2080 Ti,1.3113021850585938e-06,measured,,
gpt2,128,C,int,80,prove_fold,8,4,,cuda,NVIDIA GeForce RTX 2080 Ti,Intel(R) Xeon(R) Silver 4114 CPU @ 2.20GHz x8 threads,12,124401408,NVIDIA GeForce RTX 2080 Ti,0.17767426930367947,measured,,
gpt2,128,C,int,80,prove_forward,8,4,,cuda,NVIDIA GeForce RTX 2080 Ti,Intel(R) Xeon(R) Silver 4114 CPU @ 2.20GHz x8 threads,12,124401408,NVIDIA GeForce RTX 2080 Ti,0.10785819962620735,measured,,
gpt2,128,C,int,80,prove_open,8,4,,cuda,NVIDIA GeForce RTX 2080 Ti,Intel(R) Xeon(R) Silver 4114 CPU @ 2.20GHz x8 threads,12,124401408,NVIDIA GeForce RTX 2080 Ti,0.1353452019393444,measured,,
gpt2,128,C,int,80,verify_columns,8,4,,cuda,NVIDIA GeForce RTX 2080 Ti,Intel(R) Xeon(R) Silver 4114 CPU @ 2.20GHz x8 threads,12,124401408,NVIDIA GeForce RTX 2080 Ti,0.5340278595685959,measured,,
gpt2,128,C,int,80,verify_derive,8,4,,cuda,NVIDIA GeForce RTX 2080 Ti,Intel(R) Xeon(R) Silver 4114 CPU @ 2.20GHz x8 threads,12,124401408,NVIDIA GeForce RTX 2080 Ti,0.14382672868669033,measured,,
gpt2,128,C,int,80,verify_fold,8,4,,cuda,NVIDIA GeForce RTX 2080 Ti,Intel(R) Xeon(R) Silver 4114 CPU @ 2.20GHz x8 threads,12,124401408,NVIDIA GeForce RTX 2080 Ti,0.0,measured,,
gpt2,128,C,int,80,verify_products,8,4,,cuda,NVIDIA GeForce RTX 2080 Ti,Intel(R) Xeon(R) Silver 4114 CPU @ 2.20GHz x8 threads,12,124401408,NVIDIA GeForce RTX 2080 Ti,0.2389884553849697,measured,,
gpt2,128,K,int,128,bytes_claims,8,4,,cuda,NVIDIA GeForce RTX 2080 Ti,Intel(R) Xeon(R) Silver 4114 CPU @ 2.20GHz x8 threads,12,124401408,NVIDIA GeForce RTX 2080 Ti,43454788.0,measured,,
gpt2,128,K,int,128,bytes_columns,8,4,,cuda,NVIDIA GeForce RTX 2080 Ti,Intel(R) Xeon(R) Silver 4114 CPU @ 2.20GHz x8 threads,12,124401408,NVIDIA GeForce RTX 2080 Ti,0.0,measured,,
gpt2,128,K,int,128,bytes_paths,8,4,,cuda,NVIDIA GeForce RTX 2080 Ti,Intel(R) Xeon(R) Silver 4114 CPU @ 2.20GHz x8 threads,12,124401408,NVIDIA GeForce RTX 2080 Ti,0.0,measured,,
gpt2,128,K,int,128,bytes_total,8,4,,cuda,NVIDIA GeForce RTX 2080 Ti,Intel(R) Xeon(R) Silver 4114 CPU @ 2.20GHz x8 threads,12,124401408,NVIDIA GeForce RTX 2080 Ti,43454788.0,measured,,
gpt2,128,K,int,128,bytes_u,8,4,,cuda,NVIDIA GeForce RTX 2080 Ti,Intel(R) Xeon(R) Silver 4114 CPU @ 2.20GHz x8 threads,12,124401408,NVIDIA GeForce RTX 2080 Ti,0.0,measured,,
gpt2,128,K,int,128,fs_hash,8,4,,cuda,NVIDIA GeForce RTX 2080 Ti,Intel(R) Xeon(R) Silver 4114 CPU @ 2.20GHz x8 threads,12,124401408,NVIDIA GeForce RTX 2080 Ti,1.1082738637924194e-06,measured,,
gpt2,128,K,int,128,prove_fold,8,4,,cuda,NVIDIA GeForce RTX 2080 Ti,Intel(R) Xeon(R) Silver 4114 CPU @ 2.20GHz x8 threads,12,124401408,NVIDIA GeForce RTX 2080 Ti,0.0,measured,,
gpt2,128,K,int,128,prove_forward,8,4,,cuda,NVIDIA GeForce RTX 2080 Ti,Intel(R) Xeon(R) Silver 4114 CPU @ 2.20GHz x8 threads,12,124401408,NVIDIA GeForce RTX 2080 Ti,0.08516360819339752,measured,,
gpt2,128,K,int,128,verify_derive,8,4,,cuda,NVIDIA GeForce RTX 2080 Ti,Intel(R) Xeon(R) Silver 4114 CPU @ 2.20GHz x8 threads,12,124401408,NVIDIA GeForce RTX 2080 Ti,0.14607260189950466,measured,,
gpt2,128,K,int,128,verify_fold,8,4,,cuda,NVIDIA GeForce RTX 2080 Ti,Intel(R) Xeon(R) Silver 4114 CPU @ 2.20GHz x8 threads,12,124401408,NVIDIA GeForce RTX 2080 Ti,1.7094640508294106,measured,,
gpt2,128,K,int,128,verify_products,8,4,,cuda,NVIDIA GeForce RTX 2080 Ti,Intel(R) Xeon(R) Silver 4114 CPU @ 2.20GHz x8 threads,12,124401408,NVIDIA GeForce RTX 2080 Ti,0.2777572087943554,measured,,
gpt2,128,K,int,40,bytes_claims,8,4,,cuda,NVIDIA GeForce RTX 2080 Ti,Intel(R) Xeon(R) Silver 4114 CPU @ 2.20GHz x8 threads,12,124401408,NVIDIA GeForce RTX 2080 Ti,43454788.0,measured,,
gpt2,128,K,int,40,bytes_columns,8,4,,cuda,NVIDIA GeForce RTX 2080 Ti,Intel(R) Xeon(R) Silver 4114 CPU @ 2.20GHz x8 threads,12,124401408,NVIDIA GeForce RTX 2080 Ti,0.0,measured,,
gpt2,128,K,int,40,bytes_paths,8,4,,cuda,NVIDIA GeForce RTX 2080 Ti,Intel(R) Xeon(R) Silver 4114 CPU @ 2.20GHz x8 threads,12,124401408,NVIDIA GeForce RTX 2080 Ti,0.0,measured,,
gpt2,128,K,int,40,bytes_total,8,4,,cuda,NVIDIA GeForce RTX 2080 Ti,Intel(R) Xeon(R) Silver 4114 CPU @ 2.20GHz x8 threads,12,124401408,NVIDIA GeForce RTX 2080 Ti,43454788.0,measured,,
gpt2,128,K,int,40,bytes_u,8,4,,cuda,NVIDIA GeForce RTX 2080 Ti,Intel(R) Xeon(R) Silver 4114 CPU @ 2.20GHz x8 threads,12,124401408,NVIDIA GeForce RTX 2080 Ti,0.0,measured,,
gpt2,128,K,int,40,fs_hash,8,4,,cuda,NVIDIA GeForce RTX 2080 Ti,Intel(R) Xeon(R) Silver 4114 CPU @ 2.20GHz x8 threads,12,124401408,NVIDIA GeForce RTX 2080 Ti,1.4156103134155273e-06,measured,,
gpt2,128,K,int,40,prove_fold,8,4,,cuda,NVIDIA GeForce RTX 2080 Ti,Intel(R) Xeon(R) Silver 4114 CPU @ 2.20GHz x8 threads,12,124401408,NVIDIA GeForce RTX 2080 Ti,0.0,measured,,
gpt2,128,K,int,40,prove_forward,8,4,,cuda,NVIDIA GeForce RTX 2080 Ti,Intel(R) Xeon(R) Silver 4114 CPU @ 2.20GHz x8 threads,12,124401408,NVIDIA GeForce RTX 2080 Ti,0.07378298230469227,measured,,
gpt2,128,K,int,40,verify_derive,8,4,,cuda,NVIDIA GeForce RTX 2080 Ti,Intel(R) Xeon(R) Silver 4114 CPU @ 2.20GHz x8 threads,12,124401408,NVIDIA GeForce RTX 2080 Ti,0.15347371064126492,measured,,
gpt2,128,K,int,40,verify_fold,8,4,,cuda,NVIDIA GeForce RTX 2080 Ti,Intel(R) Xeon(R) Silver 4114 CPU @ 2.20GHz x8 threads,12,124401408,NVIDIA GeForce RTX 2080 Ti,1.7668316811323166,measured,,
gpt2,128,K,int,40,verify_products,8,4,,cuda,NVIDIA GeForce RTX 2080 Ti,Intel(R) Xeon(R) Silver 4114 CPU @ 2.20GHz x8 threads,12,124401408,NVIDIA GeForce RTX 2080 Ti,0.21448143385350704,measured,,
gpt2,128,K,int,80,bytes_claims,8,4,,cuda,NVIDIA GeForce RTX 2080 Ti,Intel(R) Xeon(R) Silver 4114 CPU @ 2.20GHz x8 threads,12,124401408,NVIDIA GeForce RTX 2080 Ti,43454788.0,measured,,
gpt2,128,K,int,80,bytes_columns,8,4,,cuda,NVIDIA GeForce RTX 2080 Ti,Intel(R) Xeon(R) Silver 4114 CPU @ 2.20GHz x8 threads,12,124401408,NVIDIA GeForce RTX 2080 Ti,0.0,measured,,
gpt2,128,K,int,80,bytes_paths,8,4,,cuda,NVIDIA GeForce RTX 2080 Ti,Intel(R) Xeon(R) Silver 4114 CPU @ 2.20GHz x8 threads,12,124401408,NVIDIA GeForce RTX 2080 Ti,0.0,measured,,
gpt2,128,K,int,80,bytes_total,8,4,,cuda,NVIDIA GeForce RTX 2080 Ti,Intel(R) Xeon(R) Silver 4114 CPU @ 2.20GHz x8 threads,12,124401408,NVIDIA GeForce RTX 2080 Ti,43454788.0,measured,,
gpt2,128,K,int,80,bytes_u,8,4,,cuda,NVIDIA GeForce RTX 2080 Ti,Intel(R) Xeon(R) Silver 4114 CPU @ 2.20GHz x8 threads,12,124401408,NVIDIA GeForce RTX 2080 Ti,0.0,measured,,
gpt2,128,K,int,80,fs_hash,8,4,,cuda,NVIDIA GeForce RTX 2080 Ti,Intel(R) Xeon(R) Silver 4114 CPU @ 2.20GHz x8 threads,12,124401408,NVIDIA GeForce RTX 2080 Ti,1.4659017324447632e-06,measured,,
gpt2,128,K,int,80,prove_fold,8,4,,cuda,NVIDIA GeForce RTX 2080 Ti,Intel(R) Xeon(R) Silver 4114 CPU @ 2.20GHz x8 threads,12,124401408,NVIDIA GeForce RTX 2080 Ti,0.0,measured,,
gpt2,128,K,int,80,prove_forward,8,4,,cuda,NVIDIA GeForce RTX 2080 Ti,Intel(R) Xeon(R) Silver 4114 CPU @ 2.20GHz x8 threads,12,124401408,NVIDIA GeForce RTX 2080 Ti,0.07187640480697155,measured,,
gpt2,128,K,int,80,verify_derive,8,4,,cuda,NVIDIA GeForce RTX 2080 Ti,Intel(R) Xeon(R) Silver 4114 CPU @ 2.20GHz x8 threads,12,124401408,NVIDIA GeForce RTX 2080 Ti,0.13825270719826221,measured,,
gpt2,128,K,int,80,verify_fold,8,4,,cuda,NVIDIA GeForce RTX 2080 Ti,Intel(R) Xeon(R) Silver 4114 CPU @ 2.20GHz x8 threads,12,124401408,NVIDIA GeForce RTX 2080 Ti,1.7318493276834488,measured,,
gpt2,128,K,int,80,verify_products,8,4,,cuda,NVIDIA GeForce RTX 2080 Ti,Intel(R) Xeon(R) Silver 4114 CPU @ 2.20GHz x8 threads,12,124401408,NVIDIA GeForce RTX 2080 Ti,0.24041863717138767,measured,,
gpt2,128,Kpre,int,128,bytes_claims,8,4,,cuda,NVIDIA GeForce RTX 2080 Ti,Intel(R) Xeon(R) Silver 4114 CPU @ 2.20GHz x8 threads,12,124401408,NVIDIA GeForce RTX 2080 Ti,43454788.0,measured,,
gpt2,128,Kpre,int,128,bytes_columns,8,4,,cuda,NVIDIA GeForce RTX 2080 Ti,Intel(R) Xeon(R) Silver 4114 CPU @ 2.20GHz x8 threads,12,124401408,NVIDIA GeForce RTX 2080 Ti,0.0,measured,,
gpt2,128,Kpre,int,128,bytes_paths,8,4,,cuda,NVIDIA GeForce RTX 2080 Ti,Intel(R) Xeon(R) Silver 4114 CPU @ 2.20GHz x8 threads,12,124401408,NVIDIA GeForce RTX 2080 Ti,0.0,measured,,
gpt2,128,Kpre,int,128,bytes_total,8,4,,cuda,NVIDIA GeForce RTX 2080 Ti,Intel(R) Xeon(R) Silver 4114 CPU @ 2.20GHz x8 threads,12,124401408,NVIDIA GeForce RTX 2080 Ti,43454788.0,measured,,
gpt2,128,Kpre,int,128,bytes_u,8,4,,cuda,NVIDIA GeForce RTX 2080 Ti,Intel(R) Xeon(R) Silver 4114 CPU @ 2.20GHz x8 threads,12,124401408,NVIDIA GeForce RTX 2080 Ti,0.0,measured,,
gpt2,128,Kpre,int,128,fs_hash,8,4,,cuda,NVIDIA GeForce RTX 2080 Ti,Intel(R) Xeon(R) Silver 4114 CPU @ 2.20GHz x8 threads,12,124401408,NVIDIA GeForce RTX 2080 Ti,1.171603798866272e-06,measured,,
gpt2,128,Kpre,int,128,prove_fold,8,4,,cuda,NVIDIA GeForce RTX 2080 Ti,Intel(R) Xeon(R) Silver 4114 CPU @ 2.20GHz x8 threads,12,124401408,NVIDIA GeForce RTX 2080 Ti,0.0,measured,,
gpt2,128,Kpre,int,128,prove_forward,8,4,,cuda,NVIDIA GeForce RTX 2080 Ti,Intel(R) Xeon(R) Silver 4114 CPU @ 2.20GHz x8 threads,12,124401408,NVIDIA GeForce RTX 2080 Ti,0.0857060607522726,measured,,
gpt2,128,Kpre,int,128,verifier_precompute,8,4,,cuda,NVIDIA GeForce RTX 2080 Ti,Intel(R) Xeon(R) Silver 4114 CPU @ 2.20GHz x8 threads,12,124401408,NVIDIA GeForce RTX 2080 Ti,1.8227350674569607,measured,,
gpt2,128,Kpre,int,128,verify_derive,8,4,,cuda,NVIDIA GeForce RTX 2080 Ti,Intel(R) Xeon(R) Silver 4114 CPU @ 2.20GHz x8 threads,12,124401408,NVIDIA GeForce RTX 2080 Ti,0.14318043738603592,measured,,
gpt2,128,Kpre,int,128,verify_fold,8,4,,cuda,NVIDIA GeForce RTX 2080 Ti,Intel(R) Xeon(R) Silver 4114 CPU @ 2.20GHz x8 threads,12,124401408,NVIDIA GeForce RTX 2080 Ti,0.0,measured,,
gpt2,128,Kpre,int,128,verify_products,8,4,,cuda,NVIDIA GeForce RTX 2080 Ti,Intel(R) Xeon(R) Silver 4114 CPU @ 2.20GHz x8 threads,12,124401408,NVIDIA GeForce RTX 2080 Ti,0.267748199403286,measured,,
gpt2,128,Kpre,int,40,bytes_claims,8,4,,cuda,NVIDIA GeForce RTX 2080 Ti,Intel(R) Xeon(R) Silver 4114 CPU @ 2.20GHz x8 threads,12,124401408,NVIDIA GeForce RTX 2080 Ti,43454788.0,measured,,
gpt2,128,Kpre,int,40,bytes_columns,8,4,,cuda,NVIDIA GeForce RTX 2080 Ti,Intel(R) Xeon(R) Silver 4114 CPU @ 2.20GHz x8 threads,12,124401408,NVIDIA GeForce RTX 2080 Ti,0.0,measured,,
gpt2,128,Kpre,int,40,bytes_paths,8,4,,cuda,NVIDIA GeForce RTX 2080 Ti,Intel(R) Xeon(R) Silver 4114 CPU @ 2.20GHz x8 threads,12,124401408,NVIDIA GeForce RTX 2080 Ti,0.0,measured,,
gpt2,128,Kpre,int,40,bytes_total,8,4,,cuda,NVIDIA GeForce RTX 2080 Ti,Intel(R) Xeon(R) Silver 4114 CPU @ 2.20GHz x8 threads,12,124401408,NVIDIA GeForce RTX 2080 Ti,43454788.0,measured,,
gpt2,128,Kpre,int,40,bytes_u,8,4,,cuda,NVIDIA GeForce RTX 2080 Ti,Intel(R) Xeon(R) Silver 4114 CPU @ 2.20GHz x8 threads,12,124401408,NVIDIA GeForce RTX 2080 Ti,0.0,measured,,
gpt2,128,Kpre,int,40,fs_hash,8,4,,cuda,NVIDIA GeForce RTX 2080 Ti,Intel(R) Xeon(R) Silver 4114 CPU @ 2.20GHz x8 threads,12,124401408,NVIDIA GeForce RTX 2080 Ti,1.4454126358032227e-06,measured,,
gpt2,128,Kpre,int,40,prove_fold,8,4,,cuda,NVIDIA GeForce RTX 2080 Ti,Intel(R) Xeon(R) Silver 4114 CPU @ 2.20GHz x8 threads,12,124401408,NVIDIA GeForce RTX 2080 Ti,0.0,measured,,
gpt2,128,Kpre,int,40,prove_forward,8,4,,cuda,NVIDIA GeForce RTX 2080 Ti,Intel(R) Xeon(R) Silver 4114 CPU @ 2.20GHz x8 threads,12,124401408,NVIDIA GeForce RTX 2080 Ti,0.0725331250578165,measured,,
gpt2,128,Kpre,int,40,verifier_precompute,8,4,,cuda,NVIDIA GeForce RTX 2080 Ti,Intel(R) Xeon(R) Silver 4114 CPU @ 2.20GHz x8 threads,12,124401408,NVIDIA GeForce RTX 2080 Ti,1.7193167991936207,measured,,
gpt2,128,Kpre,int,40,verify_derive,8,4,,cuda,NVIDIA GeForce RTX 2080 Ti,Intel(R) Xeon(R) Silver 4114 CPU @ 2.20GHz x8 threads,12,124401408,NVIDIA GeForce RTX 2080 Ti,0.14960491470992565,measured,,
gpt2,128,Kpre,int,40,verify_fold,8,4,,cuda,NVIDIA GeForce RTX 2080 Ti,Intel(R) Xeon(R) Silver 4114 CPU @ 2.20GHz x8 threads,12,124401408,NVIDIA GeForce RTX 2080 Ti,0.0,measured,,
gpt2,128,Kpre,int,40,verify_products,8,4,,cuda,NVIDIA GeForce RTX 2080 Ti,Intel(R) Xeon(R) Silver 4114 CPU @ 2.20GHz x8 threads,12,124401408,NVIDIA GeForce RTX 2080 Ti,0.2029866687953472,measured,,
gpt2,128,Kpre,int,80,bytes_claims,8,4,,cuda,NVIDIA GeForce RTX 2080 Ti,Intel(R) Xeon(R) Silver 4114 CPU @ 2.20GHz x8 threads,12,124401408,NVIDIA GeForce RTX 2080 Ti,43454788.0,measured,,
gpt2,128,Kpre,int,80,bytes_columns,8,4,,cuda,NVIDIA GeForce RTX 2080 Ti,Intel(R) Xeon(R) Silver 4114 CPU @ 2.20GHz x8 threads,12,124401408,NVIDIA GeForce RTX 2080 Ti,0.0,measured,,
gpt2,128,Kpre,int,80,bytes_paths,8,4,,cuda,NVIDIA GeForce RTX 2080 Ti,Intel(R) Xeon(R) Silver 4114 CPU @ 2.20GHz x8 threads,12,124401408,NVIDIA GeForce RTX 2080 Ti,0.0,measured,,
gpt2,128,Kpre,int,80,bytes_total,8,4,,cuda,NVIDIA GeForce RTX 2080 Ti,Intel(R) Xeon(R) Silver 4114 CPU @ 2.20GHz x8 threads,12,124401408,NVIDIA GeForce RTX 2080 Ti,43454788.0,measured,,
gpt2,128,Kpre,int,80,bytes_u,8,4,,cuda,NVIDIA GeForce RTX 2080 Ti,Intel(R) Xeon(R) Silver 4114 CPU @ 2.20GHz x8 threads,12,124401408,NVIDIA GeForce RTX 2080 Ti,0.0,measured,,
gpt2,128,Kpre,int,80,fs_hash,8,4,,cuda,NVIDIA GeForce RTX 2080 Ti,Intel(R) Xeon(R) Silver 4114 CPU @ 2.20GHz x8 threads,12,124401408,NVIDIA GeForce RTX 2080 Ti,1.6260892152786255e-06,measured,,
gpt2,128,Kpre,int,80,prove_fold,8,4,,cuda,NVIDIA GeForce RTX 2080 Ti,Intel(R) Xeon(R) Silver 4114 CPU @ 2.20GHz x8 threads,12,124401408,NVIDIA GeForce RTX 2080 Ti,0.0,measured,,
gpt2,128,Kpre,int,80,prove_forward,8,4,,cuda,NVIDIA GeForce RTX 2080 Ti,Intel(R) Xeon(R) Silver 4114 CPU @ 2.20GHz x8 threads,12,124401408,NVIDIA GeForce RTX 2080 Ti,0.072114959359169,measured,,
gpt2,128,Kpre,int,80,verifier_precompute,8,4,,cuda,NVIDIA GeForce RTX 2080 Ti,Intel(R) Xeon(R) Silver 4114 CPU @ 2.20GHz x8 threads,12,124401408,NVIDIA GeForce RTX 2080 Ti,1.7522520944476128,measured,,
gpt2,128,Kpre,int,80,verify_derive,8,4,,cuda,NVIDIA GeForce RTX 2080 Ti,Intel(R) Xeon(R) Silver 4114 CPU @ 2.20GHz x8 threads,12,124401408,NVIDIA GeForce RTX 2080 Ti,0.13900617137551308,measured,,
gpt2,128,Kpre,int,80,verify_fold,8,4,,cuda,NVIDIA GeForce RTX 2080 Ti,Intel(R) Xeon(R) Silver 4114 CPU @ 2.20GHz x8 threads,12,124401408,NVIDIA GeForce RTX 2080 Ti,0.0,measured,,
gpt2,128,Kpre,int,80,verify_products,8,4,,cuda,NVIDIA GeForce RTX 2080 Ti,Intel(R) Xeon(R) Silver 4114 CPU @ 2.20GHz x8 threads,12,124401408,NVIDIA GeForce RTX 2080 Ti,0.23383525758981705,measured,,
gpt2,256,C,fs,128,bytes_claims,8,4,,cuda,NVIDIA GeForce RTX 2080 Ti,Intel(R) Xeon(R) Silver 4114 CPU @ 2.20GHz x8 threads,12,124401408,NVIDIA GeForce RTX 2080 Ti,86708548.0,measured,,
gpt2,256,C,fs,128,bytes_columns,8,4,,cuda,NVIDIA GeForce RTX 2080 Ti,Intel(R) Xeon(R) Silver 4114 CPU @ 2.20GHz x8 threads,12,124401408,NVIDIA GeForce RTX 2080 Ti,53894800.0,measured,,
gpt2,256,C,fs,128,bytes_paths,8,4,,cuda,NVIDIA GeForce RTX 2080 Ti,Intel(R) Xeon(R) Silver 4114 CPU @ 2.20GHz x8 threads,12,124401408,NVIDIA GeForce RTX 2080 Ti,2976000.0,measured,,
gpt2,256,C,fs,128,bytes_paths_multiproof,8,4,,cuda,NVIDIA GeForce RTX 2080 Ti,Intel(R) Xeon(R) Silver 4114 CPU @ 2.20GHz x8 threads,12,124401408,NVIDIA GeForce RTX 2080 Ti,1185228.59,measured,,
gpt2,256,C,fs,128,bytes_total,8,4,,cuda,NVIDIA GeForce RTX 2080 Ti,Intel(R) Xeon(R) Silver 4114 CPU @ 2.20GHz x8 threads,12,124401408,NVIDIA GeForce RTX 2080 Ti,147361168.0,measured,,
gpt2,256,C,fs,128,bytes_total_multiproof,8,4,,cuda,NVIDIA GeForce RTX 2080 Ti,Intel(R) Xeon(R) Silver 4114 CPU @ 2.20GHz x8 threads,12,124401408,NVIDIA GeForce RTX 2080 Ti,145570396.59,measured,,
gpt2,256,C,fs,128,bytes_u,8,4,,cuda,NVIDIA GeForce RTX 2080 Ti,Intel(R) Xeon(R) Silver 4114 CPU @ 2.20GHz x8 threads,12,124401408,NVIDIA GeForce RTX 2080 Ti,3781820.0,measured,,
gpt2,256,C,fs,128,fs_hash,8,4,,cuda,NVIDIA GeForce RTX 2080 Ti,Intel(R) Xeon(R) Silver 4114 CPU @ 2.20GHz x8 threads,12,124401408,NVIDIA GeForce RTX 2080 Ti,0.5748036727309227,measured,,
gpt2,256,C,fs,128,prove_fold,8,4,,cuda,NVIDIA GeForce RTX 2080 Ti,Intel(R) Xeon(R) Silver 4114 CPU @ 2.20GHz x8 threads,12,124401408,NVIDIA GeForce RTX 2080 Ti,0.19279967434704304,measured,,
gpt2,256,C,fs,128,prove_forward,8,4,,cuda,NVIDIA GeForce RTX 2080 Ti,Intel(R) Xeon(R) Silver 4114 CPU @ 2.20GHz x8 threads,12,124401408,NVIDIA GeForce RTX 2080 Ti,0.1587610375136137,measured,,
gpt2,256,C,fs,128,prove_open,8,4,,cuda,NVIDIA GeForce RTX 2080 Ti,Intel(R) Xeon(R) Silver 4114 CPU @ 2.20GHz x8 threads,12,124401408,NVIDIA GeForce RTX 2080 Ti,0.2548009566962719,measured,,
gpt2,256,C,fs,128,verify_columns,8,4,,cuda,NVIDIA GeForce RTX 2080 Ti,Intel(R) Xeon(R) Silver 4114 CPU @ 2.20GHz x8 threads,12,124401408,NVIDIA GeForce RTX 2080 Ti,0.9317582566291094,measured,,
gpt2,256,C,fs,128,verify_derive,8,4,,cuda,NVIDIA GeForce RTX 2080 Ti,Intel(R) Xeon(R) Silver 4114 CPU @ 2.20GHz x8 threads,12,124401408,NVIDIA GeForce RTX 2080 Ti,0.2988802567124367,measured,,
gpt2,256,C,fs,128,verify_fold,8,4,,cuda,NVIDIA GeForce RTX 2080 Ti,Intel(R) Xeon(R) Silver 4114 CPU @ 2.20GHz x8 threads,12,124401408,NVIDIA GeForce RTX 2080 Ti,0.0,measured,,
gpt2,256,C,fs,128,verify_products,8,4,,cuda,NVIDIA GeForce RTX 2080 Ti,Intel(R) Xeon(R) Silver 4114 CPU @ 2.20GHz x8 threads,12,124401408,NVIDIA GeForce RTX 2080 Ti,0.31721497513353825,measured,,
gpt2,256,C,fs,40,bytes_claims,8,4,,cuda,NVIDIA GeForce RTX 2080 Ti,Intel(R) Xeon(R) Silver 4114 CPU @ 2.20GHz x8 threads,12,124401408,NVIDIA GeForce RTX 2080 Ti,86708548.0,measured,,
gpt2,256,C,fs,40,bytes_columns,8,4,,cuda,NVIDIA GeForce RTX 2080 Ti,Intel(R) Xeon(R) Silver 4114 CPU @ 2.20GHz x8 threads,12,124401408,NVIDIA GeForce RTX 2080 Ti,30181088.0,measured,,
gpt2,256,C,fs,40,bytes_paths,8,4,,cuda,NVIDIA GeForce RTX 2080 Ti,Intel(R) Xeon(R) Silver 4114 CPU @ 2.20GHz x8 threads,12,124401408,NVIDIA GeForce RTX 2080 Ti,1666560.0,measured,,
gpt2,256,C,fs,40,bytes_paths_multiproof,8,4,,cuda,NVIDIA GeForce RTX 2080 Ti,Intel(R) Xeon(R) Silver 4114 CPU @ 2.20GHz x8 threads,12,124401408,NVIDIA GeForce RTX 2080 Ti,773660.492,measured,,
gpt2,256,C,fs,40,bytes_total,8,4,,cuda,NVIDIA GeForce RTX 2080 Ti,Intel(R) Xeon(R) Silver 4114 CPU @ 2.20GHz x8 threads,12,124401408,NVIDIA GeForce RTX 2080 Ti,120717236.0,measured,,
gpt2,256,C,fs,40,bytes_total_multiproof,8,4,,cuda,NVIDIA GeForce RTX 2080 Ti,Intel(R) Xeon(R) Silver 4114 CPU @ 2.20GHz x8 threads,12,124401408,NVIDIA GeForce RTX 2080 Ti,119824336.492,measured,,
gpt2,256,C,fs,40,bytes_u,8,4,,cuda,NVIDIA GeForce RTX 2080 Ti,Intel(R) Xeon(R) Silver 4114 CPU @ 2.20GHz x8 threads,12,124401408,NVIDIA GeForce RTX 2080 Ti,2161040.0,measured,,
gpt2,256,C,fs,40,fs_hash,8,4,,cuda,NVIDIA GeForce RTX 2080 Ti,Intel(R) Xeon(R) Silver 4114 CPU @ 2.20GHz x8 threads,12,124401408,NVIDIA GeForce RTX 2080 Ti,0.57143834233284,measured,,
gpt2,256,C,fs,40,prove_fold,8,4,,cuda,NVIDIA GeForce RTX 2080 Ti,Intel(R) Xeon(R) Silver 4114 CPU @ 2.20GHz x8 threads,12,124401408,NVIDIA GeForce RTX 2080 Ti,0.17636683955788612,measured,,
gpt2,256,C,fs,40,prove_forward,8,4,,cuda,NVIDIA GeForce RTX 2080 Ti,Intel(R) Xeon(R) Silver 4114 CPU @ 2.20GHz x8 threads,12,124401408,NVIDIA GeForce RTX 2080 Ti,0.13013940677046776,measured,,
gpt2,256,C,fs,40,prove_open,8,4,,cuda,NVIDIA GeForce RTX 2080 Ti,Intel(R) Xeon(R) Silver 4114 CPU @ 2.20GHz x8 threads,12,124401408,NVIDIA GeForce RTX 2080 Ti,0.13487007468938828,measured,,
gpt2,256,C,fs,40,verify_columns,8,4,,cuda,NVIDIA GeForce RTX 2080 Ti,Intel(R) Xeon(R) Silver 4114 CPU @ 2.20GHz x8 threads,12,124401408,NVIDIA GeForce RTX 2080 Ti,0.6281498074531555,measured,,
gpt2,256,C,fs,40,verify_derive,8,4,,cuda,NVIDIA GeForce RTX 2080 Ti,Intel(R) Xeon(R) Silver 4114 CPU @ 2.20GHz x8 threads,12,124401408,NVIDIA GeForce RTX 2080 Ti,0.28689056634902954,measured,,
gpt2,256,C,fs,40,verify_fold,8,4,,cuda,NVIDIA GeForce RTX 2080 Ti,Intel(R) Xeon(R) Silver 4114 CPU @ 2.20GHz x8 threads,12,124401408,NVIDIA GeForce RTX 2080 Ti,0.0,measured,,
gpt2,256,C,fs,40,verify_products,8,4,,cuda,NVIDIA GeForce RTX 2080 Ti,Intel(R) Xeon(R) Silver 4114 CPU @ 2.20GHz x8 threads,12,124401408,NVIDIA GeForce RTX 2080 Ti,0.2901878319680691,measured,,
gpt2,256,C,fs,80,bytes_claims,8,4,,cuda,NVIDIA GeForce RTX 2080 Ti,Intel(R) Xeon(R) Silver 4114 CPU @ 2.20GHz x8 threads,12,124401408,NVIDIA GeForce RTX 2080 Ti,86708548.0,measured,,
gpt2,256,C,fs,80,bytes_columns,8,4,,cuda,NVIDIA GeForce RTX 2080 Ti,Intel(R) Xeon(R) Silver 4114 CPU @ 2.20GHz x8 threads,12,124401408,NVIDIA GeForce RTX 2080 Ti,40960048.0,measured,,
gpt2,256,C,fs,80,bytes_paths,8,4,,cuda,NVIDIA GeForce RTX 2080 Ti,Intel(R) Xeon(R) Silver 4114 CPU @ 2.20GHz x8 threads,12,124401408,NVIDIA GeForce RTX 2080 Ti,2261760.0,measured,,
gpt2,256,C,fs,80,bytes_paths_multiproof,8,4,,cuda,NVIDIA GeForce RTX 2080 Ti,Intel(R) Xeon(R) Silver 4114 CPU @ 2.20GHz x8 threads,12,124401408,NVIDIA GeForce RTX 2080 Ti,971078.506,measured,,
gpt2,256,C,fs,80,bytes_total,8,4,,cuda,NVIDIA GeForce RTX 2080 Ti,Intel(R) Xeon(R) Silver 4114 CPU @ 2.20GHz x8 threads,12,124401408,NVIDIA GeForce RTX 2080 Ti,132631656.0,measured,,
gpt2,256,C,fs,80,bytes_total_multiproof,8,4,,cuda,NVIDIA GeForce RTX 2080 Ti,Intel(R) Xeon(R) Silver 4114 CPU @ 2.20GHz x8 threads,12,124401408,NVIDIA GeForce RTX 2080 Ti,131340974.506,measured,,
gpt2,256,C,fs,80,bytes_u,8,4,,cuda,NVIDIA GeForce RTX 2080 Ti,Intel(R) Xeon(R) Silver 4114 CPU @ 2.20GHz x8 threads,12,124401408,NVIDIA GeForce RTX 2080 Ti,2701300.0,measured,,
gpt2,256,C,fs,80,fs_hash,8,4,,cuda,NVIDIA GeForce RTX 2080 Ti,Intel(R) Xeon(R) Silver 4114 CPU @ 2.20GHz x8 threads,12,124401408,NVIDIA GeForce RTX 2080 Ti,0.5779761467128992,measured,,
gpt2,256,C,fs,80,prove_fold,8,4,,cuda,NVIDIA GeForce RTX 2080 Ti,Intel(R) Xeon(R) Silver 4114 CPU @ 2.20GHz x8 threads,12,124401408,NVIDIA GeForce RTX 2080 Ti,0.17838427983224392,measured,,
gpt2,256,C,fs,80,prove_forward,8,4,,cuda,NVIDIA GeForce RTX 2080 Ti,Intel(R) Xeon(R) Silver 4114 CPU @ 2.20GHz x8 threads,12,124401408,NVIDIA GeForce RTX 2080 Ti,0.1302382629364729,measured,,
gpt2,256,C,fs,80,prove_open,8,4,,cuda,NVIDIA GeForce RTX 2080 Ti,Intel(R) Xeon(R) Silver 4114 CPU @ 2.20GHz x8 threads,12,124401408,NVIDIA GeForce RTX 2080 Ti,0.23056034371256828,measured,,
gpt2,256,C,fs,80,verify_columns,8,4,,cuda,NVIDIA GeForce RTX 2080 Ti,Intel(R) Xeon(R) Silver 4114 CPU @ 2.20GHz x8 threads,12,124401408,NVIDIA GeForce RTX 2080 Ti,0.773042306303978,measured,,
gpt2,256,C,fs,80,verify_derive,8,4,,cuda,NVIDIA GeForce RTX 2080 Ti,Intel(R) Xeon(R) Silver 4114 CPU @ 2.20GHz x8 threads,12,124401408,NVIDIA GeForce RTX 2080 Ti,0.28642409667372704,measured,,
gpt2,256,C,fs,80,verify_fold,8,4,,cuda,NVIDIA GeForce RTX 2080 Ti,Intel(R) Xeon(R) Silver 4114 CPU @ 2.20GHz x8 threads,12,124401408,NVIDIA GeForce RTX 2080 Ti,0.0,measured,,
gpt2,256,C,fs,80,verify_products,8,4,,cuda,NVIDIA GeForce RTX 2080 Ti,Intel(R) Xeon(R) Silver 4114 CPU @ 2.20GHz x8 threads,12,124401408,NVIDIA GeForce RTX 2080 Ti,0.30028562992811203,measured,,
gpt2,256,C,int,128,bytes_claims,8,4,,cuda,NVIDIA GeForce RTX 2080 Ti,Intel(R) Xeon(R) Silver 4114 CPU @ 2.20GHz x8 threads,12,124401408,NVIDIA GeForce RTX 2080 Ti,86708548.0,measured,,
gpt2,256,C,int,128,bytes_columns,8,4,,cuda,NVIDIA GeForce RTX 2080 Ti,Intel(R) Xeon(R) Silver 4114 CPU @ 2.20GHz x8 threads,12,124401408,NVIDIA GeForce RTX 2080 Ti,36648464.0,measured,,
gpt2,256,C,int,128,bytes_paths,8,4,,cuda,NVIDIA GeForce RTX 2080 Ti,Intel(R) Xeon(R) Silver 4114 CPU @ 2.20GHz x8 threads,12,124401408,NVIDIA GeForce RTX 2080 Ti,2023680.0,measured,,
gpt2,256,C,int,128,bytes_paths_multiproof,8,4,,cuda,NVIDIA GeForce RTX 2080 Ti,Intel(R) Xeon(R) Silver 4114 CPU @ 2.20GHz x8 threads,12,124401408,NVIDIA GeForce RTX 2080 Ti,894498.815,measured,,
gpt2,256,C,int,128,bytes_total,8,4,,cuda,NVIDIA GeForce RTX 2080 Ti,Intel(R) Xeon(R) Silver 4114 CPU @ 2.20GHz x8 threads,12,124401408,NVIDIA GeForce RTX 2080 Ti,128081992.0,measured,,
gpt2,256,C,int,128,bytes_total_multiproof,8,4,,cuda,NVIDIA GeForce RTX 2080 Ti,Intel(R) Xeon(R) Silver 4114 CPU @ 2.20GHz x8 threads,12,124401408,NVIDIA GeForce RTX 2080 Ti,126952810.815,measured,,
gpt2,256,C,int,128,bytes_u,8,4,,cuda,NVIDIA GeForce RTX 2080 Ti,Intel(R) Xeon(R) Silver 4114 CPU @ 2.20GHz x8 threads,12,124401408,NVIDIA GeForce RTX 2080 Ti,2701300.0,measured,,
gpt2,256,C,int,128,fs_hash,8,4,,cuda,NVIDIA GeForce RTX 2080 Ti,Intel(R) Xeon(R) Silver 4114 CPU @ 2.20GHz x8 threads,12,124401408,NVIDIA GeForce RTX 2080 Ti,1.3485550880432129e-06,measured,,
gpt2,256,C,int,128,prove_fold,8,4,,cuda,NVIDIA GeForce RTX 2080 Ti,Intel(R) Xeon(R) Silver 4114 CPU @ 2.20GHz x8 threads,12,124401408,NVIDIA GeForce RTX 2080 Ti,0.15908034890890121,measured,,
gpt2,256,C,int,128,prove_forward,8,4,,cuda,NVIDIA GeForce RTX 2080 Ti,Intel(R) Xeon(R) Silver 4114 CPU @ 2.20GHz x8 threads,12,124401408,NVIDIA GeForce RTX 2080 Ti,0.12702519074082375,measured,,
gpt2,256,C,int,128,prove_open,8,4,,cuda,NVIDIA GeForce RTX 2080 Ti,Intel(R) Xeon(R) Silver 4114 CPU @ 2.20GHz x8 threads,12,124401408,NVIDIA GeForce RTX 2080 Ti,0.20342991687357426,measured,,
gpt2,256,C,int,128,verify_columns,8,4,,cuda,NVIDIA GeForce RTX 2080 Ti,Intel(R) Xeon(R) Silver 4114 CPU @ 2.20GHz x8 threads,12,124401408,NVIDIA GeForce RTX 2080 Ti,0.6881394647061825,measured,,
gpt2,256,C,int,128,verify_derive,8,4,,cuda,NVIDIA GeForce RTX 2080 Ti,Intel(R) Xeon(R) Silver 4114 CPU @ 2.20GHz x8 threads,12,124401408,NVIDIA GeForce RTX 2080 Ti,0.2847390603274107,measured,,
gpt2,256,C,int,128,verify_fold,8,4,,cuda,NVIDIA GeForce RTX 2080 Ti,Intel(R) Xeon(R) Silver 4114 CPU @ 2.20GHz x8 threads,12,124401408,NVIDIA GeForce RTX 2080 Ti,0.0,measured,,
gpt2,256,C,int,128,verify_products,8,4,,cuda,NVIDIA GeForce RTX 2080 Ti,Intel(R) Xeon(R) Silver 4114 CPU @ 2.20GHz x8 threads,12,124401408,NVIDIA GeForce RTX 2080 Ti,0.3017794694751501,measured,,
gpt2,256,C,int,40,bytes_claims,8,4,,cuda,NVIDIA GeForce RTX 2080 Ti,Intel(R) Xeon(R) Silver 4114 CPU @ 2.20GHz x8 threads,12,124401408,NVIDIA GeForce RTX 2080 Ti,86708548.0,measured,,
gpt2,256,C,int,40,bytes_columns,8,4,,cuda,NVIDIA GeForce RTX 2080 Ti,Intel(R) Xeon(R) Silver 4114 CPU @ 2.20GHz x8 threads,12,124401408,NVIDIA GeForce RTX 2080 Ti,12934752.0,measured,,
gpt2,256,C,int,40,bytes_paths,8,4,,cuda,NVIDIA GeForce RTX 2080 Ti,Intel(R) Xeon(R) Silver 4114 CPU @ 2.20GHz x8 threads,12,124401408,NVIDIA GeForce RTX 2080 Ti,714240.0,measured,,
gpt2,256,C,int,40,bytes_paths_multiproof,8,4,,cuda,NVIDIA GeForce RTX 2080 Ti,Intel(R) Xeon(R) Silver 4114 CPU @ 2.20GHz x8 threads,12,124401408,NVIDIA GeForce RTX 2080 Ti,401777.029,measured,,
gpt2,256,C,int,40,bytes_total,8,4,,cuda,NVIDIA GeForce RTX 2080 Ti,Intel(R) Xeon(R) Silver 4114 CPU @ 2.20GHz x8 threads,12,124401408,NVIDIA GeForce RTX 2080 Ti,101438060.0,measured,,
gpt2,256,C,int,40,bytes_total_multiproof,8,4,,cuda,NVIDIA GeForce RTX 2080 Ti,Intel(R) Xeon(R) Silver 4114 CPU @ 2.20GHz x8 threads,12,124401408,NVIDIA GeForce RTX 2080 Ti,101125597.029,measured,,
gpt2,256,C,int,40,bytes_u,8,4,,cuda,NVIDIA GeForce RTX 2080 Ti,Intel(R) Xeon(R) Silver 4114 CPU @ 2.20GHz x8 threads,12,124401408,NVIDIA GeForce RTX 2080 Ti,1080520.0,measured,,
gpt2,256,C,int,40,fs_hash,8,4,,cuda,NVIDIA GeForce RTX 2080 Ti,Intel(R) Xeon(R) Silver 4114 CPU @ 2.20GHz x8 threads,12,124401408,NVIDIA GeForce RTX 2080 Ti,1.737847924232483e-06,measured,,
gpt2,256,C,int,40,prove_fold,8,4,,cuda,NVIDIA GeForce RTX 2080 Ti,Intel(R) Xeon(R) Silver 4114 CPU @ 2.20GHz x8 threads,12,124401408,NVIDIA GeForce RTX 2080 Ti,0.17435140162706375,measured,,
gpt2,256,C,int,40,prove_forward,8,4,,cuda,NVIDIA GeForce RTX 2080 Ti,Intel(R) Xeon(R) Silver 4114 CPU @ 2.20GHz x8 threads,12,124401408,NVIDIA GeForce RTX 2080 Ti,0.1272369995713234,measured,,
gpt2,256,C,int,40,prove_open,8,4,,cuda,NVIDIA GeForce RTX 2080 Ti,Intel(R) Xeon(R) Silver 4114 CPU @ 2.20GHz x8 threads,12,124401408,NVIDIA GeForce RTX 2080 Ti,0.10882169008255005,measured,,
gpt2,256,C,int,40,verify_columns,8,4,,cuda,NVIDIA GeForce RTX 2080 Ti,Intel(R) Xeon(R) Silver 4114 CPU @ 2.20GHz x8 threads,12,124401408,NVIDIA GeForce RTX 2080 Ti,0.36711532436311245,measured,,
gpt2,256,C,int,40,verify_derive,8,4,,cuda,NVIDIA GeForce RTX 2080 Ti,Intel(R) Xeon(R) Silver 4114 CPU @ 2.20GHz x8 threads,12,124401408,NVIDIA GeForce RTX 2080 Ti,0.2922048605978489,measured,,
gpt2,256,C,int,40,verify_fold,8,4,,cuda,NVIDIA GeForce RTX 2080 Ti,Intel(R) Xeon(R) Silver 4114 CPU @ 2.20GHz x8 threads,12,124401408,NVIDIA GeForce RTX 2080 Ti,0.0,measured,,
gpt2,256,C,int,40,verify_products,8,4,,cuda,NVIDIA GeForce RTX 2080 Ti,Intel(R) Xeon(R) Silver 4114 CPU @ 2.20GHz x8 threads,12,124401408,NVIDIA GeForce RTX 2080 Ti,0.27136112563312054,measured,,
gpt2,256,C,int,80,bytes_claims,8,4,,cuda,NVIDIA GeForce RTX 2080 Ti,Intel(R) Xeon(R) Silver 4114 CPU @ 2.20GHz x8 threads,12,124401408,NVIDIA GeForce RTX 2080 Ti,86708548.0,measured,,
gpt2,256,C,int,80,bytes_columns,8,4,,cuda,NVIDIA GeForce RTX 2080 Ti,Intel(R) Xeon(R) Silver 4114 CPU @ 2.20GHz x8 threads,12,124401408,NVIDIA GeForce RTX 2080 Ti,23713712.0,measured,,
gpt2,256,C,int,80,bytes_paths,8,4,,cuda,NVIDIA GeForce RTX 2080 Ti,Intel(R) Xeon(R) Silver 4114 CPU @ 2.20GHz x8 threads,12,124401408,NVIDIA GeForce RTX 2080 Ti,1309440.0,measured,,
gpt2,256,C,int,80,bytes_paths_multiproof,8,4,,cuda,NVIDIA GeForce RTX 2080 Ti,Intel(R) Xeon(R) Silver 4114 CPU @ 2.20GHz x8 threads,12,124401408,NVIDIA GeForce RTX 2080 Ti,644212.017,measured,,
gpt2,256,C,int,80,bytes_total,8,4,,cuda,NVIDIA GeForce RTX 2080 Ti,Intel(R) Xeon(R) Silver 4114 CPU @ 2.20GHz x8 threads,12,124401408,NVIDIA GeForce RTX 2080 Ti,113352480.0,measured,,
gpt2,256,C,int,80,bytes_total_multiproof,8,4,,cuda,NVIDIA GeForce RTX 2080 Ti,Intel(R) Xeon(R) Silver 4114 CPU @ 2.20GHz x8 threads,12,124401408,NVIDIA GeForce RTX 2080 Ti,112687252.017,measured,,
gpt2,256,C,int,80,bytes_u,8,4,,cuda,NVIDIA GeForce RTX 2080 Ti,Intel(R) Xeon(R) Silver 4114 CPU @ 2.20GHz x8 threads,12,124401408,NVIDIA GeForce RTX 2080 Ti,1620780.0,measured,,
gpt2,256,C,int,80,fs_hash,8,4,,cuda,NVIDIA GeForce RTX 2080 Ti,Intel(R) Xeon(R) Silver 4114 CPU @ 2.20GHz x8 threads,12,124401408,NVIDIA GeForce RTX 2080 Ti,1.3969838619232178e-06,measured,,
gpt2,256,C,int,80,prove_fold,8,4,,cuda,NVIDIA GeForce RTX 2080 Ti,Intel(R) Xeon(R) Silver 4114 CPU @ 2.20GHz x8 threads,12,124401408,NVIDIA GeForce RTX 2080 Ti,0.1750832311809063,measured,,
gpt2,256,C,int,80,prove_forward,8,4,,cuda,NVIDIA GeForce RTX 2080 Ti,Intel(R) Xeon(R) Silver 4114 CPU @ 2.20GHz x8 threads,12,124401408,NVIDIA GeForce RTX 2080 Ti,0.12912588194012642,measured,,
gpt2,256,C,int,80,prove_open,8,4,,cuda,NVIDIA GeForce RTX 2080 Ti,Intel(R) Xeon(R) Silver 4114 CPU @ 2.20GHz x8 threads,12,124401408,NVIDIA GeForce RTX 2080 Ti,0.12424277514219284,measured,,
gpt2,256,C,int,80,verify_columns,8,4,,cuda,NVIDIA GeForce RTX 2080 Ti,Intel(R) Xeon(R) Silver 4114 CPU @ 2.20GHz x8 threads,12,124401408,NVIDIA GeForce RTX 2080 Ti,0.5162766203284264,measured,,
gpt2,256,C,int,80,verify_derive,8,4,,cuda,NVIDIA GeForce RTX 2080 Ti,Intel(R) Xeon(R) Silver 4114 CPU @ 2.20GHz x8 threads,12,124401408,NVIDIA GeForce RTX 2080 Ti,0.2937627453356981,measured,,
gpt2,256,C,int,80,verify_fold,8,4,,cuda,NVIDIA GeForce RTX 2080 Ti,Intel(R) Xeon(R) Silver 4114 CPU @ 2.20GHz x8 threads,12,124401408,NVIDIA GeForce RTX 2080 Ti,0.0,measured,,
gpt2,256,C,int,80,verify_products,8,4,,cuda,NVIDIA GeForce RTX 2080 Ti,Intel(R) Xeon(R) Silver 4114 CPU @ 2.20GHz x8 threads,12,124401408,NVIDIA GeForce RTX 2080 Ti,0.27766498923301697,measured,,
gpt2,256,K,int,128,bytes_claims,8,4,,cuda,NVIDIA GeForce RTX 2080 Ti,Intel(R) Xeon(R) Silver 4114 CPU @ 2.20GHz x8 threads,12,124401408,NVIDIA GeForce RTX 2080 Ti,86708548.0,measured,,
gpt2,256,K,int,128,bytes_columns,8,4,,cuda,NVIDIA GeForce RTX 2080 Ti,Intel(R) Xeon(R) Silver 4114 CPU @ 2.20GHz x8 threads,12,124401408,NVIDIA GeForce RTX 2080 Ti,0.0,measured,,
gpt2,256,K,int,128,bytes_paths,8,4,,cuda,NVIDIA GeForce RTX 2080 Ti,Intel(R) Xeon(R) Silver 4114 CPU @ 2.20GHz x8 threads,12,124401408,NVIDIA GeForce RTX 2080 Ti,0.0,measured,,
gpt2,256,K,int,128,bytes_total,8,4,,cuda,NVIDIA GeForce RTX 2080 Ti,Intel(R) Xeon(R) Silver 4114 CPU @ 2.20GHz x8 threads,12,124401408,NVIDIA GeForce RTX 2080 Ti,86708548.0,measured,,
gpt2,256,K,int,128,bytes_u,8,4,,cuda,NVIDIA GeForce RTX 2080 Ti,Intel(R) Xeon(R) Silver 4114 CPU @ 2.20GHz x8 threads,12,124401408,NVIDIA GeForce RTX 2080 Ti,0.0,measured,,
gpt2,256,K,int,128,fs_hash,8,4,,cuda,NVIDIA GeForce RTX 2080 Ti,Intel(R) Xeon(R) Silver 4114 CPU @ 2.20GHz x8 threads,12,124401408,NVIDIA GeForce RTX 2080 Ti,1.0672956705093384e-06,measured,,
gpt2,256,K,int,128,prove_fold,8,4,,cuda,NVIDIA GeForce RTX 2080 Ti,Intel(R) Xeon(R) Silver 4114 CPU @ 2.20GHz x8 threads,12,124401408,NVIDIA GeForce RTX 2080 Ti,0.0,measured,,
gpt2,256,K,int,128,prove_forward,8,4,,cuda,NVIDIA GeForce RTX 2080 Ti,Intel(R) Xeon(R) Silver 4114 CPU @ 2.20GHz x8 threads,12,124401408,NVIDIA GeForce RTX 2080 Ti,0.08642683736979961,measured,,
gpt2,256,K,int,128,verify_derive,8,4,,cuda,NVIDIA GeForce RTX 2080 Ti,Intel(R) Xeon(R) Silver 4114 CPU @ 2.20GHz x8 threads,12,124401408,NVIDIA GeForce RTX 2080 Ti,0.2801863756030798,measured,,
gpt2,256,K,int,128,verify_fold,8,4,,cuda,NVIDIA GeForce RTX 2080 Ti,Intel(R) Xeon(R) Silver 4114 CPU @ 2.20GHz x8 threads,12,124401408,NVIDIA GeForce RTX 2080 Ti,1.7090914230793715,measured,,
gpt2,256,K,int,128,verify_products,8,4,,cuda,NVIDIA GeForce RTX 2080 Ti,Intel(R) Xeon(R) Silver 4114 CPU @ 2.20GHz x8 threads,12,124401408,NVIDIA GeForce RTX 2080 Ti,0.2852024659514427,measured,,
gpt2,256,K,int,40,bytes_claims,8,4,,cuda,NVIDIA GeForce RTX 2080 Ti,Intel(R) Xeon(R) Silver 4114 CPU @ 2.20GHz x8 threads,12,124401408,NVIDIA GeForce RTX 2080 Ti,86708548.0,measured,,
gpt2,256,K,int,40,bytes_columns,8,4,,cuda,NVIDIA GeForce RTX 2080 Ti,Intel(R) Xeon(R) Silver 4114 CPU @ 2.20GHz x8 threads,12,124401408,NVIDIA GeForce RTX 2080 Ti,0.0,measured,,
gpt2,256,K,int,40,bytes_paths,8,4,,cuda,NVIDIA GeForce RTX 2080 Ti,Intel(R) Xeon(R) Silver 4114 CPU @ 2.20GHz x8 threads,12,124401408,NVIDIA GeForce RTX 2080 Ti,0.0,measured,,
gpt2,256,K,int,40,bytes_total,8,4,,cuda,NVIDIA GeForce RTX 2080 Ti,Intel(R) Xeon(R) Silver 4114 CPU @ 2.20GHz x8 threads,12,124401408,NVIDIA GeForce RTX 2080 Ti,86708548.0,measured,,
gpt2,256,K,int,40,bytes_u,8,4,,cuda,NVIDIA GeForce RTX 2080 Ti,Intel(R) Xeon(R) Silver 4114 CPU @ 2.20GHz x8 threads,12,124401408,NVIDIA GeForce RTX 2080 Ti,0.0,measured,,
gpt2,256,K,int,40,fs_hash,8,4,,cuda,NVIDIA GeForce RTX 2080 Ti,Intel(R) Xeon(R) Silver 4114 CPU @ 2.20GHz x8 threads,12,124401408,NVIDIA GeForce RTX 2080 Ti,1.300126314163208e-06,measured,,
gpt2,256,K,int,40,prove_fold,8,4,,cuda,NVIDIA GeForce RTX 2080 Ti,Intel(R) Xeon(R) Silver 4114 CPU @ 2.20GHz x8 threads,12,124401408,NVIDIA GeForce RTX 2080 Ti,0.0,measured,,
gpt2,256,K,int,40,prove_forward,8,4,,cuda,NVIDIA GeForce RTX 2080 Ti,Intel(R) Xeon(R) Silver 4114 CPU @ 2.20GHz x8 threads,12,124401408,NVIDIA GeForce RTX 2080 Ti,0.0945721436291933,measured,,
gpt2,256,K,int,40,verify_derive,8,4,,cuda,NVIDIA GeForce RTX 2080 Ti,Intel(R) Xeon(R) Silver 4114 CPU @ 2.20GHz x8 threads,12,124401408,NVIDIA GeForce RTX 2080 Ti,0.21328490413725376,measured,,
gpt2,256,K,int,40,verify_fold,8,4,,cuda,NVIDIA GeForce RTX 2080 Ti,Intel(R) Xeon(R) Silver 4114 CPU @ 2.20GHz x8 threads,12,124401408,NVIDIA GeForce RTX 2080 Ti,1.7265433315187693,measured,,
gpt2,256,K,int,40,verify_products,8,4,,cuda,NVIDIA GeForce RTX 2080 Ti,Intel(R) Xeon(R) Silver 4114 CPU @ 2.20GHz x8 threads,12,124401408,NVIDIA GeForce RTX 2080 Ti,0.26685595884919167,measured,,
gpt2,256,K,int,80,bytes_claims,8,4,,cuda,NVIDIA GeForce RTX 2080 Ti,Intel(R) Xeon(R) Silver 4114 CPU @ 2.20GHz x8 threads,12,124401408,NVIDIA GeForce RTX 2080 Ti,86708548.0,measured,,
gpt2,256,K,int,80,bytes_columns,8,4,,cuda,NVIDIA GeForce RTX 2080 Ti,Intel(R) Xeon(R) Silver 4114 CPU @ 2.20GHz x8 threads,12,124401408,NVIDIA GeForce RTX 2080 Ti,0.0,measured,,
gpt2,256,K,int,80,bytes_paths,8,4,,cuda,NVIDIA GeForce RTX 2080 Ti,Intel(R) Xeon(R) Silver 4114 CPU @ 2.20GHz x8 threads,12,124401408,NVIDIA GeForce RTX 2080 Ti,0.0,measured,,
gpt2,256,K,int,80,bytes_total,8,4,,cuda,NVIDIA GeForce RTX 2080 Ti,Intel(R) Xeon(R) Silver 4114 CPU @ 2.20GHz x8 threads,12,124401408,NVIDIA GeForce RTX 2080 Ti,86708548.0,measured,,
gpt2,256,K,int,80,bytes_u,8,4,,cuda,NVIDIA GeForce RTX 2080 Ti,Intel(R) Xeon(R) Silver 4114 CPU @ 2.20GHz x8 threads,12,124401408,NVIDIA GeForce RTX 2080 Ti,0.0,measured,,
gpt2,256,K,int,80,fs_hash,8,4,,cuda,NVIDIA GeForce RTX 2080 Ti,Intel(R) Xeon(R) Silver 4114 CPU @ 2.20GHz x8 threads,12,124401408,NVIDIA GeForce RTX 2080 Ti,1.5944242477416992e-06,measured,,
gpt2,256,K,int,80,prove_fold,8,4,,cuda,NVIDIA GeForce RTX 2080 Ti,Intel(R) Xeon(R) Silver 4114 CPU @ 2.20GHz x8 threads,12,124401408,NVIDIA GeForce RTX 2080 Ti,0.0,measured,,
gpt2,256,K,int,80,prove_forward,8,4,,cuda,NVIDIA GeForce RTX 2080 Ti,Intel(R) Xeon(R) Silver 4114 CPU @ 2.20GHz x8 threads,12,124401408,NVIDIA GeForce RTX 2080 Ti,0.0945697333663702,measured,,
gpt2,256,K,int,80,verify_derive,8,4,,cuda,NVIDIA GeForce RTX 2080 Ti,Intel(R) Xeon(R) Silver 4114 CPU @ 2.20GHz x8 threads,12,124401408,NVIDIA GeForce RTX 2080 Ti,0.288776945322752,measured,,
gpt2,256,K,int,80,verify_fold,8,4,,cuda,NVIDIA GeForce RTX 2080 Ti,Intel(R) Xeon(R) Silver 4114 CPU @ 2.20GHz x8 threads,12,124401408,NVIDIA GeForce RTX 2080 Ti,1.7263715248554945,measured,,
gpt2,256,K,int,80,verify_products,8,4,,cuda,NVIDIA GeForce RTX 2080 Ti,Intel(R) Xeon(R) Silver 4114 CPU @ 2.20GHz x8 threads,12,124401408,NVIDIA GeForce RTX 2080 Ti,0.2831872031092644,measured,,
gpt2,256,Kpre,int,128,bytes_claims,8,4,,cuda,NVIDIA GeForce RTX 2080 Ti,Intel(R) Xeon(R) Silver 4114 CPU @ 2.20GHz x8 threads,12,124401408,NVIDIA GeForce RTX 2080 Ti,86708548.0,measured,,
gpt2,256,Kpre,int,128,bytes_columns,8,4,,cuda,NVIDIA GeForce RTX 2080 Ti,Intel(R) Xeon(R) Silver 4114 CPU @ 2.20GHz x8 threads,12,124401408,NVIDIA GeForce RTX 2080 Ti,0.0,measured,,
gpt2,256,Kpre,int,128,bytes_paths,8,4,,cuda,NVIDIA GeForce RTX 2080 Ti,Intel(R) Xeon(R) Silver 4114 CPU @ 2.20GHz x8 threads,12,124401408,NVIDIA GeForce RTX 2080 Ti,0.0,measured,,
gpt2,256,Kpre,int,128,bytes_total,8,4,,cuda,NVIDIA GeForce RTX 2080 Ti,Intel(R) Xeon(R) Silver 4114 CPU @ 2.20GHz x8 threads,12,124401408,NVIDIA GeForce RTX 2080 Ti,86708548.0,measured,,
gpt2,256,Kpre,int,128,bytes_u,8,4,,cuda,NVIDIA GeForce RTX 2080 Ti,Intel(R) Xeon(R) Silver 4114 CPU @ 2.20GHz x8 threads,12,124401408,NVIDIA GeForce RTX 2080 Ti,0.0,measured,,
gpt2,256,Kpre,int,128,fs_hash,8,4,,cuda,NVIDIA GeForce RTX 2080 Ti,Intel(R) Xeon(R) Silver 4114 CPU @ 2.20GHz x8 threads,12,124401408,NVIDIA GeForce RTX 2080 Ti,1.2014061212539673e-06,measured,,
gpt2,256,Kpre,int,128,prove_fold,8,4,,cuda,NVIDIA GeForce RTX 2080 Ti,Intel(R) Xeon(R) Silver 4114 CPU @ 2.20GHz x8 threads,12,124401408,NVIDIA GeForce RTX 2080 Ti,0.0,measured,,
gpt2,256,Kpre,int,128,prove_forward,8,4,,cuda,NVIDIA GeForce RTX 2080 Ti,Intel(R) Xeon(R) Silver 4114 CPU @ 2.20GHz x8 threads,12,124401408,NVIDIA GeForce RTX 2080 Ti,0.08721019141376019,measured,,
gpt2,256,Kpre,int,128,verifier_precompute,8,4,,cuda,NVIDIA GeForce RTX 2080 Ti,Intel(R) Xeon(R) Silver 4114 CPU @ 2.20GHz x8 threads,12,124401408,NVIDIA GeForce RTX 2080 Ti,1.7539737708866596,measured,,
gpt2,256,Kpre,int,128,verify_derive,8,4,,cuda,NVIDIA GeForce RTX 2080 Ti,Intel(R) Xeon(R) Silver 4114 CPU @ 2.20GHz x8 threads,12,124401408,NVIDIA GeForce RTX 2080 Ti,0.284061249345541,measured,,
gpt2,256,Kpre,int,128,verify_fold,8,4,,cuda,NVIDIA GeForce RTX 2080 Ti,Intel(R) Xeon(R) Silver 4114 CPU @ 2.20GHz x8 threads,12,124401408,NVIDIA GeForce RTX 2080 Ti,0.0,measured,,
gpt2,256,Kpre,int,128,verify_products,8,4,,cuda,NVIDIA GeForce RTX 2080 Ti,Intel(R) Xeon(R) Silver 4114 CPU @ 2.20GHz x8 threads,12,124401408,NVIDIA GeForce RTX 2080 Ti,0.277737757191062,measured,,
gpt2,256,Kpre,int,40,bytes_claims,8,4,,cuda,NVIDIA GeForce RTX 2080 Ti,Intel(R) Xeon(R) Silver 4114 CPU @ 2.20GHz x8 threads,12,124401408,NVIDIA GeForce RTX 2080 Ti,86708548.0,measured,,
gpt2,256,Kpre,int,40,bytes_columns,8,4,,cuda,NVIDIA GeForce RTX 2080 Ti,Intel(R) Xeon(R) Silver 4114 CPU @ 2.20GHz x8 threads,12,124401408,NVIDIA GeForce RTX 2080 Ti,0.0,measured,,
gpt2,256,Kpre,int,40,bytes_paths,8,4,,cuda,NVIDIA GeForce RTX 2080 Ti,Intel(R) Xeon(R) Silver 4114 CPU @ 2.20GHz x8 threads,12,124401408,NVIDIA GeForce RTX 2080 Ti,0.0,measured,,
gpt2,256,Kpre,int,40,bytes_total,8,4,,cuda,NVIDIA GeForce RTX 2080 Ti,Intel(R) Xeon(R) Silver 4114 CPU @ 2.20GHz x8 threads,12,124401408,NVIDIA GeForce RTX 2080 Ti,86708548.0,measured,,
gpt2,256,Kpre,int,40,bytes_u,8,4,,cuda,NVIDIA GeForce RTX 2080 Ti,Intel(R) Xeon(R) Silver 4114 CPU @ 2.20GHz x8 threads,12,124401408,NVIDIA GeForce RTX 2080 Ti,0.0,measured,,
gpt2,256,Kpre,int,40,fs_hash,8,4,,cuda,NVIDIA GeForce RTX 2080 Ti,Intel(R) Xeon(R) Silver 4114 CPU @ 2.20GHz x8 threads,12,124401408,NVIDIA GeForce RTX 2080 Ti,1.4044344425201416e-06,measured,,
gpt2,256,Kpre,int,40,prove_fold,8,4,,cuda,NVIDIA GeForce RTX 2080 Ti,Intel(R) Xeon(R) Silver 4114 CPU @ 2.20GHz x8 threads,12,124401408,NVIDIA GeForce RTX 2080 Ti,0.0,measured,,
gpt2,256,Kpre,int,40,prove_forward,8,4,,cuda,NVIDIA GeForce RTX 2080 Ti,Intel(R) Xeon(R) Silver 4114 CPU @ 2.20GHz x8 threads,12,124401408,NVIDIA GeForce RTX 2080 Ti,0.09557956829667091,measured,,
gpt2,256,Kpre,int,40,verifier_precompute,8,4,,cuda,NVIDIA GeForce RTX 2080 Ti,Intel(R) Xeon(R) Silver 4114 CPU @ 2.20GHz x8 threads,12,124401408,NVIDIA GeForce RTX 2080 Ti,1.5439514629542828,measured,,
gpt2,256,Kpre,int,40,verify_derive,8,4,,cuda,NVIDIA GeForce RTX 2080 Ti,Intel(R) Xeon(R) Silver 4114 CPU @ 2.20GHz x8 threads,12,124401408,NVIDIA GeForce RTX 2080 Ti,0.20871753804385662,measured,,
gpt2,256,Kpre,int,40,verify_fold,8,4,,cuda,NVIDIA GeForce RTX 2080 Ti,Intel(R) Xeon(R) Silver 4114 CPU @ 2.20GHz x8 threads,12,124401408,NVIDIA GeForce RTX 2080 Ti,0.0,measured,,
gpt2,256,Kpre,int,40,verify_products,8,4,,cuda,NVIDIA GeForce RTX 2080 Ti,Intel(R) Xeon(R) Silver 4114 CPU @ 2.20GHz x8 threads,12,124401408,NVIDIA GeForce RTX 2080 Ti,0.25774277187883854,measured,,
gpt2,256,Kpre,int,80,bytes_claims,8,4,,cuda,NVIDIA GeForce RTX 2080 Ti,Intel(R) Xeon(R) Silver 4114 CPU @ 2.20GHz x8 threads,12,124401408,NVIDIA GeForce RTX 2080 Ti,86708548.0,measured,,
gpt2,256,Kpre,int,80,bytes_columns,8,4,,cuda,NVIDIA GeForce RTX 2080 Ti,Intel(R) Xeon(R) Silver 4114 CPU @ 2.20GHz x8 threads,12,124401408,NVIDIA GeForce RTX 2080 Ti,0.0,measured,,
gpt2,256,Kpre,int,80,bytes_paths,8,4,,cuda,NVIDIA GeForce RTX 2080 Ti,Intel(R) Xeon(R) Silver 4114 CPU @ 2.20GHz x8 threads,12,124401408,NVIDIA GeForce RTX 2080 Ti,0.0,measured,,
gpt2,256,Kpre,int,80,bytes_total,8,4,,cuda,NVIDIA GeForce RTX 2080 Ti,Intel(R) Xeon(R) Silver 4114 CPU @ 2.20GHz x8 threads,12,124401408,NVIDIA GeForce RTX 2080 Ti,86708548.0,measured,,
gpt2,256,Kpre,int,80,bytes_u,8,4,,cuda,NVIDIA GeForce RTX 2080 Ti,Intel(R) Xeon(R) Silver 4114 CPU @ 2.20GHz x8 threads,12,124401408,NVIDIA GeForce RTX 2080 Ti,0.0,measured,,
gpt2,256,Kpre,int,80,fs_hash,8,4,,cuda,NVIDIA GeForce RTX 2080 Ti,Intel(R) Xeon(R) Silver 4114 CPU @ 2.20GHz x8 threads,12,124401408,NVIDIA GeForce RTX 2080 Ti,1.3820827007293701e-06,measured,,
gpt2,256,Kpre,int,80,prove_fold,8,4,,cuda,NVIDIA GeForce RTX 2080 Ti,Intel(R) Xeon(R) Silver 4114 CPU @ 2.20GHz x8 threads,12,124401408,NVIDIA GeForce RTX 2080 Ti,0.0,measured,,
gpt2,256,Kpre,int,80,prove_forward,8,4,,cuda,NVIDIA GeForce RTX 2080 Ti,Intel(R) Xeon(R) Silver 4114 CPU @ 2.20GHz x8 threads,12,124401408,NVIDIA GeForce RTX 2080 Ti,0.09584761783480644,measured,,
gpt2,256,Kpre,int,80,verifier_precompute,8,4,,cuda,NVIDIA GeForce RTX 2080 Ti,Intel(R) Xeon(R) Silver 4114 CPU @ 2.20GHz x8 threads,12,124401408,NVIDIA GeForce RTX 2080 Ti,1.7732664048671722,measured,,
gpt2,256,Kpre,int,80,verify_derive,8,4,,cuda,NVIDIA GeForce RTX 2080 Ti,Intel(R) Xeon(R) Silver 4114 CPU @ 2.20GHz x8 threads,12,124401408,NVIDIA GeForce RTX 2080 Ti,0.29108012467622757,measured,,
gpt2,256,Kpre,int,80,verify_fold,8,4,,cuda,NVIDIA GeForce RTX 2080 Ti,Intel(R) Xeon(R) Silver 4114 CPU @ 2.20GHz x8 threads,12,124401408,NVIDIA GeForce RTX 2080 Ti,0.0,measured,,
gpt2,256,Kpre,int,80,verify_products,8,4,,cuda,NVIDIA GeForce RTX 2080 Ti,Intel(R) Xeon(R) Silver 4114 CPU @ 2.20GHz x8 threads,12,124401408,NVIDIA GeForce RTX 2080 Ti,0.27608092688024044,measured,,
gpt2,512,C,fs,128,bytes_claims,8,4,,cuda,NVIDIA GeForce RTX 2080 Ti,Intel(R) Xeon(R) Silver 4114 CPU @ 2.20GHz x8 threads,12,124401408,NVIDIA GeForce RTX 2080 Ti,173216068.0,measured,,
gpt2,512,C,fs,128,bytes_columns,8,4,,cuda,NVIDIA GeForce RTX 2080 Ti,Intel(R) Xeon(R) Silver 4114 CPU @ 2.20GHz x8 threads,12,124401408,NVIDIA GeForce RTX 2080 Ti,53894800.0,measured,,
gpt2,512,C,fs,128,bytes_paths,8,4,,cuda,NVIDIA GeForce RTX 2080 Ti,Intel(R) Xeon(R) Silver 4114 CPU @ 2.20GHz x8 threads,12,124401408,NVIDIA GeForce RTX 2080 Ti,2976000.0,measured,,
gpt2,512,C,fs,128,bytes_paths_multiproof,8,4,,cuda,NVIDIA GeForce RTX 2080 Ti,Intel(R) Xeon(R) Silver 4114 CPU @ 2.20GHz x8 threads,12,124401408,NVIDIA GeForce RTX 2080 Ti,1185228.59,measured,,
gpt2,512,C,fs,128,bytes_total,8,4,,cuda,NVIDIA GeForce RTX 2080 Ti,Intel(R) Xeon(R) Silver 4114 CPU @ 2.20GHz x8 threads,12,124401408,NVIDIA GeForce RTX 2080 Ti,233868688.0,measured,,
gpt2,512,C,fs,128,bytes_total_multiproof,8,4,,cuda,NVIDIA GeForce RTX 2080 Ti,Intel(R) Xeon(R) Silver 4114 CPU @ 2.20GHz x8 threads,12,124401408,NVIDIA GeForce RTX 2080 Ti,232077916.59,measured,,
gpt2,512,C,fs,128,bytes_u,8,4,,cuda,NVIDIA GeForce RTX 2080 Ti,Intel(R) Xeon(R) Silver 4114 CPU @ 2.20GHz x8 threads,12,124401408,NVIDIA GeForce RTX 2080 Ti,3781820.0,measured,,
gpt2,512,C,fs,128,fs_hash,8,4,,cuda,NVIDIA GeForce RTX 2080 Ti,Intel(R) Xeon(R) Silver 4114 CPU @ 2.20GHz x8 threads,12,124401408,NVIDIA GeForce RTX 2080 Ti,1.0872336253523827,measured,,
gpt2,512,C,fs,128,prove_fold,8,4,,cuda,NVIDIA GeForce RTX 2080 Ti,Intel(R) Xeon(R) Silver 4114 CPU @ 2.20GHz x8 threads,12,124401408,NVIDIA GeForce RTX 2080 Ti,0.18896115384995937,measured,,
gpt2,512,C,fs,128,prove_forward,8,4,,cuda,NVIDIA GeForce RTX 2080 Ti,Intel(R) Xeon(R) Silver 4114 CPU @ 2.20GHz x8 threads,12,124401408,NVIDIA GeForce RTX 2080 Ti,0.25593479350209236,measured,,
gpt2,512,C,fs,128,prove_open,8,4,,cuda,NVIDIA GeForce RTX 2080 Ti,Intel(R) Xeon(R) Silver 4114 CPU @ 2.20GHz x8 threads,12,124401408,NVIDIA GeForce RTX 2080 Ti,0.22681417129933834,measured,,
gpt2,512,C,fs,128,verify_columns,8,4,,cuda,NVIDIA GeForce RTX 2080 Ti,Intel(R) Xeon(R) Silver 4114 CPU @ 2.20GHz x8 threads,12,124401408,NVIDIA GeForce RTX 2080 Ti,0.9276698548346758,measured,,
gpt2,512,C,fs,128,verify_derive,8,4,,cuda,NVIDIA GeForce RTX 2080 Ti,Intel(R) Xeon(R) Silver 4114 CPU @ 2.20GHz x8 threads,12,124401408,NVIDIA GeForce RTX 2080 Ti,0.9535440541803837,measured,,
gpt2,512,C,fs,128,verify_fold,8,4,,cuda,NVIDIA GeForce RTX 2080 Ti,Intel(R) Xeon(R) Silver 4114 CPU @ 2.20GHz x8 threads,12,124401408,NVIDIA GeForce RTX 2080 Ti,0.0,measured,,
gpt2,512,C,fs,128,verify_products,8,4,,cuda,NVIDIA GeForce RTX 2080 Ti,Intel(R) Xeon(R) Silver 4114 CPU @ 2.20GHz x8 threads,12,124401408,NVIDIA GeForce RTX 2080 Ti,0.4868777170777321,measured,,
gpt2,512,C,fs,40,bytes_claims,8,4,,cuda,NVIDIA GeForce RTX 2080 Ti,Intel(R) Xeon(R) Silver 4114 CPU @ 2.20GHz x8 threads,12,124401408,NVIDIA GeForce RTX 2080 Ti,173216068.0,measured,,
gpt2,512,C,fs,40,bytes_columns,8,4,,cuda,NVIDIA GeForce RTX 2080 Ti,Intel(R) Xeon(R) Silver 4114 CPU @ 2.20GHz x8 threads,12,124401408,NVIDIA GeForce RTX 2080 Ti,30181088.0,measured,,
gpt2,512,C,fs,40,bytes_paths,8,4,,cuda,NVIDIA GeForce RTX 2080 Ti,Intel(R) Xeon(R) Silver 4114 CPU @ 2.20GHz x8 threads,12,124401408,NVIDIA GeForce RTX 2080 Ti,1666560.0,measured,,
gpt2,512,C,fs,40,bytes_paths_multiproof,8,4,,cuda,NVIDIA GeForce RTX 2080 Ti,Intel(R) Xeon(R) Silver 4114 CPU @ 2.20GHz x8 threads,12,124401408,NVIDIA GeForce RTX 2080 Ti,773660.492,measured,,
gpt2,512,C,fs,40,bytes_total,8,4,,cuda,NVIDIA GeForce RTX 2080 Ti,Intel(R) Xeon(R) Silver 4114 CPU @ 2.20GHz x8 threads,12,124401408,NVIDIA GeForce RTX 2080 Ti,207224756.0,measured,,
gpt2,512,C,fs,40,bytes_total_multiproof,8,4,,cuda,NVIDIA GeForce RTX 2080 Ti,Intel(R) Xeon(R) Silver 4114 CPU @ 2.20GHz x8 threads,12,124401408,NVIDIA GeForce RTX 2080 Ti,206331856.492,measured,,
gpt2,512,C,fs,40,bytes_u,8,4,,cuda,NVIDIA GeForce RTX 2080 Ti,Intel(R) Xeon(R) Silver 4114 CPU @ 2.20GHz x8 threads,12,124401408,NVIDIA GeForce RTX 2080 Ti,2161040.0,measured,,
gpt2,512,C,fs,40,fs_hash,8,4,,cuda,NVIDIA GeForce RTX 2080 Ti,Intel(R) Xeon(R) Silver 4114 CPU @ 2.20GHz x8 threads,12,124401408,NVIDIA GeForce RTX 2080 Ti,1.0649128649383783,measured,,
gpt2,512,C,fs,40,prove_fold,8,4,,cuda,NVIDIA GeForce RTX 2080 Ti,Intel(R) Xeon(R) Silver 4114 CPU @ 2.20GHz x8 threads,12,124401408,NVIDIA GeForce RTX 2080 Ti,0.18727090395987034,measured,,
gpt2,512,C,fs,40,prove_forward,8,4,,cuda,NVIDIA GeForce RTX 2080 Ti,Intel(R) Xeon(R) Silver 4114 CPU @ 2.20GHz x8 threads,12,124401408,NVIDIA GeForce RTX 2080 Ti,0.19804524071514606,measured,,
gpt2,512,C,fs,40,prove_open,8,4,,cuda,NVIDIA GeForce RTX 2080 Ti,Intel(R) Xeon(R) Silver 4114 CPU @ 2.20GHz x8 threads,12,124401408,NVIDIA GeForce RTX 2080 Ti,0.12328923307359219,measured,,
gpt2,512,C,fs,40,verify_columns,8,4,,cuda,NVIDIA GeForce RTX 2080 Ti,Intel(R) Xeon(R) Silver 4114 CPU @ 2.20GHz x8 threads,12,124401408,NVIDIA GeForce RTX 2080 Ti,0.5993275586515665,measured,,
gpt2,512,C,fs,40,verify_derive,8,4,,cuda,NVIDIA GeForce RTX 2080 Ti,Intel(R) Xeon(R) Silver 4114 CPU @ 2.20GHz x8 threads,12,124401408,NVIDIA GeForce RTX 2080 Ti,0.966168811544776,measured,,
gpt2,512,C,fs,40,verify_fold,8,4,,cuda,NVIDIA GeForce RTX 2080 Ti,Intel(R) Xeon(R) Silver 4114 CPU @ 2.20GHz x8 threads,12,124401408,NVIDIA GeForce RTX 2080 Ti,0.0,measured,,
gpt2,512,C,fs,40,verify_products,8,4,,cuda,NVIDIA GeForce RTX 2080 Ti,Intel(R) Xeon(R) Silver 4114 CPU @ 2.20GHz x8 threads,12,124401408,NVIDIA GeForce RTX 2080 Ti,0.4348401129245758,measured,,
gpt2,512,C,fs,80,bytes_claims,8,4,,cuda,NVIDIA GeForce RTX 2080 Ti,Intel(R) Xeon(R) Silver 4114 CPU @ 2.20GHz x8 threads,12,124401408,NVIDIA GeForce RTX 2080 Ti,173216068.0,measured,,
gpt2,512,C,fs,80,bytes_columns,8,4,,cuda,NVIDIA GeForce RTX 2080 Ti,Intel(R) Xeon(R) Silver 4114 CPU @ 2.20GHz x8 threads,12,124401408,NVIDIA GeForce RTX 2080 Ti,40960048.0,measured,,
gpt2,512,C,fs,80,bytes_paths,8,4,,cuda,NVIDIA GeForce RTX 2080 Ti,Intel(R) Xeon(R) Silver 4114 CPU @ 2.20GHz x8 threads,12,124401408,NVIDIA GeForce RTX 2080 Ti,2261760.0,measured,,
gpt2,512,C,fs,80,bytes_paths_multiproof,8,4,,cuda,NVIDIA GeForce RTX 2080 Ti,Intel(R) Xeon(R) Silver 4114 CPU @ 2.20GHz x8 threads,12,124401408,NVIDIA GeForce RTX 2080 Ti,971078.506,measured,,
gpt2,512,C,fs,80,bytes_total,8,4,,cuda,NVIDIA GeForce RTX 2080 Ti,Intel(R) Xeon(R) Silver 4114 CPU @ 2.20GHz x8 threads,12,124401408,NVIDIA GeForce RTX 2080 Ti,219139176.0,measured,,
gpt2,512,C,fs,80,bytes_total_multiproof,8,4,,cuda,NVIDIA GeForce RTX 2080 Ti,Intel(R) Xeon(R) Silver 4114 CPU @ 2.20GHz x8 threads,12,124401408,NVIDIA GeForce RTX 2080 Ti,217848494.506,measured,,
gpt2,512,C,fs,80,bytes_u,8,4,,cuda,NVIDIA GeForce RTX 2080 Ti,Intel(R) Xeon(R) Silver 4114 CPU @ 2.20GHz x8 threads,12,124401408,NVIDIA GeForce RTX 2080 Ti,2701300.0,measured,,
gpt2,512,C,fs,80,fs_hash,8,4,,cuda,NVIDIA GeForce RTX 2080 Ti,Intel(R) Xeon(R) Silver 4114 CPU @ 2.20GHz x8 threads,12,124401408,NVIDIA GeForce RTX 2080 Ti,1.0654505901038647,measured,,
gpt2,512,C,fs,80,prove_fold,8,4,,cuda,NVIDIA GeForce RTX 2080 Ti,Intel(R) Xeon(R) Silver 4114 CPU @ 2.20GHz x8 threads,12,124401408,NVIDIA GeForce RTX 2080 Ti,0.18522528186440468,measured,,
gpt2,512,C,fs,80,prove_forward,8,4,,cuda,NVIDIA GeForce RTX 2080 Ti,Intel(R) Xeon(R) Silver 4114 CPU @ 2.20GHz x8 threads,12,124401408,NVIDIA GeForce RTX 2080 Ti,0.20832138694822788,measured,,
gpt2,512,C,fs,80,prove_open,8,4,,cuda,NVIDIA GeForce RTX 2080 Ti,Intel(R) Xeon(R) Silver 4114 CPU @ 2.20GHz x8 threads,12,124401408,NVIDIA GeForce RTX 2080 Ti,0.20240594446659088,measured,,
gpt2,512,C,fs,80,verify_columns,8,4,,cuda,NVIDIA GeForce RTX 2080 Ti,Intel(R) Xeon(R) Silver 4114 CPU @ 2.20GHz x8 threads,12,124401408,NVIDIA GeForce RTX 2080 Ti,0.7412259243428707,measured,,
gpt2,512,C,fs,80,verify_derive,8,4,,cuda,NVIDIA GeForce RTX 2080 Ti,Intel(R) Xeon(R) Silver 4114 CPU @ 2.20GHz x8 threads,12,124401408,NVIDIA GeForce RTX 2080 Ti,0.9414113815873861,measured,,
gpt2,512,C,fs,80,verify_fold,8,4,,cuda,NVIDIA GeForce RTX 2080 Ti,Intel(R) Xeon(R) Silver 4114 CPU @ 2.20GHz x8 threads,12,124401408,NVIDIA GeForce RTX 2080 Ti,0.0,measured,,
gpt2,512,C,fs,80,verify_products,8,4,,cuda,NVIDIA GeForce RTX 2080 Ti,Intel(R) Xeon(R) Silver 4114 CPU @ 2.20GHz x8 threads,12,124401408,NVIDIA GeForce RTX 2080 Ti,0.43369187973439693,measured,,
gpt2,512,C,int,128,bytes_claims,8,4,,cuda,NVIDIA GeForce RTX 2080 Ti,Intel(R) Xeon(R) Silver 4114 CPU @ 2.20GHz x8 threads,12,124401408,NVIDIA GeForce RTX 2080 Ti,173216068.0,measured,,
gpt2,512,C,int,128,bytes_columns,8,4,,cuda,NVIDIA GeForce RTX 2080 Ti,Intel(R) Xeon(R) Silver 4114 CPU @ 2.20GHz x8 threads,12,124401408,NVIDIA GeForce RTX 2080 Ti,36648464.0,measured,,
gpt2,512,C,int,128,bytes_paths,8,4,,cuda,NVIDIA GeForce RTX 2080 Ti,Intel(R) Xeon(R) Silver 4114 CPU @ 2.20GHz x8 threads,12,124401408,NVIDIA GeForce RTX 2080 Ti,2023680.0,measured,,
gpt2,512,C,int,128,bytes_paths_multiproof,8,4,,cuda,NVIDIA GeForce RTX 2080 Ti,Intel(R) Xeon(R) Silver 4114 CPU @ 2.20GHz x8 threads,12,124401408,NVIDIA GeForce RTX 2080 Ti,894498.815,measured,,
gpt2,512,C,int,128,bytes_total,8,4,,cuda,NVIDIA GeForce RTX 2080 Ti,Intel(R) Xeon(R) Silver 4114 CPU @ 2.20GHz x8 threads,12,124401408,NVIDIA GeForce RTX 2080 Ti,214589512.0,measured,,
gpt2,512,C,int,128,bytes_total_multiproof,8,4,,cuda,NVIDIA GeForce RTX 2080 Ti,Intel(R) Xeon(R) Silver 4114 CPU @ 2.20GHz x8 threads,12,124401408,NVIDIA GeForce RTX 2080 Ti,213460330.815,measured,,
gpt2,512,C,int,128,bytes_u,8,4,,cuda,NVIDIA GeForce RTX 2080 Ti,Intel(R) Xeon(R) Silver 4114 CPU @ 2.20GHz x8 threads,12,124401408,NVIDIA GeForce RTX 2080 Ti,2701300.0,measured,,
gpt2,512,C,int,128,fs_hash,8,4,,cuda,NVIDIA GeForce RTX 2080 Ti,Intel(R) Xeon(R) Silver 4114 CPU @ 2.20GHz x8 threads,12,124401408,NVIDIA GeForce RTX 2080 Ti,1.2833625078201294e-06,measured,,
gpt2,512,C,int,128,prove_fold,8,4,,cuda,NVIDIA GeForce RTX 2080 Ti,Intel(R) Xeon(R) Silver 4114 CPU @ 2.20GHz x8 threads,12,124401408,NVIDIA GeForce RTX 2080 Ti,0.17122853733599186,measured,,
gpt2,512,C,int,128,prove_forward,8,4,,cuda,NVIDIA GeForce RTX 2080 Ti,Intel(R) Xeon(R) Silver 4114 CPU @ 2.20GHz x8 threads,12,124401408,NVIDIA GeForce RTX 2080 Ti,0.26130514591932297,measured,,
gpt2,512,C,int,128,prove_open,8,4,,cuda,NVIDIA GeForce RTX 2080 Ti,Intel(R) Xeon(R) Silver 4114 CPU @ 2.20GHz x8 threads,12,124401408,NVIDIA GeForce RTX 2080 Ti,0.20427966117858887,measured,,
gpt2,512,C,int,128,verify_columns,8,4,,cuda,NVIDIA GeForce RTX 2080 Ti,Intel(R) Xeon(R) Silver 4114 CPU @ 2.20GHz x8 threads,12,124401408,NVIDIA GeForce RTX 2080 Ti,0.6924592908471823,measured,,
gpt2,512,C,int,128,verify_derive,8,4,,cuda,NVIDIA GeForce RTX 2080 Ti,Intel(R) Xeon(R) Silver 4114 CPU @ 2.20GHz x8 threads,12,124401408,NVIDIA GeForce RTX 2080 Ti,0.9812994003295898,measured,,
gpt2,512,C,int,128,verify_fold,8,4,,cuda,NVIDIA GeForce RTX 2080 Ti,Intel(R) Xeon(R) Silver 4114 CPU @ 2.20GHz x8 threads,12,124401408,NVIDIA GeForce RTX 2080 Ti,0.0,measured,,
gpt2,512,C,int,128,verify_products,8,4,,cuda,NVIDIA GeForce RTX 2080 Ti,Intel(R) Xeon(R) Silver 4114 CPU @ 2.20GHz x8 threads,12,124401408,NVIDIA GeForce RTX 2080 Ti,0.4521312788128853,measured,,
gpt2,512,C,int,40,bytes_claims,8,4,,cuda,NVIDIA GeForce RTX 2080 Ti,Intel(R) Xeon(R) Silver 4114 CPU @ 2.20GHz x8 threads,12,124401408,NVIDIA GeForce RTX 2080 Ti,173216068.0,measured,,
gpt2,512,C,int,40,bytes_columns,8,4,,cuda,NVIDIA GeForce RTX 2080 Ti,Intel(R) Xeon(R) Silver 4114 CPU @ 2.20GHz x8 threads,12,124401408,NVIDIA GeForce RTX 2080 Ti,12934752.0,measured,,
gpt2,512,C,int,40,bytes_paths,8,4,,cuda,NVIDIA GeForce RTX 2080 Ti,Intel(R) Xeon(R) Silver 4114 CPU @ 2.20GHz x8 threads,12,124401408,NVIDIA GeForce RTX 2080 Ti,714240.0,measured,,
gpt2,512,C,int,40,bytes_paths_multiproof,8,4,,cuda,NVIDIA GeForce RTX 2080 Ti,Intel(R) Xeon(R) Silver 4114 CPU @ 2.20GHz x8 threads,12,124401408,NVIDIA GeForce RTX 2080 Ti,401777.029,measured,,
gpt2,512,C,int,40,bytes_total,8,4,,cuda,NVIDIA GeForce RTX 2080 Ti,Intel(R) Xeon(R) Silver 4114 CPU @ 2.20GHz x8 threads,12,124401408,NVIDIA GeForce RTX 2080 Ti,187945580.0,measured,,
gpt2,512,C,int,40,bytes_total_multiproof,8,4,,cuda,NVIDIA GeForce RTX 2080 Ti,Intel(R) Xeon(R) Silver 4114 CPU @ 2.20GHz x8 threads,12,124401408,NVIDIA GeForce RTX 2080 Ti,187633117.029,measured,,
gpt2,512,C,int,40,bytes_u,8,4,,cuda,NVIDIA GeForce RTX 2080 Ti,Intel(R) Xeon(R) Silver 4114 CPU @ 2.20GHz x8 threads,12,124401408,NVIDIA GeForce RTX 2080 Ti,1080520.0,measured,,
gpt2,512,C,int,40,fs_hash,8,4,,cuda,NVIDIA GeForce RTX 2080 Ti,Intel(R) Xeon(R) Silver 4114 CPU @ 2.20GHz x8 threads,12,124401408,NVIDIA GeForce RTX 2080 Ti,1.387670636177063e-06,measured,,
gpt2,512,C,int,40,prove_fold,8,4,,cuda,NVIDIA GeForce RTX 2080 Ti,Intel(R) Xeon(R) Silver 4114 CPU @ 2.20GHz x8 threads,12,124401408,NVIDIA GeForce RTX 2080 Ti,0.18388650380074978,measured,,
gpt2,512,C,int,40,prove_forward,8,4,,cuda,NVIDIA GeForce RTX 2080 Ti,Intel(R) Xeon(R) Silver 4114 CPU @ 2.20GHz x8 threads,12,124401408,NVIDIA GeForce RTX 2080 Ti,0.26513734087347984,measured,,
gpt2,512,C,int,40,prove_open,8,4,,cuda,NVIDIA GeForce RTX 2080 Ti,Intel(R) Xeon(R) Silver 4114 CPU @ 2.20GHz x8 threads,12,124401408,NVIDIA GeForce RTX 2080 Ti,0.10464603081345558,measured,,
gpt2,512,C,int,40,verify_columns,8,4,,cuda,NVIDIA GeForce RTX 2080 Ti,Intel(R) Xeon(R) Silver 4114 CPU @ 2.20GHz x8 threads,12,124401408,NVIDIA GeForce RTX 2080 Ti,0.3522342760115862,measured,,
gpt2,512,C,int,40,verify_derive,8,4,,cuda,NVIDIA GeForce RTX 2080 Ti,Intel(R) Xeon(R) Silver 4114 CPU @ 2.20GHz x8 threads,12,124401408,NVIDIA GeForce RTX 2080 Ti,0.9609988778829575,measured,,
gpt2,512,C,int,40,verify_fold,8,4,,cuda,NVIDIA GeForce RTX 2080 Ti,Intel(R) Xeon(R) Silver 4114 CPU @ 2.20GHz x8 threads,12,124401408,NVIDIA GeForce RTX 2080 Ti,0.0,measured,,
gpt2,512,C,int,40,verify_products,8,4,,cuda,NVIDIA GeForce RTX 2080 Ti,Intel(R) Xeon(R) Silver 4114 CPU @ 2.20GHz x8 threads,12,124401408,NVIDIA GeForce RTX 2080 Ti,0.40297685749828815,measured,,
gpt2,512,C,int,80,bytes_claims,8,4,,cuda,NVIDIA GeForce RTX 2080 Ti,Intel(R) Xeon(R) Silver 4114 CPU @ 2.20GHz x8 threads,12,124401408,NVIDIA GeForce RTX 2080 Ti,173216068.0,measured,,
gpt2,512,C,int,80,bytes_columns,8,4,,cuda,NVIDIA GeForce RTX 2080 Ti,Intel(R) Xeon(R) Silver 4114 CPU @ 2.20GHz x8 threads,12,124401408,NVIDIA GeForce RTX 2080 Ti,23713712.0,measured,,
gpt2,512,C,int,80,bytes_paths,8,4,,cuda,NVIDIA GeForce RTX 2080 Ti,Intel(R) Xeon(R) Silver 4114 CPU @ 2.20GHz x8 threads,12,124401408,NVIDIA GeForce RTX 2080 Ti,1309440.0,measured,,
gpt2,512,C,int,80,bytes_paths_multiproof,8,4,,cuda,NVIDIA GeForce RTX 2080 Ti,Intel(R) Xeon(R) Silver 4114 CPU @ 2.20GHz x8 threads,12,124401408,NVIDIA GeForce RTX 2080 Ti,644212.017,measured,,
gpt2,512,C,int,80,bytes_total,8,4,,cuda,NVIDIA GeForce RTX 2080 Ti,Intel(R) Xeon(R) Silver 4114 CPU @ 2.20GHz x8 threads,12,124401408,NVIDIA GeForce RTX 2080 Ti,199860000.0,measured,,
gpt2,512,C,int,80,bytes_total_multiproof,8,4,,cuda,NVIDIA GeForce RTX 2080 Ti,Intel(R) Xeon(R) Silver 4114 CPU @ 2.20GHz x8 threads,12,124401408,NVIDIA GeForce RTX 2080 Ti,199194772.017,measured,,
gpt2,512,C,int,80,bytes_u,8,4,,cuda,NVIDIA GeForce RTX 2080 Ti,Intel(R) Xeon(R) Silver 4114 CPU @ 2.20GHz x8 threads,12,124401408,NVIDIA GeForce RTX 2080 Ti,1620780.0,measured,,
gpt2,512,C,int,80,fs_hash,8,4,,cuda,NVIDIA GeForce RTX 2080 Ti,Intel(R) Xeon(R) Silver 4114 CPU @ 2.20GHz x8 threads,12,124401408,NVIDIA GeForce RTX 2080 Ti,1.3150274753570557e-06,measured,,
gpt2,512,C,int,80,prove_fold,8,4,,cuda,NVIDIA GeForce RTX 2080 Ti,Intel(R) Xeon(R) Silver 4114 CPU @ 2.20GHz x8 threads,12,124401408,NVIDIA GeForce RTX 2080 Ti,0.18526371754705906,measured,,
gpt2,512,C,int,80,prove_forward,8,4,,cuda,NVIDIA GeForce RTX 2080 Ti,Intel(R) Xeon(R) Silver 4114 CPU @ 2.20GHz x8 threads,12,124401408,NVIDIA GeForce RTX 2080 Ti,0.26273165084421635,measured,,
gpt2,512,C,int,80,prove_open,8,4,,cuda,NVIDIA GeForce RTX 2080 Ti,Intel(R) Xeon(R) Silver 4114 CPU @ 2.20GHz x8 threads,12,124401408,NVIDIA GeForce RTX 2080 Ti,0.12125183455646038,measured,,
gpt2,512,C,int,80,verify_columns,8,4,,cuda,NVIDIA GeForce RTX 2080 Ti,Intel(R) Xeon(R) Silver 4114 CPU @ 2.20GHz x8 threads,12,124401408,NVIDIA GeForce RTX 2080 Ti,0.5032835751771927,measured,,
gpt2,512,C,int,80,verify_derive,8,4,,cuda,NVIDIA GeForce RTX 2080 Ti,Intel(R) Xeon(R) Silver 4114 CPU @ 2.20GHz x8 threads,12,124401408,NVIDIA GeForce RTX 2080 Ti,0.953488428145647,measured,,
gpt2,512,C,int,80,verify_fold,8,4,,cuda,NVIDIA GeForce RTX 2080 Ti,Intel(R) Xeon(R) Silver 4114 CPU @ 2.20GHz x8 threads,12,124401408,NVIDIA GeForce RTX 2080 Ti,0.0,measured,,
gpt2,512,C,int,80,verify_products,8,4,,cuda,NVIDIA GeForce RTX 2080 Ti,Intel(R) Xeon(R) Silver 4114 CPU @ 2.20GHz x8 threads,12,124401408,NVIDIA GeForce RTX 2080 Ti,0.4070592485368252,measured,,
gpt2,512,K,int,128,bytes_claims,8,4,,cuda,NVIDIA GeForce RTX 2080 Ti,Intel(R) Xeon(R) Silver 4114 CPU @ 2.20GHz x8 threads,12,124401408,NVIDIA GeForce RTX 2080 Ti,173216068.0,measured,,
gpt2,512,K,int,128,bytes_columns,8,4,,cuda,NVIDIA GeForce RTX 2080 Ti,Intel(R) Xeon(R) Silver 4114 CPU @ 2.20GHz x8 threads,12,124401408,NVIDIA GeForce RTX 2080 Ti,0.0,measured,,
gpt2,512,K,int,128,bytes_paths,8,4,,cuda,NVIDIA GeForce RTX 2080 Ti,Intel(R) Xeon(R) Silver 4114 CPU @ 2.20GHz x8 threads,12,124401408,NVIDIA GeForce RTX 2080 Ti,0.0,measured,,
gpt2,512,K,int,128,bytes_total,8,4,,cuda,NVIDIA GeForce RTX 2080 Ti,Intel(R) Xeon(R) Silver 4114 CPU @ 2.20GHz x8 threads,12,124401408,NVIDIA GeForce RTX 2080 Ti,173216068.0,measured,,
gpt2,512,K,int,128,bytes_u,8,4,,cuda,NVIDIA GeForce RTX 2080 Ti,Intel(R) Xeon(R) Silver 4114 CPU @ 2.20GHz x8 threads,12,124401408,NVIDIA GeForce RTX 2080 Ti,0.0,measured,,
gpt2,512,K,int,128,fs_hash,8,4,,cuda,NVIDIA GeForce RTX 2080 Ti,Intel(R) Xeon(R) Silver 4114 CPU @ 2.20GHz x8 threads,12,124401408,NVIDIA GeForce RTX 2080 Ti,1.255422830581665e-06,measured,,
gpt2,512,K,int,128,prove_fold,8,4,,cuda,NVIDIA GeForce RTX 2080 Ti,Intel(R) Xeon(R) Silver 4114 CPU @ 2.20GHz x8 threads,12,124401408,NVIDIA GeForce RTX 2080 Ti,0.0,measured,,
gpt2,512,K,int,128,prove_forward,8,4,,cuda,NVIDIA GeForce RTX 2080 Ti,Intel(R) Xeon(R) Silver 4114 CPU @ 2.20GHz x8 threads,12,124401408,NVIDIA GeForce RTX 2080 Ti,0.2122686803340912,measured,,
gpt2,512,K,int,128,verify_derive,8,4,,cuda,NVIDIA GeForce RTX 2080 Ti,Intel(R) Xeon(R) Silver 4114 CPU @ 2.20GHz x8 threads,12,124401408,NVIDIA GeForce RTX 2080 Ti,0.966238671913743,measured,,
gpt2,512,K,int,128,verify_fold,8,4,,cuda,NVIDIA GeForce RTX 2080 Ti,Intel(R) Xeon(R) Silver 4114 CPU @ 2.20GHz x8 threads,12,124401408,NVIDIA GeForce RTX 2080 Ti,1.7169743031263351,measured,,
gpt2,512,K,int,128,verify_products,8,4,,cuda,NVIDIA GeForce RTX 2080 Ti,Intel(R) Xeon(R) Silver 4114 CPU @ 2.20GHz x8 threads,12,124401408,NVIDIA GeForce RTX 2080 Ti,0.4483203925192356,measured,,
gpt2,512,K,int,40,bytes_claims,8,4,,cuda,NVIDIA GeForce RTX 2080 Ti,Intel(R) Xeon(R) Silver 4114 CPU @ 2.20GHz x8 threads,12,124401408,NVIDIA GeForce RTX 2080 Ti,173216068.0,measured,,
gpt2,512,K,int,40,bytes_columns,8,4,,cuda,NVIDIA GeForce RTX 2080 Ti,Intel(R) Xeon(R) Silver 4114 CPU @ 2.20GHz x8 threads,12,124401408,NVIDIA GeForce RTX 2080 Ti,0.0,measured,,
gpt2,512,K,int,40,bytes_paths,8,4,,cuda,NVIDIA GeForce RTX 2080 Ti,Intel(R) Xeon(R) Silver 4114 CPU @ 2.20GHz x8 threads,12,124401408,NVIDIA GeForce RTX 2080 Ti,0.0,measured,,
gpt2,512,K,int,40,bytes_total,8,4,,cuda,NVIDIA GeForce RTX 2080 Ti,Intel(R) Xeon(R) Silver 4114 CPU @ 2.20GHz x8 threads,12,124401408,NVIDIA GeForce RTX 2080 Ti,173216068.0,measured,,
gpt2,512,K,int,40,bytes_u,8,4,,cuda,NVIDIA GeForce RTX 2080 Ti,Intel(R) Xeon(R) Silver 4114 CPU @ 2.20GHz x8 threads,12,124401408,NVIDIA GeForce RTX 2080 Ti,0.0,measured,,
gpt2,512,K,int,40,fs_hash,8,4,,cuda,NVIDIA GeForce RTX 2080 Ti,Intel(R) Xeon(R) Silver 4114 CPU @ 2.20GHz x8 threads,12,124401408,NVIDIA GeForce RTX 2080 Ti,1.3653188943862915e-06,measured,,
gpt2,512,K,int,40,prove_fold,8,4,,cuda,NVIDIA GeForce RTX 2080 Ti,Intel(R) Xeon(R) Silver 4114 CPU @ 2.20GHz x8 threads,12,124401408,NVIDIA GeForce RTX 2080 Ti,0.0,measured,,
gpt2,512,K,int,40,prove_forward,8,4,,cuda,NVIDIA GeForce RTX 2080 Ti,Intel(R) Xeon(R) Silver 4114 CPU @ 2.20GHz x8 threads,12,124401408,NVIDIA GeForce RTX 2080 Ti,0.21295135840773582,measured,,
gpt2,512,K,int,40,verify_derive,8,4,,cuda,NVIDIA GeForce RTX 2080 Ti,Intel(R) Xeon(R) Silver 4114 CPU @ 2.20GHz x8 threads,12,124401408,NVIDIA GeForce RTX 2080 Ti,0.9616734609007835,measured,,
gpt2,512,K,int,40,verify_fold,8,4,,cuda,NVIDIA GeForce RTX 2080 Ti,Intel(R) Xeon(R) Silver 4114 CPU @ 2.20GHz x8 threads,12,124401408,NVIDIA GeForce RTX 2080 Ti,1.684584453701973,measured,,
gpt2,512,K,int,40,verify_products,8,4,,cuda,NVIDIA GeForce RTX 2080 Ti,Intel(R) Xeon(R) Silver 4114 CPU @ 2.20GHz x8 threads,12,124401408,NVIDIA GeForce RTX 2080 Ti,0.39346713945269585,measured,,
gpt2,512,K,int,80,bytes_claims,8,4,,cuda,NVIDIA GeForce RTX 2080 Ti,Intel(R) Xeon(R) Silver 4114 CPU @ 2.20GHz x8 threads,12,124401408,NVIDIA GeForce RTX 2080 Ti,173216068.0,measured,,
gpt2,512,K,int,80,bytes_columns,8,4,,cuda,NVIDIA GeForce RTX 2080 Ti,Intel(R) Xeon(R) Silver 4114 CPU @ 2.20GHz x8 threads,12,124401408,NVIDIA GeForce RTX 2080 Ti,0.0,measured,,
gpt2,512,K,int,80,bytes_paths,8,4,,cuda,NVIDIA GeForce RTX 2080 Ti,Intel(R) Xeon(R) Silver 4114 CPU @ 2.20GHz x8 threads,12,124401408,NVIDIA GeForce RTX 2080 Ti,0.0,measured,,
gpt2,512,K,int,80,bytes_total,8,4,,cuda,NVIDIA GeForce RTX 2080 Ti,Intel(R) Xeon(R) Silver 4114 CPU @ 2.20GHz x8 threads,12,124401408,NVIDIA GeForce RTX 2080 Ti,173216068.0,measured,,
gpt2,512,K,int,80,bytes_u,8,4,,cuda,NVIDIA GeForce RTX 2080 Ti,Intel(R) Xeon(R) Silver 4114 CPU @ 2.20GHz x8 threads,12,124401408,NVIDIA GeForce RTX 2080 Ti,0.0,measured,,
gpt2,512,K,int,80,fs_hash,8,4,,cuda,NVIDIA GeForce RTX 2080 Ti,Intel(R) Xeon(R) Silver 4114 CPU @ 2.20GHz x8 threads,12,124401408,NVIDIA GeForce RTX 2080 Ti,1.339241862297058e-06,measured,,
gpt2,512,K,int,80,prove_fold,8,4,,cuda,NVIDIA GeForce RTX 2080 Ti,Intel(R) Xeon(R) Silver 4114 CPU @ 2.20GHz x8 threads,12,124401408,NVIDIA GeForce RTX 2080 Ti,0.0,measured,,
gpt2,512,K,int,80,prove_forward,8,4,,cuda,NVIDIA GeForce RTX 2080 Ti,Intel(R) Xeon(R) Silver 4114 CPU @ 2.20GHz x8 threads,12,124401408,NVIDIA GeForce RTX 2080 Ti,0.1423304509371519,measured,,
gpt2,512,K,int,80,verify_derive,8,4,,cuda,NVIDIA GeForce RTX 2080 Ti,Intel(R) Xeon(R) Silver 4114 CPU @ 2.20GHz x8 threads,12,124401408,NVIDIA GeForce RTX 2080 Ti,0.9566896129399538,measured,,
gpt2,512,K,int,80,verify_fold,8,4,,cuda,NVIDIA GeForce RTX 2080 Ti,Intel(R) Xeon(R) Silver 4114 CPU @ 2.20GHz x8 threads,12,124401408,NVIDIA GeForce RTX 2080 Ti,1.6827890407294035,measured,,
gpt2,512,K,int,80,verify_products,8,4,,cuda,NVIDIA GeForce RTX 2080 Ti,Intel(R) Xeon(R) Silver 4114 CPU @ 2.20GHz x8 threads,12,124401408,NVIDIA GeForce RTX 2080 Ti,0.4111292250454426,measured,,
gpt2,512,Kpre,int,128,bytes_claims,8,4,,cuda,NVIDIA GeForce RTX 2080 Ti,Intel(R) Xeon(R) Silver 4114 CPU @ 2.20GHz x8 threads,12,124401408,NVIDIA GeForce RTX 2080 Ti,173216068.0,measured,,
gpt2,512,Kpre,int,128,bytes_columns,8,4,,cuda,NVIDIA GeForce RTX 2080 Ti,Intel(R) Xeon(R) Silver 4114 CPU @ 2.20GHz x8 threads,12,124401408,NVIDIA GeForce RTX 2080 Ti,0.0,measured,,
gpt2,512,Kpre,int,128,bytes_paths,8,4,,cuda,NVIDIA GeForce RTX 2080 Ti,Intel(R) Xeon(R) Silver 4114 CPU @ 2.20GHz x8 threads,12,124401408,NVIDIA GeForce RTX 2080 Ti,0.0,measured,,
gpt2,512,Kpre,int,128,bytes_total,8,4,,cuda,NVIDIA GeForce RTX 2080 Ti,Intel(R) Xeon(R) Silver 4114 CPU @ 2.20GHz x8 threads,12,124401408,NVIDIA GeForce RTX 2080 Ti,173216068.0,measured,,
gpt2,512,Kpre,int,128,bytes_u,8,4,,cuda,NVIDIA GeForce RTX 2080 Ti,Intel(R) Xeon(R) Silver 4114 CPU @ 2.20GHz x8 threads,12,124401408,NVIDIA GeForce RTX 2080 Ti,0.0,measured,,
gpt2,512,Kpre,int,128,fs_hash,8,4,,cuda,NVIDIA GeForce RTX 2080 Ti,Intel(R) Xeon(R) Silver 4114 CPU @ 2.20GHz x8 threads,12,124401408,NVIDIA GeForce RTX 2080 Ti,1.2293457984924316e-06,measured,,
gpt2,512,Kpre,int,128,prove_fold,8,4,,cuda,NVIDIA GeForce RTX 2080 Ti,Intel(R) Xeon(R) Silver 4114 CPU @ 2.20GHz x8 threads,12,124401408,NVIDIA GeForce RTX 2080 Ti,0.0,measured,,
gpt2,512,Kpre,int,128,prove_forward,8,4,,cuda,NVIDIA GeForce RTX 2080 Ti,Intel(R) Xeon(R) Silver 4114 CPU @ 2.20GHz x8 threads,12,124401408,NVIDIA GeForce RTX 2080 Ti,0.21794946677982807,measured,,
gpt2,512,Kpre,int,128,verifier_precompute,8,4,,cuda,NVIDIA GeForce RTX 2080 Ti,Intel(R) Xeon(R) Silver 4114 CPU @ 2.20GHz x8 threads,12,124401408,NVIDIA GeForce RTX 2080 Ti,1.665368802845478,measured,,
gpt2,512,Kpre,int,128,verify_derive,8,4,,cuda,NVIDIA GeForce RTX 2080 Ti,Intel(R) Xeon(R) Silver 4114 CPU @ 2.20GHz x8 threads,12,124401408,NVIDIA GeForce RTX 2080 Ti,0.9646795596927404,measured,,
gpt2,512,Kpre,int,128,verify_fold,8,4,,cuda,NVIDIA GeForce RTX 2080 Ti,Intel(R) Xeon(R) Silver 4114 CPU @ 2.20GHz x8 threads,12,124401408,NVIDIA GeForce RTX 2080 Ti,0.0,measured,,
gpt2,512,Kpre,int,128,verify_products,8,4,,cuda,NVIDIA GeForce RTX 2080 Ti,Intel(R) Xeon(R) Silver 4114 CPU @ 2.20GHz x8 threads,12,124401408,NVIDIA GeForce RTX 2080 Ti,0.4469261020421982,measured,,
gpt2,512,Kpre,int,40,bytes_claims,8,4,,cuda,NVIDIA GeForce RTX 2080 Ti,Intel(R) Xeon(R) Silver 4114 CPU @ 2.20GHz x8 threads,12,124401408,NVIDIA GeForce RTX 2080 Ti,173216068.0,measured,,
gpt2,512,Kpre,int,40,bytes_columns,8,4,,cuda,NVIDIA GeForce RTX 2080 Ti,Intel(R) Xeon(R) Silver 4114 CPU @ 2.20GHz x8 threads,12,124401408,NVIDIA GeForce RTX 2080 Ti,0.0,measured,,
gpt2,512,Kpre,int,40,bytes_paths,8,4,,cuda,NVIDIA GeForce RTX 2080 Ti,Intel(R) Xeon(R) Silver 4114 CPU @ 2.20GHz x8 threads,12,124401408,NVIDIA GeForce RTX 2080 Ti,0.0,measured,,
gpt2,512,Kpre,int,40,bytes_total,8,4,,cuda,NVIDIA GeForce RTX 2080 Ti,Intel(R) Xeon(R) Silver 4114 CPU @ 2.20GHz x8 threads,12,124401408,NVIDIA GeForce RTX 2080 Ti,173216068.0,measured,,
gpt2,512,Kpre,int,40,bytes_u,8,4,,cuda,NVIDIA GeForce RTX 2080 Ti,Intel(R) Xeon(R) Silver 4114 CPU @ 2.20GHz x8 threads,12,124401408,NVIDIA GeForce RTX 2080 Ti,0.0,measured,,
gpt2,512,Kpre,int,40,fs_hash,8,4,,cuda,NVIDIA GeForce RTX 2080 Ti,Intel(R) Xeon(R) Silver 4114 CPU @ 2.20GHz x8 threads,12,124401408,NVIDIA GeForce RTX 2080 Ti,1.5124678611755371e-06,measured,,
gpt2,512,Kpre,int,40,prove_fold,8,4,,cuda,NVIDIA GeForce RTX 2080 Ti,Intel(R) Xeon(R) Silver 4114 CPU @ 2.20GHz x8 threads,12,124401408,NVIDIA GeForce RTX 2080 Ti,0.0,measured,,
gpt2,512,Kpre,int,40,prove_forward,8,4,,cuda,NVIDIA GeForce RTX 2080 Ti,Intel(R) Xeon(R) Silver 4114 CPU @ 2.20GHz x8 threads,12,124401408,NVIDIA GeForce RTX 2080 Ti,0.2124512903392315,measured,,
gpt2,512,Kpre,int,40,verifier_precompute,8,4,,cuda,NVIDIA GeForce RTX 2080 Ti,Intel(R) Xeon(R) Silver 4114 CPU @ 2.20GHz x8 threads,12,124401408,NVIDIA GeForce RTX 2080 Ti,1.6939418576657772,measured,,
gpt2,512,Kpre,int,40,verify_derive,8,4,,cuda,NVIDIA GeForce RTX 2080 Ti,Intel(R) Xeon(R) Silver 4114 CPU @ 2.20GHz x8 threads,12,124401408,NVIDIA GeForce RTX 2080 Ti,0.9690146893262863,measured,,
gpt2,512,Kpre,int,40,verify_fold,8,4,,cuda,NVIDIA GeForce RTX 2080 Ti,Intel(R) Xeon(R) Silver 4114 CPU @ 2.20GHz x8 threads,12,124401408,NVIDIA GeForce RTX 2080 Ti,0.0,measured,,
gpt2,512,Kpre,int,40,verify_products,8,4,,cuda,NVIDIA GeForce RTX 2080 Ti,Intel(R) Xeon(R) Silver 4114 CPU @ 2.20GHz x8 threads,12,124401408,NVIDIA GeForce RTX 2080 Ti,0.3910931907594204,measured,,
gpt2,512,Kpre,int,80,bytes_claims,8,4,,cuda,NVIDIA GeForce RTX 2080 Ti,Intel(R) Xeon(R) Silver 4114 CPU @ 2.20GHz x8 threads,12,124401408,NVIDIA GeForce RTX 2080 Ti,173216068.0,measured,,
gpt2,512,Kpre,int,80,bytes_columns,8,4,,cuda,NVIDIA GeForce RTX 2080 Ti,Intel(R) Xeon(R) Silver 4114 CPU @ 2.20GHz x8 threads,12,124401408,NVIDIA GeForce RTX 2080 Ti,0.0,measured,,
gpt2,512,Kpre,int,80,bytes_paths,8,4,,cuda,NVIDIA GeForce RTX 2080 Ti,Intel(R) Xeon(R) Silver 4114 CPU @ 2.20GHz x8 threads,12,124401408,NVIDIA GeForce RTX 2080 Ti,0.0,measured,,
gpt2,512,Kpre,int,80,bytes_total,8,4,,cuda,NVIDIA GeForce RTX 2080 Ti,Intel(R) Xeon(R) Silver 4114 CPU @ 2.20GHz x8 threads,12,124401408,NVIDIA GeForce RTX 2080 Ti,173216068.0,measured,,
gpt2,512,Kpre,int,80,bytes_u,8,4,,cuda,NVIDIA GeForce RTX 2080 Ti,Intel(R) Xeon(R) Silver 4114 CPU @ 2.20GHz x8 threads,12,124401408,NVIDIA GeForce RTX 2080 Ti,0.0,measured,,
gpt2,512,Kpre,int,80,fs_hash,8,4,,cuda,NVIDIA GeForce RTX 2080 Ti,Intel(R) Xeon(R) Silver 4114 CPU @ 2.20GHz x8 threads,12,124401408,NVIDIA GeForce RTX 2080 Ti,1.477077603340149e-06,measured,,
gpt2,512,Kpre,int,80,prove_fold,8,4,,cuda,NVIDIA GeForce RTX 2080 Ti,Intel(R) Xeon(R) Silver 4114 CPU @ 2.20GHz x8 threads,12,124401408,NVIDIA GeForce RTX 2080 Ti,0.0,measured,,
gpt2,512,Kpre,int,80,prove_forward,8,4,,cuda,NVIDIA GeForce RTX 2080 Ti,Intel(R) Xeon(R) Silver 4114 CPU @ 2.20GHz x8 threads,12,124401408,NVIDIA GeForce RTX 2080 Ti,0.16460149362683296,measured,,
gpt2,512,Kpre,int,80,verifier_precompute,8,4,,cuda,NVIDIA GeForce RTX 2080 Ti,Intel(R) Xeon(R) Silver 4114 CPU @ 2.20GHz x8 threads,12,124401408,NVIDIA GeForce RTX 2080 Ti,1.685266885906458,measured,,
gpt2,512,Kpre,int,80,verify_derive,8,4,,cuda,NVIDIA GeForce RTX 2080 Ti,Intel(R) Xeon(R) Silver 4114 CPU @ 2.20GHz x8 threads,12,124401408,NVIDIA GeForce RTX 2080 Ti,0.9728002063930035,measured,,
gpt2,512,Kpre,int,80,verify_fold,8,4,,cuda,NVIDIA GeForce RTX 2080 Ti,Intel(R) Xeon(R) Silver 4114 CPU @ 2.20GHz x8 threads,12,124401408,NVIDIA GeForce RTX 2080 Ti,0.0,measured,,
gpt2,512,Kpre,int,80,verify_products,8,4,,cuda,NVIDIA GeForce RTX 2080 Ti,Intel(R) Xeon(R) Silver 4114 CPU @ 2.20GHz x8 threads,12,124401408,NVIDIA GeForce RTX 2080 Ti,0.3993047699332237,measured,,
gpt2,64,C,fs,128,bytes_claims,8,4,,cuda,NVIDIA GeForce RTX 2080 Ti,Intel(R) Xeon(R) Silver 4114 CPU @ 2.20GHz x8 threads,12,124401408,NVIDIA GeForce RTX 2080 Ti,21827908.0,measured,,
gpt2,64,C,fs,128,bytes_columns,8,4,,cuda,NVIDIA GeForce RTX 2080 Ti,Intel(R) Xeon(R) Silver 4114 CPU @ 2.20GHz x8 threads,12,124401408,NVIDIA GeForce RTX 2080 Ti,53894800.0,measured,,
gpt2,64,C,fs,128,bytes_paths,8,4,,cuda,NVIDIA GeForce RTX 2080 Ti,Intel(R) Xeon(R) Silver 4114 CPU @ 2.20GHz x8 threads,12,124401408,NVIDIA GeForce RTX 2080 Ti,2976000.0,measured,,
gpt2,64,C,fs,128,bytes_paths_multiproof,8,4,,cuda,NVIDIA GeForce RTX 2080 Ti,Intel(R) Xeon(R) Silver 4114 CPU @ 2.20GHz x8 threads,12,124401408,NVIDIA GeForce RTX 2080 Ti,1185228.59,measured,,
gpt2,64,C,fs,128,bytes_total,8,4,,cuda,NVIDIA GeForce RTX 2080 Ti,Intel(R) Xeon(R) Silver 4114 CPU @ 2.20GHz x8 threads,12,124401408,NVIDIA GeForce RTX 2080 Ti,82480528.0,measured,,
gpt2,64,C,fs,128,bytes_total_multiproof,8,4,,cuda,NVIDIA GeForce RTX 2080 Ti,Intel(R) Xeon(R) Silver 4114 CPU @ 2.20GHz x8 threads,12,124401408,NVIDIA GeForce RTX 2080 Ti,80689756.59,measured,,
gpt2,64,C,fs,128,bytes_u,8,4,,cuda,NVIDIA GeForce RTX 2080 Ti,Intel(R) Xeon(R) Silver 4114 CPU @ 2.20GHz x8 threads,12,124401408,NVIDIA GeForce RTX 2080 Ti,3781820.0,measured,,
gpt2,64,C,fs,128,fs_hash,8,4,,cuda,NVIDIA GeForce RTX 2080 Ti,Intel(R) Xeon(R) Silver 4114 CPU @ 2.20GHz x8 threads,12,124401408,NVIDIA GeForce RTX 2080 Ti,0.1539714615792036,measured,,
gpt2,64,C,fs,128,prove_fold,8,4,,cuda,NVIDIA GeForce RTX 2080 Ti,Intel(R) Xeon(R) Silver 4114 CPU @ 2.20GHz x8 threads,12,124401408,NVIDIA GeForce RTX 2080 Ti,0.15916514582931995,measured,,
gpt2,64,C,fs,128,prove_forward,8,4,,cuda,NVIDIA GeForce RTX 2080 Ti,Intel(R) Xeon(R) Silver 4114 CPU @ 2.20GHz x8 threads,12,124401408,NVIDIA GeForce RTX 2080 Ti,0.09215411357581615,measured,,
gpt2,64,C,fs,128,prove_open,8,4,,cuda,NVIDIA GeForce RTX 2080 Ti,Intel(R) Xeon(R) Silver 4114 CPU @ 2.20GHz x8 threads,12,124401408,NVIDIA GeForce RTX 2080 Ti,0.22820214368402958,measured,,
gpt2,64,C,fs,128,verify_columns,8,4,,cuda,NVIDIA GeForce RTX 2080 Ti,Intel(R) Xeon(R) Silver 4114 CPU @ 2.20GHz x8 threads,12,124401408,NVIDIA GeForce RTX 2080 Ti,0.9188409578055143,measured,,
gpt2,64,C,fs,128,verify_derive,8,4,,cuda,NVIDIA GeForce RTX 2080 Ti,Intel(R) Xeon(R) Silver 4114 CPU @ 2.20GHz x8 threads,12,124401408,NVIDIA GeForce RTX 2080 Ti,0.1027511041611433,measured,,
gpt2,64,C,fs,128,verify_fold,8,4,,cuda,NVIDIA GeForce RTX 2080 Ti,Intel(R) Xeon(R) Silver 4114 CPU @ 2.20GHz x8 threads,12,124401408,NVIDIA GeForce RTX 2080 Ti,0.0,measured,,
gpt2,64,C,fs,128,verify_products,8,4,,cuda,NVIDIA GeForce RTX 2080 Ti,Intel(R) Xeon(R) Silver 4114 CPU @ 2.20GHz x8 threads,12,124401408,NVIDIA GeForce RTX 2080 Ti,0.21171730943024158,measured,,
gpt2,64,C,fs,40,bytes_claims,8,4,,cuda,NVIDIA GeForce RTX 2080 Ti,Intel(R) Xeon(R) Silver 4114 CPU @ 2.20GHz x8 threads,12,124401408,NVIDIA GeForce RTX 2080 Ti,21827908.0,measured,,
gpt2,64,C,fs,40,bytes_columns,8,4,,cuda,NVIDIA GeForce RTX 2080 Ti,Intel(R) Xeon(R) Silver 4114 CPU @ 2.20GHz x8 threads,12,124401408,NVIDIA GeForce RTX 2080 Ti,30181088.0,measured,,
gpt2,64,C,fs,40,bytes_paths,8,4,,cuda,NVIDIA GeForce RTX 2080 Ti,Intel(R) Xeon(R) Silver 4114 CPU @ 2.20GHz x8 threads,12,124401408,NVIDIA GeForce RTX 2080 Ti,1666560.0,measured,,
gpt2,64,C,fs,40,bytes_paths_multiproof,8,4,,cuda,NVIDIA GeForce RTX 2080 Ti,Intel(R) Xeon(R) Silver 4114 CPU @ 2.20GHz x8 threads,12,124401408,NVIDIA GeForce RTX 2080 Ti,773660.492,measured,,
gpt2,64,C,fs,40,bytes_total,8,4,,cuda,NVIDIA GeForce RTX 2080 Ti,Intel(R) Xeon(R) Silver 4114 CPU @ 2.20GHz x8 threads,12,124401408,NVIDIA GeForce RTX 2080 Ti,55836596.0,measured,,
gpt2,64,C,fs,40,bytes_total_multiproof,8,4,,cuda,NVIDIA GeForce RTX 2080 Ti,Intel(R) Xeon(R) Silver 4114 CPU @ 2.20GHz x8 threads,12,124401408,NVIDIA GeForce RTX 2080 Ti,54943696.492,measured,,
gpt2,64,C,fs,40,bytes_u,8,4,,cuda,NVIDIA GeForce RTX 2080 Ti,Intel(R) Xeon(R) Silver 4114 CPU @ 2.20GHz x8 threads,12,124401408,NVIDIA GeForce RTX 2080 Ti,2161040.0,measured,,
gpt2,64,C,fs,40,fs_hash,8,4,,cuda,NVIDIA GeForce RTX 2080 Ti,Intel(R) Xeon(R) Silver 4114 CPU @ 2.20GHz x8 threads,12,124401408,NVIDIA GeForce RTX 2080 Ti,0.15310440585017204,measured,,
gpt2,64,C,fs,40,prove_fold,8,4,,cuda,NVIDIA GeForce RTX 2080 Ti,Intel(R) Xeon(R) Silver 4114 CPU @ 2.20GHz x8 threads,12,124401408,NVIDIA GeForce RTX 2080 Ti,0.1741655319929123,measured,,
gpt2,64,C,fs,40,prove_forward,8,4,,cuda,NVIDIA GeForce RTX 2080 Ti,Intel(R) Xeon(R) Silver 4114 CPU @ 2.20GHz x8 threads,12,124401408,NVIDIA GeForce RTX 2080 Ti,0.09747025743126869,measured,,
gpt2,64,C,fs,40,prove_open,8,4,,cuda,NVIDIA GeForce RTX 2080 Ti,Intel(R) Xeon(R) Silver 4114 CPU @ 2.20GHz x8 threads,12,124401408,NVIDIA GeForce RTX 2080 Ti,0.14367414079606533,measured,,
gpt2,64,C,fs,40,verify_columns,8,4,,cuda,NVIDIA GeForce RTX 2080 Ti,Intel(R) Xeon(R) Silver 4114 CPU @ 2.20GHz x8 threads,12,124401408,NVIDIA GeForce RTX 2080 Ti,0.6281412318348885,measured,,
gpt2,64,C,fs,40,verify_derive,8,4,,cuda,NVIDIA GeForce RTX 2080 Ti,Intel(R) Xeon(R) Silver 4114 CPU @ 2.20GHz x8 threads,12,124401408,NVIDIA GeForce RTX 2080 Ti,0.11357065662741661,measured,,
gpt2,64,C,fs,40,verify_fold,8,4,,cuda,NVIDIA GeForce RTX 2080 Ti,Intel(R) Xeon(R) Silver 4114 CPU @ 2.20GHz x8 threads,12,124401408,NVIDIA GeForce RTX 2080 Ti,0.0,measured,,
gpt2,64,C,fs,40,verify_products,8,4,,cuda,NVIDIA GeForce RTX 2080 Ti,Intel(R) Xeon(R) Silver 4114 CPU @ 2.20GHz x8 threads,12,124401408,NVIDIA GeForce RTX 2080 Ti,0.20021210797131062,measured,,
gpt2,64,C,fs,80,bytes_claims,8,4,,cuda,NVIDIA GeForce RTX 2080 Ti,Intel(R) Xeon(R) Silver 4114 CPU @ 2.20GHz x8 threads,12,124401408,NVIDIA GeForce RTX 2080 Ti,21827908.0,measured,,
gpt2,64,C,fs,80,bytes_columns,8,4,,cuda,NVIDIA GeForce RTX 2080 Ti,Intel(R) Xeon(R) Silver 4114 CPU @ 2.20GHz x8 threads,12,124401408,NVIDIA GeForce RTX 2080 Ti,40960048.0,measured,,
gpt2,64,C,fs,80,bytes_paths,8,4,,cuda,NVIDIA GeForce RTX 2080 Ti,Intel(R) Xeon(R) Silver 4114 CPU @ 2.20GHz x8 threads,12,124401408,NVIDIA GeForce RTX 2080 Ti,2261760.0,measured,,
gpt2,64,C,fs,80,bytes_paths_multiproof,8,4,,cuda,NVIDIA GeForce RTX 2080 Ti,Intel(R) Xeon(R) Silver 4114 CPU @ 2.20GHz x8 threads,12,124401408,NVIDIA GeForce RTX 2080 Ti,971078.506,measured,,
gpt2,64,C,fs,80,bytes_total,8,4,,cuda,NVIDIA GeForce RTX 2080 Ti,Intel(R) Xeon(R) Silver 4114 CPU @ 2.20GHz x8 threads,12,124401408,NVIDIA GeForce RTX 2080 Ti,67751016.0,measured,,
gpt2,64,C,fs,80,bytes_total_multiproof,8,4,,cuda,NVIDIA GeForce RTX 2080 Ti,Intel(R) Xeon(R) Silver 4114 CPU @ 2.20GHz x8 threads,12,124401408,NVIDIA GeForce RTX 2080 Ti,66460334.506,measured,,
gpt2,64,C,fs,80,bytes_u,8,4,,cuda,NVIDIA GeForce RTX 2080 Ti,Intel(R) Xeon(R) Silver 4114 CPU @ 2.20GHz x8 threads,12,124401408,NVIDIA GeForce RTX 2080 Ti,2701300.0,measured,,
gpt2,64,C,fs,80,fs_hash,8,4,,cuda,NVIDIA GeForce RTX 2080 Ti,Intel(R) Xeon(R) Silver 4114 CPU @ 2.20GHz x8 threads,12,124401408,NVIDIA GeForce RTX 2080 Ti,0.14609949849545956,measured,,
gpt2,64,C,fs,80,prove_fold,8,4,,cuda,NVIDIA GeForce RTX 2080 Ti,Intel(R) Xeon(R) Silver 4114 CPU @ 2.20GHz x8 threads,12,124401408,NVIDIA GeForce RTX 2080 Ti,0.16670485958456993,measured,,
gpt2,64,C,fs,80,prove_forward,8,4,,cuda,NVIDIA GeForce RTX 2080 Ti,Intel(R) Xeon(R) Silver 4114 CPU @ 2.20GHz x8 threads,12,124401408,NVIDIA GeForce RTX 2080 Ti,0.0925457812845707,measured,,
gpt2,64,C,fs,80,prove_open,8,4,,cuda,NVIDIA GeForce RTX 2080 Ti,Intel(R) Xeon(R) Silver 4114 CPU @ 2.20GHz x8 threads,12,124401408,NVIDIA GeForce RTX 2080 Ti,0.19210177659988403,measured,,
gpt2,64,C,fs,80,verify_columns,8,4,,cuda,NVIDIA GeForce RTX 2080 Ti,Intel(R) Xeon(R) Silver 4114 CPU @ 2.20GHz x8 threads,12,124401408,NVIDIA GeForce RTX 2080 Ti,0.7359451409429312,measured,,
gpt2,64,C,fs,80,verify_derive,8,4,,cuda,NVIDIA GeForce RTX 2080 Ti,Intel(R) Xeon(R) Silver 4114 CPU @ 2.20GHz x8 threads,12,124401408,NVIDIA GeForce RTX 2080 Ti,0.11000711657106876,measured,,
gpt2,64,C,fs,80,verify_fold,8,4,,cuda,NVIDIA GeForce RTX 2080 Ti,Intel(R) Xeon(R) Silver 4114 CPU @ 2.20GHz x8 threads,12,124401408,NVIDIA GeForce RTX 2080 Ti,0.0,measured,,
gpt2,64,C,fs,80,verify_products,8,4,,cuda,NVIDIA GeForce RTX 2080 Ti,Intel(R) Xeon(R) Silver 4114 CPU @ 2.20GHz x8 threads,12,124401408,NVIDIA GeForce RTX 2080 Ti,0.1922487374395132,measured,,
gpt2,64,C,int,128,bytes_claims,1,4,_thr1,cuda,NVIDIA GeForce RTX 2080 Ti,Intel(R) Xeon(R) Silver 4114 CPU @ 2.20GHz x1 threads,12,124401408,NVIDIA GeForce RTX 2080 Ti,21827908.0,measured,,
gpt2,64,C,int,128,bytes_claims,8,16,,cuda,NVIDIA GeForce RTX 2080 Ti,Intel(R) Xeon(R) Silver 4114 CPU @ 2.20GHz x8 threads,12,124401408,NVIDIA GeForce RTX 2080 Ti,21827908.0,measured,,
gpt2,64,C,int,128,bytes_claims,8,4,,cuda,NVIDIA GeForce RTX 2080 Ti,Intel(R) Xeon(R) Silver 4114 CPU @ 2.20GHz x8 threads,12,124401408,NVIDIA GeForce RTX 2080 Ti,21827908.0,measured,,
gpt2,64,C,int,128,bytes_columns,1,4,_thr1,cuda,NVIDIA GeForce RTX 2080 Ti,Intel(R) Xeon(R) Silver 4114 CPU @ 2.20GHz x1 threads,12,124401408,NVIDIA GeForce RTX 2080 Ti,36648464.0,measured,,
gpt2,64,C,int,128,bytes_columns,8,16,,cuda,NVIDIA GeForce RTX 2080 Ti,Intel(R) Xeon(R) Silver 4114 CPU @ 2.20GHz x8 threads,12,124401408,NVIDIA GeForce RTX 2080 Ti,18324232.0,measured,,
gpt2,64,C,int,128,bytes_columns,8,4,,cuda,NVIDIA GeForce RTX 2080 Ti,Intel(R) Xeon(R) Silver 4114 CPU @ 2.20GHz x8 threads,12,124401408,NVIDIA GeForce RTX 2080 Ti,36648464.0,measured,,
gpt2,64,C,int,128,bytes_paths,1,4,_thr1,cuda,NVIDIA GeForce RTX 2080 Ti,Intel(R) Xeon(R) Silver 4114 CPU @ 2.20GHz x1 threads,12,124401408,NVIDIA GeForce RTX 2080 Ti,896384.0,measured,,
gpt2,64,C,int,128,bytes_paths,8,16,,cuda,NVIDIA GeForce RTX 2080 Ti,Intel(R) Xeon(R) Silver 4114 CPU @ 2.20GHz x8 threads,12,124401408,NVIDIA GeForce RTX 2080 Ti,689376.0,measured,,
gpt2,64,C,int,128,bytes_paths,8,4,,cuda,NVIDIA GeForce RTX 2080 Ti,Intel(R) Xeon(R) Silver 4114 CPU @ 2.20GHz x8 threads,12,124401408,NVIDIA GeForce RTX 2080 Ti,2023680.0,measured,,
gpt2,64,C,int,128,bytes_paths_multiproof,8,4,,cuda,NVIDIA GeForce RTX 2080 Ti,Intel(R) Xeon(R) Silver 4114 CPU @ 2.20GHz x8 threads,12,124401408,NVIDIA GeForce RTX 2080 Ti,894498.815,measured,,
gpt2,64,C,int,128,bytes_total,1,4,_thr1,cuda,NVIDIA GeForce RTX 2080 Ti,Intel(R) Xeon(R) Silver 4114 CPU @ 2.20GHz x1 threads,12,124401408,NVIDIA GeForce RTX 2080 Ti,62074056.0,measured,,
gpt2,64,C,int,128,bytes_total,8,16,,cuda,NVIDIA GeForce RTX 2080 Ti,Intel(R) Xeon(R) Silver 4114 CPU @ 2.20GHz x8 threads,12,124401408,NVIDIA GeForce RTX 2080 Ti,43542816.0,measured,,
gpt2,64,C,int,128,bytes_total,8,4,,cuda,NVIDIA GeForce RTX 2080 Ti,Intel(R) Xeon(R) Silver 4114 CPU @ 2.20GHz x8 threads,12,124401408,NVIDIA GeForce RTX 2080 Ti,63201352.0,measured,,
gpt2,64,C,int,128,bytes_total_multiproof,8,4,,cuda,NVIDIA GeForce RTX 2080 Ti,Intel(R) Xeon(R) Silver 4114 CPU @ 2.20GHz x8 threads,12,124401408,NVIDIA GeForce RTX 2080 Ti,62072170.815,measured,,
gpt2,64,C,int,128,bytes_u,1,4,_thr1,cuda,NVIDIA GeForce RTX 2080 Ti,Intel(R) Xeon(R) Silver 4114 CPU @ 2.20GHz x1 threads,12,124401408,NVIDIA GeForce RTX 2080 Ti,2701300.0,measured,,
gpt2,64,C,int,128,bytes_u,8,16,,cuda,NVIDIA GeForce RTX 2080 Ti,Intel(R) Xeon(R) Silver 4114 CPU @ 2.20GHz x8 threads,12,124401408,NVIDIA GeForce RTX 2080 Ti,2701300.0,measured,,
gpt2,64,C,int,128,bytes_u,8,4,,cuda,NVIDIA GeForce RTX 2080 Ti,Intel(R) Xeon(R) Silver 4114 CPU @ 2.20GHz x8 threads,12,124401408,NVIDIA GeForce RTX 2080 Ti,2701300.0,measured,,
gpt2,64,C,int,128,fs_hash,1,4,_thr1,cuda,NVIDIA GeForce RTX 2080 Ti,Intel(R) Xeon(R) Silver 4114 CPU @ 2.20GHz x1 threads,12,124401408,NVIDIA GeForce RTX 2080 Ti,1.389533281326294e-06,measured,,
gpt2,64,C,int,128,fs_hash,8,16,,cuda,NVIDIA GeForce RTX 2080 Ti,Intel(R) Xeon(R) Silver 4114 CPU @ 2.20GHz x8 threads,12,124401408,NVIDIA GeForce RTX 2080 Ti,1.4691613614559174e-06,measured,,
gpt2,64,C,int,128,fs_hash,8,4,,cuda,NVIDIA GeForce RTX 2080 Ti,Intel(R) Xeon(R) Silver 4114 CPU @ 2.20GHz x8 threads,12,124401408,NVIDIA GeForce RTX 2080 Ti,1.3597309589385986e-06,measured,,
gpt2,64,C,int,128,prove_fold,1,4,_thr1,cuda,NVIDIA GeForce RTX 2080 Ti,Intel(R) Xeon(R) Silver 4114 CPU @ 2.20GHz x1 threads,12,124401408,NVIDIA GeForce RTX 2080 Ti,0.1857764907181263,measured,,
gpt2,64,C,int,128,prove_fold,8,16,,cuda,NVIDIA GeForce RTX 2080 Ti,Intel(R) Xeon(R) Silver 4114 CPU @ 2.20GHz x8 threads,12,124401408,NVIDIA GeForce RTX 2080 Ti,0.23969275085255504,measured,,
gpt2,64,C,int,128,prove_fold,8,4,,cuda,NVIDIA GeForce RTX 2080 Ti,Intel(R) Xeon(R) Silver 4114 CPU @ 2.20GHz x8 threads,12,124401408,NVIDIA GeForce RTX 2080 Ti,0.15849864296615124,measured,,
gpt2,64,C,int,128,prove_forward,1,4,_thr1,cuda,NVIDIA GeForce RTX 2080 Ti,Intel(R) Xeon(R) Silver 4114 CPU @ 2.20GHz x1 threads,12,124401408,NVIDIA GeForce RTX 2080 Ti,0.10809886455535889,measured,,
gpt2,64,C,int,128,prove_forward,8,16,,cuda,NVIDIA GeForce RTX 2080 Ti,Intel(R) Xeon(R) Silver 4114 CPU @ 2.20GHz x8 threads,12,124401408,NVIDIA GeForce RTX 2080 Ti,0.13930231099948287,measured,,
gpt2,64,C,int,128,prove_forward,8,4,,cuda,NVIDIA GeForce RTX 2080 Ti,Intel(R) Xeon(R) Silver 4114 CPU @ 2.20GHz x8 threads,12,124401408,NVIDIA GeForce RTX 2080 Ti,0.09102519601583481,measured,,
gpt2,64,C,int,128,prove_open,1,4,_thr1,cuda,NVIDIA GeForce RTX 2080 Ti,Intel(R) Xeon(R) Silver 4114 CPU @ 2.20GHz x1 threads,12,124401408,NVIDIA GeForce RTX 2080 Ti,0.23164791986346245,measured,,
gpt2,64,C,int,128,prove_open,8,16,,cuda,NVIDIA GeForce RTX 2080 Ti,Intel(R) Xeon(R) Silver 4114 CPU @ 2.20GHz x8 threads,12,124401408,NVIDIA GeForce RTX 2080 Ti,0.17912320094183087,measured,,
gpt2,64,C,int,128,prove_open,8,4,,cuda,NVIDIA GeForce RTX 2080 Ti,Intel(R) Xeon(R) Silver 4114 CPU @ 2.20GHz x8 threads,12,124401408,NVIDIA GeForce RTX 2080 Ti,0.18944797851145267,measured,,
gpt2,64,C,int,128,verify_columns,1,4,_thr1,cuda,NVIDIA GeForce RTX 2080 Ti,Intel(R) Xeon(R) Silver 4114 CPU @ 2.20GHz x1 threads,12,124401408,NVIDIA GeForce RTX 2080 Ti,0.9821749478578568,measured,,
gpt2,64,C,int,128,verify_columns,8,16,,cuda,NVIDIA GeForce RTX 2080 Ti,Intel(R) Xeon(R) Silver 4114 CPU @ 2.20GHz x8 threads,12,124401408,NVIDIA GeForce RTX 2080 Ti,0.6878368752077222,measured,,
gpt2,64,C,int,128,verify_columns,8,4,,cuda,NVIDIA GeForce RTX 2080 Ti,Intel(R) Xeon(R) Silver 4114 CPU @ 2.20GHz x8 threads,12,124401408,NVIDIA GeForce RTX 2080 Ti,0.6850829012691975,measured,,
gpt2,64,C,int,128,verify_derive,1,4,_thr1,cuda,NVIDIA GeForce RTX 2080 Ti,Intel(R) Xeon(R) Silver 4114 CPU @ 2.20GHz x1 threads,12,124401408,NVIDIA GeForce RTX 2080 Ti,0.16708159819245338,measured,,
gpt2,64,C,int,128,verify_derive,8,16,,cuda,NVIDIA GeForce RTX 2080 Ti,Intel(R) Xeon(R) Silver 4114 CPU @ 2.20GHz x8 threads,12,124401408,NVIDIA GeForce RTX 2080 Ti,0.13608339382335544,measured,,
gpt2,64,C,int,128,verify_derive,8,4,,cuda,NVIDIA GeForce RTX 2080 Ti,Intel(R) Xeon(R) Silver 4114 CPU @ 2.20GHz x8 threads,12,124401408,NVIDIA GeForce RTX 2080 Ti,0.10765167139470577,measured,,
gpt2,64,C,int,128,verify_fold,1,4,_thr1,cuda,NVIDIA GeForce RTX 2080 Ti,Intel(R) Xeon(R) Silver 4114 CPU @ 2.20GHz x1 threads,12,124401408,NVIDIA GeForce RTX 2080 Ti,0.0,measured,,
gpt2,64,C,int,128,verify_fold,8,16,,cuda,NVIDIA GeForce RTX 2080 Ti,Intel(R) Xeon(R) Silver 4114 CPU @ 2.20GHz x8 threads,12,124401408,NVIDIA GeForce RTX 2080 Ti,0.0,measured,,
gpt2,64,C,int,128,verify_fold,8,4,,cuda,NVIDIA GeForce RTX 2080 Ti,Intel(R) Xeon(R) Silver 4114 CPU @ 2.20GHz x8 threads,12,124401408,NVIDIA GeForce RTX 2080 Ti,0.0,measured,,
gpt2,64,C,int,128,verify_products,1,4,_thr1,cuda,NVIDIA GeForce RTX 2080 Ti,Intel(R) Xeon(R) Silver 4114 CPU @ 2.20GHz x1 threads,12,124401408,NVIDIA GeForce RTX 2080 Ti,0.2647244781255722,measured,,
gpt2,64,C,int,128,verify_products,8,16,,cuda,NVIDIA GeForce RTX 2080 Ti,Intel(R) Xeon(R) Silver 4114 CPU @ 2.20GHz x8 threads,12,124401408,NVIDIA GeForce RTX 2080 Ti,0.2695769602432847,measured,,
gpt2,64,C,int,128,verify_products,8,4,,cuda,NVIDIA GeForce RTX 2080 Ti,Intel(R) Xeon(R) Silver 4114 CPU @ 2.20GHz x8 threads,12,124401408,NVIDIA GeForce RTX 2080 Ti,0.1923736985772848,measured,,
gpt2,64,C,int,40,bytes_claims,1,4,_thr1,cuda,NVIDIA GeForce RTX 2080 Ti,Intel(R) Xeon(R) Silver 4114 CPU @ 2.20GHz x1 threads,12,124401408,NVIDIA GeForce RTX 2080 Ti,21827908.0,measured,,
gpt2,64,C,int,40,bytes_claims,8,16,,cuda,NVIDIA GeForce RTX 2080 Ti,Intel(R) Xeon(R) Silver 4114 CPU @ 2.20GHz x8 threads,12,124401408,NVIDIA GeForce RTX 2080 Ti,21827908.0,measured,,
gpt2,64,C,int,40,bytes_claims,8,4,,cuda,NVIDIA GeForce RTX 2080 Ti,Intel(R) Xeon(R) Silver 4114 CPU @ 2.20GHz x8 threads,12,124401408,NVIDIA GeForce RTX 2080 Ti,21827908.0,measured,,
gpt2,64,C,int,40,bytes_columns,1,4,_thr1,cuda,NVIDIA GeForce RTX 2080 Ti,Intel(R) Xeon(R) Silver 4114 CPU @ 2.20GHz x1 threads,12,124401408,NVIDIA GeForce RTX 2080 Ti,12934752.0,measured,,
gpt2,64,C,int,40,bytes_columns,8,16,,cuda,NVIDIA GeForce RTX 2080 Ti,Intel(R) Xeon(R) Silver 4114 CPU @ 2.20GHz x8 threads,12,124401408,NVIDIA GeForce RTX 2080 Ti,6467376.0,measured,,
gpt2,64,C,int,40,bytes_columns,8,4,,cuda,NVIDIA GeForce RTX 2080 Ti,Intel(R) Xeon(R) Silver 4114 CPU @ 2.20GHz x8 threads,12,124401408,NVIDIA GeForce RTX 2080 Ti,12934752.0,measured,,
gpt2,64,C,int,40,bytes_paths,1,4,_thr1,cuda,NVIDIA GeForce RTX 2080 Ti,Intel(R) Xeon(R) Silver 4114 CPU @ 2.20GHz x1 threads,12,124401408,NVIDIA GeForce RTX 2080 Ti,401984.0,measured,,
gpt2,64,C,int,40,bytes_paths,8,16,,cuda,NVIDIA GeForce RTX 2080 Ti,Intel(R) Xeon(R) Silver 4114 CPU @ 2.20GHz x8 threads,12,124401408,NVIDIA GeForce RTX 2080 Ti,287040.0,measured,,
gpt2,64,C,int,40,bytes_paths,8,4,,cuda,NVIDIA GeForce RTX 2080 Ti,Intel(R) Xeon(R) Silver 4114 CPU @ 2.20GHz x8 threads,12,124401408,NVIDIA GeForce RTX 2080 Ti,714240.0,measured,,
gpt2,64,C,int,40,bytes_paths_multiproof,8,4,,cuda,NVIDIA GeForce RTX 2080 Ti,Intel(R) Xeon(R) Silver 4114 CPU @ 2.20GHz x8 threads,12,124401408,NVIDIA GeForce RTX 2080 Ti,401777.029,measured,,
gpt2,64,C,int,40,bytes_total,1,4,_thr1,cuda,NVIDIA GeForce RTX 2080 Ti,Intel(R) Xeon(R) Silver 4114 CPU @ 2.20GHz x1 threads,12,124401408,NVIDIA GeForce RTX 2080 Ti,36245164.0,measured,,
gpt2,64,C,int,40,bytes_total,8,16,,cuda,NVIDIA GeForce RTX 2080 Ti,Intel(R) Xeon(R) Silver 4114 CPU @ 2.20GHz x8 threads,12,124401408,NVIDIA GeForce RTX 2080 Ti,29662844.0,measured,,
gpt2,64,C,int,40,bytes_total,8,4,,cuda,NVIDIA GeForce RTX 2080 Ti,Intel(R) Xeon(R) Silver 4114 CPU @ 2.20GHz x8 threads,12,124401408,NVIDIA GeForce RTX 2080 Ti,36557420.0,measured,,
gpt2,64,C,int,40,bytes_total_multiproof,8,4,,cuda,NVIDIA GeForce RTX 2080 Ti,Intel(R) Xeon(R) Silver 4114 CPU @ 2.20GHz x8 threads,12,124401408,NVIDIA GeForce RTX 2080 Ti,36244957.029,measured,,
gpt2,64,C,int,40,bytes_u,1,4,_thr1,cuda,NVIDIA GeForce RTX 2080 Ti,Intel(R) Xeon(R) Silver 4114 CPU @ 2.20GHz x1 threads,12,124401408,NVIDIA GeForce RTX 2080 Ti,1080520.0,measured,,
gpt2,64,C,int,40,bytes_u,8,16,,cuda,NVIDIA GeForce RTX 2080 Ti,Intel(R) Xeon(R) Silver 4114 CPU @ 2.20GHz x8 threads,12,124401408,NVIDIA GeForce RTX 2080 Ti,1080520.0,measured,,
gpt2,64,C,int,40,bytes_u,8,4,,cuda,NVIDIA GeForce RTX 2080 Ti,Intel(R) Xeon(R) Silver 4114 CPU @ 2.20GHz x8 threads,12,124401408,NVIDIA GeForce RTX 2080 Ti,1080520.0,measured,,
gpt2,64,C,int,40,fs_hash,1,4,_thr1,cuda,NVIDIA GeForce RTX 2080 Ti,Intel(R) Xeon(R) Silver 4114 CPU @ 2.20GHz x1 threads,12,124401408,NVIDIA GeForce RTX 2080 Ti,1.385807991027832e-06,measured,,
gpt2,64,C,int,40,fs_hash,8,16,,cuda,NVIDIA GeForce RTX 2080 Ti,Intel(R) Xeon(R) Silver 4114 CPU @ 2.20GHz x8 threads,12,124401408,NVIDIA GeForce RTX 2080 Ti,1.310836523771286e-06,measured,,
gpt2,64,C,int,40,fs_hash,8,4,,cuda,NVIDIA GeForce RTX 2080 Ti,Intel(R) Xeon(R) Silver 4114 CPU @ 2.20GHz x8 threads,12,124401408,NVIDIA GeForce RTX 2080 Ti,1.8309801816940308e-06,measured,,
gpt2,64,C,int,40,prove_fold,1,4,_thr1,cuda,NVIDIA GeForce RTX 2080 Ti,Intel(R) Xeon(R) Silver 4114 CPU @ 2.20GHz x1 threads,12,124401408,NVIDIA GeForce RTX 2080 Ti,0.18300313502550125,measured,,
gpt2,64,C,int,40,prove_fold,8,16,,cuda,NVIDIA GeForce RTX 2080 Ti,Intel(R) Xeon(R) Silver 4114 CPU @ 2.20GHz x8 threads,12,124401408,NVIDIA GeForce RTX 2080 Ti,0.23812386207282543,measured,,
gpt2,64,C,int,40,prove_fold,8,4,,cuda,NVIDIA GeForce RTX 2080 Ti,Intel(R) Xeon(R) Silver 4114 CPU @ 2.20GHz x8 threads,12,124401408,NVIDIA GeForce RTX 2080 Ti,0.16727854683995247,measured,,
gpt2,64,C,int,40,prove_forward,1,4,_thr1,cuda,NVIDIA GeForce RTX 2080 Ti,Intel(R) Xeon(R) Silver 4114 CPU @ 2.20GHz x1 threads,12,124401408,NVIDIA GeForce RTX 2080 Ti,0.10643672943115234,measured,,
gpt2,64,C,int,40,prove_forward,8,16,,cuda,NVIDIA GeForce RTX 2080 Ti,Intel(R) Xeon(R) Silver 4114 CPU @ 2.20GHz x8 threads,12,124401408,NVIDIA GeForce RTX 2080 Ti,0.13995915604755282,measured,,
gpt2,64,C,int,40,prove_forward,8,4,,cuda,NVIDIA GeForce RTX 2080 Ti,Intel(R) Xeon(R) Silver 4114 CPU @ 2.20GHz x8 threads,12,124401408,NVIDIA GeForce RTX 2080 Ti,0.0958625990897417,measured,,
gpt2,64,C,int,40,prove_open,1,4,_thr1,cuda,NVIDIA GeForce RTX 2080 Ti,Intel(R) Xeon(R) Silver 4114 CPU @ 2.20GHz x1 threads,12,124401408,NVIDIA GeForce RTX 2080 Ti,0.11928997933864594,measured,,
gpt2,64,C,int,40,prove_open,8,16,,cuda,NVIDIA GeForce RTX 2080 Ti,Intel(R) Xeon(R) Silver 4114 CPU @ 2.20GHz x8 threads,12,124401408,NVIDIA GeForce RTX 2080 Ti,0.14889838686212897,measured,,
gpt2,64,C,int,40,prove_open,8,4,,cuda,NVIDIA GeForce RTX 2080 Ti,Intel(R) Xeon(R) Silver 4114 CPU @ 2.20GHz x8 threads,12,124401408,NVIDIA GeForce RTX 2080 Ti,0.10977744124829769,measured,,
gpt2,64,C,int,40,verify_columns,1,4,_thr1,cuda,NVIDIA GeForce RTX 2080 Ti,Intel(R) Xeon(R) Silver 4114 CPU @ 2.20GHz x1 threads,12,124401408,NVIDIA GeForce RTX 2080 Ti,0.42471060901880264,measured,,
gpt2,64,C,int,40,verify_columns,8,16,,cuda,NVIDIA GeForce RTX 2080 Ti,Intel(R) Xeon(R) Silver 4114 CPU @ 2.20GHz x8 threads,12,124401408,NVIDIA GeForce RTX 2080 Ti,0.39797254279255867,measured,,
gpt2,64,C,int,40,verify_columns,8,4,,cuda,NVIDIA GeForce RTX 2080 Ti,Intel(R) Xeon(R) Silver 4114 CPU @ 2.20GHz x8 threads,12,124401408,NVIDIA GeForce RTX 2080 Ti,0.37559431232511997,measured,,
gpt2,64,C,int,40,verify_derive,1,4,_thr1,cuda,NVIDIA GeForce RTX 2080 Ti,Intel(R) Xeon(R) Silver 4114 CPU @ 2.20GHz x1 threads,12,124401408,NVIDIA GeForce RTX 2080 Ti,0.16535120829939842,measured,,
gpt2,64,C,int,40,verify_derive,8,16,,cuda,NVIDIA GeForce RTX 2080 Ti,Intel(R) Xeon(R) Silver 4114 CPU @ 2.20GHz x8 threads,12,124401408,NVIDIA GeForce RTX 2080 Ti,0.12909424770623446,measured,,
gpt2,64,C,int,40,verify_derive,8,4,,cuda,NVIDIA GeForce RTX 2080 Ti,Intel(R) Xeon(R) Silver 4114 CPU @ 2.20GHz x8 threads,12,124401408,NVIDIA GeForce RTX 2080 Ti,0.11598759144544601,measured,,
gpt2,64,C,int,40,verify_fold,1,4,_thr1,cuda,NVIDIA GeForce RTX 2080 Ti,Intel(R) Xeon(R) Silver 4114 CPU @ 2.20GHz x1 threads,12,124401408,NVIDIA GeForce RTX 2080 Ti,0.0,measured,,
gpt2,64,C,int,40,verify_fold,8,16,,cuda,NVIDIA GeForce RTX 2080 Ti,Intel(R) Xeon(R) Silver 4114 CPU @ 2.20GHz x8 threads,12,124401408,NVIDIA GeForce RTX 2080 Ti,0.0,measured,,
gpt2,64,C,int,40,verify_fold,8,4,,cuda,NVIDIA GeForce RTX 2080 Ti,Intel(R) Xeon(R) Silver 4114 CPU @ 2.20GHz x8 threads,12,124401408,NVIDIA GeForce RTX 2080 Ti,0.0,measured,,
gpt2,64,C,int,40,verify_products,1,4,_thr1,cuda,NVIDIA GeForce RTX 2080 Ti,Intel(R) Xeon(R) Silver 4114 CPU @ 2.20GHz x1 threads,12,124401408,NVIDIA GeForce RTX 2080 Ti,0.25250453501939774,measured,,
gpt2,64,C,int,40,verify_products,8,16,,cuda,NVIDIA GeForce RTX 2080 Ti,Intel(R) Xeon(R) Silver 4114 CPU @ 2.20GHz x8 threads,12,124401408,NVIDIA GeForce RTX 2080 Ti,0.24692822294309735,measured,,
gpt2,64,C,int,40,verify_products,8,4,,cuda,NVIDIA GeForce RTX 2080 Ti,Intel(R) Xeon(R) Silver 4114 CPU @ 2.20GHz x8 threads,12,124401408,NVIDIA GeForce RTX 2080 Ti,0.18896226584911346,measured,,
gpt2,64,C,int,80,bytes_claims,8,4,,cuda,NVIDIA GeForce RTX 2080 Ti,Intel(R) Xeon(R) Silver 4114 CPU @ 2.20GHz x8 threads,12,124401408,NVIDIA GeForce RTX 2080 Ti,21827908.0,measured,,
gpt2,64,C,int,80,bytes_columns,8,4,,cuda,NVIDIA GeForce RTX 2080 Ti,Intel(R) Xeon(R) Silver 4114 CPU @ 2.20GHz x8 threads,12,124401408,NVIDIA GeForce RTX 2080 Ti,23713712.0,measured,,
gpt2,64,C,int,80,bytes_paths,8,4,,cuda,NVIDIA GeForce RTX 2080 Ti,Intel(R) Xeon(R) Silver 4114 CPU @ 2.20GHz x8 threads,12,124401408,NVIDIA GeForce RTX 2080 Ti,1309440.0,measured,,
gpt2,64,C,int,80,bytes_paths_multiproof,8,4,,cuda,NVIDIA GeForce RTX 2080 Ti,Intel(R) Xeon(R) Silver 4114 CPU @ 2.20GHz x8 threads,12,124401408,NVIDIA GeForce RTX 2080 Ti,644212.017,measured,,
gpt2,64,C,int,80,bytes_total,8,4,,cuda,NVIDIA GeForce RTX 2080 Ti,Intel(R) Xeon(R) Silver 4114 CPU @ 2.20GHz x8 threads,12,124401408,NVIDIA GeForce RTX 2080 Ti,48471840.0,measured,,
gpt2,64,C,int,80,bytes_total_multiproof,8,4,,cuda,NVIDIA GeForce RTX 2080 Ti,Intel(R) Xeon(R) Silver 4114 CPU @ 2.20GHz x8 threads,12,124401408,NVIDIA GeForce RTX 2080 Ti,47806612.017,measured,,
gpt2,64,C,int,80,bytes_u,8,4,,cuda,NVIDIA GeForce RTX 2080 Ti,Intel(R) Xeon(R) Silver 4114 CPU @ 2.20GHz x8 threads,12,124401408,NVIDIA GeForce RTX 2080 Ti,1620780.0,measured,,
gpt2,64,C,int,80,fs_hash,8,4,,cuda,NVIDIA GeForce RTX 2080 Ti,Intel(R) Xeon(R) Silver 4114 CPU @ 2.20GHz x8 threads,12,124401408,NVIDIA GeForce RTX 2080 Ti,1.5329569578170776e-06,measured,,
gpt2,64,C,int,80,prove_fold,8,4,,cuda,NVIDIA GeForce RTX 2080 Ti,Intel(R) Xeon(R) Silver 4114 CPU @ 2.20GHz x8 threads,12,124401408,NVIDIA GeForce RTX 2080 Ti,0.17117940448224545,measured,,
gpt2,64,C,int,80,prove_forward,8,4,,cuda,NVIDIA GeForce RTX 2080 Ti,Intel(R) Xeon(R) Silver 4114 CPU @ 2.20GHz x8 threads,12,124401408,NVIDIA GeForce RTX 2080 Ti,0.0967031680047512,measured,,
gpt2,64,C,int,80,prove_open,8,4,,cuda,NVIDIA GeForce RTX 2080 Ti,Intel(R) Xeon(R) Silver 4114 CPU @ 2.20GHz x8 threads,12,124401408,NVIDIA GeForce RTX 2080 Ti,0.13802883215248585,measured,,
gpt2,64,C,int,80,verify_columns,8,4,,cuda,NVIDIA GeForce RTX 2080 Ti,Intel(R) Xeon(R) Silver 4114 CPU @ 2.20GHz x8 threads,12,124401408,NVIDIA GeForce RTX 2080 Ti,0.49311343394219875,measured,,
gpt2,64,C,int,80,verify_derive,8,4,,cuda,NVIDIA GeForce RTX 2080 Ti,Intel(R) Xeon(R) Silver 4114 CPU @ 2.20GHz x8 threads,12,124401408,NVIDIA GeForce RTX 2080 Ti,0.10582866705954075,measured,,
gpt2,64,C,int,80,verify_fold,8,4,,cuda,NVIDIA GeForce RTX 2080 Ti,Intel(R) Xeon(R) Silver 4114 CPU @ 2.20GHz x8 threads,12,124401408,NVIDIA GeForce RTX 2080 Ti,0.0,measured,,
gpt2,64,C,int,80,verify_products,8,4,,cuda,NVIDIA GeForce RTX 2080 Ti,Intel(R) Xeon(R) Silver 4114 CPU @ 2.20GHz x8 threads,12,124401408,NVIDIA GeForce RTX 2080 Ti,0.18268052861094475,measured,,
gpt2,64,K,int,128,bytes_claims,8,4,,cuda,NVIDIA GeForce RTX 2080 Ti,Intel(R) Xeon(R) Silver 4114 CPU @ 2.20GHz x8 threads,12,124401408,NVIDIA GeForce RTX 2080 Ti,21827908.0,measured,,
gpt2,64,K,int,128,bytes_columns,8,4,,cuda,NVIDIA GeForce RTX 2080 Ti,Intel(R) Xeon(R) Silver 4114 CPU @ 2.20GHz x8 threads,12,124401408,NVIDIA GeForce RTX 2080 Ti,0.0,measured,,
gpt2,64,K,int,128,bytes_paths,8,4,,cuda,NVIDIA GeForce RTX 2080 Ti,Intel(R) Xeon(R) Silver 4114 CPU @ 2.20GHz x8 threads,12,124401408,NVIDIA GeForce RTX 2080 Ti,0.0,measured,,
gpt2,64,K,int,128,bytes_total,8,4,,cuda,NVIDIA GeForce RTX 2080 Ti,Intel(R) Xeon(R) Silver 4114 CPU @ 2.20GHz x8 threads,12,124401408,NVIDIA GeForce RTX 2080 Ti,21827908.0,measured,,
gpt2,64,K,int,128,bytes_u,8,4,,cuda,NVIDIA GeForce RTX 2080 Ti,Intel(R) Xeon(R) Silver 4114 CPU @ 2.20GHz x8 threads,12,124401408,NVIDIA GeForce RTX 2080 Ti,0.0,measured,,
gpt2,64,K,int,128,fs_hash,8,4,,cuda,NVIDIA GeForce RTX 2080 Ti,Intel(R) Xeon(R) Silver 4114 CPU @ 2.20GHz x8 threads,12,124401408,NVIDIA GeForce RTX 2080 Ti,1.339241862297058e-06,measured,,
gpt2,64,K,int,128,prove_fold,8,4,,cuda,NVIDIA GeForce RTX 2080 Ti,Intel(R) Xeon(R) Silver 4114 CPU @ 2.20GHz x8 threads,12,124401408,NVIDIA GeForce RTX 2080 Ti,0.0,measured,,
gpt2,64,K,int,128,prove_forward,8,4,,cuda,NVIDIA GeForce RTX 2080 Ti,Intel(R) Xeon(R) Silver 4114 CPU @ 2.20GHz x8 threads,12,124401408,NVIDIA GeForce RTX 2080 Ti,0.05892873927950859,measured,,
gpt2,64,K,int,128,verify_derive,8,4,,cuda,NVIDIA GeForce RTX 2080 Ti,Intel(R) Xeon(R) Silver 4114 CPU @ 2.20GHz x8 threads,12,124401408,NVIDIA GeForce RTX 2080 Ti,0.0990227498114109,measured,,
gpt2,64,K,int,128,verify_fold,8,4,,cuda,NVIDIA GeForce RTX 2080 Ti,Intel(R) Xeon(R) Silver 4114 CPU @ 2.20GHz x8 threads,12,124401408,NVIDIA GeForce RTX 2080 Ti,1.6742832120507956,measured,,
gpt2,64,K,int,128,verify_products,8,4,,cuda,NVIDIA GeForce RTX 2080 Ti,Intel(R) Xeon(R) Silver 4114 CPU @ 2.20GHz x8 threads,12,124401408,NVIDIA GeForce RTX 2080 Ti,0.19500701688230038,measured,,
gpt2,64,K,int,40,bytes_claims,8,4,,cuda,NVIDIA GeForce RTX 2080 Ti,Intel(R) Xeon(R) Silver 4114 CPU @ 2.20GHz x8 threads,12,124401408,NVIDIA GeForce RTX 2080 Ti,21827908.0,measured,,
gpt2,64,K,int,40,bytes_columns,8,4,,cuda,NVIDIA GeForce RTX 2080 Ti,Intel(R) Xeon(R) Silver 4114 CPU @ 2.20GHz x8 threads,12,124401408,NVIDIA GeForce RTX 2080 Ti,0.0,measured,,
gpt2,64,K,int,40,bytes_paths,8,4,,cuda,NVIDIA GeForce RTX 2080 Ti,Intel(R) Xeon(R) Silver 4114 CPU @ 2.20GHz x8 threads,12,124401408,NVIDIA GeForce RTX 2080 Ti,0.0,measured,,
gpt2,64,K,int,40,bytes_total,8,4,,cuda,NVIDIA GeForce RTX 2080 Ti,Intel(R) Xeon(R) Silver 4114 CPU @ 2.20GHz x8 threads,12,124401408,NVIDIA GeForce RTX 2080 Ti,21827908.0,measured,,
gpt2,64,K,int,40,bytes_u,8,4,,cuda,NVIDIA GeForce RTX 2080 Ti,Intel(R) Xeon(R) Silver 4114 CPU @ 2.20GHz x8 threads,12,124401408,NVIDIA GeForce RTX 2080 Ti,0.0,measured,,
gpt2,64,K,int,40,fs_hash,8,4,,cuda,NVIDIA GeForce RTX 2080 Ti,Intel(R) Xeon(R) Silver 4114 CPU @ 2.20GHz x8 threads,12,124401408,NVIDIA GeForce RTX 2080 Ti,2.028420567512512e-06,measured,,
gpt2,64,K,int,40,prove_fold,8,4,,cuda,NVIDIA GeForce RTX 2080 Ti,Intel(R) Xeon(R) Silver 4114 CPU @ 2.20GHz x8 threads,12,124401408,NVIDIA GeForce RTX 2080 Ti,0.0,measured,,
gpt2,64,K,int,40,prove_forward,8,4,,cuda,NVIDIA GeForce RTX 2080 Ti,Intel(R) Xeon(R) Silver 4114 CPU @ 2.20GHz x8 threads,12,124401408,NVIDIA GeForce RTX 2080 Ti,0.07190756127238274,measured,,
gpt2,64,K,int,40,verify_derive,8,4,,cuda,NVIDIA GeForce RTX 2080 Ti,Intel(R) Xeon(R) Silver 4114 CPU @ 2.20GHz x8 threads,12,124401408,NVIDIA GeForce RTX 2080 Ti,0.11267958581447601,measured,,
gpt2,64,K,int,40,verify_fold,8,4,,cuda,NVIDIA GeForce RTX 2080 Ti,Intel(R) Xeon(R) Silver 4114 CPU @ 2.20GHz x8 threads,12,124401408,NVIDIA GeForce RTX 2080 Ti,2.1970436070114374,measured,,
gpt2,64,K,int,40,verify_products,8,4,,cuda,NVIDIA GeForce RTX 2080 Ti,Intel(R) Xeon(R) Silver 4114 CPU @ 2.20GHz x8 threads,12,124401408,NVIDIA GeForce RTX 2080 Ti,0.2054365836083889,measured,,
gpt2,64,K,int,80,bytes_claims,8,4,,cuda,NVIDIA GeForce RTX 2080 Ti,Intel(R) Xeon(R) Silver 4114 CPU @ 2.20GHz x8 threads,12,124401408,NVIDIA GeForce RTX 2080 Ti,21827908.0,measured,,
gpt2,64,K,int,80,bytes_columns,8,4,,cuda,NVIDIA GeForce RTX 2080 Ti,Intel(R) Xeon(R) Silver 4114 CPU @ 2.20GHz x8 threads,12,124401408,NVIDIA GeForce RTX 2080 Ti,0.0,measured,,
gpt2,64,K,int,80,bytes_paths,8,4,,cuda,NVIDIA GeForce RTX 2080 Ti,Intel(R) Xeon(R) Silver 4114 CPU @ 2.20GHz x8 threads,12,124401408,NVIDIA GeForce RTX 2080 Ti,0.0,measured,,
gpt2,64,K,int,80,bytes_total,8,4,,cuda,NVIDIA GeForce RTX 2080 Ti,Intel(R) Xeon(R) Silver 4114 CPU @ 2.20GHz x8 threads,12,124401408,NVIDIA GeForce RTX 2080 Ti,21827908.0,measured,,
gpt2,64,K,int,80,bytes_u,8,4,,cuda,NVIDIA GeForce RTX 2080 Ti,Intel(R) Xeon(R) Silver 4114 CPU @ 2.20GHz x8 threads,12,124401408,NVIDIA GeForce RTX 2080 Ti,0.0,measured,,
gpt2,64,K,int,80,fs_hash,8,4,,cuda,NVIDIA GeForce RTX 2080 Ti,Intel(R) Xeon(R) Silver 4114 CPU @ 2.20GHz x8 threads,12,124401408,NVIDIA GeForce RTX 2080 Ti,1.0542571544647217e-06,measured,,
gpt2,64,K,int,80,prove_fold,8,4,,cuda,NVIDIA GeForce RTX 2080 Ti,Intel(R) Xeon(R) Silver 4114 CPU @ 2.20GHz x8 threads,12,124401408,NVIDIA GeForce RTX 2080 Ti,0.0,measured,,
gpt2,64,K,int,80,prove_forward,8,4,,cuda,NVIDIA GeForce RTX 2080 Ti,Intel(R) Xeon(R) Silver 4114 CPU @ 2.20GHz x8 threads,12,124401408,NVIDIA GeForce RTX 2080 Ti,0.05742676369845867,measured,,
gpt2,64,K,int,80,verify_derive,8,4,,cuda,NVIDIA GeForce RTX 2080 Ti,Intel(R) Xeon(R) Silver 4114 CPU @ 2.20GHz x8 threads,12,124401408,NVIDIA GeForce RTX 2080 Ti,0.10428636707365513,measured,,
gpt2,64,K,int,80,verify_fold,8,4,,cuda,NVIDIA GeForce RTX 2080 Ti,Intel(R) Xeon(R) Silver 4114 CPU @ 2.20GHz x8 threads,12,124401408,NVIDIA GeForce RTX 2080 Ti,1.6601349413394928,measured,,
gpt2,64,K,int,80,verify_products,8,4,,cuda,NVIDIA GeForce RTX 2080 Ti,Intel(R) Xeon(R) Silver 4114 CPU @ 2.20GHz x8 threads,12,124401408,NVIDIA GeForce RTX 2080 Ti,0.18253979831933975,measured,,
gpt2,64,Kpre,int,128,bytes_claims,1,4,_thr1,cuda,NVIDIA GeForce RTX 2080 Ti,Intel(R) Xeon(R) Silver 4114 CPU @ 2.20GHz x1 threads,12,124401408,NVIDIA GeForce RTX 2080 Ti,21827908.0,measured,,
gpt2,64,Kpre,int,128,bytes_claims,8,4,,cuda,NVIDIA GeForce RTX 2080 Ti,Intel(R) Xeon(R) Silver 4114 CPU @ 2.20GHz x8 threads,12,124401408,NVIDIA GeForce RTX 2080 Ti,21827908.0,measured,,
gpt2,64,Kpre,int,128,bytes_columns,1,4,_thr1,cuda,NVIDIA GeForce RTX 2080 Ti,Intel(R) Xeon(R) Silver 4114 CPU @ 2.20GHz x1 threads,12,124401408,NVIDIA GeForce RTX 2080 Ti,0.0,measured,,
gpt2,64,Kpre,int,128,bytes_columns,8,4,,cuda,NVIDIA GeForce RTX 2080 Ti,Intel(R) Xeon(R) Silver 4114 CPU @ 2.20GHz x8 threads,12,124401408,NVIDIA GeForce RTX 2080 Ti,0.0,measured,,
gpt2,64,Kpre,int,128,bytes_paths,1,4,_thr1,cuda,NVIDIA GeForce RTX 2080 Ti,Intel(R) Xeon(R) Silver 4114 CPU @ 2.20GHz x1 threads,12,124401408,NVIDIA GeForce RTX 2080 Ti,0.0,measured,,
gpt2,64,Kpre,int,128,bytes_paths,8,4,,cuda,NVIDIA GeForce RTX 2080 Ti,Intel(R) Xeon(R) Silver 4114 CPU @ 2.20GHz x8 threads,12,124401408,NVIDIA GeForce RTX 2080 Ti,0.0,measured,,
gpt2,64,Kpre,int,128,bytes_total,1,4,_thr1,cuda,NVIDIA GeForce RTX 2080 Ti,Intel(R) Xeon(R) Silver 4114 CPU @ 2.20GHz x1 threads,12,124401408,NVIDIA GeForce RTX 2080 Ti,21827908.0,measured,,
gpt2,64,Kpre,int,128,bytes_total,8,4,,cuda,NVIDIA GeForce RTX 2080 Ti,Intel(R) Xeon(R) Silver 4114 CPU @ 2.20GHz x8 threads,12,124401408,NVIDIA GeForce RTX 2080 Ti,21827908.0,measured,,
gpt2,64,Kpre,int,128,bytes_u,1,4,_thr1,cuda,NVIDIA GeForce RTX 2080 Ti,Intel(R) Xeon(R) Silver 4114 CPU @ 2.20GHz x1 threads,12,124401408,NVIDIA GeForce RTX 2080 Ti,0.0,measured,,
gpt2,64,Kpre,int,128,bytes_u,8,4,,cuda,NVIDIA GeForce RTX 2080 Ti,Intel(R) Xeon(R) Silver 4114 CPU @ 2.20GHz x8 threads,12,124401408,NVIDIA GeForce RTX 2080 Ti,0.0,measured,,
gpt2,64,Kpre,int,128,fs_hash,1,4,_thr1,cuda,NVIDIA GeForce RTX 2080 Ti,Intel(R) Xeon(R) Silver 4114 CPU @ 2.20GHz x1 threads,12,124401408,NVIDIA GeForce RTX 2080 Ti,1.5348196029663086e-06,measured,,
gpt2,64,Kpre,int,128,fs_hash,8,4,,cuda,NVIDIA GeForce RTX 2080 Ti,Intel(R) Xeon(R) Silver 4114 CPU @ 2.20GHz x8 threads,12,124401408,NVIDIA GeForce RTX 2080 Ti,1.1194497346878052e-06,measured,,
gpt2,64,Kpre,int,128,prove_fold,1,4,_thr1,cuda,NVIDIA GeForce RTX 2080 Ti,Intel(R) Xeon(R) Silver 4114 CPU @ 2.20GHz x1 threads,12,124401408,NVIDIA GeForce RTX 2080 Ti,0.0,measured,,
gpt2,64,Kpre,int,128,prove_fold,8,4,,cuda,NVIDIA GeForce RTX 2080 Ti,Intel(R) Xeon(R) Silver 4114 CPU @ 2.20GHz x8 threads,12,124401408,NVIDIA GeForce RTX 2080 Ti,0.0,measured,,
gpt2,64,Kpre,int,128,prove_forward,1,4,_thr1,cuda,NVIDIA GeForce RTX 2080 Ti,Intel(R) Xeon(R) Silver 4114 CPU @ 2.20GHz x1 threads,12,124401408,NVIDIA GeForce RTX 2080 Ti,0.06124590337276459,measured,,
gpt2,64,Kpre,int,128,prove_forward,8,4,,cuda,NVIDIA GeForce RTX 2080 Ti,Intel(R) Xeon(R) Silver 4114 CPU @ 2.20GHz x8 threads,12,124401408,NVIDIA GeForce RTX 2080 Ti,0.056392647325992584,measured,,
gpt2,64,Kpre,int,128,verifier_precompute,1,4,_thr1,cuda,NVIDIA GeForce RTX 2080 Ti,Intel(R) Xeon(R) Silver 4114 CPU @ 2.20GHz x1 threads,12,124401408,NVIDIA GeForce RTX 2080 Ti,2.5122646503150463,measured,,
gpt2,64,Kpre,int,128,verifier_precompute,8,4,,cuda,NVIDIA GeForce RTX 2080 Ti,Intel(R) Xeon(R) Silver 4114 CPU @ 2.20GHz x8 threads,12,124401408,NVIDIA GeForce RTX 2080 Ti,1.7063794918358326,measured,,
gpt2,64,Kpre,int,128,verify_derive,1,4,_thr1,cuda,NVIDIA GeForce RTX 2080 Ti,Intel(R) Xeon(R) Silver 4114 CPU @ 2.20GHz x1 threads,12,124401408,NVIDIA GeForce RTX 2080 Ti,0.15365612506866455,measured,,
gpt2,64,Kpre,int,128,verify_derive,8,4,,cuda,NVIDIA GeForce RTX 2080 Ti,Intel(R) Xeon(R) Silver 4114 CPU @ 2.20GHz x8 threads,12,124401408,NVIDIA GeForce RTX 2080 Ti,0.0907267164438963,measured,,
gpt2,64,Kpre,int,128,verify_fold,1,4,_thr1,cuda,NVIDIA GeForce RTX 2080 Ti,Intel(R) Xeon(R) Silver 4114 CPU @ 2.20GHz x1 threads,12,124401408,NVIDIA GeForce RTX 2080 Ti,0.0,measured,,
gpt2,64,Kpre,int,128,verify_fold,8,4,,cuda,NVIDIA GeForce RTX 2080 Ti,Intel(R) Xeon(R) Silver 4114 CPU @ 2.20GHz x8 threads,12,124401408,NVIDIA GeForce RTX 2080 Ti,0.0,measured,,
gpt2,64,Kpre,int,128,verify_products,1,4,_thr1,cuda,NVIDIA GeForce RTX 2080 Ti,Intel(R) Xeon(R) Silver 4114 CPU @ 2.20GHz x1 threads,12,124401408,NVIDIA GeForce RTX 2080 Ti,0.2661622352898121,measured,,
gpt2,64,Kpre,int,128,verify_products,8,4,,cuda,NVIDIA GeForce RTX 2080 Ti,Intel(R) Xeon(R) Silver 4114 CPU @ 2.20GHz x8 threads,12,124401408,NVIDIA GeForce RTX 2080 Ti,0.1885287817567587,measured,,
gpt2,64,Kpre,int,40,bytes_claims,1,4,_thr1,cuda,NVIDIA GeForce RTX 2080 Ti,Intel(R) Xeon(R) Silver 4114 CPU @ 2.20GHz x1 threads,12,124401408,NVIDIA GeForce RTX 2080 Ti,21827908.0,measured,,
gpt2,64,Kpre,int,40,bytes_claims,8,4,,cuda,NVIDIA GeForce RTX 2080 Ti,Intel(R) Xeon(R) Silver 4114 CPU @ 2.20GHz x8 threads,12,124401408,NVIDIA GeForce RTX 2080 Ti,21827908.0,measured,,
gpt2,64,Kpre,int,40,bytes_columns,1,4,_thr1,cuda,NVIDIA GeForce RTX 2080 Ti,Intel(R) Xeon(R) Silver 4114 CPU @ 2.20GHz x1 threads,12,124401408,NVIDIA GeForce RTX 2080 Ti,0.0,measured,,
gpt2,64,Kpre,int,40,bytes_columns,8,4,,cuda,NVIDIA GeForce RTX 2080 Ti,Intel(R) Xeon(R) Silver 4114 CPU @ 2.20GHz x8 threads,12,124401408,NVIDIA GeForce RTX 2080 Ti,0.0,measured,,
gpt2,64,Kpre,int,40,bytes_paths,1,4,_thr1,cuda,NVIDIA GeForce RTX 2080 Ti,Intel(R) Xeon(R) Silver 4114 CPU @ 2.20GHz x1 threads,12,124401408,NVIDIA GeForce RTX 2080 Ti,0.0,measured,,
gpt2,64,Kpre,int,40,bytes_paths,8,4,,cuda,NVIDIA GeForce RTX 2080 Ti,Intel(R) Xeon(R) Silver 4114 CPU @ 2.20GHz x8 threads,12,124401408,NVIDIA GeForce RTX 2080 Ti,0.0,measured,,
gpt2,64,Kpre,int,40,bytes_total,1,4,_thr1,cuda,NVIDIA GeForce RTX 2080 Ti,Intel(R) Xeon(R) Silver 4114 CPU @ 2.20GHz x1 threads,12,124401408,NVIDIA GeForce RTX 2080 Ti,21827908.0,measured,,
gpt2,64,Kpre,int,40,bytes_total,8,4,,cuda,NVIDIA GeForce RTX 2080 Ti,Intel(R) Xeon(R) Silver 4114 CPU @ 2.20GHz x8 threads,12,124401408,NVIDIA GeForce RTX 2080 Ti,21827908.0,measured,,
gpt2,64,Kpre,int,40,bytes_u,1,4,_thr1,cuda,NVIDIA GeForce RTX 2080 Ti,Intel(R) Xeon(R) Silver 4114 CPU @ 2.20GHz x1 threads,12,124401408,NVIDIA GeForce RTX 2080 Ti,0.0,measured,,
gpt2,64,Kpre,int,40,bytes_u,8,4,,cuda,NVIDIA GeForce RTX 2080 Ti,Intel(R) Xeon(R) Silver 4114 CPU @ 2.20GHz x8 threads,12,124401408,NVIDIA GeForce RTX 2080 Ti,0.0,measured,,
gpt2,64,Kpre,int,40,fs_hash,1,4,_thr1,cuda,NVIDIA GeForce RTX 2080 Ti,Intel(R) Xeon(R) Silver 4114 CPU @ 2.20GHz x1 threads,12,124401408,NVIDIA GeForce RTX 2080 Ti,1.2852251529693604e-06,measured,,
gpt2,64,Kpre,int,40,fs_hash,8,4,,cuda,NVIDIA GeForce RTX 2080 Ti,Intel(R) Xeon(R) Silver 4114 CPU @ 2.20GHz x8 threads,12,124401408,NVIDIA GeForce RTX 2080 Ti,1.603737473487854e-06,measured,,
gpt2,64,Kpre,int,40,prove_fold,1,4,_thr1,cuda,NVIDIA GeForce RTX 2080 Ti,Intel(R) Xeon(R) Silver 4114 CPU @ 2.20GHz x1 threads,12,124401408,NVIDIA GeForce RTX 2080 Ti,0.0,measured,,
gpt2,64,Kpre,int,40,prove_fold,8,4,,cuda,NVIDIA GeForce RTX 2080 Ti,Intel(R) Xeon(R) Silver 4114 CPU @ 2.20GHz x8 threads,12,124401408,NVIDIA GeForce RTX 2080 Ti,0.0,measured,,
gpt2,64,Kpre,int,40,prove_forward,1,4,_thr1,cuda,NVIDIA GeForce RTX 2080 Ti,Intel(R) Xeon(R) Silver 4114 CPU @ 2.20GHz x1 threads,12,124401408,NVIDIA GeForce RTX 2080 Ti,0.05813789367675781,measured,,
gpt2,64,Kpre,int,40,prove_forward,8,4,,cuda,NVIDIA GeForce RTX 2080 Ti,Intel(R) Xeon(R) Silver 4114 CPU @ 2.20GHz x8 threads,12,124401408,NVIDIA GeForce RTX 2080 Ti,0.062059205025434494,measured,,
gpt2,64,Kpre,int,40,verifier_precompute,1,4,_thr1,cuda,NVIDIA GeForce RTX 2080 Ti,Intel(R) Xeon(R) Silver 4114 CPU @ 2.20GHz x1 threads,12,124401408,NVIDIA GeForce RTX 2080 Ti,3.4351870380342007,measured,,
gpt2,64,Kpre,int,40,verifier_precompute,8,4,,cuda,NVIDIA GeForce RTX 2080 Ti,Intel(R) Xeon(R) Silver 4114 CPU @ 2.20GHz x8 threads,12,124401408,NVIDIA GeForce RTX 2080 Ti,1.7614582255482674,measured,,
gpt2,64,Kpre,int,40,verify_derive,1,4,_thr1,cuda,NVIDIA GeForce RTX 2080 Ti,Intel(R) Xeon(R) Silver 4114 CPU @ 2.20GHz x1 threads,12,124401408,NVIDIA GeForce RTX 2080 Ti,0.2021360918879509,measured,,
gpt2,64,Kpre,int,40,verify_derive,8,4,,cuda,NVIDIA GeForce RTX 2080 Ti,Intel(R) Xeon(R) Silver 4114 CPU @ 2.20GHz x8 threads,12,124401408,NVIDIA GeForce RTX 2080 Ti,0.09818469360470772,measured,,
gpt2,64,Kpre,int,40,verify_fold,1,4,_thr1,cuda,NVIDIA GeForce RTX 2080 Ti,Intel(R) Xeon(R) Silver 4114 CPU @ 2.20GHz x1 threads,12,124401408,NVIDIA GeForce RTX 2080 Ti,0.0,measured,,
gpt2,64,Kpre,int,40,verify_fold,8,4,,cuda,NVIDIA GeForce RTX 2080 Ti,Intel(R) Xeon(R) Silver 4114 CPU @ 2.20GHz x8 threads,12,124401408,NVIDIA GeForce RTX 2080 Ti,0.0,measured,,
gpt2,64,Kpre,int,40,verify_products,1,4,_thr1,cuda,NVIDIA GeForce RTX 2080 Ti,Intel(R) Xeon(R) Silver 4114 CPU @ 2.20GHz x1 threads,12,124401408,NVIDIA GeForce RTX 2080 Ti,0.24175887554883957,measured,,
gpt2,64,Kpre,int,40,verify_products,8,4,,cuda,NVIDIA GeForce RTX 2080 Ti,Intel(R) Xeon(R) Silver 4114 CPU @ 2.20GHz x8 threads,12,124401408,NVIDIA GeForce RTX 2080 Ti,0.17644010297954082,measured,,
gpt2,64,Kpre,int,80,bytes_claims,8,4,,cuda,NVIDIA GeForce RTX 2080 Ti,Intel(R) Xeon(R) Silver 4114 CPU @ 2.20GHz x8 threads,12,124401408,NVIDIA GeForce RTX 2080 Ti,21827908.0,measured,,
gpt2,64,Kpre,int,80,bytes_columns,8,4,,cuda,NVIDIA GeForce RTX 2080 Ti,Intel(R) Xeon(R) Silver 4114 CPU @ 2.20GHz x8 threads,12,124401408,NVIDIA GeForce RTX 2080 Ti,0.0,measured,,
gpt2,64,Kpre,int,80,bytes_paths,8,4,,cuda,NVIDIA GeForce RTX 2080 Ti,Intel(R) Xeon(R) Silver 4114 CPU @ 2.20GHz x8 threads,12,124401408,NVIDIA GeForce RTX 2080 Ti,0.0,measured,,
gpt2,64,Kpre,int,80,bytes_total,8,4,,cuda,NVIDIA GeForce RTX 2080 Ti,Intel(R) Xeon(R) Silver 4114 CPU @ 2.20GHz x8 threads,12,124401408,NVIDIA GeForce RTX 2080 Ti,21827908.0,measured,,
gpt2,64,Kpre,int,80,bytes_u,8,4,,cuda,NVIDIA GeForce RTX 2080 Ti,Intel(R) Xeon(R) Silver 4114 CPU @ 2.20GHz x8 threads,12,124401408,NVIDIA GeForce RTX 2080 Ti,0.0,measured,,
gpt2,64,Kpre,int,80,fs_hash,8,4,,cuda,NVIDIA GeForce RTX 2080 Ti,Intel(R) Xeon(R) Silver 4114 CPU @ 2.20GHz x8 threads,12,124401408,NVIDIA GeForce RTX 2080 Ti,1.1753290891647339e-06,measured,,
gpt2,64,Kpre,int,80,prove_fold,8,4,,cuda,NVIDIA GeForce RTX 2080 Ti,Intel(R) Xeon(R) Silver 4114 CPU @ 2.20GHz x8 threads,12,124401408,NVIDIA GeForce RTX 2080 Ti,0.0,measured,,
gpt2,64,Kpre,int,80,prove_forward,8,4,,cuda,NVIDIA GeForce RTX 2080 Ti,Intel(R) Xeon(R) Silver 4114 CPU @ 2.20GHz x8 threads,12,124401408,NVIDIA GeForce RTX 2080 Ti,0.05684019438922405,measured,,
gpt2,64,Kpre,int,80,verifier_precompute,8,4,,cuda,NVIDIA GeForce RTX 2080 Ti,Intel(R) Xeon(R) Silver 4114 CPU @ 2.20GHz x8 threads,12,124401408,NVIDIA GeForce RTX 2080 Ti,1.759718168526888,measured,,
gpt2,64,Kpre,int,80,verify_derive,8,4,,cuda,NVIDIA GeForce RTX 2080 Ti,Intel(R) Xeon(R) Silver 4114 CPU @ 2.20GHz x8 threads,12,124401408,NVIDIA GeForce RTX 2080 Ti,0.08928917348384857,measured,,
gpt2,64,Kpre,int,80,verify_fold,8,4,,cuda,NVIDIA GeForce RTX 2080 Ti,Intel(R) Xeon(R) Silver 4114 CPU @ 2.20GHz x8 threads,12,124401408,NVIDIA GeForce RTX 2080 Ti,0.0,measured,,
gpt2,64,Kpre,int,80,verify_products,8,4,,cuda,NVIDIA GeForce RTX 2080 Ti,Intel(R) Xeon(R) Silver 4114 CPU @ 2.20GHz x8 threads,12,124401408,NVIDIA GeForce RTX 2080 Ti,0.17556669749319553,measured,,
llama2-13b,64,C,int,128,bytes_claims,8,4,,cuda,NVIDIA GeForce RTX 2080 Ti,Intel(R) Xeon(R) Silver 4114 CPU @ 2.20GHz x8 threads,40,13015449600,NVIDIA GeForce RTX 2080 Ti,546698240.0,extrapolated_from_1_and_2_blocks,15070208.0,28701696.0
llama2-13b,64,C,int,128,bytes_columns,8,4,,cuda,NVIDIA GeForce RTX 2080 Ti,Intel(R) Xeon(R) Silver 4114 CPU @ 2.20GHz x8 threads,40,13015449600,NVIDIA GeForce RTX 2080 Ti,598103040.0,extrapolated_from_1_and_2_blocks,24941568.0,39638016.0
llama2-13b,64,C,int,128,bytes_paths,8,4,,cuda,NVIDIA GeForce RTX 2080 Ti,Intel(R) Xeon(R) Silver 4114 CPU @ 2.20GHz x8 threads,40,13015449600,NVIDIA GeForce RTX 2080 Ti,5071520.0,extrapolated_from_1_and_2_blocks,166880.0,292640.0
llama2-13b,64,C,int,128,bytes_total,8,4,,cuda,NVIDIA GeForce RTX 2080 Ti,Intel(R) Xeon(R) Silver 4114 CPU @ 2.20GHz x8 threads,40,13015449600,NVIDIA GeForce RTX 2080 Ti,1186250400.0,extrapolated_from_1_and_2_blocks,41811936.0,71156512.0
llama2-13b,64,C,int,128,bytes_u,8,4,,cuda,NVIDIA GeForce RTX 2080 Ti,Intel(R) Xeon(R) Silver 4114 CPU @ 2.20GHz x8 threads,40,13015449600,NVIDIA GeForce RTX 2080 Ti,36377600.0,extrapolated_from_1_and_2_blocks,1633280.0,2524160.0
llama2-13b,64,C,int,128,fs_hash,8,4,,cuda,NVIDIA GeForce RTX 2080 Ti,Intel(R) Xeon(R) Silver 4114 CPU @ 2.20GHz x8 threads,40,13015449600,NVIDIA GeForce RTX 2080 Ti,1.0963063687086105e-05,extrapolated_from_1_and_2_blocks,1.2470409274101257e-06,1.4961697161197662e-06
llama2-13b,64,C,int,128,prove_fold,8,4,,cuda,NVIDIA GeForce RTX 2080 Ti,Intel(R) Xeon(R) Silver 4114 CPU @ 2.20GHz x8 threads,40,13015449600,NVIDIA GeForce RTX 2080 Ti,7.7139079021289945,extrapolated_from_1_and_2_blocks,0.3553205020725727,0.5440022302791476
llama2-13b,64,C,int,128,prove_forward,8,4,,cuda,NVIDIA GeForce RTX 2080 Ti,Intel(R) Xeon(R) Silver 4114 CPU @ 2.20GHz x8 threads,40,13015449600,NVIDIA GeForce RTX 2080 Ti,3.7837499021552503,extrapolated_from_1_and_2_blocks,0.19201776199042797,0.2841134578920901
llama2-13b,64,C,int,128,prove_open,8,4,,cuda,NVIDIA GeForce RTX 2080 Ti,Intel(R) Xeon(R) Silver 4114 CPU @ 2.20GHz x8 threads,40,13015449600,NVIDIA GeForce RTX 2080 Ti,7.514146032277495,extrapolated_from_1_and_2_blocks,0.3846253645606339,0.5674335868097842
llama2-13b,64,C,int,128,verify_columns,8,4,,cuda,NVIDIA GeForce RTX 2080 Ti,Intel(R) Xeon(R) Silver 4114 CPU @ 2.20GHz x8 threads,40,13015449600,NVIDIA GeForce RTX 2080 Ti,10.193999257870018,extrapolated_from_1_and_2_blocks,0.38236189913004637,0.6339423442259431
llama2-13b,64,C,int,128,verify_derive,8,4,,cuda,NVIDIA GeForce RTX 2080 Ti,Intel(R) Xeon(R) Silver 4114 CPU @ 2.20GHz x8 threads,40,13015449600,NVIDIA GeForce RTX 2080 Ti,1.8387096961960196,extrapolated_from_1_and_2_blocks,0.04457139829173684,0.09057494439184666
llama2-13b,64,C,int,128,verify_fold,8,4,,cuda,NVIDIA GeForce RTX 2080 Ti,Intel(R) Xeon(R) Silver 4114 CPU @ 2.20GHz x8 threads,40,13015449600,NVIDIA GeForce RTX 2080 Ti,0.0,extrapolated_from_1_and_2_blocks,0.0,0.0
llama2-13b,64,C,int,128,verify_products,8,4,,cuda,NVIDIA GeForce RTX 2080 Ti,Intel(R) Xeon(R) Silver 4114 CPU @ 2.20GHz x8 threads,40,13015449600,NVIDIA GeForce RTX 2080 Ti,3.467828976456076,extrapolated_from_1_and_2_blocks,0.10925942612811923,0.19537659408524632
llama2-13b,64,C,int,40,bytes_claims,8,4,,cuda,NVIDIA GeForce RTX 2080 Ti,Intel(R) Xeon(R) Silver 4114 CPU @ 2.20GHz x8 threads,40,13015449600,NVIDIA GeForce RTX 2080 Ti,546698240.0,extrapolated_from_1_and_2_blocks,15070208.0,28701696.0
llama2-13b,64,C,int,40,bytes_columns,8,4,,cuda,NVIDIA GeForce RTX 2080 Ti,Intel(R) Xeon(R) Silver 4114 CPU @ 2.20GHz x8 threads,40,13015449600,NVIDIA GeForce RTX 2080 Ti,216704000.0,extrapolated_from_1_and_2_blocks,9036800.0,14361600.0
llama2-13b,64,C,int,40,bytes_paths,8,4,,cuda,NVIDIA GeForce RTX 2080 Ti,Intel(R) Xeon(R) Silver 4114 CPU @ 2.20GHz x8 threads,40,13015449600,NVIDIA GeForce RTX 2080 Ti,2166208.0,extrapolated_from_1_and_2_blocks,70816.0,124544.0
llama2-13b,64,C,int,40,bytes_total,8,4,,cuda,NVIDIA GeForce RTX 2080 Ti,Intel(R) Xeon(R) Silver 4114 CPU @ 2.20GHz x8 threads,40,13015449600,NVIDIA GeForce RTX 2080 Ti,780119488.0,extrapolated_from_1_and_2_blocks,24831136.0,44197504.0
llama2-13b,64,C,int,40,bytes_u,8,4,,cuda,NVIDIA GeForce RTX 2080 Ti,Intel(R) Xeon(R) Silver 4114 CPU @ 2.20GHz x8 threads,40,13015449600,NVIDIA GeForce RTX 2080 Ti,14551040.0,extrapolated_from_1_and_2_blocks,653312.0,1009664.0
llama2-13b,64,C,int,40,fs_hash,8,4,,cuda,NVIDIA GeForce RTX 2080 Ti,Intel(R) Xeon(R) Silver 4114 CPU @ 2.20GHz x8 threads,40,13015449600,NVIDIA GeForce RTX 2080 Ti,3.0654482543468475e-06,extrapolated_from_1_and_2_blocks,1.4309771358966827e-06,1.4728866517543793e-06
llama2-13b,64,C,int,40,prove_fold,8,4,,cuda,NVIDIA GeForce RTX 2080 Ti,Intel(R) Xeon(R) Silver 4114 CPU @ 2.20GHz x8 threads,40,13015449600,NVIDIA GeForce RTX 2080 Ti,7.6488276286982,extrapolated_from_1_and_2_blocks,0.35621278593316674,0.5432029101066291
llama2-13b,64,C,int,40,prove_forward,8,4,,cuda,NVIDIA GeForce RTX 2080 Ti,Intel(R) Xeon(R) Silver 4114 CPU @ 2.20GHz x8 threads,40,13015449600,NVIDIA GeForce RTX 2080 Ti,4.475262071006,extrapolated_from_1_and_2_blocks,0.17771405214443803,0.2879075910896063
llama2-13b,64,C,int,40,prove_open,8,4,,cuda,NVIDIA GeForce RTX 2080 Ti,Intel(R) Xeon(R) Silver 4114 CPU @ 2.20GHz x8 threads,40,13015449600,NVIDIA GeForce RTX 2080 Ti,4.411403306759894,extrapolated_from_1_and_2_blocks,0.20969304675236344,0.31742920726537704
llama2-13b,64,C,int,40,verify_columns,8,4,,cuda,NVIDIA GeForce RTX 2080 Ti,Intel(R) Xeon(R) Silver 4114 CPU @ 2.20GHz x8 threads,40,13015449600,NVIDIA GeForce RTX 2080 Ti,5.341692167334259,extrapolated_from_1_and_2_blocks,0.21345462184399366,0.34494789224117994
llama2-13b,64,C,int,40,verify_derive,8,4,,cuda,NVIDIA GeForce RTX 2080 Ti,Intel(R) Xeon(R) Silver 4114 CPU @ 2.20GHz x8 threads,40,13015449600,NVIDIA GeForce RTX 2080 Ti,1.6877464489080012,extrapolated_from_1_and_2_blocks,0.04688932467252016,0.08896258426830173
llama2-13b,64,C,int,40,verify_fold,8,4,,cuda,NVIDIA GeForce RTX 2080 Ti,Intel(R) Xeon(R) Silver 4114 CPU @ 2.20GHz x8 threads,40,13015449600,NVIDIA GeForce RTX 2080 Ti,0.0,extrapolated_from_1_and_2_blocks,0.0,0.0
llama2-13b,64,C,int,40,verify_products,8,4,,cuda,NVIDIA GeForce RTX 2080 Ti,Intel(R) Xeon(R) Silver 4114 CPU @ 2.20GHz x8 threads,40,13015449600,NVIDIA GeForce RTX 2080 Ti,3.0316824875772,extrapolated_from_1_and_2_blocks,0.10089211212471128,0.1760405832901597
llama2-13b,64,Kpre,int,128,bytes_claims,8,4,,cuda,NVIDIA GeForce RTX 2080 Ti,Intel(R) Xeon(R) Silver 4114 CPU @ 2.20GHz x8 threads,40,13015449600,NVIDIA GeForce RTX 2080 Ti,546698240.0,extrapolated_from_1_and_2_blocks,15070208.0,28701696.0
llama2-13b,64,Kpre,int,128,bytes_columns,8,4,,cuda,NVIDIA GeForce RTX 2080 Ti,Intel(R) Xeon(R) Silver 4114 CPU @ 2.20GHz x8 threads,40,13015449600,NVIDIA GeForce RTX 2080 Ti,0.0,extrapolated_from_1_and_2_blocks,0.0,0.0
llama2-13b,64,Kpre,int,128,bytes_paths,8,4,,cuda,NVIDIA GeForce RTX 2080 Ti,Intel(R) Xeon(R) Silver 4114 CPU @ 2.20GHz x8 threads,40,13015449600,NVIDIA GeForce RTX 2080 Ti,0.0,extrapolated_from_1_and_2_blocks,0.0,0.0
llama2-13b,64,Kpre,int,128,bytes_total,8,4,,cuda,NVIDIA GeForce RTX 2080 Ti,Intel(R) Xeon(R) Silver 4114 CPU @ 2.20GHz x8 threads,40,13015449600,NVIDIA GeForce RTX 2080 Ti,546698240.0,extrapolated_from_1_and_2_blocks,15070208.0,28701696.0
llama2-13b,64,Kpre,int,128,bytes_u,8,4,,cuda,NVIDIA GeForce RTX 2080 Ti,Intel(R) Xeon(R) Silver 4114 CPU @ 2.20GHz x8 threads,40,13015449600,NVIDIA GeForce RTX 2080 Ti,0.0,extrapolated_from_1_and_2_blocks,0.0,0.0
llama2-13b,64,Kpre,int,128,fs_hash,8,4,,cuda,NVIDIA GeForce RTX 2080 Ti,Intel(R) Xeon(R) Silver 4114 CPU @ 2.20GHz x8 threads,40,13015449600,NVIDIA GeForce RTX 2080 Ti,4.623550921678543e-06,extrapolated_from_1_and_2_blocks,1.191161572933197e-06,1.2791715562343597e-06
llama2-13b,64,Kpre,int,128,prove_fold,8,4,,cuda,NVIDIA GeForce RTX 2080 Ti,Intel(R) Xeon(R) Silver 4114 CPU @ 2.20GHz x8 threads,40,13015449600,NVIDIA GeForce RTX 2080 Ti,0.0,extrapolated_from_1_and_2_blocks,0.0,0.0
llama2-13b,64,Kpre,int,128,prove_forward,8,4,,cuda,NVIDIA GeForce RTX 2080 Ti,Intel(R) Xeon(R) Silver 4114 CPU @ 2.20GHz x8 threads,40,13015449600,NVIDIA GeForce RTX 2080 Ti,1.243837249930948,extrapolated_from_1_and_2_blocks,0.031534239649772644,0.06261893222108483
llama2-13b,64,Kpre,int,128,verifier_precompute,8,4,,cuda,NVIDIA GeForce RTX 2080 Ti,Intel(R) Xeon(R) Silver 4114 CPU @ 2.20GHz x8 threads,40,13015449600,NVIDIA GeForce RTX 2080 Ti,203.15861918171868,extrapolated_from_1_and_2_blocks,9.126883704215288,14.102056408766657
llama2-13b,64,Kpre,int,128,verify_derive,8,4,,cuda,NVIDIA GeForce RTX 2080 Ti,Intel(R) Xeon(R) Silver 4114 CPU @ 2.20GHz x8 threads,40,13015449600,NVIDIA GeForce RTX 2080 Ti,2.107763458043337,extrapolated_from_1_and_2_blocks,0.027561604976654053,0.08090011402964592
llama2-13b,64,Kpre,int,128,verify_fold,8,4,,cuda,NVIDIA GeForce RTX 2080 Ti,Intel(R) Xeon(R) Silver 4114 CPU @ 2.20GHz x8 threads,40,13015449600,NVIDIA GeForce RTX 2080 Ti,0.0,extrapolated_from_1_and_2_blocks,0.0,0.0
llama2-13b,64,Kpre,int,128,verify_products,8,4,,cuda,NVIDIA GeForce RTX 2080 Ti,Intel(R) Xeon(R) Silver 4114 CPU @ 2.20GHz x8 threads,40,13015449600,NVIDIA GeForce RTX 2080 Ti,3.5282428660430014,extrapolated_from_1_and_2_blocks,0.10121885035187006,0.18909126101061702
llama2-13b,64,Kpre,int,40,bytes_claims,8,4,,cuda,NVIDIA GeForce RTX 2080 Ti,Intel(R) Xeon(R) Silver 4114 CPU @ 2.20GHz x8 threads,40,13015449600,NVIDIA GeForce RTX 2080 Ti,546698240.0,extrapolated_from_1_and_2_blocks,15070208.0,28701696.0
llama2-13b,64,Kpre,int,40,bytes_columns,8,4,,cuda,NVIDIA GeForce RTX 2080 Ti,Intel(R) Xeon(R) Silver 4114 CPU @ 2.20GHz x8 threads,40,13015449600,NVIDIA GeForce RTX 2080 Ti,0.0,extrapolated_from_1_and_2_blocks,0.0,0.0
llama2-13b,64,Kpre,int,40,bytes_paths,8,4,,cuda,NVIDIA GeForce RTX 2080 Ti,Intel(R) Xeon(R) Silver 4114 CPU @ 2.20GHz x8 threads,40,13015449600,NVIDIA GeForce RTX 2080 Ti,0.0,extrapolated_from_1_and_2_blocks,0.0,0.0
llama2-13b,64,Kpre,int,40,bytes_total,8,4,,cuda,NVIDIA GeForce RTX 2080 Ti,Intel(R) Xeon(R) Silver 4114 CPU @ 2.20GHz x8 threads,40,13015449600,NVIDIA GeForce RTX 2080 Ti,546698240.0,extrapolated_from_1_and_2_blocks,15070208.0,28701696.0
llama2-13b,64,Kpre,int,40,bytes_u,8,4,,cuda,NVIDIA GeForce RTX 2080 Ti,Intel(R) Xeon(R) Silver 4114 CPU @ 2.20GHz x8 threads,40,13015449600,NVIDIA GeForce RTX 2080 Ti,0.0,extrapolated_from_1_and_2_blocks,0.0,0.0
llama2-13b,64,Kpre,int,40,fs_hash,8,4,,cuda,NVIDIA GeForce RTX 2080 Ti,Intel(R) Xeon(R) Silver 4114 CPU @ 2.20GHz x8 threads,40,13015449600,NVIDIA GeForce RTX 2080 Ti,-8.488539606332779e-06,extrapolated_from_1_and_2_blocks,1.4998950064182281e-06,1.2437812983989716e-06
llama2-13b,64,Kpre,int,40,prove_fold,8,4,,cuda,NVIDIA GeForce RTX 2080 Ti,Intel(R) Xeon(R) Silver 4114 CPU @ 2.20GHz x8 threads,40,13015449600,NVIDIA GeForce RTX 2080 Ti,0.0,extrapolated_from_1_and_2_blocks,0.0,0.0
llama2-13b,64,Kpre,int,40,prove_forward,8,4,,cuda,NVIDIA GeForce RTX 2080 Ti,Intel(R) Xeon(R) Silver 4114 CPU @ 2.20GHz x8 threads,40,13015449600,NVIDIA GeForce RTX 2080 Ti,1.0394387911073864,extrapolated_from_1_and_2_blocks,0.031753476709127426,0.05759156169369817
llama2-13b,64,Kpre,int,40,verifier_precompute,8,4,,cuda,NVIDIA GeForce RTX 2080 Ti,Intel(R) Xeon(R) Silver 4114 CPU @ 2.20GHz x8 threads,40,13015449600,NVIDIA GeForce RTX 2080 Ti,214.12884438689798,extrapolated_from_1_and_2_blocks,9.009889173787087,14.269349563866854
llama2-13b,64,Kpre,int,40,verify_derive,8,4,,cuda,NVIDIA GeForce RTX 2080 Ti,Intel(R) Xeon(R) Silver 4114 CPU @ 2.20GHz x8 threads,40,13015449600,NVIDIA GeForce RTX 2080 Ti,2.1069630198180676,extrapolated_from_1_and_2_blocks,0.027136967983096838,0.08046584110707045
llama2-13b,64,Kpre,int,40,verify_fold,8,4,,cuda,NVIDIA GeForce RTX 2080 Ti,Intel(R) Xeon(R) Silver 4114 CPU @ 2.20GHz x8 threads,40,13015449600,NVIDIA GeForce RTX 2080 Ti,0.0,extrapolated_from_1_and_2_blocks,0.0,0.0
llama2-13b,64,Kpre,int,40,verify_products,8,4,,cuda,NVIDIA GeForce RTX 2080 Ti,Intel(R) Xeon(R) Silver 4114 CPU @ 2.20GHz x8 threads,40,13015449600,NVIDIA GeForce RTX 2080 Ti,3.097713836003095,extrapolated_from_1_and_2_blocks,0.09440985880792141,0.17141765309497714
llama2-7b,2048,C,int,128,bytes_claims,8,4,,cuda,NVIDIA GeForce RTX 2080 Ti,Intel(R) Xeon(R) Silver 4114 CPU @ 2.20GHz x8 threads,32,6738149376,NVIDIA GeForce RTX 2080 Ti,11173753856.0,extrapolated_from_1_and_2_blocks,381809664.0,729936896.0
llama2-7b,2048,C,int,128,bytes_columns,8,4,,cuda,NVIDIA GeForce RTX 2080 Ti,Intel(R) Xeon(R) Silver 4114 CPU @ 2.20GHz x8 threads,32,6738149376,NVIDIA GeForce RTX 2080 Ti,385287168.0,extrapolated_from_1_and_2_blocks,21691392.0,33420288.0
llama2-7b,2048,C,int,128,bytes_paths,8,4,,cuda,NVIDIA GeForce RTX 2080 Ti,Intel(R) Xeon(R) Silver 4114 CPU @ 2.20GHz x8 threads,32,6738149376,NVIDIA GeForce RTX 2080 Ti,3663680.0,extrapolated_from_1_and_2_blocks,150512.0,263840.0
llama2-7b,2048,C,int,128,bytes_total,8,4,,cuda,NVIDIA GeForce RTX 2080 Ti,Intel(R) Xeon(R) Silver 4114 CPU @ 2.20GHz x8 threads,32,6738149376,NVIDIA GeForce RTX 2080 Ti,11586200384.0,extrapolated_from_1_and_2_blocks,405085168.0,765766304.0
llama2-7b,2048,C,int,128,bytes_u,8,4,,cuda,NVIDIA GeForce RTX 2080 Ti,Intel(R) Xeon(R) Silver 4114 CPU @ 2.20GHz x8 threads,32,6738149376,NVIDIA GeForce RTX 2080 Ti,23495680.0,extrapolated_from_1_and_2_blocks,1433600.0,2145280.0
llama2-7b,2048,C,int,128,fs_hash,8,4,,cuda,NVIDIA GeForce RTX 2080 Ti,Intel(R) Xeon(R) Silver 4114 CPU @ 2.20GHz x8 threads,32,6738149376,NVIDIA GeForce RTX 2080 Ti,2.551823854446411e-06,extrapolated_from_1_and_2_blocks,1.166015863418579e-06,1.210719347000122e-06
llama2-7b,2048,C,int,128,prove_fold,8,4,,cuda,NVIDIA GeForce RTX 2080 Ti,Intel(R) Xeon(R) Silver 4114 CPU @ 2.20GHz x8 threads,32,6738149376,NVIDIA GeForce RTX 2080 Ti,2.337512295693159,extrapolated_from_1_and_2_blocks,0.3821854926645756,0.44526055082678795
llama2-7b,2048,C,int,128,prove_forward,8,4,,cuda,NVIDIA GeForce RTX 2080 Ti,Intel(R) Xeon(R) Silver 4114 CPU @ 2.20GHz x8 threads,32,6738149376,NVIDIA GeForce RTX 2080 Ti,24.853186052292585,extrapolated_from_1_and_2_blocks,1.1233838144689798,1.8888613060116768
llama2-7b,2048,C,int,128,prove_open,8,4,,cuda,NVIDIA GeForce RTX 2080 Ti,Intel(R) Xeon(R) Silver 4114 CPU @ 2.20GHz x8 threads,32,6738149376,NVIDIA GeForce RTX 2080 Ti,5.258270042017102,extrapolated_from_1_and_2_blocks,0.28722959384322166,0.4475857373327017
llama2-7b,2048,C,int,128,verify_columns,8,4,,cuda,NVIDIA GeForce RTX 2080 Ti,Intel(R) Xeon(R) Silver 4114 CPU @ 2.20GHz x8 threads,32,6738149376,NVIDIA GeForce RTX 2080 Ti,4.907561272382736,extrapolated_from_1_and_2_blocks,0.2963345516473055,0.4450838007032871
llama2-7b,2048,C,int,128,verify_derive,8,4,,cuda,NVIDIA GeForce RTX 2080 Ti,Intel(R) Xeon(R) Silver 4114 CPU @ 2.20GHz x8 threads,32,6738149376,NVIDIA GeForce RTX 2080 Ti,186.151203783229,extrapolated_from_1_and_2_blocks,5.7691007144749165,11.587878232821822
llama2-7b,2048,C,int,128,verify_fold,8,4,,cuda,NVIDIA GeForce RTX 2080 Ti,Intel(R) Xeon(R) Silver 4114 CPU @ 2.20GHz x8 threads,32,6738149376,NVIDIA GeForce RTX 2080 Ti,0.0,extrapolated_from_1_and_2_blocks,0.0,0.0
llama2-7b,2048,C,int,128,verify_products,8,4,,cuda,NVIDIA GeForce RTX 2080 Ti,Intel(R) Xeon(R) Silver 4114 CPU @ 2.20GHz x8 threads,32,6738149376,NVIDIA GeForce RTX 2080 Ti,29.77051419019699,extrapolated_from_1_and_2_blocks,1.1063345558941364,2.03098551183939
llama2-7b,2048,Kpre,int,128,bytes_claims,8,4,,cuda,NVIDIA GeForce RTX 2080 Ti,Intel(R) Xeon(R) Silver 4114 CPU @ 2.20GHz x8 threads,32,6738149376,NVIDIA GeForce RTX 2080 Ti,11173753856.0,extrapolated_from_1_and_2_blocks,381809664.0,729936896.0
llama2-7b,2048,Kpre,int,128,bytes_columns,8,4,,cuda,NVIDIA GeForce RTX 2080 Ti,Intel(R) Xeon(R) Silver 4114 CPU @ 2.20GHz x8 threads,32,6738149376,NVIDIA GeForce RTX 2080 Ti,0.0,extrapolated_from_1_and_2_blocks,0.0,0.0
llama2-7b,2048,Kpre,int,128,bytes_paths,8,4,,cuda,NVIDIA GeForce RTX 2080 Ti,Intel(R) Xeon(R) Silver 4114 CPU @ 2.20GHz x8 threads,32,6738149376,NVIDIA GeForce RTX 2080 Ti,0.0,extrapolated_from_1_and_2_blocks,0.0,0.0
llama2-7b,2048,Kpre,int,128,bytes_total,8,4,,cuda,NVIDIA GeForce RTX 2080 Ti,Intel(R) Xeon(R) Silver 4114 CPU @ 2.20GHz x8 threads,32,6738149376,NVIDIA GeForce RTX 2080 Ti,11173753856.0,extrapolated_from_1_and_2_blocks,381809664.0,729936896.0
llama2-7b,2048,Kpre,int,128,bytes_u,8,4,,cuda,NVIDIA GeForce RTX 2080 Ti,Intel(R) Xeon(R) Silver 4114 CPU @ 2.20GHz x8 threads,32,6738149376,NVIDIA GeForce RTX 2080 Ti,0.0,extrapolated_from_1_and_2_blocks,0.0,0.0
llama2-7b,2048,Kpre,int,128,fs_hash,8,4,,cuda,NVIDIA GeForce RTX 2080 Ti,Intel(R) Xeon(R) Silver 4114 CPU @ 2.20GHz x8 threads,32,6738149376,NVIDIA GeForce RTX 2080 Ti,-2.1848827600479126e-06,extrapolated_from_1_and_2_blocks,4.108995199203491e-06,3.905966877937317e-06
llama2-7b,2048,Kpre,int,128,prove_fold,8,4,,cuda,NVIDIA GeForce RTX 2080 Ti,Intel(R) Xeon(R) Silver 4114 CPU @ 2.20GHz x8 threads,32,6738149376,NVIDIA GeForce RTX 2080 Ti,0.0,extrapolated_from_1_and_2_blocks,0.0,0.0
llama2-7b,2048,Kpre,int,128,prove_forward,8,4,,cuda,NVIDIA GeForce RTX 2080 Ti,Intel(R) Xeon(R) Silver 4114 CPU @ 2.20GHz x8 threads,32,6738149376,NVIDIA GeForce RTX 2080 Ti,27.891155168414116,extrapolated_from_1_and_2_blocks,0.8824392408132553,1.7536881417036057
llama2-7b,2048,Kpre,int,128,verifier_precompute,8,4,,cuda,NVIDIA GeForce RTX 2080 Ti,Intel(R) Xeon(R) Silver 4114 CPU @ 2.20GHz x8 threads,32,6738149376,NVIDIA GeForce RTX 2080 Ti,99.19216204434633,extrapolated_from_1_and_2_blocks,6.412907514721155,9.405786693096161
llama2-7b,2048,Kpre,int,128,verify_derive,8,4,,cuda,NVIDIA GeForce RTX 2080 Ti,Intel(R) Xeon(R) Silver 4114 CPU @ 2.20GHz x8 threads,32,6738149376,NVIDIA GeForce RTX 2080 Ti,179.35848605632782,extrapolated_from_1_and_2_blocks,6.034555649384856,11.62565017864108
llama2-7b,2048,Kpre,int,128,verify_fold,8,4,,cuda,NVIDIA GeForce RTX 2080 Ti,Intel(R) Xeon(R) Silver 4114 CPU @ 2.20GHz x8 threads,32,6738149376,NVIDIA GeForce RTX 2080 Ti,0.0,extrapolated_from_1_and_2_blocks,0.0,0.0
llama2-7b,2048,Kpre,int,128,verify_products,8,4,,cuda,NVIDIA GeForce RTX 2080 Ti,Intel(R) Xeon(R) Silver 4114 CPU @ 2.20GHz x8 threads,32,6738149376,NVIDIA GeForce RTX 2080 Ti,32.05159606039524,extrapolated_from_1_and_2_blocks,1.0911411885172129,2.0898655392229557
llama2-7b,512,C,fs,128,bytes_claims,8,4,,cuda,NVIDIA GeForce RTX 2080 Ti,Intel(R) Xeon(R) Silver 4114 CPU @ 2.20GHz x8 threads,32,6738149376,NVIDIA GeForce RTX 2080 Ti,2793534464.0,extrapolated_from_1_and_2_blocks,95548416.0,182580224.0
llama2-7b,512,C,fs,128,bytes_columns,8,4,,cuda,NVIDIA GeForce RTX 2080 Ti,Intel(R) Xeon(R) Silver 4114 CPU @ 2.20GHz x8 threads,32,6738149376,NVIDIA GeForce RTX 2080 Ti,563971072.0,extrapolated_from_1_and_2_blocks,31751168.0,48919552.0
llama2-7b,512,C,fs,128,bytes_paths,8,4,,cuda,NVIDIA GeForce RTX 2080 Ti,Intel(R) Xeon(R) Silver 4114 CPU @ 2.20GHz x8 threads,32,6738149376,NVIDIA GeForce RTX 2080 Ti,4944448.0,extrapolated_from_1_and_2_blocks,204672.0,357568.0
llama2-7b,512,C,fs,128,bytes_total,8,4,,cuda,NVIDIA GeForce RTX 2080 Ti,Intel(R) Xeon(R) Silver 4114 CPU @ 2.20GHz x8 threads,32,6738149376,NVIDIA GeForce RTX 2080 Ti,3395343936.0,extrapolated_from_1_and_2_blocks,129511296.0,234860736.0
llama2-7b,512,C,fs,128,bytes_u,8,4,,cuda,NVIDIA GeForce RTX 2080 Ti,Intel(R) Xeon(R) Silver 4114 CPU @ 2.20GHz x8 threads,32,6738149376,NVIDIA GeForce RTX 2080 Ti,32893952.0,extrapolated_from_1_and_2_blocks,2007040.0,3003392.0
llama2-7b,512,C,fs,128,fs_hash,8,4,,cuda,NVIDIA GeForce RTX 2080 Ti,Intel(R) Xeon(R) Silver 4114 CPU @ 2.20GHz x8 threads,32,6738149376,NVIDIA GeForce RTX 2080 Ti,20.69804809242487,extrapolated_from_1_and_2_blocks,0.7292977347970009,1.3734509721398354
llama2-7b,512,C,fs,128,prove_fold,8,4,,cuda,NVIDIA GeForce RTX 2080 Ti,Intel(R) Xeon(R) Silver 4114 CPU @ 2.20GHz x8 threads,32,6738149376,NVIDIA GeForce RTX 2080 Ti,4.963537968695164,extrapolated_from_1_and_2_blocks,0.2585081569850445,0.41028331220149994
llama2-7b,512,C,fs,128,prove_forward,8,4,,cuda,NVIDIA GeForce RTX 2080 Ti,Intel(R) Xeon(R) Silver 4114 CPU @ 2.20GHz x8 threads,32,6738149376,NVIDIA GeForce RTX 2080 Ti,6.001578778028488,extrapolated_from_1_and_2_blocks,0.24286533519625664,0.4286302849650383
llama2-7b,512,C,fs,128,prove_open,8,4,,cuda,NVIDIA GeForce RTX 2080 Ti,Intel(R) Xeon(R) Silver 4114 CPU @ 2.20GHz x8 threads,32,6738149376,NVIDIA GeForce RTX 2080 Ti,4.3320984691381454,extrapolated_from_1_and_2_blocks,0.2859383635222912,0.41645965725183487
llama2-7b,512,C,fs,128,verify_columns,8,4,,cuda,NVIDIA GeForce RTX 2080 Ti,Intel(R) Xeon(R) Silver 4114 CPU @ 2.20GHz x8 threads,32,6738149376,NVIDIA GeForce RTX 2080 Ti,6.1322537288069725,extrapolated_from_1_and_2_blocks,0.3642268478870392,0.5502922311425209
llama2-7b,512,C,fs,128,verify_derive,8,4,,cuda,NVIDIA GeForce RTX 2080 Ti,Intel(R) Xeon(R) Silver 4114 CPU @ 2.20GHz x8 threads,32,6738149376,NVIDIA GeForce RTX 2080 Ti,21.41939178481698,extrapolated_from_1_and_2_blocks,0.6845674626529217,1.3534327633678913
llama2-7b,512,C,fs,128,verify_fold,8,4,,cuda,NVIDIA GeForce RTX 2080 Ti,Intel(R) Xeon(R) Silver 4114 CPU @ 2.20GHz x8 threads,32,6738149376,NVIDIA GeForce RTX 2080 Ti,0.0,extrapolated_from_1_and_2_blocks,0.0,0.0
llama2-7b,512,C,fs,128,verify_products,8,4,,cuda,NVIDIA GeForce RTX 2080 Ti,Intel(R) Xeon(R) Silver 4114 CPU @ 2.20GHz x8 threads,32,6738149376,NVIDIA GeForce RTX 2080 Ti,5.683307975530624,extrapolated_from_1_and_2_blocks,0.22084182500839233,0.3970504105091095
llama2-7b,512,C,fs,40,bytes_claims,8,4,,cuda,NVIDIA GeForce RTX 2080 Ti,Intel(R) Xeon(R) Silver 4114 CPU @ 2.20GHz x8 threads,32,6738149376,NVIDIA GeForce RTX 2080 Ti,2793534464.0,extrapolated_from_1_and_2_blocks,95548416.0,182580224.0
llama2-7b,512,C,fs,40,bytes_columns,8,4,,cuda,NVIDIA GeForce RTX 2080 Ti,Intel(R) Xeon(R) Silver 4114 CPU @ 2.20GHz x8 threads,32,6738149376,NVIDIA GeForce RTX 2080 Ti,318280704.0,extrapolated_from_1_and_2_blocks,17918976.0,27608064.0
llama2-7b,512,C,fs,40,bytes_paths,8,4,,cuda,NVIDIA GeForce RTX 2080 Ti,Intel(R) Xeon(R) Silver 4114 CPU @ 2.20GHz x8 threads,32,6738149376,NVIDIA GeForce RTX 2080 Ti,3163456.0,extrapolated_from_1_and_2_blocks,128928.0,226816.0
llama2-7b,512,C,fs,40,bytes_total,8,4,,cuda,NVIDIA GeForce RTX 2080 Ti,Intel(R) Xeon(R) Silver 4114 CPU @ 2.20GHz x8 threads,32,6738149376,NVIDIA GeForce RTX 2080 Ti,3133775168.0,extrapolated_from_1_and_2_blocks,114743200.0,212131328.0
llama2-7b,512,C,fs,40,bytes_u,8,4,,cuda,NVIDIA GeForce RTX 2080 Ti,Intel(R) Xeon(R) Silver 4114 CPU @ 2.20GHz x8 threads,32,6738149376,NVIDIA GeForce RTX 2080 Ti,18796544.0,extrapolated_from_1_and_2_blocks,1146880.0,1716224.0
llama2-7b,512,C,fs,40,fs_hash,8,4,,cuda,NVIDIA GeForce RTX 2080 Ti,Intel(R) Xeon(R) Silver 4114 CPU @ 2.20GHz x8 threads,32,6738149376,NVIDIA GeForce RTX 2080 Ti,22.660921055823565,extrapolated_from_1_and_2_blocks,0.7329949289560318,1.440347384661436
llama2-7b,512,C,fs,40,prove_fold,8,4,,cuda,NVIDIA GeForce RTX 2080 Ti,Intel(R) Xeon(R) Silver 4114 CPU @ 2.20GHz x8 threads,32,6738149376,NVIDIA GeForce RTX 2080 Ti,4.358290735632181,extrapolated_from_1_and_2_blocks,0.2808917462825775,0.41242074593901634
llama2-7b,512,C,fs,40,prove_forward,8,4,,cuda,NVIDIA GeForce RTX 2080 Ti,Intel(R) Xeon(R) Silver 4114 CPU @ 2.20GHz x8 threads,32,6738149376,NVIDIA GeForce RTX 2080 Ti,5.17157232388854,extrapolated_from_1_and_2_blocks,0.2498405985534191,0.4086061380803585
llama2-7b,512,C,fs,40,prove_open,8,4,,cuda,NVIDIA GeForce RTX 2080 Ti,Intel(R) Xeon(R) Silver 4114 CPU @ 2.20GHz x8 threads,32,6738149376,NVIDIA GeForce RTX 2080 Ti,2.060419239103794,extrapolated_from_1_and_2_blocks,0.1613115482032299,0.22257308661937714
llama2-7b,512,C,fs,40,verify_columns,8,4,,cuda,NVIDIA GeForce RTX 2080 Ti,Intel(R) Xeon(R) Silver 4114 CPU @ 2.20GHz x8 threads,32,6738149376,NVIDIA GeForce RTX 2080 Ti,3.6009699776768684,extrapolated_from_1_and_2_blocks,0.2650587558746338,0.3726687952876091
llama2-7b,512,C,fs,40,verify_derive,8,4,,cuda,NVIDIA GeForce RTX 2080 Ti,Intel(R) Xeon(R) Silver 4114 CPU @ 2.20GHz x8 threads,32,6738149376,NVIDIA GeForce RTX 2080 Ti,20.181722819805145,extrapolated_from_1_and_2_blocks,0.7255568541586399,1.3531751111149788
llama2-7b,512,C,fs,40,verify_fold,8,4,,cuda,NVIDIA GeForce RTX 2080 Ti,Intel(R) Xeon(R) Silver 4114 CPU @ 2.20GHz x8 threads,32,6738149376,NVIDIA GeForce RTX 2080 Ti,0.0,extrapolated_from_1_and_2_blocks,0.0,0.0
llama2-7b,512,C,fs,40,verify_products,8,4,,cuda,NVIDIA GeForce RTX 2080 Ti,Intel(R) Xeon(R) Silver 4114 CPU @ 2.20GHz x8 threads,32,6738149376,NVIDIA GeForce RTX 2080 Ti,5.322373494505882,extrapolated_from_1_and_2_blocks,0.20929817855358124,0.3742360919713974
llama2-7b,512,C,int,128,bytes_claims,8,4,,cuda,NVIDIA GeForce RTX 2080 Ti,Intel(R) Xeon(R) Silver 4114 CPU @ 2.20GHz x8 threads,32,6738149376,NVIDIA GeForce RTX 2080 Ti,2793534464.0,extrapolated_from_1_and_2_blocks,95548416.0,182580224.0
llama2-7b,512,C,int,128,bytes_columns,8,4,,cuda,NVIDIA GeForce RTX 2080 Ti,Intel(R) Xeon(R) Silver 4114 CPU @ 2.20GHz x8 threads,32,6738149376,NVIDIA GeForce RTX 2080 Ti,385287168.0,extrapolated_from_1_and_2_blocks,21691392.0,33420288.0
llama2-7b,512,C,int,128,bytes_paths,8,4,,cuda,NVIDIA GeForce RTX 2080 Ti,Intel(R) Xeon(R) Silver 4114 CPU @ 2.20GHz x8 threads,32,6738149376,NVIDIA GeForce RTX 2080 Ti,3711264.0,extrapolated_from_1_and_2_blocks,149984.0,264864.0
llama2-7b,512,C,int,128,bytes_total,8,4,,cuda,NVIDIA GeForce RTX 2080 Ti,Intel(R) Xeon(R) Silver 4114 CPU @ 2.20GHz x8 threads,32,6738149376,NVIDIA GeForce RTX 2080 Ti,3206028576.0,extrapolated_from_1_and_2_blocks,118823392.0,218410656.0
llama2-7b,512,C,int,128,bytes_u,8,4,,cuda,NVIDIA GeForce RTX 2080 Ti,Intel(R) Xeon(R) Silver 4114 CPU @ 2.20GHz x8 threads,32,6738149376,NVIDIA GeForce RTX 2080 Ti,23495680.0,extrapolated_from_1_and_2_blocks,1433600.0,2145280.0
llama2-7b,512,C,int,128,fs_hash,8,4,,cuda,NVIDIA GeForce RTX 2080 Ti,Intel(R) Xeon(R) Silver 4114 CPU @ 2.20GHz x8 threads,32,6738149376,NVIDIA GeForce RTX 2080 Ti,-9.935349225997925e-06,extrapolated_from_1_and_2_blocks,1.3820827007293701e-06,1.0170042514801025e-06
llama2-7b,512,C,int,128,prove_fold,8,4,,cuda,NVIDIA GeForce RTX 2080 Ti,Intel(R) Xeon(R) Silver 4114 CPU @ 2.20GHz x8 threads,32,6738149376,NVIDIA GeForce RTX 2080 Ti,3.939005397260189,extrapolated_from_1_and_2_blocks,0.25866303220391273,0.377383753657341
llama2-7b,512,C,int,128,prove_forward,8,4,,cuda,NVIDIA GeForce RTX 2080 Ti,Intel(R) Xeon(R) Silver 4114 CPU @ 2.20GHz x8 threads,32,6738149376,NVIDIA GeForce RTX 2080 Ti,6.052356816828251,extrapolated_from_1_and_2_blocks,0.24606535211205482,0.4333650767803192
llama2-7b,512,C,int,128,prove_open,8,4,,cuda,NVIDIA GeForce RTX 2080 Ti,Intel(R) Xeon(R) Silver 4114 CPU @ 2.20GHz x8 threads,32,6738149376,NVIDIA GeForce RTX 2080 Ti,4.16270811483264,extrapolated_from_1_and_2_blocks,0.2815764918923378,0.40677428618073463
llama2-7b,512,C,int,128,verify_columns,8,4,,cuda,NVIDIA GeForce RTX 2080 Ti,Intel(R) Xeon(R) Silver 4114 CPU @ 2.20GHz x8 threads,32,6738149376,NVIDIA GeForce RTX 2080 Ti,4.82471688836813,extrapolated_from_1_and_2_blocks,0.2766405716538429,0.4233527109026909
llama2-7b,512,C,int,128,verify_derive,8,4,,cuda,NVIDIA GeForce RTX 2080 Ti,Intel(R) Xeon(R) Silver 4114 CPU @ 2.20GHz x8 threads,32,6738149376,NVIDIA GeForce RTX 2080 Ti,19.9077140763402,extrapolated_from_1_and_2_blocks,0.7110707983374596,1.3303173556923866
llama2-7b,512,C,int,128,verify_fold,8,4,,cuda,NVIDIA GeForce RTX 2080 Ti,Intel(R) Xeon(R) Silver 4114 CPU @ 2.20GHz x8 threads,32,6738149376,NVIDIA GeForce RTX 2080 Ti,0.0,extrapolated_from_1_and_2_blocks,0.0,0.0
llama2-7b,512,C,int,128,verify_products,8,4,,cuda,NVIDIA GeForce RTX 2080 Ti,Intel(R) Xeon(R) Silver 4114 CPU @ 2.20GHz x8 threads,32,6738149376,NVIDIA GeForce RTX 2080 Ti,5.899051275104284,extrapolated_from_1_and_2_blocks,0.21172207221388817,0.39518430456519127
llama2-7b,512,C,int,40,bytes_claims,8,4,,cuda,NVIDIA GeForce RTX 2080 Ti,Intel(R) Xeon(R) Silver 4114 CPU @ 2.20GHz x8 threads,32,6738149376,NVIDIA GeForce RTX 2080 Ti,2793534464.0,extrapolated_from_1_and_2_blocks,95548416.0,182580224.0
llama2-7b,512,C,int,40,bytes_columns,8,4,,cuda,NVIDIA GeForce RTX 2080 Ti,Intel(R) Xeon(R) Silver 4114 CPU @ 2.20GHz x8 threads,32,6738149376,NVIDIA GeForce RTX 2080 Ti,139596800.0,extrapolated_from_1_and_2_blocks,7859200.0,12108800.0
llama2-7b,512,C,int,40,bytes_paths,8,4,,cuda,NVIDIA GeForce RTX 2080 Ti,Intel(R) Xeon(R) Silver 4114 CPU @ 2.20GHz x8 threads,32,6738149376,NVIDIA GeForce RTX 2080 Ti,1601824.0,extrapolated_from_1_and_2_blocks,65216.0,114784.0
llama2-7b,512,C,int,40,bytes_total,8,4,,cuda,NVIDIA GeForce RTX 2080 Ti,Intel(R) Xeon(R) Silver 4114 CPU @ 2.20GHz x8 threads,32,6738149376,NVIDIA GeForce RTX 2080 Ti,2944131360.0,extrapolated_from_1_and_2_blocks,104046272.0,195661920.0
llama2-7b,512,C,int,40,bytes_u,8,4,,cuda,NVIDIA GeForce RTX 2080 Ti,Intel(R) Xeon(R) Silver 4114 CPU @ 2.20GHz x8 threads,32,6738149376,NVIDIA GeForce RTX 2080 Ti,9398272.0,extrapolated_from_1_and_2_blocks,573440.0,858112.0
llama2-7b,512,C,int,40,fs_hash,8,4,,cuda,NVIDIA GeForce RTX 2080 Ti,Intel(R) Xeon(R) Silver 4114 CPU @ 2.20GHz x8 threads,32,6738149376,NVIDIA GeForce RTX 2080 Ti,8.67992639541626e-07,extrapolated_from_1_and_2_blocks,1.4454126358032227e-06,1.426786184310913e-06
llama2-7b,512,C,int,40,prove_fold,8,4,,cuda,NVIDIA GeForce RTX 2080 Ti,Intel(R) Xeon(R) Silver 4114 CPU @ 2.20GHz x8 threads,32,6738149376,NVIDIA GeForce RTX 2080 Ti,3.3525600284337997,extrapolated_from_1_and_2_blocks,0.27667026966810226,0.3758925199508667
llama2-7b,512,C,int,40,prove_forward,8,4,,cuda,NVIDIA GeForce RTX 2080 Ti,Intel(R) Xeon(R) Silver 4114 CPU @ 2.20GHz x8 threads,32,6738149376,NVIDIA GeForce RTX 2080 Ti,5.939647402614355,extrapolated_from_1_and_2_blocks,0.2864588499069214,0.4688197709619999
llama2-7b,512,C,int,40,prove_open,8,4,,cuda,NVIDIA GeForce RTX 2080 Ti,Intel(R) Xeon(R) Silver 4114 CPU @ 2.20GHz x8 threads,32,6738149376,NVIDIA GeForce RTX 2080 Ti,2.1132553592324257,extrapolated_from_1_and_2_blocks,0.15040223300457,0.21372007578611374
llama2-7b,512,C,int,40,verify_columns,8,4,,cuda,NVIDIA GeForce RTX 2080 Ti,Intel(R) Xeon(R) Silver 4114 CPU @ 2.20GHz x8 threads,32,6738149376,NVIDIA GeForce RTX 2080 Ti,2.7199783250689507,extrapolated_from_1_and_2_blocks,0.1342981643974781,0.21770720183849335
llama2-7b,512,C,int,40,verify_derive,8,4,,cuda,NVIDIA GeForce RTX 2080 Ti,Intel(R) Xeon(R) Silver 4114 CPU @ 2.20GHz x8 threads,32,6738149376,NVIDIA GeForce RTX 2080 Ti,20.97578041628003,extrapolated_from_1_and_2_blocks,0.7161987349390984,1.36973362788558
llama2-7b,512,C,int,40,verify_fold,8,4,,cuda,NVIDIA GeForce RTX 2080 Ti,Intel(R) Xeon(R) Silver 4114 CPU @ 2.20GHz x8 threads,32,6738149376,NVIDIA GeForce RTX 2080 Ti,0.0,extrapolated_from_1_and_2_blocks,0.0,0.0
llama2-7b,512,C,int,40,verify_products,8,4,,cuda,NVIDIA GeForce RTX 2080 Ti,Intel(R) Xeon(R) Silver 4114 CPU @ 2.20GHz x8 threads,32,6738149376,NVIDIA GeForce RTX 2080 Ti,6.287974812090397,extrapolated_from_1_and_2_blocks,0.19468574598431587,0.39124345779418945
llama2-7b,512,K,int,128,bytes_claims,8,4,,cuda,NVIDIA GeForce RTX 2080 Ti,Intel(R) Xeon(R) Silver 4114 CPU @ 2.20GHz x8 threads,32,6738149376,NVIDIA GeForce RTX 2080 Ti,2793534464.0,extrapolated_from_1_and_2_blocks,95548416.0,182580224.0
llama2-7b,512,K,int,128,bytes_columns,8,4,,cuda,NVIDIA GeForce RTX 2080 Ti,Intel(R) Xeon(R) Silver 4114 CPU @ 2.20GHz x8 threads,32,6738149376,NVIDIA GeForce RTX 2080 Ti,0.0,extrapolated_from_1_and_2_blocks,0.0,0.0
llama2-7b,512,K,int,128,bytes_paths,8,4,,cuda,NVIDIA GeForce RTX 2080 Ti,Intel(R) Xeon(R) Silver 4114 CPU @ 2.20GHz x8 threads,32,6738149376,NVIDIA GeForce RTX 2080 Ti,0.0,extrapolated_from_1_and_2_blocks,0.0,0.0
llama2-7b,512,K,int,128,bytes_total,8,4,,cuda,NVIDIA GeForce RTX 2080 Ti,Intel(R) Xeon(R) Silver 4114 CPU @ 2.20GHz x8 threads,32,6738149376,NVIDIA GeForce RTX 2080 Ti,2793534464.0,extrapolated_from_1_and_2_blocks,95548416.0,182580224.0
llama2-7b,512,K,int,128,bytes_u,8,4,,cuda,NVIDIA GeForce RTX 2080 Ti,Intel(R) Xeon(R) Silver 4114 CPU @ 2.20GHz x8 threads,32,6738149376,NVIDIA GeForce RTX 2080 Ti,0.0,extrapolated_from_1_and_2_blocks,0.0,0.0
llama2-7b,512,K,int,128,fs_hash,8,4,,cuda,NVIDIA GeForce RTX 2080 Ti,Intel(R) Xeon(R) Silver 4114 CPU @ 2.20GHz x8 threads,32,6738149376,NVIDIA GeForce RTX 2080 Ti,4.220753908157349e-06,extrapolated_from_1_and_2_blocks,1.4491379261016846e-06,1.5385448932647705e-06
llama2-7b,512,K,int,128,prove_fold,8,4,,cuda,NVIDIA GeForce RTX 2080 Ti,Intel(R) Xeon(R) Silver 4114 CPU @ 2.20GHz x8 threads,32,6738149376,NVIDIA GeForce RTX 2080 Ti,0.0,extrapolated_from_1_and_2_blocks,0.0,0.0
llama2-7b,512,K,int,128,prove_forward,8,4,,cuda,NVIDIA GeForce RTX 2080 Ti,Intel(R) Xeon(R) Silver 4114 CPU @ 2.20GHz x8 threads,32,6738149376,NVIDIA GeForce RTX 2080 Ti,3.5996883995831013,extrapolated_from_1_and_2_blocks,0.14694778993725777,0.2583265192806721
llama2-7b,512,K,int,128,verify_derive,8,4,,cuda,NVIDIA GeForce RTX 2080 Ti,Intel(R) Xeon(R) Silver 4114 CPU @ 2.20GHz x8 threads,32,6738149376,NVIDIA GeForce RTX 2080 Ti,19.215481285005808,extrapolated_from_1_and_2_blocks,0.6858120337128639,1.283543299883604
llama2-7b,512,K,int,128,verify_fold,8,4,,cuda,NVIDIA GeForce RTX 2080 Ti,Intel(R) Xeon(R) Silver 4114 CPU @ 2.20GHz x8 threads,32,6738149376,NVIDIA GeForce RTX 2080 Ti,74.36058466881514,extrapolated_from_1_and_2_blocks,5.998275049030781,8.203510843217373
llama2-7b,512,K,int,128,verify_products,8,4,,cuda,NVIDIA GeForce RTX 2080 Ti,Intel(R) Xeon(R) Silver 4114 CPU @ 2.20GHz x8 threads,32,6738149376,NVIDIA GeForce RTX 2080 Ti,6.7114644683897495,extrapolated_from_1_and_2_blocks,0.21795324608683586,0.42742135003209114
llama2-7b,512,K,int,40,bytes_claims,8,4,,cuda,NVIDIA GeForce RTX 2080 Ti,Intel(R) Xeon(R) Silver 4114 CPU @ 2.20GHz x8 threads,32,6738149376,NVIDIA GeForce RTX 2080 Ti,2793534464.0,extrapolated_from_1_and_2_blocks,95548416.0,182580224.0
llama2-7b,512,K,int,40,bytes_columns,8,4,,cuda,NVIDIA GeForce RTX 2080 Ti,Intel(R) Xeon(R) Silver 4114 CPU @ 2.20GHz x8 threads,32,6738149376,NVIDIA GeForce RTX 2080 Ti,0.0,extrapolated_from_1_and_2_blocks,0.0,0.0
llama2-7b,512,K,int,40,bytes_paths,8,4,,cuda,NVIDIA GeForce RTX 2080 Ti,Intel(R) Xeon(R) Silver 4114 CPU @ 2.20GHz x8 threads,32,6738149376,NVIDIA GeForce RTX 2080 Ti,0.0,extrapolated_from_1_and_2_blocks,0.0,0.0
llama2-7b,512,K,int,40,bytes_total,8,4,,cuda,NVIDIA GeForce RTX 2080 Ti,Intel(R) Xeon(R) Silver 4114 CPU @ 2.20GHz x8 threads,32,6738149376,NVIDIA GeForce RTX 2080 Ti,2793534464.0,extrapolated_from_1_and_2_blocks,95548416.0,182580224.0
llama2-7b,512,K,int,40,bytes_u,8,4,,cuda,NVIDIA GeForce RTX 2080 Ti,Intel(R) Xeon(R) Silver 4114 CPU @ 2.20GHz x8 threads,32,6738149376,NVIDIA GeForce RTX 2080 Ti,0.0,extrapolated_from_1_and_2_blocks,0.0,0.0
llama2-7b,512,K,int,40,fs_hash,8,4,,cuda,NVIDIA GeForce RTX 2080 Ti,Intel(R) Xeon(R) Silver 4114 CPU @ 2.20GHz x8 threads,32,6738149376,NVIDIA GeForce RTX 2080 Ti,3.889203071594238e-06,extrapolated_from_1_and_2_blocks,1.2330710887908936e-06,1.3187527656555176e-06
llama2-7b,512,K,int,40,prove_fold,8,4,,cuda,NVIDIA GeForce RTX 2080 Ti,Intel(R) Xeon(R) Silver 4114 CPU @ 2.20GHz x8 threads,32,6738149376,NVIDIA GeForce RTX 2080 Ti,0.0,extrapolated_from_1_and_2_blocks,0.0,0.0
llama2-7b,512,K,int,40,prove_forward,8,4,,cuda,NVIDIA GeForce RTX 2080 Ti,Intel(R) Xeon(R) Silver 4114 CPU @ 2.20GHz x8 threads,32,6738149376,NVIDIA GeForce RTX 2080 Ti,4.018054828047752,extrapolated_from_1_and_2_blocks,0.15206650644540787,0.2767758071422577
llama2-7b,512,K,int,40,verify_derive,8,4,,cuda,NVIDIA GeForce RTX 2080 Ti,Intel(R) Xeon(R) Silver 4114 CPU @ 2.20GHz x8 threads,32,6738149376,NVIDIA GeForce RTX 2080 Ti,16.359973270446062,extrapolated_from_1_and_2_blocks,0.7444701008498669,1.2481960095465183
llama2-7b,512,K,int,40,verify_fold,8,4,,cuda,NVIDIA GeForce RTX 2080 Ti,Intel(R) Xeon(R) Silver 4114 CPU @ 2.20GHz x8 threads,32,6738149376,NVIDIA GeForce RTX 2080 Ti,62.90042556449771,extrapolated_from_1_and_2_blocks,6.170938137918711,8.000921603292227
llama2-7b,512,K,int,40,verify_products,8,4,,cuda,NVIDIA GeForce RTX 2080 Ti,Intel(R) Xeon(R) Silver 4114 CPU @ 2.20GHz x8 threads,32,6738149376,NVIDIA GeForce RTX 2080 Ti,4.449195042252541,extrapolated_from_1_and_2_blocks,0.22474126890301704,0.3610139712691307
llama2-7b,512,Kpre,int,128,bytes_claims,8,4,,cuda,NVIDIA GeForce RTX 2080 Ti,Intel(R) Xeon(R) Silver 4114 CPU @ 2.20GHz x8 threads,32,6738149376,NVIDIA GeForce RTX 2080 Ti,2793534464.0,extrapolated_from_1_and_2_blocks,95548416.0,182580224.0
llama2-7b,512,Kpre,int,128,bytes_columns,8,4,,cuda,NVIDIA GeForce RTX 2080 Ti,Intel(R) Xeon(R) Silver 4114 CPU @ 2.20GHz x8 threads,32,6738149376,NVIDIA GeForce RTX 2080 Ti,0.0,extrapolated_from_1_and_2_blocks,0.0,0.0
llama2-7b,512,Kpre,int,128,bytes_paths,8,4,,cuda,NVIDIA GeForce RTX 2080 Ti,Intel(R) Xeon(R) Silver 4114 CPU @ 2.20GHz x8 threads,32,6738149376,NVIDIA GeForce RTX 2080 Ti,0.0,extrapolated_from_1_and_2_blocks,0.0,0.0
llama2-7b,512,Kpre,int,128,bytes_total,8,4,,cuda,NVIDIA GeForce RTX 2080 Ti,Intel(R) Xeon(R) Silver 4114 CPU @ 2.20GHz x8 threads,32,6738149376,NVIDIA GeForce RTX 2080 Ti,2793534464.0,extrapolated_from_1_and_2_blocks,95548416.0,182580224.0
llama2-7b,512,Kpre,int,128,bytes_u,8,4,,cuda,NVIDIA GeForce RTX 2080 Ti,Intel(R) Xeon(R) Silver 4114 CPU @ 2.20GHz x8 threads,32,6738149376,NVIDIA GeForce RTX 2080 Ti,0.0,extrapolated_from_1_and_2_blocks,0.0,0.0
llama2-7b,512,Kpre,int,128,fs_hash,8,4,,cuda,NVIDIA GeForce RTX 2080 Ti,Intel(R) Xeon(R) Silver 4114 CPU @ 2.20GHz x8 threads,32,6738149376,NVIDIA GeForce RTX 2080 Ti,8.828938007354736e-07,extrapolated_from_1_and_2_blocks,1.2293457984924316e-06,1.218169927597046e-06
llama2-7b,512,Kpre,int,128,prove_fold,8,4,,cuda,NVIDIA GeForce RTX 2080 Ti,Intel(R) Xeon(R) Silver 4114 CPU @ 2.20GHz x8 threads,32,6738149376,NVIDIA GeForce RTX 2080 Ti,0.0,extrapolated_from_1_and_2_blocks,0.0,0.0
llama2-7b,512,Kpre,int,128,prove_forward,8,4,,cuda,NVIDIA GeForce RTX 2080 Ti,Intel(R) Xeon(R) Silver 4114 CPU @ 2.20GHz x8 threads,32,6738149376,NVIDIA GeForce RTX 2080 Ti,5.583107274025679,extrapolated_from_1_and_2_blocks,0.14591525867581367,0.32130854949355125
llama2-7b,512,Kpre,int,128,verifier_precompute,8,4,,cuda,NVIDIA GeForce RTX 2080 Ti,Intel(R) Xeon(R) Silver 4114 CPU @ 2.20GHz x8 threads,32,6738149376,NVIDIA GeForce RTX 2080 Ti,89.54535508900881,extrapolated_from_1_and_2_blocks,6.355052288621664,9.038610443472862
llama2-7b,512,Kpre,int,128,verify_derive,8,4,,cuda,NVIDIA GeForce RTX 2080 Ti,Intel(R) Xeon(R) Silver 4114 CPU @ 2.20GHz x8 threads,32,6738149376,NVIDIA GeForce RTX 2080 Ti,22.16834155470133,extrapolated_from_1_and_2_blocks,0.6966402791440487,1.3892758041620255
llama2-7b,512,Kpre,int,128,verify_fold,8,4,,cuda,NVIDIA GeForce RTX 2080 Ti,Intel(R) Xeon(R) Silver 4114 CPU @ 2.20GHz x8 threads,32,6738149376,NVIDIA GeForce RTX 2080 Ti,0.0,extrapolated_from_1_and_2_blocks,0.0,0.0
llama2-7b,512,Kpre,int,128,verify_products,8,4,,cuda,NVIDIA GeForce RTX 2080 Ti,Intel(R) Xeon(R) Silver 4114 CPU @ 2.20GHz x8 threads,32,6738149376,NVIDIA GeForce RTX 2080 Ti,5.708827447146177,extrapolated_from_1_and_2_blocks,0.20005382969975471,0.3777562044560909
llama2-7b,512,Kpre,int,40,bytes_claims,8,4,,cuda,NVIDIA GeForce RTX 2080 Ti,Intel(R) Xeon(R) Silver 4114 CPU @ 2.20GHz x8 threads,32,6738149376,NVIDIA GeForce RTX 2080 Ti,2793534464.0,extrapolated_from_1_and_2_blocks,95548416.0,182580224.0
llama2-7b,512,Kpre,int,40,bytes_columns,8,4,,cuda,NVIDIA GeForce RTX 2080 Ti,Intel(R) Xeon(R) Silver 4114 CPU @ 2.20GHz x8 threads,32,6738149376,NVIDIA GeForce RTX 2080 Ti,0.0,extrapolated_from_1_and_2_blocks,0.0,0.0
llama2-7b,512,Kpre,int,40,bytes_paths,8,4,,cuda,NVIDIA GeForce RTX 2080 Ti,Intel(R) Xeon(R) Silver 4114 CPU @ 2.20GHz x8 threads,32,6738149376,NVIDIA GeForce RTX 2080 Ti,0.0,extrapolated_from_1_and_2_blocks,0.0,0.0
llama2-7b,512,Kpre,int,40,bytes_total,8,4,,cuda,NVIDIA GeForce RTX 2080 Ti,Intel(R) Xeon(R) Silver 4114 CPU @ 2.20GHz x8 threads,32,6738149376,NVIDIA GeForce RTX 2080 Ti,2793534464.0,extrapolated_from_1_and_2_blocks,95548416.0,182580224.0
llama2-7b,512,Kpre,int,40,bytes_u,8,4,,cuda,NVIDIA GeForce RTX 2080 Ti,Intel(R) Xeon(R) Silver 4114 CPU @ 2.20GHz x8 threads,32,6738149376,NVIDIA GeForce RTX 2080 Ti,0.0,extrapolated_from_1_and_2_blocks,0.0,0.0
llama2-7b,512,Kpre,int,40,fs_hash,8,4,,cuda,NVIDIA GeForce RTX 2080 Ti,Intel(R) Xeon(R) Silver 4114 CPU @ 2.20GHz x8 threads,32,6738149376,NVIDIA GeForce RTX 2080 Ti,-1.1887401342391968e-05,extrapolated_from_1_and_2_blocks,1.6242265701293945e-06,1.1883676052093506e-06
llama2-7b,512,Kpre,int,40,prove_fold,8,4,,cuda,NVIDIA GeForce RTX 2080 Ti,Intel(R) Xeon(R) Silver 4114 CPU @ 2.20GHz x8 threads,32,6738149376,NVIDIA GeForce RTX 2080 Ti,0.0,extrapolated_from_1_and_2_blocks,0.0,0.0
llama2-7b,512,Kpre,int,40,prove_forward,8,4,,cuda,NVIDIA GeForce RTX 2080 Ti,Intel(R) Xeon(R) Silver 4114 CPU @ 2.20GHz x8 threads,32,6738149376,NVIDIA GeForce RTX 2080 Ti,3.464508380740881,extrapolated_from_1_and_2_blocks,0.1532260850071907,0.26004164293408394
llama2-7b,512,Kpre,int,40,verifier_precompute,8,4,,cuda,NVIDIA GeForce RTX 2080 Ti,Intel(R) Xeon(R) Silver 4114 CPU @ 2.20GHz x8 threads,32,6738149376,NVIDIA GeForce RTX 2080 Ti,86.47999577596784,extrapolated_from_1_and_2_blocks,6.477726820856333,9.058445174247026
llama2-7b,512,Kpre,int,40,verify_derive,8,4,,cuda,NVIDIA GeForce RTX 2080 Ti,Intel(R) Xeon(R) Silver 4114 CPU @ 2.20GHz x8 threads,32,6738149376,NVIDIA GeForce RTX 2080 Ti,16.719619546085596,extrapolated_from_1_and_2_blocks,0.6936740018427372,1.210639987140894
llama2-7b,512,Kpre,int,40,verify_fold,8,4,,cuda,NVIDIA GeForce RTX 2080 Ti,Intel(R) Xeon(R) Silver 4114 CPU @ 2.20GHz x8 threads,32,6738149376,NVIDIA GeForce RTX 2080 Ti,0.0,extrapolated_from_1_and_2_blocks,0.0,0.0
llama2-7b,512,Kpre,int,40,verify_products,8,4,,cuda,NVIDIA GeForce RTX 2080 Ti,Intel(R) Xeon(R) Silver 4114 CPU @ 2.20GHz x8 threads,32,6738149376,NVIDIA GeForce RTX 2080 Ti,4.790625549852848,extrapolated_from_1_and_2_blocks,0.193168506026268,0.3414735719561577
llama2-7b,64,C,fs,128,bytes_claims,8,4,,cuda,NVIDIA GeForce RTX 2080 Ti,Intel(R) Xeon(R) Silver 4114 CPU @ 2.20GHz x8 threads,32,6738149376,NVIDIA GeForce RTX 2080 Ti,349303808.0,extrapolated_from_1_and_2_blocks,12055552.0,22934528.0
llama2-7b,64,C,fs,128,bytes_columns,8,4,,cuda,NVIDIA GeForce RTX 2080 Ti,Intel(R) Xeon(R) Silver 4114 CPU @ 2.20GHz x8 threads,32,6738149376,NVIDIA GeForce RTX 2080 Ti,563971072.0,extrapolated_from_1_and_2_blocks,31751168.0,48919552.0
llama2-7b,64,C,fs,128,bytes_paths,8,4,,cuda,NVIDIA GeForce RTX 2080 Ti,Intel(R) Xeon(R) Silver 4114 CPU @ 2.20GHz x8 threads,32,6738149376,NVIDIA GeForce RTX 2080 Ti,4949568.0,extrapolated_from_1_and_2_blocks,203840.0,356928.0
llama2-7b,64,C,fs,128,bytes_total,8,4,,cuda,NVIDIA GeForce RTX 2080 Ti,Intel(R) Xeon(R) Silver 4114 CPU @ 2.20GHz x8 threads,32,6738149376,NVIDIA GeForce RTX 2080 Ti,951118400.0,extrapolated_from_1_and_2_blocks,46017600.0,75214400.0
llama2-7b,64,C,fs,128,bytes_u,8,4,,cuda,NVIDIA GeForce RTX 2080 Ti,Intel(R) Xeon(R) Silver 4114 CPU @ 2.20GHz x8 threads,32,6738149376,NVIDIA GeForce RTX 2080 Ti,32893952.0,extrapolated_from_1_and_2_blocks,2007040.0,3003392.0
llama2-7b,64,C,fs,128,fs_hash,8,4,,cuda,NVIDIA GeForce RTX 2080 Ti,Intel(R) Xeon(R) Silver 4114 CPU @ 2.20GHz x8 threads,32,6738149376,NVIDIA GeForce RTX 2080 Ti,2.183142561465502,extrapolated_from_1_and_2_blocks,0.097273338586092,0.16455944254994392
llama2-7b,64,C,fs,128,prove_fold,8,4,,cuda,NVIDIA GeForce RTX 2080 Ti,Intel(R) Xeon(R) Silver 4114 CPU @ 2.20GHz x8 threads,32,6738149376,NVIDIA GeForce RTX 2080 Ti,3.6214355006814003,extrapolated_from_1_and_2_blocks,0.26626963168382645,0.3745007887482643
llama2-7b,64,C,fs,128,prove_forward,8,4,,cuda,NVIDIA GeForce RTX 2080 Ti,Intel(R) Xeon(R) Silver 4114 CPU @ 2.20GHz x8 threads,32,6738149376,NVIDIA GeForce RTX 2080 Ti,2.02292637899518,extrapolated_from_1_and_2_blocks,0.13401026651263237,0.19494304433465004
llama2-7b,64,C,fs,128,prove_open,8,4,,cuda,NVIDIA GeForce RTX 2080 Ti,Intel(R) Xeon(R) Silver 4114 CPU @ 2.20GHz x8 threads,32,6738149376,NVIDIA GeForce RTX 2080 Ti,4.303308743983507,extrapolated_from_1_and_2_blocks,0.287290770560503,0.41683973744511604
llama2-7b,64,C,fs,128,verify_columns,8,4,,cuda,NVIDIA GeForce RTX 2080 Ti,Intel(R) Xeon(R) Silver 4114 CPU @ 2.20GHz x8 threads,32,6738149376,NVIDIA GeForce RTX 2080 Ti,5.183344434946775,extrapolated_from_1_and_2_blocks,0.41722647473216057,0.5709722153842449
llama2-7b,64,C,fs,128,verify_derive,8,4,,cuda,NVIDIA GeForce RTX 2080 Ti,Intel(R) Xeon(R) Silver 4114 CPU @ 2.20GHz x8 threads,32,6738149376,NVIDIA GeForce RTX 2080 Ti,0.8044941462576389,extrapolated_from_1_and_2_blocks,0.037015896290540695,0.061773259192705154
llama2-7b,64,C,fs,128,verify_fold,8,4,,cuda,NVIDIA GeForce RTX 2080 Ti,Intel(R) Xeon(R) Silver 4114 CPU @ 2.20GHz x8 threads,32,6738149376,NVIDIA GeForce RTX 2080 Ti,0.0,extrapolated_from_1_and_2_blocks,0.0,0.0
llama2-7b,64,C,fs,128,verify_products,8,4,,cuda,NVIDIA GeForce RTX 2080 Ti,Intel(R) Xeon(R) Silver 4114 CPU @ 2.20GHz x8 threads,32,6738149376,NVIDIA GeForce RTX 2080 Ti,1.8107388354837894,extrapolated_from_1_and_2_blocks,0.08007945492863655,0.13590717688202858
llama2-7b,64,C,fs,40,bytes_claims,8,4,,cuda,NVIDIA GeForce RTX 2080 Ti,Intel(R) Xeon(R) Silver 4114 CPU @ 2.20GHz x8 threads,32,6738149376,NVIDIA GeForce RTX 2080 Ti,349303808.0,extrapolated_from_1_and_2_blocks,12055552.0,22934528.0
llama2-7b,64,C,fs,40,bytes_columns,8,4,,cuda,NVIDIA GeForce RTX 2080 Ti,Intel(R) Xeon(R) Silver 4114 CPU @ 2.20GHz x8 threads,32,6738149376,NVIDIA GeForce RTX 2080 Ti,318280704.0,extrapolated_from_1_and_2_blocks,17918976.0,27608064.0
llama2-7b,64,C,fs,40,bytes_paths,8,4,,cuda,NVIDIA GeForce RTX 2080 Ti,Intel(R) Xeon(R) Silver 4114 CPU @ 2.20GHz x8 threads,32,6738149376,NVIDIA GeForce RTX 2080 Ti,3140704.0,extrapolated_from_1_and_2_blocks,128992.0,226144.0
llama2-7b,64,C,fs,40,bytes_total,8,4,,cuda,NVIDIA GeForce RTX 2080 Ti,Intel(R) Xeon(R) Silver 4114 CPU @ 2.20GHz x8 threads,32,6738149376,NVIDIA GeForce RTX 2080 Ti,689521760.0,extrapolated_from_1_and_2_blocks,31250400.0,52484960.0
llama2-7b,64,C,fs,40,bytes_u,8,4,,cuda,NVIDIA GeForce RTX 2080 Ti,Intel(R) Xeon(R) Silver 4114 CPU @ 2.20GHz x8 threads,32,6738149376,NVIDIA GeForce RTX 2080 Ti,18796544.0,extrapolated_from_1_and_2_blocks,1146880.0,1716224.0
llama2-7b,64,C,fs,40,fs_hash,8,4,,cuda,NVIDIA GeForce RTX 2080 Ti,Intel(R) Xeon(R) Silver 4114 CPU @ 2.20GHz x8 threads,32,6738149376,NVIDIA GeForce RTX 2080 Ti,2.32757206633687,extrapolated_from_1_and_2_blocks,0.09018748998641968,0.16236118599772453
llama2-7b,64,C,fs,40,prove_fold,8,4,,cuda,NVIDIA GeForce RTX 2080 Ti,Intel(R) Xeon(R) Silver 4114 CPU @ 2.20GHz x8 threads,32,6738149376,NVIDIA GeForce RTX 2080 Ti,3.861592974513769,extrapolated_from_1_and_2_blocks,0.2572876997292042,0.37355561181902885
llama2-7b,64,C,fs,40,prove_forward,8,4,,cuda,NVIDIA GeForce RTX 2080 Ti,Intel(R) Xeon(R) Silver 4114 CPU @ 2.20GHz x8 threads,32,6738149376,NVIDIA GeForce RTX 2080 Ti,2.1218905933201313,extrapolated_from_1_and_2_blocks,0.1326993778347969,0.19686683639883995
llama2-7b,64,C,fs,40,prove_open,8,4,,cuda,NVIDIA GeForce RTX 2080 Ti,Intel(R) Xeon(R) Silver 4114 CPU @ 2.20GHz x8 threads,32,6738149376,NVIDIA GeForce RTX 2080 Ti,2.437642376869917,extrapolated_from_1_and_2_blocks,0.1520051211118698,0.225735355168581
llama2-7b,64,C,fs,40,verify_columns,8,4,,cuda,NVIDIA GeForce RTX 2080 Ti,Intel(R) Xeon(R) Silver 4114 CPU @ 2.20GHz x8 threads,32,6738149376,NVIDIA GeForce RTX 2080 Ti,4.836584761738777,extrapolated_from_1_and_2_blocks,0.2571658566594124,0.4048890471458435
llama2-7b,64,C,fs,40,verify_derive,8,4,,cuda,NVIDIA GeForce RTX 2080 Ti,Intel(R) Xeon(R) Silver 4114 CPU @ 2.20GHz x8 threads,32,6738149376,NVIDIA GeForce RTX 2080 Ti,0.9937529750168324,extrapolated_from_1_and_2_blocks,0.03585200384259224,0.06675203517079353
llama2-7b,64,C,fs,40,verify_fold,8,4,,cuda,NVIDIA GeForce RTX 2080 Ti,Intel(R) Xeon(R) Silver 4114 CPU @ 2.20GHz x8 threads,32,6738149376,NVIDIA GeForce RTX 2080 Ti,0.0,extrapolated_from_1_and_2_blocks,0.0,0.0
llama2-7b,64,C,fs,40,verify_products,8,4,,cuda,NVIDIA GeForce RTX 2080 Ti,Intel(R) Xeon(R) Silver 4114 CPU @ 2.20GHz x8 threads,32,6738149376,NVIDIA GeForce RTX 2080 Ti,1.666259367018938,extrapolated_from_1_and_2_blocks,0.07373940572142601,0.12511101737618446
llama2-7b,64,C,int,128,bytes_claims,8,16,,cuda,NVIDIA GeForce RTX 2080 Ti,Intel(R) Xeon(R) Silver 4114 CPU @ 2.20GHz x8 threads,32,6738149376,NVIDIA GeForce RTX 2080 Ti,349303808.0,extrapolated_from_1_and_2_blocks,12055552.0,22934528.0
llama2-7b,64,C,int,128,bytes_claims,8,4,,cuda,NVIDIA GeForce RTX 2080 Ti,Intel(R) Xeon(R) Silver 4114 CPU @ 2.20GHz x8 threads,32,6738149376,NVIDIA GeForce RTX 2080 Ti,349303808.0,extrapolated_from_1_and_2_blocks,12055552.0,22934528.0
llama2-7b,64,C,int,128,bytes_columns,8,16,,cuda,NVIDIA GeForce RTX 2080 Ti,Intel(R) Xeon(R) Silver 4114 CPU @ 2.20GHz x8 threads,32,6738149376,NVIDIA GeForce RTX 2080 Ti,195435520.0,extrapolated_from_1_and_2_blocks,11002880.0,16952320.0
llama2-7b,64,C,int,128,bytes_columns,8,4,,cuda,NVIDIA GeForce RTX 2080 Ti,Intel(R) Xeon(R) Silver 4114 CPU @ 2.20GHz x8 threads,32,6738149376,NVIDIA GeForce RTX 2080 Ti,385287168.0,extrapolated_from_1_and_2_blocks,21691392.0,33420288.0
llama2-7b,64,C,int,128,bytes_paths,8,16,,cuda,NVIDIA GeForce RTX 2080 Ti,Intel(R) Xeon(R) Silver 4114 CPU @ 2.20GHz x8 threads,32,6738149376,NVIDIA GeForce RTX 2080 Ti,2674624.0,extrapolated_from_1_and_2_blocks,106336.0,189184.0
llama2-7b,64,C,int,128,bytes_paths,8,4,,cuda,NVIDIA GeForce RTX 2080 Ti,Intel(R) Xeon(R) Silver 4114 CPU @ 2.20GHz x8 threads,32,6738149376,NVIDIA GeForce RTX 2080 Ti,3600320.0,extrapolated_from_1_and_2_blocks,151136.0,262400.0
llama2-7b,64,C,int,128,bytes_total,8,16,,cuda,NVIDIA GeForce RTX 2080 Ti,Intel(R) Xeon(R) Silver 4114 CPU @ 2.20GHz x8 threads,32,6738149376,NVIDIA GeForce RTX 2080 Ti,570909632.0,extrapolated_from_1_and_2_blocks,24598368.0,42221312.0
llama2-7b,64,C,int,128,bytes_total,8,4,,cuda,NVIDIA GeForce RTX 2080 Ti,Intel(R) Xeon(R) Silver 4114 CPU @ 2.20GHz x8 threads,32,6738149376,NVIDIA GeForce RTX 2080 Ti,761686976.0,extrapolated_from_1_and_2_blocks,35331680.0,58762496.0
llama2-7b,64,C,int,128,bytes_u,8,16,,cuda,NVIDIA GeForce RTX 2080 Ti,Intel(R) Xeon(R) Silver 4114 CPU @ 2.20GHz x8 threads,32,6738149376,NVIDIA GeForce RTX 2080 Ti,23495680.0,extrapolated_from_1_and_2_blocks,1433600.0,2145280.0
llama2-7b,64,C,int,128,bytes_u,8,4,,cuda,NVIDIA GeForce RTX 2080 Ti,Intel(R) Xeon(R) Silver 4114 CPU @ 2.20GHz x8 threads,32,6738149376,NVIDIA GeForce RTX 2080 Ti,23495680.0,extrapolated_from_1_and_2_blocks,1433600.0,2145280.0
llama2-7b,64,C,int,128,fs_hash,8,16,,cuda,NVIDIA GeForce RTX 2080 Ti,Intel(R) Xeon(R) Silver 4114 CPU @ 2.20GHz x8 threads,32,6738149376,NVIDIA GeForce RTX 2080 Ti,2.1830201148986816e-06,extrapolated_from_1_and_2_blocks,9.126961231231689e-07,9.5367431640625e-07
llama2-7b,64,C,int,128,fs_hash,8,4,,cuda,NVIDIA GeForce RTX 2080 Ti,Intel(R) Xeon(R) Silver 4114 CPU @ 2.20GHz x8 threads,32,6738149376,NVIDIA GeForce RTX 2080 Ti,9.682029485702515e-06,extrapolated_from_1_and_2_blocks,1.1362135410308838e-06,1.4118850231170654e-06
llama2-7b,64,C,int,128,prove_fold,8,16,,cuda,NVIDIA GeForce RTX 2080 Ti,Intel(R) Xeon(R) Silver 4114 CPU @ 2.20GHz x8 threads,32,6738149376,NVIDIA GeForce RTX 2080 Ti,3.829266518354416,extrapolated_from_1_and_2_blocks,0.26233117282390594,0.37739360332489014
llama2-7b,64,C,int,128,prove_fold,8,4,,cuda,NVIDIA GeForce RTX 2080 Ti,Intel(R) Xeon(R) Silver 4114 CPU @ 2.20GHz x8 threads,32,6738149376,NVIDIA GeForce RTX 2080 Ti,4.119921028614044,extrapolated_from_1_and_2_blocks,0.260820634663105,0.38530774414539337
llama2-7b,64,C,int,128,prove_forward,8,16,,cuda,NVIDIA GeForce RTX 2080 Ti,Intel(R) Xeon(R) Silver 4114 CPU @ 2.20GHz x8 threads,32,6738149376,NVIDIA GeForce RTX 2080 Ti,2.080209858715534,extrapolated_from_1_and_2_blocks,0.1286012940108776,0.1915564090013504
llama2-7b,64,C,int,128,prove_forward,8,4,,cuda,NVIDIA GeForce RTX 2080 Ti,Intel(R) Xeon(R) Silver 4114 CPU @ 2.20GHz x8 threads,32,6738149376,NVIDIA GeForce RTX 2080 Ti,3.1005138605833054,extrapolated_from_1_and_2_blocks,0.1345326490700245,0.23020946234464645
llama2-7b,64,C,int,128,prove_open,8,16,,cuda,NVIDIA GeForce RTX 2080 Ti,Intel(R) Xeon(R) Silver 4114 CPU @ 2.20GHz x8 threads,32,6738149376,NVIDIA GeForce RTX 2080 Ti,2.3318645618855953,extrapolated_from_1_and_2_blocks,0.1504211276769638,0.22079027071595192
llama2-7b,64,C,int,128,prove_open,8,4,,cuda,NVIDIA GeForce RTX 2080 Ti,Intel(R) Xeon(R) Silver 4114 CPU @ 2.20GHz x8 threads,32,6738149376,NVIDIA GeForce RTX 2080 Ti,4.316225461661816,extrapolated_from_1_and_2_blocks,0.2810124307870865,0.4111805930733681
llama2-7b,64,C,int,128,verify_columns,8,16,,cuda,NVIDIA GeForce RTX 2080 Ti,Intel(R) Xeon(R) Silver 4114 CPU @ 2.20GHz x8 threads,32,6738149376,NVIDIA GeForce RTX 2080 Ti,3.2009227350354195,extrapolated_from_1_and_2_blocks,0.19040973857045174,0.2875230610370636
llama2-7b,64,C,int,128,verify_columns,8,4,,cuda,NVIDIA GeForce RTX 2080 Ti,Intel(R) Xeon(R) Silver 4114 CPU @ 2.20GHz x8 threads,32,6738149376,NVIDIA GeForce RTX 2080 Ti,4.422010973095894,extrapolated_from_1_and_2_blocks,0.29495005309581757,0.42808105051517487
llama2-7b,64,C,int,128,verify_derive,8,16,,cuda,NVIDIA GeForce RTX 2080 Ti,Intel(R) Xeon(R) Silver 4114 CPU @ 2.20GHz x8 threads,32,6738149376,NVIDIA GeForce RTX 2080 Ti,0.4287892282009125,extrapolated_from_1_and_2_blocks,0.03176112845540047,0.044568486511707306
llama2-7b,64,C,int,128,verify_derive,8,4,,cuda,NVIDIA GeForce RTX 2080 Ti,Intel(R) Xeon(R) Silver 4114 CPU @ 2.20GHz x8 threads,32,6738149376,NVIDIA GeForce RTX 2080 Ti,1.0347913205623627,extrapolated_from_1_and_2_blocks,0.029335886240005493,0.06176993250846863
llama2-7b,64,C,int,128,verify_fold,8,16,,cuda,NVIDIA GeForce RTX 2080 Ti,Intel(R) Xeon(R) Silver 4114 CPU @ 2.20GHz x8 threads,32,6738149376,NVIDIA GeForce RTX 2080 Ti,0.0,extrapolated_from_1_and_2_blocks,0.0,0.0
llama2-7b,64,C,int,128,verify_fold,8,4,,cuda,NVIDIA GeForce RTX 2080 Ti,Intel(R) Xeon(R) Silver 4114 CPU @ 2.20GHz x8 threads,32,6738149376,NVIDIA GeForce RTX 2080 Ti,0.0,extrapolated_from_1_and_2_blocks,0.0,0.0
llama2-7b,64,C,int,128,verify_products,8,16,,cuda,NVIDIA GeForce RTX 2080 Ti,Intel(R) Xeon(R) Silver 4114 CPU @ 2.20GHz x8 threads,32,6738149376,NVIDIA GeForce RTX 2080 Ti,1.5078682005405426,extrapolated_from_1_and_2_blocks,0.07199235260486603,0.11831092834472656
llama2-7b,64,C,int,128,verify_products,8,4,,cuda,NVIDIA GeForce RTX 2080 Ti,Intel(R) Xeon(R) Silver 4114 CPU @ 2.20GHz x8 threads,32,6738149376,NVIDIA GeForce RTX 2080 Ti,1.7099041305482388,extrapolated_from_1_and_2_blocks,0.07553011178970337,0.12825185433030128
llama2-7b,64,C,int,40,bytes_claims,8,16,,cuda,NVIDIA GeForce RTX 2080 Ti,Intel(R) Xeon(R) Silver 4114 CPU @ 2.20GHz x8 threads,32,6738149376,NVIDIA GeForce RTX 2080 Ti,349303808.0,extrapolated_from_1_and_2_blocks,12055552.0,22934528.0
llama2-7b,64,C,int,40,bytes_claims,8,4,,cuda,NVIDIA GeForce RTX 2080 Ti,Intel(R) Xeon(R) Silver 4114 CPU @ 2.20GHz x8 threads,32,6738149376,NVIDIA GeForce RTX 2080 Ti,349303808.0,extrapolated_from_1_and_2_blocks,12055552.0,22934528.0
llama2-7b,64,C,int,40,bytes_columns,8,16,,cuda,NVIDIA GeForce RTX 2080 Ti,Intel(R) Xeon(R) Silver 4114 CPU @ 2.20GHz x8 threads,32,6738149376,NVIDIA GeForce RTX 2080 Ti,72590336.0,extrapolated_from_1_and_2_blocks,4086784.0,6296576.0
llama2-7b,64,C,int,40,bytes_columns,8,4,,cuda,NVIDIA GeForce RTX 2080 Ti,Intel(R) Xeon(R) Silver 4114 CPU @ 2.20GHz x8 threads,32,6738149376,NVIDIA GeForce RTX 2080 Ti,139596800.0,extrapolated_from_1_and_2_blocks,7859200.0,12108800.0
llama2-7b,64,C,int,40,bytes_paths,8,16,,cuda,NVIDIA GeForce RTX 2080 Ti,Intel(R) Xeon(R) Silver 4114 CPU @ 2.20GHz x8 threads,32,6738149376,NVIDIA GeForce RTX 2080 Ti,1077760.0,extrapolated_from_1_and_2_blocks,46080.0,79360.0
llama2-7b,64,C,int,40,bytes_paths,8,4,,cuda,NVIDIA GeForce RTX 2080 Ti,Intel(R) Xeon(R) Silver 4114 CPU @ 2.20GHz x8 threads,32,6738149376,NVIDIA GeForce RTX 2080 Ti,1605568.0,extrapolated_from_1_and_2_blocks,64992.0,114688.0
llama2-7b,64,C,int,40,bytes_total,8,16,,cuda,NVIDIA GeForce RTX 2080 Ti,Intel(R) Xeon(R) Silver 4114 CPU @ 2.20GHz x8 threads,32,6738149376,NVIDIA GeForce RTX 2080 Ti,432370176.0,extrapolated_from_1_and_2_blocks,16761856.0,30168576.0
llama2-7b,64,C,int,40,bytes_total,8,4,,cuda,NVIDIA GeForce RTX 2080 Ti,Intel(R) Xeon(R) Silver 4114 CPU @ 2.20GHz x8 threads,32,6738149376,NVIDIA GeForce RTX 2080 Ti,499904448.0,extrapolated_from_1_and_2_blocks,20553184.0,36016128.0
llama2-7b,64,C,int,40,bytes_u,8,16,,cuda,NVIDIA GeForce RTX 2080 Ti,Intel(R) Xeon(R) Silver 4114 CPU @ 2.20GHz x8 threads,32,6738149376,NVIDIA GeForce RTX 2080 Ti,9398272.0,extrapolated_from_1_and_2_blocks,573440.0,858112.0
llama2-7b,64,C,int,40,bytes_u,8,4,,cuda,NVIDIA GeForce RTX 2080 Ti,Intel(R) Xeon(R) Silver 4114 CPU @ 2.20GHz x8 threads,32,6738149376,NVIDIA GeForce RTX 2080 Ti,9398272.0,extrapolated_from_1_and_2_blocks,573440.0,858112.0
llama2-7b,64,C,int,40,fs_hash,8,16,,cuda,NVIDIA GeForce RTX 2080 Ti,Intel(R) Xeon(R) Silver 4114 CPU @ 2.20GHz x8 threads,32,6738149376,NVIDIA GeForce RTX 2080 Ti,-2.168118953704834e-06,extrapolated_from_1_and_2_blocks,1.1809170246124268e-06,1.0728836059570312e-06
llama2-7b,64,C,int,40,fs_hash,8,4,,cuda,NVIDIA GeForce RTX 2080 Ti,Intel(R) Xeon(R) Silver 4114 CPU @ 2.20GHz x8 threads,32,6738149376,NVIDIA GeForce RTX 2080 Ti,3.6545097827911377e-06,extrapolated_from_1_and_2_blocks,1.2293457984924316e-06,1.3075768947601318e-06
llama2-7b,64,C,int,40,prove_fold,8,16,,cuda,NVIDIA GeForce RTX 2080 Ti,Intel(R) Xeon(R) Silver 4114 CPU @ 2.20GHz x8 threads,32,6738149376,NVIDIA GeForce RTX 2080 Ti,3.8459164164960384,extrapolated_from_1_and_2_blocks,0.2608327604830265,0.376480620354414
llama2-7b,64,C,int,40,prove_fold,8,4,,cuda,NVIDIA GeForce RTX 2080 Ti,Intel(R) Xeon(R) Silver 4114 CPU @ 2.20GHz x8 threads,32,6738149376,NVIDIA GeForce RTX 2080 Ti,3.823006808757782,extrapolated_from_1_and_2_blocks,0.26172971725463867,0.3766096234321594
llama2-7b,64,C,int,40,prove_forward,8,16,,cuda,NVIDIA GeForce RTX 2080 Ti,Intel(R) Xeon(R) Silver 4114 CPU @ 2.20GHz x8 threads,32,6738149376,NVIDIA GeForce RTX 2080 Ti,2.0337404906749725,extrapolated_from_1_and_2_blocks,0.130495123565197,0.19189013540744781
llama2-7b,64,C,int,40,prove_forward,8,4,,cuda,NVIDIA GeForce RTX 2080 Ti,Intel(R) Xeon(R) Silver 4114 CPU @ 2.20GHz x8 threads,32,6738149376,NVIDIA GeForce RTX 2080 Ti,2.172662403434515,extrapolated_from_1_and_2_blocks,0.13049694523215294,0.19637325033545494
llama2-7b,64,C,int,40,prove_open,8,16,,cuda,NVIDIA GeForce RTX 2080 Ti,Intel(R) Xeon(R) Silver 4114 CPU @ 2.20GHz x8 threads,32,6738149376,NVIDIA GeForce RTX 2080 Ti,2.238637298345566,extrapolated_from_1_and_2_blocks,0.14577944576740265,0.2132909893989563
llama2-7b,64,C,int,40,prove_open,8,4,,cuda,NVIDIA GeForce RTX 2080 Ti,Intel(R) Xeon(R) Silver 4114 CPU @ 2.20GHz x8 threads,32,6738149376,NVIDIA GeForce RTX 2080 Ti,2.32580179348588,extrapolated_from_1_and_2_blocks,0.14695409312844276,0.21723950281739235
llama2-7b,64,C,int,40,verify_columns,8,16,,cuda,NVIDIA GeForce RTX 2080 Ti,Intel(R) Xeon(R) Silver 4114 CPU @ 2.20GHz x8 threads,32,6738149376,NVIDIA GeForce RTX 2080 Ti,1.7485313825309277,extrapolated_from_1_and_2_blocks,0.0907837487757206,0.1442594788968563
llama2-7b,64,C,int,40,verify_columns,8,4,,cuda,NVIDIA GeForce RTX 2080 Ti,Intel(R) Xeon(R) Silver 4114 CPU @ 2.20GHz x8 threads,32,6738149376,NVIDIA GeForce RTX 2080 Ti,2.630329854786396,extrapolated_from_1_and_2_blocks,0.1406799517571926,0.22099123895168304
llama2-7b,64,C,int,40,verify_derive,8,16,,cuda,NVIDIA GeForce RTX 2080 Ti,Intel(R) Xeon(R) Silver 4114 CPU @ 2.20GHz x8 threads,32,6738149376,NVIDIA GeForce RTX 2080 Ti,0.8998019993305206,extrapolated_from_1_and_2_blocks,0.029779039323329926,0.05784429609775543
llama2-7b,64,C,int,40,verify_derive,8,4,,cuda,NVIDIA GeForce RTX 2080 Ti,Intel(R) Xeon(R) Silver 4114 CPU @ 2.20GHz x8 threads,32,6738149376,NVIDIA GeForce RTX 2080 Ti,0.9412469416856766,extrapolated_from_1_and_2_blocks,0.0312102772295475,0.06056629866361618
llama2-7b,64,C,int,40,verify_fold,8,16,,cuda,NVIDIA GeForce RTX 2080 Ti,Intel(R) Xeon(R) Silver 4114 CPU @ 2.20GHz x8 threads,32,6738149376,NVIDIA GeForce RTX 2080 Ti,0.0,extrapolated_from_1_and_2_blocks,0.0,0.0
llama2-7b,64,C,int,40,verify_fold,8,4,,cuda,NVIDIA GeForce RTX 2080 Ti,Intel(R) Xeon(R) Silver 4114 CPU @ 2.20GHz x8 threads,32,6738149376,NVIDIA GeForce RTX 2080 Ti,0.0,extrapolated_from_1_and_2_blocks,0.0,0.0
llama2-7b,64,C,int,40,verify_products,8,16,,cuda,NVIDIA GeForce RTX 2080 Ti,Intel(R) Xeon(R) Silver 4114 CPU @ 2.20GHz x8 threads,32,6738149376,NVIDIA GeForce RTX 2080 Ti,1.411941546946764,extrapolated_from_1_and_2_blocks,0.06590000912547112,0.10932070389389992
llama2-7b,64,C,int,40,verify_products,8,4,,cuda,NVIDIA GeForce RTX 2080 Ti,Intel(R) Xeon(R) Silver 4114 CPU @ 2.20GHz x8 threads,32,6738149376,NVIDIA GeForce RTX 2080 Ti,1.6580761298537254,extrapolated_from_1_and_2_blocks,0.06918225064873695,0.120436891913414
llama2-7b,64,K,int,128,bytes_claims,8,4,,cuda,NVIDIA GeForce RTX 2080 Ti,Intel(R) Xeon(R) Silver 4114 CPU @ 2.20GHz x8 threads,32,6738149376,NVIDIA GeForce RTX 2080 Ti,349303808.0,extrapolated_from_1_and_2_blocks,12055552.0,22934528.0
llama2-7b,64,K,int,128,bytes_columns,8,4,,cuda,NVIDIA GeForce RTX 2080 Ti,Intel(R) Xeon(R) Silver 4114 CPU @ 2.20GHz x8 threads,32,6738149376,NVIDIA GeForce RTX 2080 Ti,0.0,extrapolated_from_1_and_2_blocks,0.0,0.0
llama2-7b,64,K,int,128,bytes_paths,8,4,,cuda,NVIDIA GeForce RTX 2080 Ti,Intel(R) Xeon(R) Silver 4114 CPU @ 2.20GHz x8 threads,32,6738149376,NVIDIA GeForce RTX 2080 Ti,0.0,extrapolated_from_1_and_2_blocks,0.0,0.0
llama2-7b,64,K,int,128,bytes_total,8,4,,cuda,NVIDIA GeForce RTX 2080 Ti,Intel(R) Xeon(R) Silver 4114 CPU @ 2.20GHz x8 threads,32,6738149376,NVIDIA GeForce RTX 2080 Ti,349303808.0,extrapolated_from_1_and_2_blocks,12055552.0,22934528.0
llama2-7b,64,K,int,128,bytes_u,8,4,,cuda,NVIDIA GeForce RTX 2080 Ti,Intel(R) Xeon(R) Silver 4114 CPU @ 2.20GHz x8 threads,32,6738149376,NVIDIA GeForce RTX 2080 Ti,0.0,extrapolated_from_1_and_2_blocks,0.0,0.0
llama2-7b,64,K,int,128,fs_hash,8,4,,cuda,NVIDIA GeForce RTX 2080 Ti,Intel(R) Xeon(R) Silver 4114 CPU @ 2.20GHz x8 threads,32,6738149376,NVIDIA GeForce RTX 2080 Ti,-2.3655593395233154e-06,extrapolated_from_1_and_2_blocks,1.214444637298584e-06,1.0989606380462646e-06
llama2-7b,64,K,int,128,prove_fold,8,4,,cuda,NVIDIA GeForce RTX 2080 Ti,Intel(R) Xeon(R) Silver 4114 CPU @ 2.20GHz x8 threads,32,6738149376,NVIDIA GeForce RTX 2080 Ti,0.0,extrapolated_from_1_and_2_blocks,0.0,0.0
llama2-7b,64,K,int,128,prove_forward,8,4,,cuda,NVIDIA GeForce RTX 2080 Ti,Intel(R) Xeon(R) Silver 4114 CPU @ 2.20GHz x8 threads,32,6738149376,NVIDIA GeForce RTX 2080 Ti,0.5663366392254829,extrapolated_from_1_and_2_blocks,0.022469941526651382,0.040014028549194336
llama2-7b,64,K,int,128,verify_derive,8,4,,cuda,NVIDIA GeForce RTX 2080 Ti,Intel(R) Xeon(R) Silver 4114 CPU @ 2.20GHz x8 threads,32,6738149376,NVIDIA GeForce RTX 2080 Ti,0.857776615768671,extrapolated_from_1_and_2_blocks,0.029479525983333588,0.056198786944150925
llama2-7b,64,K,int,128,verify_fold,8,4,,cuda,NVIDIA GeForce RTX 2080 Ti,Intel(R) Xeon(R) Silver 4114 CPU @ 2.20GHz x8 threads,32,6738149376,NVIDIA GeForce RTX 2080 Ti,99.63135591894388,extrapolated_from_1_and_2_blocks,6.6242358684539795,9.62446554750204
llama2-7b,64,K,int,128,verify_products,8,4,,cuda,NVIDIA GeForce RTX 2080 Ti,Intel(R) Xeon(R) Silver 4114 CPU @ 2.20GHz x8 threads,32,6738149376,NVIDIA GeForce RTX 2080 Ti,1.4889581613242626,extrapolated_from_1_and_2_blocks,0.0745207630097866,0.12014777585864067
llama2-7b,64,K,int,40,bytes_claims,8,4,,cuda,NVIDIA GeForce RTX 2080 Ti,Intel(R) Xeon(R) Silver 4114 CPU @ 2.20GHz x8 threads,32,6738149376,NVIDIA GeForce RTX 2080 Ti,349303808.0,extrapolated_from_1_and_2_blocks,12055552.0,22934528.0
llama2-7b,64,K,int,40,bytes_columns,8,4,,cuda,NVIDIA GeForce RTX 2080 Ti,Intel(R) Xeon(R) Silver 4114 CPU @ 2.20GHz x8 threads,32,6738149376,NVIDIA GeForce RTX 2080 Ti,0.0,extrapolated_from_1_and_2_blocks,0.0,0.0
llama2-7b,64,K,int,40,bytes_paths,8,4,,cuda,NVIDIA GeForce RTX 2080 Ti,Intel(R) Xeon(R) Silver 4114 CPU @ 2.20GHz x8 threads,32,6738149376,NVIDIA GeForce RTX 2080 Ti,0.0,extrapolated_from_1_and_2_blocks,0.0,0.0
llama2-7b,64,K,int,40,bytes_total,8,4,,cuda,NVIDIA GeForce RTX 2080 Ti,Intel(R) Xeon(R) Silver 4114 CPU @ 2.20GHz x8 threads,32,6738149376,NVIDIA GeForce RTX 2080 Ti,349303808.0,extrapolated_from_1_and_2_blocks,12055552.0,22934528.0
llama2-7b,64,K,int,40,bytes_u,8,4,,cuda,NVIDIA GeForce RTX 2080 Ti,Intel(R) Xeon(R) Silver 4114 CPU @ 2.20GHz x8 threads,32,6738149376,NVIDIA GeForce RTX 2080 Ti,0.0,extrapolated_from_1_and_2_blocks,0.0,0.0
llama2-7b,64,K,int,40,fs_hash,8,4,,cuda,NVIDIA GeForce RTX 2080 Ti,Intel(R) Xeon(R) Silver 4114 CPU @ 2.20GHz x8 threads,32,6738149376,NVIDIA GeForce RTX 2080 Ti,9.12696123123169e-06,extrapolated_from_1_and_2_blocks,9.275972843170166e-07,1.1920928955078125e-06
llama2-7b,64,K,int,40,prove_fold,8,4,,cuda,NVIDIA GeForce RTX 2080 Ti,Intel(R) Xeon(R) Silver 4114 CPU @ 2.20GHz x8 threads,32,6738149376,NVIDIA GeForce RTX 2080 Ti,0.0,extrapolated_from_1_and_2_blocks,0.0,0.0
llama2-7b,64,K,int,40,prove_forward,8,4,,cuda,NVIDIA GeForce RTX 2080 Ti,Intel(R) Xeon(R) Silver 4114 CPU @ 2.20GHz x8 threads,32,6738149376,NVIDIA GeForce RTX 2080 Ti,0.6418622136116028,extrapolated_from_1_and_2_blocks,0.0225047804415226,0.04248405247926712
llama2-7b,64,K,int,40,verify_derive,8,4,,cuda,NVIDIA GeForce RTX 2080 Ti,Intel(R) Xeon(R) Silver 4114 CPU @ 2.20GHz x8 threads,32,6738149376,NVIDIA GeForce RTX 2080 Ti,1.0646998919546604,extrapolated_from_1_and_2_blocks,0.02710641548037529,0.06057717278599739
llama2-7b,64,K,int,40,verify_fold,8,4,,cuda,NVIDIA GeForce RTX 2080 Ti,Intel(R) Xeon(R) Silver 4114 CPU @ 2.20GHz x8 threads,32,6738149376,NVIDIA GeForce RTX 2080 Ti,98.70963399484754,extrapolated_from_1_and_2_blocks,6.480691786855459,9.455818954855204
llama2-7b,64,K,int,40,verify_products,8,4,,cuda,NVIDIA GeForce RTX 2080 Ti,Intel(R) Xeon(R) Silver 4114 CPU @ 2.20GHz x8 threads,32,6738149376,NVIDIA GeForce RTX 2080 Ti,2.1251258701086044,extrapolated_from_1_and_2_blocks,0.06712085753679276,0.1335081160068512
llama2-7b,64,Kpre,int,128,bytes_claims,8,4,,cuda,NVIDIA GeForce RTX 2080 Ti,Intel(R) Xeon(R) Silver 4114 CPU @ 2.20GHz x8 threads,32,6738149376,NVIDIA GeForce RTX 2080 Ti,349303808.0,extrapolated_from_1_and_2_blocks,12055552.0,22934528.0
llama2-7b,64,Kpre,int,128,bytes_columns,8,4,,cuda,NVIDIA GeForce RTX 2080 Ti,Intel(R) Xeon(R) Silver 4114 CPU @ 2.20GHz x8 threads,32,6738149376,NVIDIA GeForce RTX 2080 Ti,0.0,extrapolated_from_1_and_2_blocks,0.0,0.0
llama2-7b,64,Kpre,int,128,bytes_paths,8,4,,cuda,NVIDIA GeForce RTX 2080 Ti,Intel(R) Xeon(R) Silver 4114 CPU @ 2.20GHz x8 threads,32,6738149376,NVIDIA GeForce RTX 2080 Ti,0.0,extrapolated_from_1_and_2_blocks,0.0,0.0
llama2-7b,64,Kpre,int,128,bytes_total,8,4,,cuda,NVIDIA GeForce RTX 2080 Ti,Intel(R) Xeon(R) Silver 4114 CPU @ 2.20GHz x8 threads,32,6738149376,NVIDIA GeForce RTX 2080 Ti,349303808.0,extrapolated_from_1_and_2_blocks,12055552.0,22934528.0
llama2-7b,64,Kpre,int,128,bytes_u,8,4,,cuda,NVIDIA GeForce RTX 2080 Ti,Intel(R) Xeon(R) Silver 4114 CPU @ 2.20GHz x8 threads,32,6738149376,NVIDIA GeForce RTX 2080 Ti,0.0,extrapolated_from_1_and_2_blocks,0.0,0.0
llama2-7b,64,Kpre,int,128,fs_hash,8,4,,cuda,NVIDIA GeForce RTX 2080 Ti,Intel(R) Xeon(R) Silver 4114 CPU @ 2.20GHz x8 threads,32,6738149376,NVIDIA GeForce RTX 2080 Ti,1.5012919902801514e-06,extrapolated_from_1_and_2_blocks,1.2703239917755127e-06,1.2777745723724365e-06
llama2-7b,64,Kpre,int,128,prove_fold,8,4,,cuda,NVIDIA GeForce RTX 2080 Ti,Intel(R) Xeon(R) Silver 4114 CPU @ 2.20GHz x8 threads,32,6738149376,NVIDIA GeForce RTX 2080 Ti,0.0,extrapolated_from_1_and_2_blocks,0.0,0.0
llama2-7b,64,Kpre,int,128,prove_forward,8,4,,cuda,NVIDIA GeForce RTX 2080 Ti,Intel(R) Xeon(R) Silver 4114 CPU @ 2.20GHz x8 threads,32,6738149376,NVIDIA GeForce RTX 2080 Ti,0.5460953041911125,extrapolated_from_1_and_2_blocks,0.022645600140094757,0.039531074464321136
llama2-7b,64,Kpre,int,128,verifier_precompute,8,4,,cuda,NVIDIA GeForce RTX 2080 Ti,Intel(R) Xeon(R) Silver 4114 CPU @ 2.20GHz x8 threads,32,6738149376,NVIDIA GeForce RTX 2080 Ti,92.0953419432044,extrapolated_from_1_and_2_blocks,6.73079290241003,9.484488032758236
llama2-7b,64,Kpre,int,128,verify_derive,8,4,,cuda,NVIDIA GeForce RTX 2080 Ti,Intel(R) Xeon(R) Silver 4114 CPU @ 2.20GHz x8 threads,32,6738149376,NVIDIA GeForce RTX 2080 Ti,0.9085838794708252,extrapolated_from_1_and_2_blocks,0.02799159288406372,0.05639779567718506
llama2-7b,64,Kpre,int,128,verify_fold,8,4,,cuda,NVIDIA GeForce RTX 2080 Ti,Intel(R) Xeon(R) Silver 4114 CPU @ 2.20GHz x8 threads,32,6738149376,NVIDIA GeForce RTX 2080 Ti,0.0,extrapolated_from_1_and_2_blocks,0.0,0.0
llama2-7b,64,Kpre,int,128,verify_products,8,4,,cuda,NVIDIA GeForce RTX 2080 Ti,Intel(R) Xeon(R) Silver 4114 CPU @ 2.20GHz x8 threads,32,6738149376,NVIDIA GeForce RTX 2080 Ti,1.8106542937457561,extrapolated_from_1_and_2_blocks,0.063264861702919,0.11963226273655891
llama2-7b,64,Kpre,int,40,bytes_claims,8,4,,cuda,NVIDIA GeForce RTX 2080 Ti,Intel(R) Xeon(R) Silver 4114 CPU @ 2.20GHz x8 threads,32,6738149376,NVIDIA GeForce RTX 2080 Ti,349303808.0,extrapolated_from_1_and_2_blocks,12055552.0,22934528.0
llama2-7b,64,Kpre,int,40,bytes_columns,8,4,,cuda,NVIDIA GeForce RTX 2080 Ti,Intel(R) Xeon(R) Silver 4114 CPU @ 2.20GHz x8 threads,32,6738149376,NVIDIA GeForce RTX 2080 Ti,0.0,extrapolated_from_1_and_2_blocks,0.0,0.0
llama2-7b,64,Kpre,int,40,bytes_paths,8,4,,cuda,NVIDIA GeForce RTX 2080 Ti,Intel(R) Xeon(R) Silver 4114 CPU @ 2.20GHz x8 threads,32,6738149376,NVIDIA GeForce RTX 2080 Ti,0.0,extrapolated_from_1_and_2_blocks,0.0,0.0
llama2-7b,64,Kpre,int,40,bytes_total,8,4,,cuda,NVIDIA GeForce RTX 2080 Ti,Intel(R) Xeon(R) Silver 4114 CPU @ 2.20GHz x8 threads,32,6738149376,NVIDIA GeForce RTX 2080 Ti,349303808.0,extrapolated_from_1_and_2_blocks,12055552.0,22934528.0
llama2-7b,64,Kpre,int,40,bytes_u,8,4,,cuda,NVIDIA GeForce RTX 2080 Ti,Intel(R) Xeon(R) Silver 4114 CPU @ 2.20GHz x8 threads,32,6738149376,NVIDIA GeForce RTX 2080 Ti,0.0,extrapolated_from_1_and_2_blocks,0.0,0.0
llama2-7b,64,Kpre,int,40,fs_hash,8,4,,cuda,NVIDIA GeForce RTX 2080 Ti,Intel(R) Xeon(R) Silver 4114 CPU @ 2.20GHz x8 threads,32,6738149376,NVIDIA GeForce RTX 2080 Ti,-5.606561899185181e-06,extrapolated_from_1_and_2_blocks,1.2069940567016602e-06,9.872019290924072e-07
llama2-7b,64,Kpre,int,40,prove_fold,8,4,,cuda,NVIDIA GeForce RTX 2080 Ti,Intel(R) Xeon(R) Silver 4114 CPU @ 2.20GHz x8 threads,32,6738149376,NVIDIA GeForce RTX 2080 Ti,0.0,extrapolated_from_1_and_2_blocks,0.0,0.0
llama2-7b,64,Kpre,int,40,prove_forward,8,4,,cuda,NVIDIA GeForce RTX 2080 Ti,Intel(R) Xeon(R) Silver 4114 CPU @ 2.20GHz x8 threads,32,6738149376,NVIDIA GeForce RTX 2080 Ti,0.4629330635070801,extrapolated_from_1_and_2_blocks,0.02318315953016281,0.037368640303611755
llama2-7b,64,Kpre,int,40,verifier_precompute,8,4,,cuda,NVIDIA GeForce RTX 2080 Ti,Intel(R) Xeon(R) Silver 4114 CPU @ 2.20GHz x8 threads,32,6738149376,NVIDIA GeForce RTX 2080 Ti,96.80881860107183,extrapolated_from_1_and_2_blocks,6.5157135389745235,9.428394347429276
llama2-7b,64,Kpre,int,40,verify_derive,8,4,,cuda,NVIDIA GeForce RTX 2080 Ti,Intel(R) Xeon(R) Silver 4114 CPU @ 2.20GHz x8 threads,32,6738149376,NVIDIA GeForce RTX 2080 Ti,0.8977389521896839,extrapolated_from_1_and_2_blocks,0.0286988765001297,0.056732427328825
llama2-7b,64,Kpre,int,40,verify_fold,8,4,,cuda,NVIDIA GeForce RTX 2080 Ti,Intel(R) Xeon(R) Silver 4114 CPU @ 2.20GHz x8 threads,32,6738149376,NVIDIA GeForce RTX 2080 Ti,0.0,extrapolated_from_1_and_2_blocks,0.0,0.0
llama2-7b,64,Kpre,int,40,verify_products,8,4,,cuda,NVIDIA GeForce RTX 2080 Ti,Intel(R) Xeon(R) Silver 4114 CPU @ 2.20GHz x8 threads,32,6738149376,NVIDIA GeForce RTX 2080 Ti,1.5149130821228027,extrapolated_from_1_and_2_blocks,0.06431429460644722,0.11110780388116837
opt-1.3b,2048,C,int,128,bytes_claims,8,4,,cuda,NVIDIA GeForce RTX 2080 Ti,Intel(R) Xeon(R) Silver 4114 CPU @ 2.20GHz x8 threads,24,1315553280,NVIDIA GeForce RTX 2080 Ti,3657634176.0,extrapolated_from_1_and_2_blocks,184750464.0,335745408.0
opt-1.3b,2048,C,int,128,bytes_columns,8,4,,cuda,NVIDIA GeForce RTX 2080 Ti,Intel(R) Xeon(R) Silver 4114 CPU @ 2.20GHz x8 threads,24,1315553280,NVIDIA GeForce RTX 2080 Ti,137099136.0,extrapolated_from_1_and_2_blocks,20092800.0,25180032.0
opt-1.3b,2048,C,int,128,bytes_paths,8,4,,cuda,NVIDIA GeForce RTX 2080 Ti,Intel(R) Xeon(R) Silver 4114 CPU @ 2.20GHz x8 threads,24,1315553280,NVIDIA GeForce RTX 2080 Ti,2424864.0,extrapolated_from_1_and_2_blocks,148416.0,247392.0
opt-1.3b,2048,C,int,128,bytes_paths_multiproof,8,4,,cuda,NVIDIA GeForce RTX 2080 Ti,Intel(R) Xeon(R) Silver 4114 CPU @ 2.20GHz x8 threads,24,1315553280,NVIDIA GeForce RTX 2080 Ti,2391454.165,extrapolated_from_1_and_2_blocks,148524.617,246043.293
opt-1.3b,2048,C,int,128,bytes_total,8,4,,cuda,NVIDIA GeForce RTX 2080 Ti,Intel(R) Xeon(R) Silver 4114 CPU @ 2.20GHz x8 threads,24,1315553280,NVIDIA GeForce RTX 2080 Ti,3807095776.0,extrapolated_from_1_and_2_blocks,206447800.0,362997712.0
opt-1.3b,2048,C,int,128,bytes_total_multiproof,8,4,,cuda,NVIDIA GeForce RTX 2080 Ti,Intel(R) Xeon(R) Silver 4114 CPU @ 2.20GHz x8 threads,24,1315553280,NVIDIA GeForce RTX 2080 Ti,3807062366.1649995,extrapolated_from_1_and_2_blocks,206447908.617,362996363.293
opt-1.3b,2048,C,int,128,bytes_u,8,4,,cuda,NVIDIA GeForce RTX 2080 Ti,Intel(R) Xeon(R) Silver 4114 CPU @ 2.20GHz x8 threads,24,1315553280,NVIDIA GeForce RTX 2080 Ti,9937600.0,extrapolated_from_1_and_2_blocks,1456120.0,1824880.0
opt-1.3b,2048,C,int,128,fs_hash,8,4,,cuda,NVIDIA GeForce RTX 2080 Ti,Intel(R) Xeon(R) Silver 4114 CPU @ 2.20GHz x8 threads,24,1315553280,NVIDIA GeForce RTX 2080 Ti,5.134381353855133e-06,extrapolated_from_1_and_2_blocks,1.193024218082428e-06,1.364387571811676e-06
opt-1.3b,2048,C,int,128,prove_fold,8,4,,cuda,NVIDIA GeForce RTX 2080 Ti,Intel(R) Xeon(R) Silver 4114 CPU @ 2.20GHz x8 threads,24,1315553280,NVIDIA GeForce RTX 2080 Ti,1.3011500257998705,extrapolated_from_1_and_2_blocks,0.18752772826701403,0.23594608902931213
opt-1.3b,2048,C,int,128,prove_forward,8,4,,cuda,NVIDIA GeForce RTX 2080 Ti,Intel(R) Xeon(R) Silver 4114 CPU @ 2.20GHz x8 threads,24,1315553280,NVIDIA GeForce RTX 2080 Ti,10.647831896785647,extrapolated_from_1_and_2_blocks,0.5000225603580475,0.9412316619418561
opt-1.3b,2048,C,int,128,prove_open,8,4,,cuda,NVIDIA GeForce RTX 2080 Ti,Intel(R) Xeon(R) Silver 4114 CPU @ 2.20GHz x8 threads,24,1315553280,NVIDIA GeForce RTX 2080 Ti,1.0817661606706679,extrapolated_from_1_and_2_blocks,0.19902612222358584,0.2374061238951981
opt-1.3b,2048,C,int,128,verify_columns,8,4,,cuda,NVIDIA GeForce RTX 2080 Ti,Intel(R) Xeon(R) Silver 4114 CPU @ 2.20GHz x8 threads,24,1315553280,NVIDIA GeForce RTX 2080 Ti,2.9061519280076027,extrapolated_from_1_and_2_blocks,0.34533995389938354,0.456679604947567
opt-1.3b,2048,C,int,128,verify_derive,8,4,,cuda,NVIDIA GeForce RTX 2080 Ti,Intel(R) Xeon(R) Silver 4114 CPU @ 2.20GHz x8 threads,24,1315553280,NVIDIA GeForce RTX 2080 Ti,112.40369338868186,extrapolated_from_1_and_2_blocks,4.520080145914108,9.210672026034445
opt-1.3b,2048,C,int,128,verify_fold,8,4,,cuda,NVIDIA GeForce RTX 2080 Ti,Intel(R) Xeon(R) Silver 4114 CPU @ 2.20GHz x8 threads,24,1315553280,NVIDIA GeForce RTX 2080 Ti,0.0,extrapolated_from_1_and_2_blocks,0.0,0.0
opt-1.3b,2048,C,int,128,verify_products,8,4,,cuda,NVIDIA GeForce RTX 2080 Ti,Intel(R) Xeon(R) Silver 4114 CPU @ 2.20GHz x8 threads,24,1315553280,NVIDIA GeForce RTX 2080 Ti,11.367859705816954,extrapolated_from_1_and_2_blocks,0.5773488660342991,1.0465015112422407
opt-1.3b,2048,C,int,40,bytes_claims,8,4,,cuda,NVIDIA GeForce RTX 2080 Ti,Intel(R) Xeon(R) Silver 4114 CPU @ 2.20GHz x8 threads,24,1315553280,NVIDIA GeForce RTX 2080 Ti,3657634176.0,extrapolated_from_1_and_2_blocks,184750464.0,335745408.0
opt-1.3b,2048,C,int,40,bytes_columns,8,4,,cuda,NVIDIA GeForce RTX 2080 Ti,Intel(R) Xeon(R) Silver 4114 CPU @ 2.20GHz x8 threads,24,1315553280,NVIDIA GeForce RTX 2080 Ti,49673600.0,extrapolated_from_1_and_2_blocks,7280000.0,9123200.0
opt-1.3b,2048,C,int,40,bytes_paths,8,4,,cuda,NVIDIA GeForce RTX 2080 Ti,Intel(R) Xeon(R) Silver 4114 CPU @ 2.20GHz x8 threads,24,1315553280,NVIDIA GeForce RTX 2080 Ti,1028224.0,extrapolated_from_1_and_2_blocks,64800.0,106688.0
opt-1.3b,2048,C,int,40,bytes_paths_multiproof,8,4,,cuda,NVIDIA GeForce RTX 2080 Ti,Intel(R) Xeon(R) Silver 4114 CPU @ 2.20GHz x8 threads,24,1315553280,NVIDIA GeForce RTX 2080 Ti,1039800.0199999998,extrapolated_from_1_and_2_blocks,64418.021,106825.934
opt-1.3b,2048,C,int,40,bytes_total,8,4,,cuda,NVIDIA GeForce RTX 2080 Ti,Intel(R) Xeon(R) Silver 4114 CPU @ 2.20GHz x8 threads,24,1315553280,NVIDIA GeForce RTX 2080 Ti,3712311040.0,extrapolated_from_1_and_2_blocks,192677712.0,345705248.0
opt-1.3b,2048,C,int,40,bytes_total_multiproof,8,4,,cuda,NVIDIA GeForce RTX 2080 Ti,Intel(R) Xeon(R) Silver 4114 CPU @ 2.20GHz x8 threads,24,1315553280,NVIDIA GeForce RTX 2080 Ti,3712322616.0200005,extrapolated_from_1_and_2_blocks,192677330.021,345705385.934
opt-1.3b,2048,C,int,40,bytes_u,8,4,,cuda,NVIDIA GeForce RTX 2080 Ti,Intel(R) Xeon(R) Silver 4114 CPU @ 2.20GHz x8 threads,24,1315553280,NVIDIA GeForce RTX 2080 Ti,3975040.0,extrapolated_from_1_and_2_blocks,582448.0,729952.0
opt-1.3b,2048,C,int,40,fs_hash,8,4,,cuda,NVIDIA GeForce RTX 2080 Ti,Intel(R) Xeon(R) Silver 4114 CPU @ 2.20GHz x8 threads,24,1315553280,NVIDIA GeForce RTX 2080 Ti,2.9564835131168365e-06,extrapolated_from_1_and_2_blocks,1.242849975824356e-06,1.3173557817935944e-06
opt-1.3b,2048,C,int,40,prove_fold,8,4,,cuda,NVIDIA GeForce RTX 2080 Ti,Intel(R) Xeon(R) Silver 4114 CPU @ 2.20GHz x8 threads,24,1315553280,NVIDIA GeForce RTX 2080 Ti,1.3898681560531259,extrapolated_from_1_and_2_blocks,0.18241789983585477,0.23491573706269264
opt-1.3b,2048,C,int,40,prove_forward,8,4,,cuda,NVIDIA GeForce RTX 2080 Ti,Intel(R) Xeon(R) Silver 4114 CPU @ 2.20GHz x8 threads,24,1315553280,NVIDIA GeForce RTX 2080 Ti,10.48356204526499,extrapolated_from_1_and_2_blocks,0.5068972208537161,0.9406652566976845
opt-1.3b,2048,C,int,40,prove_open,8,4,,cuda,NVIDIA GeForce RTX 2080 Ti,Intel(R) Xeon(R) Silver 4114 CPU @ 2.20GHz x8 threads,24,1315553280,NVIDIA GeForce RTX 2080 Ti,0.5639800308272243,extrapolated_from_1_and_2_blocks,0.09543565008789301,0.11580714490264654
opt-1.3b,2048,C,int,40,verify_columns,8,4,,cuda,NVIDIA GeForce RTX 2080 Ti,Intel(R) Xeon(R) Silver 4114 CPU @ 2.20GHz x8 threads,24,1315553280,NVIDIA GeForce RTX 2080 Ti,1.524676049593836,extrapolated_from_1_and_2_blocks,0.18898604903370142,0.24705952731892467
opt-1.3b,2048,C,int,40,verify_derive,8,4,,cuda,NVIDIA GeForce RTX 2080 Ti,Intel(R) Xeon(R) Silver 4114 CPU @ 2.20GHz x8 threads,24,1315553280,NVIDIA GeForce RTX 2080 Ti,104.77501965174451,extrapolated_from_1_and_2_blocks,4.562959912233055,8.920005987863988
opt-1.3b,2048,C,int,40,verify_fold,8,4,,cuda,NVIDIA GeForce RTX 2080 Ti,Intel(R) Xeon(R) Silver 4114 CPU @ 2.20GHz x8 threads,24,1315553280,NVIDIA GeForce RTX 2080 Ti,0.0,extrapolated_from_1_and_2_blocks,0.0,0.0
opt-1.3b,2048,C,int,40,verify_products,8,4,,cuda,NVIDIA GeForce RTX 2080 Ti,Intel(R) Xeon(R) Silver 4114 CPU @ 2.20GHz x8 threads,24,1315553280,NVIDIA GeForce RTX 2080 Ti,10.772713598329574,extrapolated_from_1_and_2_blocks,0.5527235432527959,0.9970709369517863
opt-1.3b,2048,Kpre,int,128,bytes_claims,8,4,,cuda,NVIDIA GeForce RTX 2080 Ti,Intel(R) Xeon(R) Silver 4114 CPU @ 2.20GHz x8 threads,24,1315553280,NVIDIA GeForce RTX 2080 Ti,3657634176.0,extrapolated_from_1_and_2_blocks,184750464.0,335745408.0
opt-1.3b,2048,Kpre,int,128,bytes_columns,8,4,,cuda,NVIDIA GeForce RTX 2080 Ti,Intel(R) Xeon(R) Silver 4114 CPU @ 2.20GHz x8 threads,24,1315553280,NVIDIA GeForce RTX 2080 Ti,0.0,extrapolated_from_1_and_2_blocks,0.0,0.0
opt-1.3b,2048,Kpre,int,128,bytes_paths,8,4,,cuda,NVIDIA GeForce RTX 2080 Ti,Intel(R) Xeon(R) Silver 4114 CPU @ 2.20GHz x8 threads,24,1315553280,NVIDIA GeForce RTX 2080 Ti,0.0,extrapolated_from_1_and_2_blocks,0.0,0.0
opt-1.3b,2048,Kpre,int,128,bytes_total,8,4,,cuda,NVIDIA GeForce RTX 2080 Ti,Intel(R) Xeon(R) Silver 4114 CPU @ 2.20GHz x8 threads,24,1315553280,NVIDIA GeForce RTX 2080 Ti,3657634176.0,extrapolated_from_1_and_2_blocks,184750464.0,335745408.0
opt-1.3b,2048,Kpre,int,128,bytes_u,8,4,,cuda,NVIDIA GeForce RTX 2080 Ti,Intel(R) Xeon(R) Silver 4114 CPU @ 2.20GHz x8 threads,24,1315553280,NVIDIA GeForce RTX 2080 Ti,0.0,extrapolated_from_1_and_2_blocks,0.0,0.0
opt-1.3b,2048,Kpre,int,128,fs_hash,8,4,,cuda,NVIDIA GeForce RTX 2080 Ti,Intel(R) Xeon(R) Silver 4114 CPU @ 2.20GHz x8 threads,24,1315553280,NVIDIA GeForce RTX 2080 Ti,2.1900050342082977e-06,extrapolated_from_1_and_2_blocks,1.2367963790893555e-06,1.2782402336597443e-06
opt-1.3b,2048,Kpre,int,128,prove_fold,8,4,,cuda,NVIDIA GeForce RTX 2080 Ti,Intel(R) Xeon(R) Silver 4114 CPU @ 2.20GHz x8 threads,24,1315553280,NVIDIA GeForce RTX 2080 Ti,0.0,extrapolated_from_1_and_2_blocks,0.0,0.0
opt-1.3b,2048,Kpre,int,128,prove_forward,8,4,,cuda,NVIDIA GeForce RTX 2080 Ti,Intel(R) Xeon(R) Silver 4114 CPU @ 2.20GHz x8 threads,24,1315553280,NVIDIA GeForce RTX 2080 Ti,10.494028099346906,extrapolated_from_1_and_2_blocks,0.44353126687929034,0.8805093900300562
opt-1.3b,2048,Kpre,int,128,verifier_precompute,8,4,,cuda,NVIDIA GeForce RTX 2080 Ti,Intel(R) Xeon(R) Silver 4114 CPU @ 2.20GHz x8 threads,24,1315553280,NVIDIA GeForce RTX 2080 Ti,25.00460616964847,extrapolated_from_1_and_2_blocks,3.6309152767062187,4.560206185095012
opt-1.3b,2048,Kpre,int,128,verify_derive,8,4,,cuda,NVIDIA GeForce RTX 2080 Ti,Intel(R) Xeon(R) Silver 4114 CPU @ 2.20GHz x8 threads,24,1315553280,NVIDIA GeForce RTX 2080 Ti,112.1241064555943,extrapolated_from_1_and_2_blocks,4.597878170199692,9.272931573912501
opt-1.3b,2048,Kpre,int,128,verify_fold,8,4,,cuda,NVIDIA GeForce RTX 2080 Ti,Intel(R) Xeon(R) Silver 4114 CPU @ 2.20GHz x8 threads,24,1315553280,NVIDIA GeForce RTX 2080 Ti,0.0,extrapolated_from_1_and_2_blocks,0.0,0.0
opt-1.3b,2048,Kpre,int,128,verify_products,8,4,,cuda,NVIDIA GeForce RTX 2080 Ti,Intel(R) Xeon(R) Silver 4114 CPU @ 2.20GHz x8 threads,24,1315553280,NVIDIA GeForce RTX 2080 Ti,11.257206325419247,extrapolated_from_1_and_2_blocks,0.5818698881193995,1.0460149506106973
opt-1.3b,2048,Kpre,int,40,bytes_claims,8,4,,cuda,NVIDIA GeForce RTX 2080 Ti,Intel(R) Xeon(R) Silver 4114 CPU @ 2.20GHz x8 threads,24,1315553280,NVIDIA GeForce RTX 2080 Ti,3657634176.0,extrapolated_from_1_and_2_blocks,184750464.0,335745408.0
opt-1.3b,2048,Kpre,int,40,bytes_columns,8,4,,cuda,NVIDIA GeForce RTX 2080 Ti,Intel(R) Xeon(R) Silver 4114 CPU @ 2.20GHz x8 threads,24,1315553280,NVIDIA GeForce RTX 2080 Ti,0.0,extrapolated_from_1_and_2_blocks,0.0,0.0
opt-1.3b,2048,Kpre,int,40,bytes_paths,8,4,,cuda,NVIDIA GeForce RTX 2080 Ti,Intel(R) Xeon(R) Silver 4114 CPU @ 2.20GHz x8 threads,24,1315553280,NVIDIA GeForce RTX 2080 Ti,0.0,extrapolated_from_1_and_2_blocks,0.0,0.0
opt-1.3b,2048,Kpre,int,40,bytes_total,8,4,,cuda,NVIDIA GeForce RTX 2080 Ti,Intel(R) Xeon(R) Silver 4114 CPU @ 2.20GHz x8 threads,24,1315553280,NVIDIA GeForce RTX 2080 Ti,3657634176.0,extrapolated_from_1_and_2_blocks,184750464.0,335745408.0
opt-1.3b,2048,Kpre,int,40,bytes_u,8,4,,cuda,NVIDIA GeForce RTX 2080 Ti,Intel(R) Xeon(R) Silver 4114 CPU @ 2.20GHz x8 threads,24,1315553280,NVIDIA GeForce RTX 2080 Ti,0.0,extrapolated_from_1_and_2_blocks,0.0,0.0
opt-1.3b,2048,Kpre,int,40,fs_hash,8,4,,cuda,NVIDIA GeForce RTX 2080 Ti,Intel(R) Xeon(R) Silver 4114 CPU @ 2.20GHz x8 threads,24,1315553280,NVIDIA GeForce RTX 2080 Ti,4.304107278585434e-06,extrapolated_from_1_and_2_blocks,1.1981464922428131e-06,1.3331882655620575e-06
opt-1.3b,2048,Kpre,int,40,prove_fold,8,4,,cuda,NVIDIA GeForce RTX 2080 Ti,Intel(R) Xeon(R) Silver 4114 CPU @ 2.20GHz x8 threads,24,1315553280,NVIDIA GeForce RTX 2080 Ti,0.0,extrapolated_from_1_and_2_blocks,0.0,0.0
opt-1.3b,2048,Kpre,int,40,prove_forward,8,4,,cuda,NVIDIA GeForce RTX 2080 Ti,Intel(R) Xeon(R) Silver 4114 CPU @ 2.20GHz x8 threads,24,1315553280,NVIDIA GeForce RTX 2080 Ti,10.369033764582127,extrapolated_from_1_and_2_blocks,0.4450598619878292,0.8765369881875813
opt-1.3b,2048,Kpre,int,40,verifier_precompute,8,4,,cuda,NVIDIA GeForce RTX 2080 Ti,Intel(R) Xeon(R) Silver 4114 CPU @ 2.20GHz x8 threads,24,1315553280,NVIDIA GeForce RTX 2080 Ti,24.555884629953653,extrapolated_from_1_and_2_blocks,3.637033205013722,4.5465484843589365
opt-1.3b,2048,Kpre,int,40,verify_derive,8,4,,cuda,NVIDIA GeForce RTX 2080 Ti,Intel(R) Xeon(R) Silver 4114 CPU @ 2.20GHz x8 threads,24,1315553280,NVIDIA GeForce RTX 2080 Ti,104.04257126385346,extrapolated_from_1_and_2_blocks,4.571094158105552,8.895940988790244
opt-1.3b,2048,Kpre,int,40,verify_fold,8,4,,cuda,NVIDIA GeForce RTX 2080 Ti,Intel(R) Xeon(R) Silver 4114 CPU @ 2.20GHz x8 threads,24,1315553280,NVIDIA GeForce RTX 2080 Ti,0.0,extrapolated_from_1_and_2_blocks,0.0,0.0
opt-1.3b,2048,Kpre,int,40,verify_products,8,4,,cuda,NVIDIA GeForce RTX 2080 Ti,Intel(R) Xeon(R) Silver 4114 CPU @ 2.20GHz x8 threads,24,1315553280,NVIDIA GeForce RTX 2080 Ti,10.579911986831576,extrapolated_from_1_and_2_blocks,0.5548583818599582,0.9907302777282894
opt-1.3b,64,C,int,128,bytes_claims,8,4,,cuda,NVIDIA GeForce RTX 2080 Ti,Intel(R) Xeon(R) Silver 4114 CPU @ 2.20GHz x8 threads,24,1315553280,NVIDIA GeForce RTX 2080 Ti,114495872.0,extrapolated_from_1_and_2_blocks,5968256.0,10686848.0
opt-1.3b,64,C,int,128,bytes_columns,8,4,,cuda,NVIDIA GeForce RTX 2080 Ti,Intel(R) Xeon(R) Silver 4114 CPU @ 2.20GHz x8 threads,24,1315553280,NVIDIA GeForce RTX 2080 Ti,137099136.0,extrapolated_from_1_and_2_blocks,20092800.0,25180032.0
opt-1.3b,64,C,int,128,bytes_paths,8,4,,cuda,NVIDIA GeForce RTX 2080 Ti,Intel(R) Xeon(R) Silver 4114 CPU @ 2.20GHz x8 threads,24,1315553280,NVIDIA GeForce RTX 2080 Ti,2380096.0,extrapolated_from_1_and_2_blocks,148544.0,245568.0
opt-1.3b,64,C,int,128,bytes_paths_multiproof,8,4,,cuda,NVIDIA GeForce RTX 2080 Ti,Intel(R) Xeon(R) Silver 4114 CPU @ 2.20GHz x8 threads,24,1315553280,NVIDIA GeForce RTX 2080 Ti,2391454.165,extrapolated_from_1_and_2_blocks,148524.617,246043.293
opt-1.3b,64,C,int,128,bytes_total,8,4,,cuda,NVIDIA GeForce RTX 2080 Ti,Intel(R) Xeon(R) Silver 4114 CPU @ 2.20GHz x8 threads,24,1315553280,NVIDIA GeForce RTX 2080 Ti,263912704.0,extrapolated_from_1_and_2_blocks,27665720.0,37937328.0
opt-1.3b,64,C,int,128,bytes_total_multiproof,8,4,,cuda,NVIDIA GeForce RTX 2080 Ti,Intel(R) Xeon(R) Silver 4114 CPU @ 2.20GHz x8 threads,24,1315553280,NVIDIA GeForce RTX 2080 Ti,263924062.16499996,extrapolated_from_1_and_2_blocks,27665700.617,37937803.293
opt-1.3b,64,C,int,128,bytes_u,8,4,,cuda,NVIDIA GeForce RTX 2080 Ti,Intel(R) Xeon(R) Silver 4114 CPU @ 2.20GHz x8 threads,24,1315553280,NVIDIA GeForce RTX 2080 Ti,9937600.0,extrapolated_from_1_and_2_blocks,1456120.0,1824880.0
opt-1.3b,64,C,int,128,fs_hash,8,4,,cuda,NVIDIA GeForce RTX 2080 Ti,Intel(R) Xeon(R) Silver 4114 CPU @ 2.20GHz x8 threads,24,1315553280,NVIDIA GeForce RTX 2080 Ti,4.721339792013168e-06,extrapolated_from_1_and_2_blocks,1.3690441846847534e-06,1.5147961676120758e-06
opt-1.3b,64,C,int,128,prove_fold,8,4,,cuda,NVIDIA GeForce RTX 2080 Ti,Intel(R) Xeon(R) Silver 4114 CPU @ 2.20GHz x8 threads,24,1315553280,NVIDIA GeForce RTX 2080 Ti,1.1757990205660462,extrapolated_from_1_and_2_blocks,0.15662364615127444,0.2009356189519167
opt-1.3b,64,C,int,128,prove_forward,8,4,,cuda,NVIDIA GeForce RTX 2080 Ti,Intel(R) Xeon(R) Silver 4114 CPU @ 2.20GHz x8 threads,24,1315553280,NVIDIA GeForce RTX 2080 Ti,0.5991700957529247,extrapolated_from_1_and_2_blocks,0.07628943724557757,0.09902337891981006
opt-1.3b,64,C,int,128,prove_open,8,4,,cuda,NVIDIA GeForce RTX 2080 Ti,Intel(R) Xeon(R) Silver 4114 CPU @ 2.20GHz x8 threads,24,1315553280,NVIDIA GeForce RTX 2080 Ti,1.1362009309232235,extrapolated_from_1_and_2_blocks,0.18430622573941946,0.22569295205175877
opt-1.3b,64,C,int,128,verify_columns,8,4,,cuda,NVIDIA GeForce RTX 2080 Ti,Intel(R) Xeon(R) Silver 4114 CPU @ 2.20GHz x8 threads,24,1315553280,NVIDIA GeForce RTX 2080 Ti,2.3688373253680766,extrapolated_from_1_and_2_blocks,0.35534406267106533,0.442887248005718
opt-1.3b,64,C,int,128,verify_derive,8,4,,cuda,NVIDIA GeForce RTX 2080 Ti,Intel(R) Xeon(R) Silver 4114 CPU @ 2.20GHz x8 threads,24,1315553280,NVIDIA GeForce RTX 2080 Ti,0.3074581171385944,extrapolated_from_1_and_2_blocks,0.02582921413704753,0.03807394905015826
opt-1.3b,64,C,int,128,verify_fold,8,4,,cuda,NVIDIA GeForce RTX 2080 Ti,Intel(R) Xeon(R) Silver 4114 CPU @ 2.20GHz x8 threads,24,1315553280,NVIDIA GeForce RTX 2080 Ti,0.0,extrapolated_from_1_and_2_blocks,0.0,0.0
opt-1.3b,64,C,int,128,verify_products,8,4,,cuda,NVIDIA GeForce RTX 2080 Ti,Intel(R) Xeon(R) Silver 4114 CPU @ 2.20GHz x8 threads,24,1315553280,NVIDIA GeForce RTX 2080 Ti,0.8272072961553931,extrapolated_from_1_and_2_blocks,0.07646180875599384,0.10910291690379381
opt-1.3b,64,C,int,40,bytes_claims,8,4,,cuda,NVIDIA GeForce RTX 2080 Ti,Intel(R) Xeon(R) Silver 4114 CPU @ 2.20GHz x8 threads,24,1315553280,NVIDIA GeForce RTX 2080 Ti,114495872.0,extrapolated_from_1_and_2_blocks,5968256.0,10686848.0
opt-1.3b,64,C,int,40,bytes_columns,8,4,,cuda,NVIDIA GeForce RTX 2080 Ti,Intel(R) Xeon(R) Silver 4114 CPU @ 2.20GHz x8 threads,24,1315553280,NVIDIA GeForce RTX 2080 Ti,49673600.0,extrapolated_from_1_and_2_blocks,7280000.0,9123200.0
opt-1.3b,64,C,int,40,bytes_paths,8,4,,cuda,NVIDIA GeForce RTX 2080 Ti,Intel(R) Xeon(R) Silver 4114 CPU @ 2.20GHz x8 threads,24,1315553280,NVIDIA GeForce RTX 2080 Ti,1016672.0,extrapolated_from_1_and_2_blocks,64288.0,105696.0
opt-1.3b,64,C,int,40,bytes_paths_multiproof,8,4,,cuda,NVIDIA GeForce RTX 2080 Ti,Intel(R) Xeon(R) Silver 4114 CPU @ 2.20GHz x8 threads,24,1315553280,NVIDIA GeForce RTX 2080 Ti,1039800.0199999998,extrapolated_from_1_and_2_blocks,64418.021,106825.934
opt-1.3b,64,C,int,40,bytes_total,8,4,,cuda,NVIDIA GeForce RTX 2080 Ti,Intel(R) Xeon(R) Silver 4114 CPU @ 2.20GHz x8 threads,24,1315553280,NVIDIA GeForce RTX 2080 Ti,169161184.0,extrapolated_from_1_and_2_blocks,13894992.0,20645696.0
opt-1.3b,64,C,int,40,bytes_total_multiproof,8,4,,cuda,NVIDIA GeForce RTX 2080 Ti,Intel(R) Xeon(R) Silver 4114 CPU @ 2.20GHz x8 threads,24,1315553280,NVIDIA GeForce RTX 2080 Ti,169184312.02,extrapolated_from_1_and_2_blocks,13895122.021,20646825.934
opt-1.3b,64,C,int,40,bytes_u,8,4,,cuda,NVIDIA GeForce RTX 2080 Ti,Intel(R) Xeon(R) Silver 4114 CPU @ 2.20GHz x8 threads,24,1315553280,NVIDIA GeForce RTX 2080 Ti,3975040.0,extrapolated_from_1_and_2_blocks,582448.0,729952.0
opt-1.3b,64,C,int,40,fs_hash,8,4,,cuda,NVIDIA GeForce RTX 2080 Ti,Intel(R) Xeon(R) Silver 4114 CPU @ 2.20GHz x8 threads,24,1315553280,NVIDIA GeForce RTX 2080 Ti,3.3797696232795715e-06,extrapolated_from_1_and_2_blocks,1.334119588136673e-06,1.4230608940124512e-06
opt-1.3b,64,C,int,40,prove_fold,8,4,,cuda,NVIDIA GeForce RTX 2080 Ti,Intel(R) Xeon(R) Silver 4114 CPU @ 2.20GHz x8 threads,24,1315553280,NVIDIA GeForce RTX 2080 Ti,1.1636234247125685,extrapolated_from_1_and_2_blocks,0.1557427910156548,0.19956368813291192
opt-1.3b,64,C,int,40,prove_forward,8,4,,cuda,NVIDIA GeForce RTX 2080 Ti,Intel(R) Xeon(R) Silver 4114 CPU @ 2.20GHz x8 threads,24,1315553280,NVIDIA GeForce RTX 2080 Ti,0.5939162168651819,extrapolated_from_1_and_2_blocks,0.07637152401730418,0.09887346718460321
opt-1.3b,64,C,int,40,prove_open,8,4,,cuda,NVIDIA GeForce RTX 2080 Ti,Intel(R) Xeon(R) Silver 4114 CPU @ 2.20GHz x8 threads,24,1315553280,NVIDIA GeForce RTX 2080 Ti,0.6509328982792795,extrapolated_from_1_and_2_blocks,0.09125552605837584,0.11558932485058904
opt-1.3b,64,C,int,40,verify_columns,8,4,,cuda,NVIDIA GeForce RTX 2080 Ti,Intel(R) Xeon(R) Silver 4114 CPU @ 2.20GHz x8 threads,24,1315553280,NVIDIA GeForce RTX 2080 Ti,1.4388590268790722,extrapolated_from_1_and_2_blocks,0.1929505500011146,0.2471204837784171
opt-1.3b,64,C,int,40,verify_derive,8,4,,cuda,NVIDIA GeForce RTX 2080 Ti,Intel(R) Xeon(R) Silver 4114 CPU @ 2.20GHz x8 threads,24,1315553280,NVIDIA GeForce RTX 2080 Ti,0.19230253668501973,extrapolated_from_1_and_2_blocks,0.030082253273576498,0.03713530907407403
opt-1.3b,64,C,int,40,verify_fold,8,4,,cuda,NVIDIA GeForce RTX 2080 Ti,Intel(R) Xeon(R) Silver 4114 CPU @ 2.20GHz x8 threads,24,1315553280,NVIDIA GeForce RTX 2080 Ti,0.0,extrapolated_from_1_and_2_blocks,0.0,0.0
opt-1.3b,64,C,int,40,verify_products,8,4,,cuda,NVIDIA GeForce RTX 2080 Ti,Intel(R) Xeon(R) Silver 4114 CPU @ 2.20GHz x8 threads,24,1315553280,NVIDIA GeForce RTX 2080 Ti,0.7077705515548587,extrapolated_from_1_and_2_blocks,0.06706788390874863,0.09492452163249254
opt-1.3b,64,Kpre,int,128,bytes_claims,8,4,,cuda,NVIDIA GeForce RTX 2080 Ti,Intel(R) Xeon(R) Silver 4114 CPU @ 2.20GHz x8 threads,24,1315553280,NVIDIA GeForce RTX 2080 Ti,114495872.0,extrapolated_from_1_and_2_blocks,5968256.0,10686848.0
opt-1.3b,64,Kpre,int,128,bytes_columns,8,4,,cuda,NVIDIA GeForce RTX 2080 Ti,Intel(R) Xeon(R) Silver 4114 CPU @ 2.20GHz x8 threads,24,1315553280,NVIDIA GeForce RTX 2080 Ti,0.0,extrapolated_from_1_and_2_blocks,0.0,0.0
opt-1.3b,64,Kpre,int,128,bytes_paths,8,4,,cuda,NVIDIA GeForce RTX 2080 Ti,Intel(R) Xeon(R) Silver 4114 CPU @ 2.20GHz x8 threads,24,1315553280,NVIDIA GeForce RTX 2080 Ti,0.0,extrapolated_from_1_and_2_blocks,0.0,0.0
opt-1.3b,64,Kpre,int,128,bytes_total,8,4,,cuda,NVIDIA GeForce RTX 2080 Ti,Intel(R) Xeon(R) Silver 4114 CPU @ 2.20GHz x8 threads,24,1315553280,NVIDIA GeForce RTX 2080 Ti,114495872.0,extrapolated_from_1_and_2_blocks,5968256.0,10686848.0
opt-1.3b,64,Kpre,int,128,bytes_u,8,4,,cuda,NVIDIA GeForce RTX 2080 Ti,Intel(R) Xeon(R) Silver 4114 CPU @ 2.20GHz x8 threads,24,1315553280,NVIDIA GeForce RTX 2080 Ti,0.0,extrapolated_from_1_and_2_blocks,0.0,0.0
opt-1.3b,64,Kpre,int,128,fs_hash,8,4,,cuda,NVIDIA GeForce RTX 2080 Ti,Intel(R) Xeon(R) Silver 4114 CPU @ 2.20GHz x8 threads,24,1315553280,NVIDIA GeForce RTX 2080 Ti,3.5278499126434326e-06,extrapolated_from_1_and_2_blocks,1.118052750825882e-06,1.2228265404701233e-06
opt-1.3b,64,Kpre,int,128,prove_fold,8,4,,cuda,NVIDIA GeForce RTX 2080 Ti,Intel(R) Xeon(R) Silver 4114 CPU @ 2.20GHz x8 threads,24,1315553280,NVIDIA GeForce RTX 2080 Ti,0.0,extrapolated_from_1_and_2_blocks,0.0,0.0
opt-1.3b,64,Kpre,int,128,prove_forward,8,4,,cuda,NVIDIA GeForce RTX 2080 Ti,Intel(R) Xeon(R) Silver 4114 CPU @ 2.20GHz x8 threads,24,1315553280,NVIDIA GeForce RTX 2080 Ti,0.2631234764121473,extrapolated_from_1_and_2_blocks,0.015220423694700003,0.025998817291110754
opt-1.3b,64,Kpre,int,128,verifier_precompute,8,4,,cuda,NVIDIA GeForce RTX 2080 Ti,Intel(R) Xeon(R) Silver 4114 CPU @ 2.20GHz x8 threads,24,1315553280,NVIDIA GeForce RTX 2080 Ti,19.093648604117334,extrapolated_from_1_and_2_blocks,3.809325225651264,4.473861024715006
opt-1.3b,64,Kpre,int,128,verify_derive,8,4,,cuda,NVIDIA GeForce RTX 2080 Ti,Intel(R) Xeon(R) Silver 4114 CPU @ 2.20GHz x8 threads,24,1315553280,NVIDIA GeForce RTX 2080 Ti,0.4127428699284792,extrapolated_from_1_and_2_blocks,0.014920702204108238,0.03221731819212437
opt-1.3b,64,Kpre,int,128,verify_fold,8,4,,cuda,NVIDIA GeForce RTX 2080 Ti,Intel(R) Xeon(R) Silver 4114 CPU @ 2.20GHz x8 threads,24,1315553280,NVIDIA GeForce RTX 2080 Ti,0.0,extrapolated_from_1_and_2_blocks,0.0,0.0
opt-1.3b,64,Kpre,int,128,verify_products,8,4,,cuda,NVIDIA GeForce RTX 2080 Ti,Intel(R) Xeon(R) Silver 4114 CPU @ 2.20GHz x8 threads,24,1315553280,NVIDIA GeForce RTX 2080 Ti,0.8682841188274324,extrapolated_from_1_and_2_blocks,0.07019451400265098,0.10489406203851104
opt-1.3b,64,Kpre,int,40,bytes_claims,8,4,,cuda,NVIDIA GeForce RTX 2080 Ti,Intel(R) Xeon(R) Silver 4114 CPU @ 2.20GHz x8 threads,24,1315553280,NVIDIA GeForce RTX 2080 Ti,114495872.0,extrapolated_from_1_and_2_blocks,5968256.0,10686848.0
opt-1.3b,64,Kpre,int,40,bytes_columns,8,4,,cuda,NVIDIA GeForce RTX 2080 Ti,Intel(R) Xeon(R) Silver 4114 CPU @ 2.20GHz x8 threads,24,1315553280,NVIDIA GeForce RTX 2080 Ti,0.0,extrapolated_from_1_and_2_blocks,0.0,0.0
opt-1.3b,64,Kpre,int,40,bytes_paths,8,4,,cuda,NVIDIA GeForce RTX 2080 Ti,Intel(R) Xeon(R) Silver 4114 CPU @ 2.20GHz x8 threads,24,1315553280,NVIDIA GeForce RTX 2080 Ti,0.0,extrapolated_from_1_and_2_blocks,0.0,0.0
opt-1.3b,64,Kpre,int,40,bytes_total,8,4,,cuda,NVIDIA GeForce RTX 2080 Ti,Intel(R) Xeon(R) Silver 4114 CPU @ 2.20GHz x8 threads,24,1315553280,NVIDIA GeForce RTX 2080 Ti,114495872.0,extrapolated_from_1_and_2_blocks,5968256.0,10686848.0
opt-1.3b,64,Kpre,int,40,bytes_u,8,4,,cuda,NVIDIA GeForce RTX 2080 Ti,Intel(R) Xeon(R) Silver 4114 CPU @ 2.20GHz x8 threads,24,1315553280,NVIDIA GeForce RTX 2080 Ti,0.0,extrapolated_from_1_and_2_blocks,0.0,0.0
opt-1.3b,64,Kpre,int,40,fs_hash,8,4,,cuda,NVIDIA GeForce RTX 2080 Ti,Intel(R) Xeon(R) Silver 4114 CPU @ 2.20GHz x8 threads,24,1315553280,NVIDIA GeForce RTX 2080 Ti,5.336944013834e-06,extrapolated_from_1_and_2_blocks,1.0100193321704865e-06,1.1981464922428131e-06
opt-1.3b,64,Kpre,int,40,prove_fold,8,4,,cuda,NVIDIA GeForce RTX 2080 Ti,Intel(R) Xeon(R) Silver 4114 CPU @ 2.20GHz x8 threads,24,1315553280,NVIDIA GeForce RTX 2080 Ti,0.0,extrapolated_from_1_and_2_blocks,0.0,0.0
opt-1.3b,64,Kpre,int,40,prove_forward,8,4,,cuda,NVIDIA GeForce RTX 2080 Ti,Intel(R) Xeon(R) Silver 4114 CPU @ 2.20GHz x8 threads,24,1315553280,NVIDIA GeForce RTX 2080 Ti,0.27883129427209496,extrapolated_from_1_and_2_blocks,0.016046266071498394,0.027471702080219984
opt-1.3b,64,Kpre,int,40,verifier_precompute,8,4,,cuda,NVIDIA GeForce RTX 2080 Ti,Intel(R) Xeon(R) Silver 4114 CPU @ 2.20GHz x8 threads,24,1315553280,NVIDIA GeForce RTX 2080 Ti,20.18995748553425,extrapolated_from_1_and_2_blocks,3.6279387027025223,4.348026475869119
opt-1.3b,64,Kpre,int,40,verify_derive,8,4,,cuda,NVIDIA GeForce RTX 2080 Ti,Intel(R) Xeon(R) Silver 4114 CPU @ 2.20GHz x8 threads,24,1315553280,NVIDIA GeForce RTX 2080 Ti,0.3008071598596871,extrapolated_from_1_and_2_blocks,0.01512135798111558,0.027542479801923037
opt-1.3b,64,Kpre,int,40,verify_fold,8,4,,cuda,NVIDIA GeForce RTX 2080 Ti,Intel(R) Xeon(R) Silver 4114 CPU @ 2.20GHz x8 threads,24,1315553280,NVIDIA GeForce RTX 2080 Ti,0.0,extrapolated_from_1_and_2_blocks,0.0,0.0
opt-1.3b,64,Kpre,int,40,verify_products,8,4,,cuda,NVIDIA GeForce RTX 2080 Ti,Intel(R) Xeon(R) Silver 4114 CPU @ 2.20GHz x8 threads,24,1315553280,NVIDIA GeForce RTX 2080 Ti,0.6912783170118928,extrapolated_from_1_and_2_blocks,0.06015004124492407,0.08759040106087923
opt-125m,2048,C,int,128,bytes_claims,8,4,,cuda,NVIDIA GeForce RTX 2080 Ti,Intel(R) Xeon(R) Silver 4114 CPU @ 2.20GHz x8 threads,12,125199360,NVIDIA GeForce RTX 2080 Ti,692261248.0,measured,,
opt-125m,2048,C,int,128,bytes_columns,8,4,,cuda,NVIDIA GeForce RTX 2080 Ti,Intel(R) Xeon(R) Silver 4114 CPU @ 2.20GHz x8 threads,12,125199360,NVIDIA GeForce RTX 2080 Ti,36652544.0,measured,,
opt-125m,2048,C,int,128,bytes_paths,8,4,,cuda,NVIDIA GeForce RTX 2080 Ti,Intel(R) Xeon(R) Silver 4114 CPU @ 2.20GHz x8 threads,12,125199360,NVIDIA GeForce RTX 2080 Ti,2025856.0,measured,,
opt-125m,2048,C,int,128,bytes_paths_multiproof,8,4,,cuda,NVIDIA GeForce RTX 2080 Ti,Intel(R) Xeon(R) Silver 4114 CPU @ 2.20GHz x8 threads,12,125199360,NVIDIA GeForce RTX 2080 Ti,896624.169,measured,,
opt-125m,2048,C,int,128,bytes_total,8,4,,cuda,NVIDIA GeForce RTX 2080 Ti,Intel(R) Xeon(R) Silver 4114 CPU @ 2.20GHz x8 threads,12,125199360,NVIDIA GeForce RTX 2080 Ti,733661728.0,measured,,
opt-125m,2048,C,int,128,bytes_total_multiproof,8,4,,cuda,NVIDIA GeForce RTX 2080 Ti,Intel(R) Xeon(R) Silver 4114 CPU @ 2.20GHz x8 threads,12,125199360,NVIDIA GeForce RTX 2080 Ti,732532496.169,measured,,
opt-125m,2048,C,int,128,bytes_u,8,4,,cuda,NVIDIA GeForce RTX 2080 Ti,Intel(R) Xeon(R) Silver 4114 CPU @ 2.20GHz x8 threads,12,125199360,NVIDIA GeForce RTX 2080 Ti,2722080.0,measured,,
opt-125m,2048,C,int,128,fs_hash,8,4,,cuda,NVIDIA GeForce RTX 2080 Ti,Intel(R) Xeon(R) Silver 4114 CPU @ 2.20GHz x8 threads,12,125199360,NVIDIA GeForce RTX 2080 Ti,1.2363307178020477e-06,measured,,
opt-125m,2048,C,int,128,prove_fold,8,4,,cuda,NVIDIA GeForce RTX 2080 Ti,Intel(R) Xeon(R) Silver 4114 CPU @ 2.20GHz x8 threads,12,125199360,NVIDIA GeForce RTX 2080 Ti,0.3421721812337637,measured,,
opt-125m,2048,C,int,128,prove_forward,8,4,,cuda,NVIDIA GeForce RTX 2080 Ti,Intel(R) Xeon(R) Silver 4114 CPU @ 2.20GHz x8 threads,12,125199360,NVIDIA GeForce RTX 2080 Ti,0.8868580497801304,measured,,
opt-125m,2048,C,int,128,prove_open,8,4,,cuda,NVIDIA GeForce RTX 2080 Ti,Intel(R) Xeon(R) Silver 4114 CPU @ 2.20GHz x8 threads,12,125199360,NVIDIA GeForce RTX 2080 Ti,0.26731919683516026,measured,,
opt-125m,2048,C,int,128,verify_columns,8,4,,cuda,NVIDIA GeForce RTX 2080 Ti,Intel(R) Xeon(R) Silver 4114 CPU @ 2.20GHz x8 threads,12,125199360,NVIDIA GeForce RTX 2080 Ti,1.0360838118940592,measured,,
opt-125m,2048,C,int,128,verify_derive,8,4,,cuda,NVIDIA GeForce RTX 2080 Ti,Intel(R) Xeon(R) Silver 4114 CPU @ 2.20GHz x8 threads,12,125199360,NVIDIA GeForce RTX 2080 Ti,19.696452715899795,measured,,
opt-125m,2048,C,int,128,verify_fold,8,4,,cuda,NVIDIA GeForce RTX 2080 Ti,Intel(R) Xeon(R) Silver 4114 CPU @ 2.20GHz x8 threads,12,125199360,NVIDIA GeForce RTX 2080 Ti,0.0,measured,,
opt-125m,2048,C,int,128,verify_products,8,4,,cuda,NVIDIA GeForce RTX 2080 Ti,Intel(R) Xeon(R) Silver 4114 CPU @ 2.20GHz x8 threads,12,125199360,NVIDIA GeForce RTX 2080 Ti,1.403183729853481,measured,,
opt-125m,2048,C,int,40,bytes_claims,8,4,,cuda,NVIDIA GeForce RTX 2080 Ti,Intel(R) Xeon(R) Silver 4114 CPU @ 2.20GHz x8 threads,12,125199360,NVIDIA GeForce RTX 2080 Ti,692261248.0,measured,,
opt-125m,2048,C,int,40,bytes_columns,8,4,,cuda,NVIDIA GeForce RTX 2080 Ti,Intel(R) Xeon(R) Silver 4114 CPU @ 2.20GHz x8 threads,12,125199360,NVIDIA GeForce RTX 2080 Ti,12936192.0,measured,,
opt-125m,2048,C,int,40,bytes_paths,8,4,,cuda,NVIDIA GeForce RTX 2080 Ti,Intel(R) Xeon(R) Silver 4114 CPU @ 2.20GHz x8 threads,12,125199360,NVIDIA GeForce RTX 2080 Ti,715008.0,measured,,
opt-125m,2048,C,int,40,bytes_paths_multiproof,8,4,,cuda,NVIDIA GeForce RTX 2080 Ti,Intel(R) Xeon(R) Silver 4114 CPU @ 2.20GHz x8 threads,12,125199360,NVIDIA GeForce RTX 2080 Ti,402537.313,measured,,
opt-125m,2048,C,int,40,bytes_total,8,4,,cuda,NVIDIA GeForce RTX 2080 Ti,Intel(R) Xeon(R) Silver 4114 CPU @ 2.20GHz x8 threads,12,125199360,NVIDIA GeForce RTX 2080 Ti,707001280.0,measured,,
opt-125m,2048,C,int,40,bytes_total_multiproof,8,4,,cuda,NVIDIA GeForce RTX 2080 Ti,Intel(R) Xeon(R) Silver 4114 CPU @ 2.20GHz x8 threads,12,125199360,NVIDIA GeForce RTX 2080 Ti,706688809.313,measured,,
opt-125m,2048,C,int,40,bytes_u,8,4,,cuda,NVIDIA GeForce RTX 2080 Ti,Intel(R) Xeon(R) Silver 4114 CPU @ 2.20GHz x8 threads,12,125199360,NVIDIA GeForce RTX 2080 Ti,1088832.0,measured,,
opt-125m,2048,C,int,40,fs_hash,8,4,,cuda,NVIDIA GeForce RTX 2080 Ti,Intel(R) Xeon(R) Silver 4114 CPU @ 2.20GHz x8 threads,12,125199360,NVIDIA GeForce RTX 2080 Ti,1.5799887478351593e-06,measured,,
opt-125m,2048,C,int,40,prove_fold,8,4,,cuda,NVIDIA GeForce RTX 2080 Ti,Intel(R) Xeon(R) Silver 4114 CPU @ 2.20GHz x8 threads,12,125199360,NVIDIA GeForce RTX 2080 Ti,0.26062862295657396,measured,,
opt-125m,2048,C,int,40,prove_forward,8,4,,cuda,NVIDIA GeForce RTX 2080 Ti,Intel(R) Xeon(R) Silver 4114 CPU @ 2.20GHz x8 threads,12,125199360,NVIDIA GeForce RTX 2080 Ti,1.1775889317505062,measured,,
opt-125m,2048,C,int,40,prove_open,8,4,,cuda,NVIDIA GeForce RTX 2080 Ti,Intel(R) Xeon(R) Silver 4114 CPU @ 2.20GHz x8 threads,12,125199360,NVIDIA GeForce RTX 2080 Ti,0.14023636933416128,measured,,
opt-125m,2048,C,int,40,verify_columns,8,4,,cuda,NVIDIA GeForce RTX 2080 Ti,Intel(R) Xeon(R) Silver 4114 CPU @ 2.20GHz x8 threads,12,125199360,NVIDIA GeForce RTX 2080 Ti,0.5327113112434745,measured,,
opt-125m,2048,C,int,40,verify_derive,8,4,,cuda,NVIDIA GeForce RTX 2080 Ti,Intel(R) Xeon(R) Silver 4114 CPU @ 2.20GHz x8 threads,12,125199360,NVIDIA GeForce RTX 2080 Ti,19.62553365388885,measured,,
opt-125m,2048,C,int,40,verify_fold,8,4,,cuda,NVIDIA GeForce RTX 2080 Ti,Intel(R) Xeon(R) Silver 4114 CPU @ 2.20GHz x8 threads,12,125199360,NVIDIA GeForce RTX 2080 Ti,0.0,measured,,
opt-125m,2048,C,int,40,verify_products,8,4,,cuda,NVIDIA GeForce RTX 2080 Ti,Intel(R) Xeon(R) Silver 4114 CPU @ 2.20GHz x8 threads,12,125199360,NVIDIA GeForce RTX 2080 Ti,1.2762948763556778,measured,,
opt-125m,2048,Kpre,int,128,bytes_claims,8,4,,cuda,NVIDIA GeForce RTX 2080 Ti,Intel(R) Xeon(R) Silver 4114 CPU @ 2.20GHz x8 threads,12,125199360,NVIDIA GeForce RTX 2080 Ti,692261248.0,measured,,
opt-125m,2048,Kpre,int,128,bytes_columns,8,4,,cuda,NVIDIA GeForce RTX 2080 Ti,Intel(R) Xeon(R) Silver 4114 CPU @ 2.20GHz x8 threads,12,125199360,NVIDIA GeForce RTX 2080 Ti,0.0,measured,,
opt-125m,2048,Kpre,int,128,bytes_paths,8,4,,cuda,NVIDIA GeForce RTX 2080 Ti,Intel(R) Xeon(R) Silver 4114 CPU @ 2.20GHz x8 threads,12,125199360,NVIDIA GeForce RTX 2080 Ti,0.0,measured,,
opt-125m,2048,Kpre,int,128,bytes_total,8,4,,cuda,NVIDIA GeForce RTX 2080 Ti,Intel(R) Xeon(R) Silver 4114 CPU @ 2.20GHz x8 threads,12,125199360,NVIDIA GeForce RTX 2080 Ti,692261248.0,measured,,
opt-125m,2048,Kpre,int,128,bytes_u,8,4,,cuda,NVIDIA GeForce RTX 2080 Ti,Intel(R) Xeon(R) Silver 4114 CPU @ 2.20GHz x8 threads,12,125199360,NVIDIA GeForce RTX 2080 Ti,0.0,measured,,
opt-125m,2048,Kpre,int,128,fs_hash,8,4,,cuda,NVIDIA GeForce RTX 2080 Ti,Intel(R) Xeon(R) Silver 4114 CPU @ 2.20GHz x8 threads,12,125199360,NVIDIA GeForce RTX 2080 Ti,1.5208497643470764e-06,measured,,
opt-125m,2048,Kpre,int,128,prove_fold,8,4,,cuda,NVIDIA GeForce RTX 2080 Ti,Intel(R) Xeon(R) Silver 4114 CPU @ 2.20GHz x8 threads,12,125199360,NVIDIA GeForce RTX 2080 Ti,0.0,measured,,
opt-125m,2048,Kpre,int,128,prove_forward,8,4,,cuda,NVIDIA GeForce RTX 2080 Ti,Intel(R) Xeon(R) Silver 4114 CPU @ 2.20GHz x8 threads,12,125199360,NVIDIA GeForce RTX 2080 Ti,1.2502198000438511,measured,,
opt-125m,2048,Kpre,int,128,verifier_precompute,8,4,,cuda,NVIDIA GeForce RTX 2080 Ti,Intel(R) Xeon(R) Silver 4114 CPU @ 2.20GHz x8 threads,12,125199360,NVIDIA GeForce RTX 2080 Ti,1.3151888740248978,measured,,
opt-125m,2048,Kpre,int,128,verify_derive,8,4,,cuda,NVIDIA GeForce RTX 2080 Ti,Intel(R) Xeon(R) Silver 4114 CPU @ 2.20GHz x8 threads,12,125199360,NVIDIA GeForce RTX 2080 Ti,19.869723550975323,measured,,
opt-125m,2048,Kpre,int,128,verify_fold,8,4,,cuda,NVIDIA GeForce RTX 2080 Ti,Intel(R) Xeon(R) Silver 4114 CPU @ 2.20GHz x8 threads,12,125199360,NVIDIA GeForce RTX 2080 Ti,0.0,measured,,
opt-125m,2048,Kpre,int,128,verify_products,8,4,,cuda,NVIDIA GeForce RTX 2080 Ti,Intel(R) Xeon(R) Silver 4114 CPU @ 2.20GHz x8 threads,12,125199360,NVIDIA GeForce RTX 2080 Ti,1.4032294708304107,measured,,
opt-125m,2048,Kpre,int,40,bytes_claims,8,4,,cuda,NVIDIA GeForce RTX 2080 Ti,Intel(R) Xeon(R) Silver 4114 CPU @ 2.20GHz x8 threads,12,125199360,NVIDIA GeForce RTX 2080 Ti,692261248.0,measured,,
opt-125m,2048,Kpre,int,40,bytes_columns,8,4,,cuda,NVIDIA GeForce RTX 2080 Ti,Intel(R) Xeon(R) Silver 4114 CPU @ 2.20GHz x8 threads,12,125199360,NVIDIA GeForce RTX 2080 Ti,0.0,measured,,
opt-125m,2048,Kpre,int,40,bytes_paths,8,4,,cuda,NVIDIA GeForce RTX 2080 Ti,Intel(R) Xeon(R) Silver 4114 CPU @ 2.20GHz x8 threads,12,125199360,NVIDIA GeForce RTX 2080 Ti,0.0,measured,,
opt-125m,2048,Kpre,int,40,bytes_total,8,4,,cuda,NVIDIA GeForce RTX 2080 Ti,Intel(R) Xeon(R) Silver 4114 CPU @ 2.20GHz x8 threads,12,125199360,NVIDIA GeForce RTX 2080 Ti,692261248.0,measured,,
opt-125m,2048,Kpre,int,40,bytes_u,8,4,,cuda,NVIDIA GeForce RTX 2080 Ti,Intel(R) Xeon(R) Silver 4114 CPU @ 2.20GHz x8 threads,12,125199360,NVIDIA GeForce RTX 2080 Ti,0.0,measured,,
opt-125m,2048,Kpre,int,40,fs_hash,8,4,,cuda,NVIDIA GeForce RTX 2080 Ti,Intel(R) Xeon(R) Silver 4114 CPU @ 2.20GHz x8 threads,12,125199360,NVIDIA GeForce RTX 2080 Ti,1.8961727619171143e-06,measured,,
opt-125m,2048,Kpre,int,40,prove_fold,8,4,,cuda,NVIDIA GeForce RTX 2080 Ti,Intel(R) Xeon(R) Silver 4114 CPU @ 2.20GHz x8 threads,12,125199360,NVIDIA GeForce RTX 2080 Ti,0.0,measured,,
opt-125m,2048,Kpre,int,40,prove_forward,8,4,,cuda,NVIDIA GeForce RTX 2080 Ti,Intel(R) Xeon(R) Silver 4114 CPU @ 2.20GHz x8 threads,12,125199360,NVIDIA GeForce RTX 2080 Ti,1.1855943780392408,measured,,
opt-125m,2048,Kpre,int,40,verifier_precompute,8,4,,cuda,NVIDIA GeForce RTX 2080 Ti,Intel(R) Xeon(R) Silver 4114 CPU @ 2.20GHz x8 threads,12,125199360,NVIDIA GeForce RTX 2080 Ti,1.3484718380495906,measured,,
opt-125m,2048,Kpre,int,40,verify_derive,8,4,,cuda,NVIDIA GeForce RTX 2080 Ti,Intel(R) Xeon(R) Silver 4114 CPU @ 2.20GHz x8 threads,12,125199360,NVIDIA GeForce RTX 2080 Ti,19.67188015813008,measured,,
opt-125m,2048,Kpre,int,40,verify_fold,8,4,,cuda,NVIDIA GeForce RTX 2080 Ti,Intel(R) Xeon(R) Silver 4114 CPU @ 2.20GHz x8 threads,12,125199360,NVIDIA GeForce RTX 2080 Ti,0.0,measured,,
opt-125m,2048,Kpre,int,40,verify_products,8,4,,cuda,NVIDIA GeForce RTX 2080 Ti,Intel(R) Xeon(R) Silver 4114 CPU @ 2.20GHz x8 threads,12,125199360,NVIDIA GeForce RTX 2080 Ti,1.4252155600115657,measured,,
opt-125m,64,C,int,128,bytes_claims,8,4,,cuda,NVIDIA GeForce RTX 2080 Ti,Intel(R) Xeon(R) Silver 4114 CPU @ 2.20GHz x8 threads,12,125199360,NVIDIA GeForce RTX 2080 Ti,21827968.0,measured,,
opt-125m,64,C,int,128,bytes_columns,8,4,,cuda,NVIDIA GeForce RTX 2080 Ti,Intel(R) Xeon(R) Silver 4114 CPU @ 2.20GHz x8 threads,12,125199360,NVIDIA GeForce RTX 2080 Ti,36652544.0,measured,,
opt-125m,64,C,int,128,bytes_paths,8,4,,cuda,NVIDIA GeForce RTX 2080 Ti,Intel(R) Xeon(R) Silver 4114 CPU @ 2.20GHz x8 threads,12,125199360,NVIDIA GeForce RTX 2080 Ti,2025856.0,measured,,
opt-125m,64,C,int,128,bytes_paths_multiproof,8,4,,cuda,NVIDIA GeForce RTX 2080 Ti,Intel(R) Xeon(R) Silver 4114 CPU @ 2.20GHz x8 threads,12,125199360,NVIDIA GeForce RTX 2080 Ti,896624.169,measured,,
opt-125m,64,C,int,128,bytes_total,8,4,,cuda,NVIDIA GeForce RTX 2080 Ti,Intel(R) Xeon(R) Silver 4114 CPU @ 2.20GHz x8 threads,12,125199360,NVIDIA GeForce RTX 2080 Ti,63228448.0,measured,,
opt-125m,64,C,int,128,bytes_total_multiproof,8,4,,cuda,NVIDIA GeForce RTX 2080 Ti,Intel(R) Xeon(R) Silver 4114 CPU @ 2.20GHz x8 threads,12,125199360,NVIDIA GeForce RTX 2080 Ti,62099216.169,measured,,
opt-125m,64,C,int,128,bytes_u,8,4,,cuda,NVIDIA GeForce RTX 2080 Ti,Intel(R) Xeon(R) Silver 4114 CPU @ 2.20GHz x8 threads,12,125199360,NVIDIA GeForce RTX 2080 Ti,2722080.0,measured,,
opt-125m,64,C,int,128,fs_hash,8,4,,cuda,NVIDIA GeForce RTX 2080 Ti,Intel(R) Xeon(R) Silver 4114 CPU @ 2.20GHz x8 threads,12,125199360,NVIDIA GeForce RTX 2080 Ti,1.5869736671447754e-06,measured,,
opt-125m,64,C,int,128,prove_fold,8,4,,cuda,NVIDIA GeForce RTX 2080 Ti,Intel(R) Xeon(R) Silver 4114 CPU @ 2.20GHz x8 threads,12,125199360,NVIDIA GeForce RTX 2080 Ti,0.2574460073374212,measured,,
opt-125m,64,C,int,128,prove_forward,8,4,,cuda,NVIDIA GeForce RTX 2080 Ti,Intel(R) Xeon(R) Silver 4114 CPU @ 2.20GHz x8 threads,12,125199360,NVIDIA GeForce RTX 2080 Ti,0.15171617083251476,measured,,
opt-125m,64,C,int,128,prove_open,8,4,,cuda,NVIDIA GeForce RTX 2080 Ti,Intel(R) Xeon(R) Silver 4114 CPU @ 2.20GHz x8 threads,12,125199360,NVIDIA GeForce RTX 2080 Ti,0.2782382327131927,measured,,
opt-125m,64,C,int,128,verify_columns,8,4,,cuda,NVIDIA GeForce RTX 2080 Ti,Intel(R) Xeon(R) Silver 4114 CPU @ 2.20GHz x8 threads,12,125199360,NVIDIA GeForce RTX 2080 Ti,1.0354421390220523,measured,,
opt-125m,64,C,int,128,verify_derive,8,4,,cuda,NVIDIA GeForce RTX 2080 Ti,Intel(R) Xeon(R) Silver 4114 CPU @ 2.20GHz x8 threads,12,125199360,NVIDIA GeForce RTX 2080 Ti,0.14180175494402647,measured,,
opt-125m,64,C,int,128,verify_fold,8,4,,cuda,NVIDIA GeForce RTX 2080 Ti,Intel(R) Xeon(R) Silver 4114 CPU @ 2.20GHz x8 threads,12,125199360,NVIDIA GeForce RTX 2080 Ti,0.0,measured,,
opt-125m,64,C,int,128,verify_products,8,4,,cuda,NVIDIA GeForce RTX 2080 Ti,Intel(R) Xeon(R) Silver 4114 CPU @ 2.20GHz x8 threads,12,125199360,NVIDIA GeForce RTX 2080 Ti,0.29690547520294785,measured,,
opt-125m,64,C,int,40,bytes_claims,8,4,,cuda,NVIDIA GeForce RTX 2080 Ti,Intel(R) Xeon(R) Silver 4114 CPU @ 2.20GHz x8 threads,12,125199360,NVIDIA GeForce RTX 2080 Ti,21827968.0,measured,,
opt-125m,64,C,int,40,bytes_columns,8,4,,cuda,NVIDIA GeForce RTX 2080 Ti,Intel(R) Xeon(R) Silver 4114 CPU @ 2.20GHz x8 threads,12,125199360,NVIDIA GeForce RTX 2080 Ti,12936192.0,measured,,
opt-125m,64,C,int,40,bytes_paths,8,4,,cuda,NVIDIA GeForce RTX 2080 Ti,Intel(R) Xeon(R) Silver 4114 CPU @ 2.20GHz x8 threads,12,125199360,NVIDIA GeForce RTX 2080 Ti,715008.0,measured,,
opt-125m,64,C,int,40,bytes_paths_multiproof,8,4,,cuda,NVIDIA GeForce RTX 2080 Ti,Intel(R) Xeon(R) Silver 4114 CPU @ 2.20GHz x8 threads,12,125199360,NVIDIA GeForce RTX 2080 Ti,402537.313,measured,,
opt-125m,64,C,int,40,bytes_total,8,4,,cuda,NVIDIA GeForce RTX 2080 Ti,Intel(R) Xeon(R) Silver 4114 CPU @ 2.20GHz x8 threads,12,125199360,NVIDIA GeForce RTX 2080 Ti,36568000.0,measured,,
opt-125m,64,C,int,40,bytes_total_multiproof,8,4,,cuda,NVIDIA GeForce RTX 2080 Ti,Intel(R) Xeon(R) Silver 4114 CPU @ 2.20GHz x8 threads,12,125199360,NVIDIA GeForce RTX 2080 Ti,36255529.313,measured,,
opt-125m,64,C,int,40,bytes_u,8,4,,cuda,NVIDIA GeForce RTX 2080 Ti,Intel(R) Xeon(R) Silver 4114 CPU @ 2.20GHz x8 threads,12,125199360,NVIDIA GeForce RTX 2080 Ti,1088832.0,measured,,
opt-125m,64,C,int,40,fs_hash,8,4,,cuda,NVIDIA GeForce RTX 2080 Ti,Intel(R) Xeon(R) Silver 4114 CPU @ 2.20GHz x8 threads,12,125199360,NVIDIA GeForce RTX 2080 Ti,1.593027263879776e-06,measured,,
opt-125m,64,C,int,40,prove_fold,8,4,,cuda,NVIDIA GeForce RTX 2080 Ti,Intel(R) Xeon(R) Silver 4114 CPU @ 2.20GHz x8 threads,12,125199360,NVIDIA GeForce RTX 2080 Ti,0.26576201524585485,measured,,
opt-125m,64,C,int,40,prove_forward,8,4,,cuda,NVIDIA GeForce RTX 2080 Ti,Intel(R) Xeon(R) Silver 4114 CPU @ 2.20GHz x8 threads,12,125199360,NVIDIA GeForce RTX 2080 Ti,0.17679843585938215,measured,,
opt-125m,64,C,int,40,prove_open,8,4,,cuda,NVIDIA GeForce RTX 2080 Ti,Intel(R) Xeon(R) Silver 4114 CPU @ 2.20GHz x8 threads,12,125199360,NVIDIA GeForce RTX 2080 Ti,0.16737856389954686,measured,,
opt-125m,64,C,int,40,verify_columns,8,4,,cuda,NVIDIA GeForce RTX 2080 Ti,Intel(R) Xeon(R) Silver 4114 CPU @ 2.20GHz x8 threads,12,125199360,NVIDIA GeForce RTX 2080 Ti,0.5701946909539402,measured,,
opt-125m,64,C,int,40,verify_derive,8,4,,cuda,NVIDIA GeForce RTX 2080 Ti,Intel(R) Xeon(R) Silver 4114 CPU @ 2.20GHz x8 threads,12,125199360,NVIDIA GeForce RTX 2080 Ti,0.13947319006547332,measured,,
opt-125m,64,C,int,40,verify_fold,8,4,,cuda,NVIDIA GeForce RTX 2080 Ti,Intel(R) Xeon(R) Silver 4114 CPU @ 2.20GHz x8 threads,12,125199360,NVIDIA GeForce RTX 2080 Ti,0.0,measured,,
opt-125m,64,C,int,40,verify_products,8,4,,cuda,NVIDIA GeForce RTX 2080 Ti,Intel(R) Xeon(R) Silver 4114 CPU @ 2.20GHz x8 threads,12,125199360,NVIDIA GeForce RTX 2080 Ti,0.26411725115031004,measured,,
opt-125m,64,Kpre,int,128,bytes_claims,8,4,,cuda,NVIDIA GeForce RTX 2080 Ti,Intel(R) Xeon(R) Silver 4114 CPU @ 2.20GHz x8 threads,12,125199360,NVIDIA GeForce RTX 2080 Ti,21827968.0,measured,,
opt-125m,64,Kpre,int,128,bytes_columns,8,4,,cuda,NVIDIA GeForce RTX 2080 Ti,Intel(R) Xeon(R) Silver 4114 CPU @ 2.20GHz x8 threads,12,125199360,NVIDIA GeForce RTX 2080 Ti,0.0,measured,,
opt-125m,64,Kpre,int,128,bytes_paths,8,4,,cuda,NVIDIA GeForce RTX 2080 Ti,Intel(R) Xeon(R) Silver 4114 CPU @ 2.20GHz x8 threads,12,125199360,NVIDIA GeForce RTX 2080 Ti,0.0,measured,,
opt-125m,64,Kpre,int,128,bytes_total,8,4,,cuda,NVIDIA GeForce RTX 2080 Ti,Intel(R) Xeon(R) Silver 4114 CPU @ 2.20GHz x8 threads,12,125199360,NVIDIA GeForce RTX 2080 Ti,21827968.0,measured,,
opt-125m,64,Kpre,int,128,bytes_u,8,4,,cuda,NVIDIA GeForce RTX 2080 Ti,Intel(R) Xeon(R) Silver 4114 CPU @ 2.20GHz x8 threads,12,125199360,NVIDIA GeForce RTX 2080 Ti,0.0,measured,,
opt-125m,64,Kpre,int,128,fs_hash,8,4,,cuda,NVIDIA GeForce RTX 2080 Ti,Intel(R) Xeon(R) Silver 4114 CPU @ 2.20GHz x8 threads,12,125199360,NVIDIA GeForce RTX 2080 Ti,1.2381933629512787e-06,measured,,
opt-125m,64,Kpre,int,128,prove_fold,8,4,,cuda,NVIDIA GeForce RTX 2080 Ti,Intel(R) Xeon(R) Silver 4114 CPU @ 2.20GHz x8 threads,12,125199360,NVIDIA GeForce RTX 2080 Ti,0.0,measured,,
opt-125m,64,Kpre,int,128,prove_forward,8,4,,cuda,NVIDIA GeForce RTX 2080 Ti,Intel(R) Xeon(R) Silver 4114 CPU @ 2.20GHz x8 threads,12,125199360,NVIDIA GeForce RTX 2080 Ti,0.08411466889083385,measured,,
opt-125m,64,Kpre,int,128,verifier_precompute,8,4,,cuda,NVIDIA GeForce RTX 2080 Ti,Intel(R) Xeon(R) Silver 4114 CPU @ 2.20GHz x8 threads,12,125199360,NVIDIA GeForce RTX 2080 Ti,2.2548243911005557,measured,,
opt-125m,64,Kpre,int,128,verify_derive,8,4,,cuda,NVIDIA GeForce RTX 2080 Ti,Intel(R) Xeon(R) Silver 4114 CPU @ 2.20GHz x8 threads,12,125199360,NVIDIA GeForce RTX 2080 Ti,0.1194595810957253,measured,,
opt-125m,64,Kpre,int,128,verify_fold,8,4,,cuda,NVIDIA GeForce RTX 2080 Ti,Intel(R) Xeon(R) Silver 4114 CPU @ 2.20GHz x8 threads,12,125199360,NVIDIA GeForce RTX 2080 Ti,0.0,measured,,
opt-125m,64,Kpre,int,128,verify_products,8,4,,cuda,NVIDIA GeForce RTX 2080 Ti,Intel(R) Xeon(R) Silver 4114 CPU @ 2.20GHz x8 threads,12,125199360,NVIDIA GeForce RTX 2080 Ti,0.2618111511692405,measured,,
opt-125m,64,Kpre,int,40,bytes_claims,8,4,,cuda,NVIDIA GeForce RTX 2080 Ti,Intel(R) Xeon(R) Silver 4114 CPU @ 2.20GHz x8 threads,12,125199360,NVIDIA GeForce RTX 2080 Ti,21827968.0,measured,,
opt-125m,64,Kpre,int,40,bytes_columns,8,4,,cuda,NVIDIA GeForce RTX 2080 Ti,Intel(R) Xeon(R) Silver 4114 CPU @ 2.20GHz x8 threads,12,125199360,NVIDIA GeForce RTX 2080 Ti,0.0,measured,,
opt-125m,64,Kpre,int,40,bytes_paths,8,4,,cuda,NVIDIA GeForce RTX 2080 Ti,Intel(R) Xeon(R) Silver 4114 CPU @ 2.20GHz x8 threads,12,125199360,NVIDIA GeForce RTX 2080 Ti,0.0,measured,,
opt-125m,64,Kpre,int,40,bytes_total,8,4,,cuda,NVIDIA GeForce RTX 2080 Ti,Intel(R) Xeon(R) Silver 4114 CPU @ 2.20GHz x8 threads,12,125199360,NVIDIA GeForce RTX 2080 Ti,21827968.0,measured,,
opt-125m,64,Kpre,int,40,bytes_u,8,4,,cuda,NVIDIA GeForce RTX 2080 Ti,Intel(R) Xeon(R) Silver 4114 CPU @ 2.20GHz x8 threads,12,125199360,NVIDIA GeForce RTX 2080 Ti,0.0,measured,,
opt-125m,64,Kpre,int,40,fs_hash,8,4,,cuda,NVIDIA GeForce RTX 2080 Ti,Intel(R) Xeon(R) Silver 4114 CPU @ 2.20GHz x8 threads,12,125199360,NVIDIA GeForce RTX 2080 Ti,1.2959353625774384e-06,measured,,
opt-125m,64,Kpre,int,40,prove_fold,8,4,,cuda,NVIDIA GeForce RTX 2080 Ti,Intel(R) Xeon(R) Silver 4114 CPU @ 2.20GHz x8 threads,12,125199360,NVIDIA GeForce RTX 2080 Ti,0.0,measured,,
opt-125m,64,Kpre,int,40,prove_forward,8,4,,cuda,NVIDIA GeForce RTX 2080 Ti,Intel(R) Xeon(R) Silver 4114 CPU @ 2.20GHz x8 threads,12,125199360,NVIDIA GeForce RTX 2080 Ti,0.10835091210901737,measured,,
opt-125m,64,Kpre,int,40,verifier_precompute,8,4,,cuda,NVIDIA GeForce RTX 2080 Ti,Intel(R) Xeon(R) Silver 4114 CPU @ 2.20GHz x8 threads,12,125199360,NVIDIA GeForce RTX 2080 Ti,1.844115517102182,measured,,
opt-125m,64,Kpre,int,40,verify_derive,8,4,,cuda,NVIDIA GeForce RTX 2080 Ti,Intel(R) Xeon(R) Silver 4114 CPU @ 2.20GHz x8 threads,12,125199360,NVIDIA GeForce RTX 2080 Ti,0.12821709783747792,measured,,
opt-125m,64,Kpre,int,40,verify_fold,8,4,,cuda,NVIDIA GeForce RTX 2080 Ti,Intel(R) Xeon(R) Silver 4114 CPU @ 2.20GHz x8 threads,12,125199360,NVIDIA GeForce RTX 2080 Ti,0.0,measured,,
opt-125m,64,Kpre,int,40,verify_products,8,4,,cuda,NVIDIA GeForce RTX 2080 Ti,Intel(R) Xeon(R) Silver 4114 CPU @ 2.20GHz x8 threads,12,125199360,NVIDIA GeForce RTX 2080 Ti,0.2668337905779481,measured,,
opt-6.7b,2048,C,int,128,bytes_claims,8,4,,cuda,NVIDIA GeForce RTX 2080 Ti,Intel(R) Xeon(R) Silver 4114 CPU @ 2.20GHz x8 threads,32,6657933312,NVIDIA GeForce RTX 2080 Ti,9730986368.0,extrapolated_from_1_and_2_blocks,369299840.0,671289728.0
opt-6.7b,2048,C,int,128,bytes_columns,8,4,,cuda,NVIDIA GeForce RTX 2080 Ti,Intel(R) Xeon(R) Silver 4114 CPU @ 2.20GHz x8 threads,32,6657933312,NVIDIA GeForce RTX 2080 Ti,341718912.0,extrapolated_from_1_and_2_blocks,26310528.0,36484992.0
opt-6.7b,2048,C,int,128,bytes_paths,8,4,,cuda,NVIDIA GeForce RTX 2080 Ti,Intel(R) Xeon(R) Silver 4114 CPU @ 2.20GHz x8 threads,32,6657933312,NVIDIA GeForce RTX 2080 Ti,3621840.0,extrapolated_from_1_and_2_blocks,163232.0,274800.0
opt-6.7b,2048,C,int,128,bytes_paths_multiproof,8,4,,cuda,NVIDIA GeForce RTX 2080 Ti,Intel(R) Xeon(R) Silver 4114 CPU @ 2.20GHz x8 threads,32,6657933312,NVIDIA GeForce RTX 2080 Ti,3594754.641,extrapolated_from_1_and_2_blocks,163857.665,274531.761
opt-6.7b,2048,C,int,128,bytes_total,8,4,,cuda,NVIDIA GeForce RTX 2080 Ti,Intel(R) Xeon(R) Silver 4114 CPU @ 2.20GHz x8 threads,32,6657933312,NVIDIA GeForce RTX 2080 Ti,10101052240.0,extrapolated_from_1_and_2_blocks,397639320.0,710652640.0
opt-6.7b,2048,C,int,128,bytes_total_multiproof,8,4,,cuda,NVIDIA GeForce RTX 2080 Ti,Intel(R) Xeon(R) Silver 4114 CPU @ 2.20GHz x8 threads,32,6657933312,NVIDIA GeForce RTX 2080 Ti,10101025154.641,extrapolated_from_1_and_2_blocks,397639945.665,710652371.761
opt-6.7b,2048,C,int,128,bytes_u,8,4,,cuda,NVIDIA GeForce RTX 2080 Ti,Intel(R) Xeon(R) Silver 4114 CPU @ 2.20GHz x8 threads,32,6657933312,NVIDIA GeForce RTX 2080 Ti,24725120.0,extrapolated_from_1_and_2_blocks,1865720.0,2603120.0
opt-6.7b,2048,C,int,128,fs_hash,8,4,,cuda,NVIDIA GeForce RTX 2080 Ti,Intel(R) Xeon(R) Silver 4114 CPU @ 2.20GHz x8 threads,32,6657933312,NVIDIA GeForce RTX 2080 Ti,0.0001061074435710907,extrapolated_from_1_and_2_blocks,1.5294644981622696e-06,4.902947694063187e-06
opt-6.7b,2048,C,int,128,prove_fold,8,4,,cuda,NVIDIA GeForce RTX 2080 Ti,Intel(R) Xeon(R) Silver 4114 CPU @ 2.20GHz x8 threads,32,6657933312,NVIDIA GeForce RTX 2080 Ti,14.918740547960624,extrapolated_from_1_and_2_blocks,0.3963079028762877,0.8647734720725566
opt-6.7b,2048,C,int,128,prove_forward,8,4,,cuda,NVIDIA GeForce RTX 2080 Ti,Intel(R) Xeon(R) Silver 4114 CPU @ 2.20GHz x8 threads,32,6657933312,NVIDIA GeForce RTX 2080 Ti,27.98131425306201,extrapolated_from_1_and_2_blocks,0.9955863899085671,1.8660937403328717
opt-6.7b,2048,C,int,128,prove_open,8,4,,cuda,NVIDIA GeForce RTX 2080 Ti,Intel(R) Xeon(R) Silver 4114 CPU @ 2.20GHz x8 threads,32,6657933312,NVIDIA GeForce RTX 2080 Ti,6.989569156663492,extrapolated_from_1_and_2_blocks,0.3792232053820044,0.592460171552375
opt-6.7b,2048,C,int,128,verify_columns,8,4,,cuda,NVIDIA GeForce RTX 2080 Ti,Intel(R) Xeon(R) Silver 4114 CPU @ 2.20GHz x8 threads,32,6657933312,NVIDIA GeForce RTX 2080 Ti,6.089616817422211,extrapolated_from_1_and_2_blocks,0.43696945160627365,0.619312915019691
opt-6.7b,2048,C,int,128,verify_derive,8,4,,cuda,NVIDIA GeForce RTX 2080 Ti,Intel(R) Xeon(R) Silver 4114 CPU @ 2.20GHz x8 threads,32,6657933312,NVIDIA GeForce RTX 2080 Ti,167.55809002695605,extrapolated_from_1_and_2_blocks,5.749920403584838,10.969538778532296
opt-6.7b,2048,C,int,128,verify_fold,8,4,,cuda,NVIDIA GeForce RTX 2080 Ti,Intel(R) Xeon(R) Silver 4114 CPU @ 2.20GHz x8 threads,32,6657933312,NVIDIA GeForce RTX 2080 Ti,0.0,extrapolated_from_1_and_2_blocks,0.0,0.0
opt-6.7b,2048,C,int,128,verify_products,8,4,,cuda,NVIDIA GeForce RTX 2080 Ti,Intel(R) Xeon(R) Silver 4114 CPU @ 2.20GHz x8 threads,32,6657933312,NVIDIA GeForce RTX 2080 Ti,29.137020068010315,extrapolated_from_1_and_2_blocks,1.1453735136892647,2.048329854151234
opt-6.7b,2048,C,int,40,bytes_claims,8,4,,cuda,NVIDIA GeForce RTX 2080 Ti,Intel(R) Xeon(R) Silver 4114 CPU @ 2.20GHz x8 threads,32,6657933312,NVIDIA GeForce RTX 2080 Ti,9730986368.0,extrapolated_from_1_and_2_blocks,369299840.0,671289728.0
opt-6.7b,2048,C,int,40,bytes_columns,8,4,,cuda,NVIDIA GeForce RTX 2080 Ti,Intel(R) Xeon(R) Silver 4114 CPU @ 2.20GHz x8 threads,32,6657933312,NVIDIA GeForce RTX 2080 Ti,123811200.0,extrapolated_from_1_and_2_blocks,9532800.0,13219200.0
opt-6.7b,2048,C,int,40,bytes_paths,8,4,,cuda,NVIDIA GeForce RTX 2080 Ti,Intel(R) Xeon(R) Silver 4114 CPU @ 2.20GHz x8 threads,32,6657933312,NVIDIA GeForce RTX 2080 Ti,1520592.0,extrapolated_from_1_and_2_blocks,70288.0,117072.0
opt-6.7b,2048,C,int,40,bytes_paths_multiproof,8,4,,cuda,NVIDIA GeForce RTX 2080 Ti,Intel(R) Xeon(R) Silver 4114 CPU @ 2.20GHz x8 threads,32,6657933312,NVIDIA GeForce RTX 2080 Ti,1533007.6470000003,extrapolated_from_1_and_2_blocks,69999.196,117193.017
opt-6.7b,2048,C,int,40,bytes_total,8,4,,cuda,NVIDIA GeForce RTX 2080 Ti,Intel(R) Xeon(R) Silver 4114 CPU @ 2.20GHz x8 threads,32,6657933312,NVIDIA GeForce RTX 2080 Ti,9866208208.0,extrapolated_from_1_and_2_blocks,379649216.0,685667248.0
opt-6.7b,2048,C,int,40,bytes_total_multiproof,8,4,,cuda,NVIDIA GeForce RTX 2080 Ti,Intel(R) Xeon(R) Silver 4114 CPU @ 2.20GHz x8 threads,32,6657933312,NVIDIA GeForce RTX 2080 Ti,9866220623.647,extrapolated_from_1_and_2_blocks,379648927.196,685667369.017
opt-6.7b,2048,C,int,40,bytes_u,8,4,,cuda,NVIDIA GeForce RTX 2080 Ti,Intel(R) Xeon(R) Silver 4114 CPU @ 2.20GHz x8 threads,32,6657933312,NVIDIA GeForce RTX 2080 Ti,9890048.0,extrapolated_from_1_and_2_blocks,746288.0,1041248.0
opt-6.7b,2048,C,int,40,fs_hash,8,4,,cuda,NVIDIA GeForce RTX 2080 Ti,Intel(R) Xeon(R) Silver 4114 CPU @ 2.20GHz x8 threads,32,6657933312,NVIDIA GeForce RTX 2080 Ti,0.00023024529218673706,extrapolated_from_1_and_2_blocks,1.4354009181261063e-06,8.816365152597427e-06
opt-6.7b,2048,C,int,40,prove_fold,8,4,,cuda,NVIDIA GeForce RTX 2080 Ti,Intel(R) Xeon(R) Silver 4114 CPU @ 2.20GHz x8 threads,32,6657933312,NVIDIA GeForce RTX 2080 Ti,11.230455352924764,extrapolated_from_1_and_2_blocks,0.42305349255912006,0.7716793590225279
opt-6.7b,2048,C,int,40,prove_forward,8,4,,cuda,NVIDIA GeForce RTX 2080 Ti,Intel(R) Xeon(R) Silver 4114 CPU @ 2.20GHz x8 threads,32,6657933312,NVIDIA GeForce RTX 2080 Ti,30.61249912623316,extrapolated_from_1_and_2_blocks,1.0549757003318518,2.0084441979415715
opt-6.7b,2048,C,int,40,prove_open,8,4,,cuda,NVIDIA GeForce RTX 2080 Ti,Intel(R) Xeon(R) Silver 4114 CPU @ 2.20GHz x8 threads,32,6657933312,NVIDIA GeForce RTX 2080 Ti,4.447675838833675,extrapolated_from_1_and_2_blocks,0.19529568869620562,0.33246924192644656
opt-6.7b,2048,C,int,40,verify_columns,8,4,,cuda,NVIDIA GeForce RTX 2080 Ti,Intel(R) Xeon(R) Silver 4114 CPU @ 2.20GHz x8 threads,32,6657933312,NVIDIA GeForce RTX 2080 Ti,4.326447653584182,extrapolated_from_1_and_2_blocks,0.24966745637357235,0.38117649499326944
opt-6.7b,2048,C,int,40,verify_derive,8,4,,cuda,NVIDIA GeForce RTX 2080 Ti,Intel(R) Xeon(R) Silver 4114 CPU @ 2.20GHz x8 threads,32,6657933312,NVIDIA GeForce RTX 2080 Ti,158.16889321967028,extrapolated_from_1_and_2_blocks,5.754503591917455,10.671096805715933
opt-6.7b,2048,C,int,40,verify_fold,8,4,,cuda,NVIDIA GeForce RTX 2080 Ti,Intel(R) Xeon(R) Silver 4114 CPU @ 2.20GHz x8 threads,32,6657933312,NVIDIA GeForce RTX 2080 Ti,0.0,extrapolated_from_1_and_2_blocks,0.0,0.0
opt-6.7b,2048,C,int,40,verify_products,8,4,,cuda,NVIDIA GeForce RTX 2080 Ti,Intel(R) Xeon(R) Silver 4114 CPU @ 2.20GHz x8 threads,32,6657933312,NVIDIA GeForce RTX 2080 Ti,28.05254132230766,extrapolated_from_1_and_2_blocks,1.0901032832916826,1.9598593490663916
opt-6.7b,2048,Kpre,int,128,bytes_claims,8,4,,cuda,NVIDIA GeForce RTX 2080 Ti,Intel(R) Xeon(R) Silver 4114 CPU @ 2.20GHz x8 threads,32,6657933312,NVIDIA GeForce RTX 2080 Ti,9730986368.0,extrapolated_from_1_and_2_blocks,369299840.0,671289728.0
opt-6.7b,2048,Kpre,int,128,bytes_columns,8,4,,cuda,NVIDIA GeForce RTX 2080 Ti,Intel(R) Xeon(R) Silver 4114 CPU @ 2.20GHz x8 threads,32,6657933312,NVIDIA GeForce RTX 2080 Ti,0.0,extrapolated_from_1_and_2_blocks,0.0,0.0
opt-6.7b,2048,Kpre,int,128,bytes_paths,8,4,,cuda,NVIDIA GeForce RTX 2080 Ti,Intel(R) Xeon(R) Silver 4114 CPU @ 2.20GHz x8 threads,32,6657933312,NVIDIA GeForce RTX 2080 Ti,0.0,extrapolated_from_1_and_2_blocks,0.0,0.0
opt-6.7b,2048,Kpre,int,128,bytes_total,8,4,,cuda,NVIDIA GeForce RTX 2080 Ti,Intel(R) Xeon(R) Silver 4114 CPU @ 2.20GHz x8 threads,32,6657933312,NVIDIA GeForce RTX 2080 Ti,9730986368.0,extrapolated_from_1_and_2_blocks,369299840.0,671289728.0
opt-6.7b,2048,Kpre,int,128,bytes_u,8,4,,cuda,NVIDIA GeForce RTX 2080 Ti,Intel(R) Xeon(R) Silver 4114 CPU @ 2.20GHz x8 threads,32,6657933312,NVIDIA GeForce RTX 2080 Ti,0.0,extrapolated_from_1_and_2_blocks,0.0,0.0
opt-6.7b,2048,Kpre,int,128,fs_hash,8,4,,cuda,NVIDIA GeForce RTX 2080 Ti,Intel(R) Xeon(R) Silver 4114 CPU @ 2.20GHz x8 threads,32,6657933312,NVIDIA GeForce RTX 2080 Ti,4.75393608212471e-06,extrapolated_from_1_and_2_blocks,1.3327226042747498e-06,1.443084329366684e-06
opt-6.7b,2048,Kpre,int,128,prove_fold,8,4,,cuda,NVIDIA GeForce RTX 2080 Ti,Intel(R) Xeon(R) Silver 4114 CPU @ 2.20GHz x8 threads,32,6657933312,NVIDIA GeForce RTX 2080 Ti,0.0,extrapolated_from_1_and_2_blocks,0.0,0.0
opt-6.7b,2048,Kpre,int,128,prove_forward,8,4,,cuda,NVIDIA GeForce RTX 2080 Ti,Intel(R) Xeon(R) Silver 4114 CPU @ 2.20GHz x8 threads,32,6657933312,NVIDIA GeForce RTX 2080 Ti,26.78354338160716,extrapolated_from_1_and_2_blocks,0.873547398019582,1.7093537200707942
opt-6.7b,2048,Kpre,int,128,verifier_precompute,8,4,,cuda,NVIDIA GeForce RTX 2080 Ti,Intel(R) Xeon(R) Silver 4114 CPU @ 2.20GHz x8 threads,32,6657933312,NVIDIA GeForce RTX 2080 Ti,105.77341417456046,extrapolated_from_1_and_2_blocks,8.923085815273225,12.047289955895394
opt-6.7b,2048,Kpre,int,128,verify_derive,8,4,,cuda,NVIDIA GeForce RTX 2080 Ti,Intel(R) Xeon(R) Silver 4114 CPU @ 2.20GHz x8 threads,32,6657933312,NVIDIA GeForce RTX 2080 Ti,170.34604895184748,extrapolated_from_1_and_2_blocks,5.802942500915378,11.110784644493833
opt-6.7b,2048,Kpre,int,128,verify_fold,8,4,,cuda,NVIDIA GeForce RTX 2080 Ti,Intel(R) Xeon(R) Silver 4114 CPU @ 2.20GHz x8 threads,32,6657933312,NVIDIA GeForce RTX 2080 Ti,0.0,extrapolated_from_1_and_2_blocks,0.0,0.0
opt-6.7b,2048,Kpre,int,128,verify_products,8,4,,cuda,NVIDIA GeForce RTX 2080 Ti,Intel(R) Xeon(R) Silver 4114 CPU @ 2.20GHz x8 threads,32,6657933312,NVIDIA GeForce RTX 2080 Ti,28.202552112285048,extrapolated_from_1_and_2_blocks,1.1474784244783223,2.0202227369882166
opt-6.7b,2048,Kpre,int,40,bytes_claims,8,4,,cuda,NVIDIA GeForce RTX 2080 Ti,Intel(R) Xeon(R) Silver 4114 CPU @ 2.20GHz x8 threads,32,6657933312,NVIDIA GeForce RTX 2080 Ti,9730986368.0,extrapolated_from_1_and_2_blocks,369299840.0,671289728.0
opt-6.7b,2048,Kpre,int,40,bytes_columns,8,4,,cuda,NVIDIA GeForce RTX 2080 Ti,Intel(R) Xeon(R) Silver 4114 CPU @ 2.20GHz x8 threads,32,6657933312,NVIDIA GeForce RTX 2080 Ti,0.0,extrapolated_from_1_and_2_blocks,0.0,0.0
opt-6.7b,2048,Kpre,int,40,bytes_paths,8,4,,cuda,NVIDIA GeForce RTX 2080 Ti,Intel(R) Xeon(R) Silver 4114 CPU @ 2.20GHz x8 threads,32,6657933312,NVIDIA GeForce RTX 2080 Ti,0.0,extrapolated_from_1_and_2_blocks,0.0,0.0
opt-6.7b,2048,Kpre,int,40,bytes_total,8,4,,cuda,NVIDIA GeForce RTX 2080 Ti,Intel(R) Xeon(R) Silver 4114 CPU @ 2.20GHz x8 threads,32,6657933312,NVIDIA GeForce RTX 2080 Ti,9730986368.0,extrapolated_from_1_and_2_blocks,369299840.0,671289728.0
opt-6.7b,2048,Kpre,int,40,bytes_u,8,4,,cuda,NVIDIA GeForce RTX 2080 Ti,Intel(R) Xeon(R) Silver 4114 CPU @ 2.20GHz x8 threads,32,6657933312,NVIDIA GeForce RTX 2080 Ti,0.0,extrapolated_from_1_and_2_blocks,0.0,0.0
opt-6.7b,2048,Kpre,int,40,fs_hash,8,4,,cuda,NVIDIA GeForce RTX 2080 Ti,Intel(R) Xeon(R) Silver 4114 CPU @ 2.20GHz x8 threads,32,6657933312,NVIDIA GeForce RTX 2080 Ti,3.112712875008583e-06,extrapolated_from_1_and_2_blocks,1.3371463865041733e-06,1.3944227248430252e-06
opt-6.7b,2048,Kpre,int,40,prove_fold,8,4,,cuda,NVIDIA GeForce RTX 2080 Ti,Intel(R) Xeon(R) Silver 4114 CPU @ 2.20GHz x8 threads,32,6657933312,NVIDIA GeForce RTX 2080 Ti,0.0,extrapolated_from_1_and_2_blocks,0.0,0.0
opt-6.7b,2048,Kpre,int,40,prove_forward,8,4,,cuda,NVIDIA GeForce RTX 2080 Ti,Intel(R) Xeon(R) Silver 4114 CPU @ 2.20GHz x8 threads,32,6657933312,NVIDIA GeForce RTX 2080 Ti,25.749007878592238,extrapolated_from_1_and_2_blocks,0.89889882132411,1.7005152425263077
opt-6.7b,2048,Kpre,int,40,verifier_precompute,8,4,,cuda,NVIDIA GeForce RTX 2080 Ti,Intel(R) Xeon(R) Silver 4114 CPU @ 2.20GHz x8 threads,32,6657933312,NVIDIA GeForce RTX 2080 Ti,109.02738442178816,extrapolated_from_1_and_2_blocks,8.893507942091674,12.123632989823818
opt-6.7b,2048,Kpre,int,40,verify_derive,8,4,,cuda,NVIDIA GeForce RTX 2080 Ti,Intel(R) Xeon(R) Silver 4114 CPU @ 2.20GHz x8 threads,32,6657933312,NVIDIA GeForce RTX 2080 Ti,162.21248133829795,extrapolated_from_1_and_2_blocks,5.686643866356462,10.735864429967478
opt-6.7b,2048,Kpre,int,40,verify_fold,8,4,,cuda,NVIDIA GeForce RTX 2080 Ti,Intel(R) Xeon(R) Silver 4114 CPU @ 2.20GHz x8 threads,32,6657933312,NVIDIA GeForce RTX 2080 Ti,0.0,extrapolated_from_1_and_2_blocks,0.0,0.0
opt-6.7b,2048,Kpre,int,40,verify_products,8,4,,cuda,NVIDIA GeForce RTX 2080 Ti,Intel(R) Xeon(R) Silver 4114 CPU @ 2.20GHz x8 threads,32,6657933312,NVIDIA GeForce RTX 2080 Ti,28.2683286445681,extrapolated_from_1_and_2_blocks,1.0628900981973857,1.9404848900157958
opt-6.7b,64,C,int,128,bytes_claims,8,4,,cuda,NVIDIA GeForce RTX 2080 Ti,Intel(R) Xeon(R) Silver 4114 CPU @ 2.20GHz x8 threads,32,6657933312,NVIDIA GeForce RTX 2080 Ti,304288128.0,extrapolated_from_1_and_2_blocks,11735424.0,21172608.0
opt-6.7b,64,C,int,128,bytes_columns,8,4,,cuda,NVIDIA GeForce RTX 2080 Ti,Intel(R) Xeon(R) Silver 4114 CPU @ 2.20GHz x8 threads,32,6657933312,NVIDIA GeForce RTX 2080 Ti,341718912.0,extrapolated_from_1_and_2_blocks,26310528.0,36484992.0
opt-6.7b,64,C,int,128,bytes_paths,8,4,,cuda,NVIDIA GeForce RTX 2080 Ti,Intel(R) Xeon(R) Silver 4114 CPU @ 2.20GHz x8 threads,32,6657933312,NVIDIA GeForce RTX 2080 Ti,3564816.0,extrapolated_from_1_and_2_blocks,164736.0,274416.0
opt-6.7b,64,C,int,128,bytes_paths_multiproof,8,4,,cuda,NVIDIA GeForce RTX 2080 Ti,Intel(R) Xeon(R) Silver 4114 CPU @ 2.20GHz x8 threads,32,6657933312,NVIDIA GeForce RTX 2080 Ti,3594754.641,extrapolated_from_1_and_2_blocks,163857.665,274531.761
opt-6.7b,64,C,int,128,bytes_total,8,4,,cuda,NVIDIA GeForce RTX 2080 Ti,Intel(R) Xeon(R) Silver 4114 CPU @ 2.20GHz x8 threads,32,6657933312,NVIDIA GeForce RTX 2080 Ti,674296976.0,extrapolated_from_1_and_2_blocks,40076408.0,60535136.0
opt-6.7b,64,C,int,128,bytes_total_multiproof,8,4,,cuda,NVIDIA GeForce RTX 2080 Ti,Intel(R) Xeon(R) Silver 4114 CPU @ 2.20GHz x8 threads,32,6657933312,NVIDIA GeForce RTX 2080 Ti,674326914.641,extrapolated_from_1_and_2_blocks,40075529.665,60535251.761
opt-6.7b,64,C,int,128,bytes_u,8,4,,cuda,NVIDIA GeForce RTX 2080 Ti,Intel(R) Xeon(R) Silver 4114 CPU @ 2.20GHz x8 threads,32,6657933312,NVIDIA GeForce RTX 2080 Ti,24725120.0,extrapolated_from_1_and_2_blocks,1865720.0,2603120.0
opt-6.7b,64,C,int,128,fs_hash,8,4,,cuda,NVIDIA GeForce RTX 2080 Ti,Intel(R) Xeon(R) Silver 4114 CPU @ 2.20GHz x8 threads,32,6657933312,NVIDIA GeForce RTX 2080 Ti,4.532281309366226e-06,extrapolated_from_1_and_2_blocks,1.3059470802545547e-06,1.4100223779678345e-06
opt-6.7b,64,C,int,128,prove_fold,8,4,,cuda,NVIDIA GeForce RTX 2080 Ti,Intel(R) Xeon(R) Silver 4114 CPU @ 2.20GHz x8 threads,32,6657933312,NVIDIA GeForce RTX 2080 Ti,4.701248436700553,extrapolated_from_1_and_2_blocks,0.36880098516121507,0.5085573545657098
opt-6.7b,64,C,int,128,prove_forward,8,4,,cuda,NVIDIA GeForce RTX 2080 Ti,Intel(R) Xeon(R) Silver 4114 CPU @ 2.20GHz x8 threads,32,6657933312,NVIDIA GeForce RTX 2080 Ti,0.43795895273797214,extrapolated_from_1_and_2_blocks,0.22487862454727292,0.23175218352116644
opt-6.7b,64,C,int,128,prove_open,8,4,,cuda,NVIDIA GeForce RTX 2080 Ti,Intel(R) Xeon(R) Silver 4114 CPU @ 2.20GHz x8 threads,32,6657933312,NVIDIA GeForce RTX 2080 Ti,4.307645271765068,extrapolated_from_1_and_2_blocks,0.39032826060429215,0.5166933254804462
opt-6.7b,64,C,int,128,verify_columns,8,4,,cuda,NVIDIA GeForce RTX 2080 Ti,Intel(R) Xeon(R) Silver 4114 CPU @ 2.20GHz x8 threads,32,6657933312,NVIDIA GeForce RTX 2080 Ti,5.769889441551641,extrapolated_from_1_and_2_blocks,0.44693781435489655,0.6186459313612431
opt-6.7b,64,C,int,128,verify_derive,8,4,,cuda,NVIDIA GeForce RTX 2080 Ti,Intel(R) Xeon(R) Silver 4114 CPU @ 2.20GHz x8 threads,32,6657933312,NVIDIA GeForce RTX 2080 Ti,0.5880602556280792,extrapolated_from_1_and_2_blocks,0.03135920758359134,0.04931730590760708
opt-6.7b,64,C,int,128,verify_fold,8,4,,cuda,NVIDIA GeForce RTX 2080 Ti,Intel(R) Xeon(R) Silver 4114 CPU @ 2.20GHz x8 threads,32,6657933312,NVIDIA GeForce RTX 2080 Ti,0.0,extrapolated_from_1_and_2_blocks,0.0,0.0
opt-6.7b,64,C,int,128,verify_products,8,4,,cuda,NVIDIA GeForce RTX 2080 Ti,Intel(R) Xeon(R) Silver 4114 CPU @ 2.20GHz x8 threads,32,6657933312,NVIDIA GeForce RTX 2080 Ti,1.8493965668603778,extrapolated_from_1_and_2_blocks,0.10630513168871403,0.1625338876619935
opt-6.7b,64,C,int,40,bytes_claims,8,4,,cuda,NVIDIA GeForce RTX 2080 Ti,Intel(R) Xeon(R) Silver 4114 CPU @ 2.20GHz x8 threads,32,6657933312,NVIDIA GeForce RTX 2080 Ti,304288128.0,extrapolated_from_1_and_2_blocks,11735424.0,21172608.0
opt-6.7b,64,C,int,40,bytes_columns,8,4,,cuda,NVIDIA GeForce RTX 2080 Ti,Intel(R) Xeon(R) Silver 4114 CPU @ 2.20GHz x8 threads,32,6657933312,NVIDIA GeForce RTX 2080 Ti,123811200.0,extrapolated_from_1_and_2_blocks,9532800.0,13219200.0
opt-6.7b,64,C,int,40,bytes_paths,8,4,,cuda,NVIDIA GeForce RTX 2080 Ti,Intel(R) Xeon(R) Silver 4114 CPU @ 2.20GHz x8 threads,32,6657933312,NVIDIA GeForce RTX 2080 Ti,1506096.0,extrapolated_from_1_and_2_blocks,70176.0,116496.0
opt-6.7b,64,C,int,40,bytes_paths_multiproof,8,4,,cuda,NVIDIA GeForce RTX 2080 Ti,Intel(R) Xeon(R) Silver 4114 CPU @ 2.20GHz x8 threads,32,6657933312,NVIDIA GeForce RTX 2080 Ti,1533007.6470000003,extrapolated_from_1_and_2_blocks,69999.196,117193.017
opt-6.7b,64,C,int,40,bytes_total,8,4,,cuda,NVIDIA GeForce RTX 2080 Ti,Intel(R) Xeon(R) Silver 4114 CPU @ 2.20GHz x8 threads,32,6657933312,NVIDIA GeForce RTX 2080 Ti,439495472.0,extrapolated_from_1_and_2_blocks,22084688.0,35549552.0
opt-6.7b,64,C,int,40,bytes_total_multiproof,8,4,,cuda,NVIDIA GeForce RTX 2080 Ti,Intel(R) Xeon(R) Silver 4114 CPU @ 2.20GHz x8 threads,32,6657933312,NVIDIA GeForce RTX 2080 Ti,439522383.64699996,extrapolated_from_1_and_2_blocks,22084511.196,35550249.017
opt-6.7b,64,C,int,40,bytes_u,8,4,,cuda,NVIDIA GeForce RTX 2080 Ti,Intel(R) Xeon(R) Silver 4114 CPU @ 2.20GHz x8 threads,32,6657933312,NVIDIA GeForce RTX 2080 Ti,9890048.0,extrapolated_from_1_and_2_blocks,746288.0,1041248.0
opt-6.7b,64,C,int,40,fs_hash,8,4,,cuda,NVIDIA GeForce RTX 2080 Ti,Intel(R) Xeon(R) Silver 4114 CPU @ 2.20GHz x8 threads,32,6657933312,NVIDIA GeForce RTX 2080 Ti,2.0544975996017456e-06,extrapolated_from_1_and_2_blocks,1.28941610455513e-06,1.3140961527824402e-06
opt-6.7b,64,C,int,40,prove_fold,8,4,,cuda,NVIDIA GeForce RTX 2080 Ti,Intel(R) Xeon(R) Silver 4114 CPU @ 2.20GHz x8 threads,32,6657933312,NVIDIA GeForce RTX 2080 Ti,4.633566907607019,extrapolated_from_1_and_2_blocks,0.3683768536429852,0.5059636295773089
opt-6.7b,64,C,int,40,prove_forward,8,4,,cuda,NVIDIA GeForce RTX 2080 Ti,Intel(R) Xeon(R) Silver 4114 CPU @ 2.20GHz x8 threads,32,6657933312,NVIDIA GeForce RTX 2080 Ti,0.0703464443795383,extrapolated_from_1_and_2_blocks,0.2409603395499289,0.23545666551217437
opt-6.7b,64,C,int,40,prove_open,8,4,,cuda,NVIDIA GeForce RTX 2080 Ti,Intel(R) Xeon(R) Silver 4114 CPU @ 2.20GHz x8 threads,32,6657933312,NVIDIA GeForce RTX 2080 Ti,2.1830926665570587,extrapolated_from_1_and_2_blocks,0.19670470245182514,0.26078173355199397
opt-6.7b,64,C,int,40,verify_columns,8,4,,cuda,NVIDIA GeForce RTX 2080 Ti,Intel(R) Xeon(R) Silver 4114 CPU @ 2.20GHz x8 threads,32,6657933312,NVIDIA GeForce RTX 2080 Ti,3.267734312452376,extrapolated_from_1_and_2_blocks,0.23848635400645435,0.33620403008535504
opt-6.7b,64,C,int,40,verify_derive,8,4,,cuda,NVIDIA GeForce RTX 2080 Ti,Intel(R) Xeon(R) Silver 4114 CPU @ 2.20GHz x8 threads,32,6657933312,NVIDIA GeForce RTX 2080 Ti,0.5528648549225181,extrapolated_from_1_and_2_blocks,0.03650273592211306,0.053159578470513225
opt-6.7b,64,C,int,40,verify_fold,8,4,,cuda,NVIDIA GeForce RTX 2080 Ti,Intel(R) Xeon(R) Silver 4114 CPU @ 2.20GHz x8 threads,32,6657933312,NVIDIA GeForce RTX 2080 Ti,0.0,extrapolated_from_1_and_2_blocks,0.0,0.0
opt-6.7b,64,C,int,40,verify_products,8,4,,cuda,NVIDIA GeForce RTX 2080 Ti,Intel(R) Xeon(R) Silver 4114 CPU @ 2.20GHz x8 threads,32,6657933312,NVIDIA GeForce RTX 2080 Ti,1.7122132764197886,extrapolated_from_1_and_2_blocks,0.0949924064334482,0.14716082159429789
opt-6.7b,64,Kpre,int,128,bytes_claims,8,4,,cuda,NVIDIA GeForce RTX 2080 Ti,Intel(R) Xeon(R) Silver 4114 CPU @ 2.20GHz x8 threads,32,6657933312,NVIDIA GeForce RTX 2080 Ti,304288128.0,extrapolated_from_1_and_2_blocks,11735424.0,21172608.0
opt-6.7b,64,Kpre,int,128,bytes_columns,8,4,,cuda,NVIDIA GeForce RTX 2080 Ti,Intel(R) Xeon(R) Silver 4114 CPU @ 2.20GHz x8 threads,32,6657933312,NVIDIA GeForce RTX 2080 Ti,0.0,extrapolated_from_1_and_2_blocks,0.0,0.0
opt-6.7b,64,Kpre,int,128,bytes_paths,8,4,,cuda,NVIDIA GeForce RTX 2080 Ti,Intel(R) Xeon(R) Silver 4114 CPU @ 2.20GHz x8 threads,32,6657933312,NVIDIA GeForce RTX 2080 Ti,0.0,extrapolated_from_1_and_2_blocks,0.0,0.0
opt-6.7b,64,Kpre,int,128,bytes_total,8,4,,cuda,NVIDIA GeForce RTX 2080 Ti,Intel(R) Xeon(R) Silver 4114 CPU @ 2.20GHz x8 threads,32,6657933312,NVIDIA GeForce RTX 2080 Ti,304288128.0,extrapolated_from_1_and_2_blocks,11735424.0,21172608.0
opt-6.7b,64,Kpre,int,128,bytes_u,8,4,,cuda,NVIDIA GeForce RTX 2080 Ti,Intel(R) Xeon(R) Silver 4114 CPU @ 2.20GHz x8 threads,32,6657933312,NVIDIA GeForce RTX 2080 Ti,0.0,extrapolated_from_1_and_2_blocks,0.0,0.0
opt-6.7b,64,Kpre,int,128,fs_hash,8,4,,cuda,NVIDIA GeForce RTX 2080 Ti,Intel(R) Xeon(R) Silver 4114 CPU @ 2.20GHz x8 threads,32,6657933312,NVIDIA GeForce RTX 2080 Ti,2.5494955480098724e-07,extrapolated_from_1_and_2_blocks,1.2293457984924316e-06,1.1979136615991592e-06
opt-6.7b,64,Kpre,int,128,prove_fold,8,4,,cuda,NVIDIA GeForce RTX 2080 Ti,Intel(R) Xeon(R) Silver 4114 CPU @ 2.20GHz x8 threads,32,6657933312,NVIDIA GeForce RTX 2080 Ti,0.0,extrapolated_from_1_and_2_blocks,0.0,0.0
opt-6.7b,64,Kpre,int,128,prove_forward,8,4,,cuda,NVIDIA GeForce RTX 2080 Ti,Intel(R) Xeon(R) Silver 4114 CPU @ 2.20GHz x8 threads,32,6657933312,NVIDIA GeForce RTX 2080 Ti,0.5179043905809522,extrapolated_from_1_and_2_blocks,0.023576250532642007,0.039522319566458464
opt-6.7b,64,Kpre,int,128,verifier_precompute,8,4,,cuda,NVIDIA GeForce RTX 2080 Ti,Intel(R) Xeon(R) Silver 4114 CPU @ 2.20GHz x8 threads,32,6657933312,NVIDIA GeForce RTX 2080 Ti,101.89779972750694,extrapolated_from_1_and_2_blocks,9.063226095866412,12.057889761403203
opt-6.7b,64,Kpre,int,128,verify_derive,8,4,,cuda,NVIDIA GeForce RTX 2080 Ti,Intel(R) Xeon(R) Silver 4114 CPU @ 2.20GHz x8 threads,32,6657933312,NVIDIA GeForce RTX 2080 Ti,0.9762358597945422,extrapolated_from_1_and_2_blocks,0.018970656907185912,0.0498501795809716
opt-6.7b,64,Kpre,int,128,verify_fold,8,4,,cuda,NVIDIA GeForce RTX 2080 Ti,Intel(R) Xeon(R) Silver 4114 CPU @ 2.20GHz x8 threads,32,6657933312,NVIDIA GeForce RTX 2080 Ti,0.0,extrapolated_from_1_and_2_blocks,0.0,0.0
opt-6.7b,64,Kpre,int,128,verify_products,8,4,,cuda,NVIDIA GeForce RTX 2080 Ti,Intel(R) Xeon(R) Silver 4114 CPU @ 2.20GHz x8 threads,32,6657933312,NVIDIA GeForce RTX 2080 Ti,1.9126650157850236,extrapolated_from_1_and_2_blocks,0.09792781993746758,0.15646772948093712
opt-6.7b,64,Kpre,int,40,bytes_claims,8,4,,cuda,NVIDIA GeForce RTX 2080 Ti,Intel(R) Xeon(R) Silver 4114 CPU @ 2.20GHz x8 threads,32,6657933312,NVIDIA GeForce RTX 2080 Ti,304288128.0,extrapolated_from_1_and_2_blocks,11735424.0,21172608.0
opt-6.7b,64,Kpre,int,40,bytes_columns,8,4,,cuda,NVIDIA GeForce RTX 2080 Ti,Intel(R) Xeon(R) Silver 4114 CPU @ 2.20GHz x8 threads,32,6657933312,NVIDIA GeForce RTX 2080 Ti,0.0,extrapolated_from_1_and_2_blocks,0.0,0.0
opt-6.7b,64,Kpre,int,40,bytes_paths,8,4,,cuda,NVIDIA GeForce RTX 2080 Ti,Intel(R) Xeon(R) Silver 4114 CPU @ 2.20GHz x8 threads,32,6657933312,NVIDIA GeForce RTX 2080 Ti,0.0,extrapolated_from_1_and_2_blocks,0.0,0.0
opt-6.7b,64,Kpre,int,40,bytes_total,8,4,,cuda,NVIDIA GeForce RTX 2080 Ti,Intel(R) Xeon(R) Silver 4114 CPU @ 2.20GHz x8 threads,32,6657933312,NVIDIA GeForce RTX 2080 Ti,304288128.0,extrapolated_from_1_and_2_blocks,11735424.0,21172608.0
opt-6.7b,64,Kpre,int,40,bytes_u,8,4,,cuda,NVIDIA GeForce RTX 2080 Ti,Intel(R) Xeon(R) Silver 4114 CPU @ 2.20GHz x8 threads,32,6657933312,NVIDIA GeForce RTX 2080 Ti,0.0,extrapolated_from_1_and_2_blocks,0.0,0.0
opt-6.7b,64,Kpre,int,40,fs_hash,8,4,,cuda,NVIDIA GeForce RTX 2080 Ti,Intel(R) Xeon(R) Silver 4114 CPU @ 2.20GHz x8 threads,32,6657933312,NVIDIA GeForce RTX 2080 Ti,-4.445435479283333e-06,extrapolated_from_1_and_2_blocks,1.155538484454155e-06,9.748619049787521e-07
opt-6.7b,64,Kpre,int,40,prove_fold,8,4,,cuda,NVIDIA GeForce RTX 2080 Ti,Intel(R) Xeon(R) Silver 4114 CPU @ 2.20GHz x8 threads,32,6657933312,NVIDIA GeForce RTX 2080 Ti,0.0,extrapolated_from_1_and_2_blocks,0.0,0.0
opt-6.7b,64,Kpre,int,40,prove_forward,8,4,,cuda,NVIDIA GeForce RTX 2080 Ti,Intel(R) Xeon(R) Silver 4114 CPU @ 2.20GHz x8 threads,32,6657933312,NVIDIA GeForce RTX 2080 Ti,0.47530606342479587,extrapolated_from_1_and_2_blocks,0.02480597048997879,0.039338231552392244
opt-6.7b,64,Kpre,int,40,verifier_precompute,8,4,,cuda,NVIDIA GeForce RTX 2080 Ti,Intel(R) Xeon(R) Silver 4114 CPU @ 2.20GHz x8 threads,32,6657933312,NVIDIA GeForce RTX 2080 Ti,107.61485067335889,extrapolated_from_1_and_2_blocks,8.902961445041,12.087215936277062
opt-6.7b,64,Kpre,int,40,verify_derive,8,4,,cuda,NVIDIA GeForce RTX 2080 Ti,Intel(R) Xeon(R) Silver 4114 CPU @ 2.20GHz x8 threads,32,6657933312,NVIDIA GeForce RTX 2080 Ti,1.1954098897986114,extrapolated_from_1_and_2_blocks,0.019571990240365267,0.05750224506482482
opt-6.7b,64,Kpre,int,40,verify_fold,8,4,,cuda,NVIDIA GeForce RTX 2080 Ti,Intel(R) Xeon(R) Silver 4114 CPU @ 2.20GHz x8 threads,32,6657933312,NVIDIA GeForce RTX 2080 Ti,0.0,extrapolated_from_1_and_2_blocks,0.0,0.0
opt-6.7b,64,Kpre,int,40,verify_products,8,4,,cuda,NVIDIA GeForce RTX 2080 Ti,Intel(R) Xeon(R) Silver 4114 CPU @ 2.20GHz x8 threads,32,6657933312,NVIDIA GeForce RTX 2080 Ti,1.7363992498721927,extrapolated_from_1_and_2_blocks,0.09004453127272427,0.14315274800173938
qwen3-4b,64,C,int,128,bytes_claims,8,4,,cuda,NVIDIA GeForce RTX 2080 Ti,Intel(R) Xeon(R) Silver 4114 CPU @ 2.20GHz x8 threads,36,4022272000,NVIDIA GeForce RTX 2080 Ti,284378624.0,extrapolated_from_1_and_2_blocks,9127424.0,16991744.0
qwen3-4b,64,C,int,128,bytes_columns,8,4,,cuda,NVIDIA GeForce RTX 2080 Ti,Intel(R) Xeon(R) Silver 4114 CPU @ 2.20GHz x8 threads,36,4022272000,NVIDIA GeForce RTX 2080 Ti,347874816.0,extrapolated_from_1_and_2_blocks,51119616.0,59598336.0
qwen3-4b,64,C,int,128,bytes_paths,8,4,,cuda,NVIDIA GeForce RTX 2080 Ti,Intel(R) Xeon(R) Silver 4114 CPU @ 2.20GHz x8 threads,36,4022272000,NVIDIA GeForce RTX 2080 Ti,4160704.0,extrapolated_from_1_and_2_blocks,156704.0,271104.0
qwen3-4b,64,C,int,128,bytes_total,8,4,,cuda,NVIDIA GeForce RTX 2080 Ti,Intel(R) Xeon(R) Silver 4114 CPU @ 2.20GHz x8 threads,36,4022272000,NVIDIA GeForce RTX 2080 Ti,658673344.0,extrapolated_from_1_and_2_blocks,64026144.0,81016064.0
qwen3-4b,64,C,int,128,bytes_u,8,4,,cuda,NVIDIA GeForce RTX 2080 Ti,Intel(R) Xeon(R) Silver 4114 CPU @ 2.20GHz x8 threads,36,4022272000,NVIDIA GeForce RTX 2080 Ti,22259200.0,extrapolated_from_1_and_2_blocks,3622400.0,4154880.0
qwen3-4b,64,C,int,128,fs_hash,8,4,,cuda,NVIDIA GeForce RTX 2080 Ti,Intel(R) Xeon(R) Silver 4114 CPU @ 2.20GHz x8 threads,36,4022272000,NVIDIA GeForce RTX 2080 Ti,1.8883496522903442e-05,extrapolated_from_1_and_2_blocks,1.4118850231170654e-06,1.911073923110962e-06
qwen3-4b,64,C,int,128,prove_fold,8,4,,cuda,NVIDIA GeForce RTX 2080 Ti,Intel(R) Xeon(R) Silver 4114 CPU @ 2.20GHz x8 threads,36,4022272000,NVIDIA GeForce RTX 2080 Ti,2.976434573531151,extrapolated_from_1_and_2_blocks,0.47253020852804184,0.5440703332424164
qwen3-4b,64,C,int,128,prove_forward,8,4,,cuda,NVIDIA GeForce RTX 2080 Ti,Intel(R) Xeon(R) Silver 4114 CPU @ 2.20GHz x8 threads,36,4022272000,NVIDIA GeForce RTX 2080 Ti,1.7329777926206589,extrapolated_from_1_and_2_blocks,0.22981252148747444,0.2727601006627083
qwen3-4b,64,C,int,128,prove_open,8,4,,cuda,NVIDIA GeForce RTX 2080 Ti,Intel(R) Xeon(R) Silver 4114 CPU @ 2.20GHz x8 threads,36,4022272000,NVIDIA GeForce RTX 2080 Ti,5.290523331612349,extrapolated_from_1_and_2_blocks,0.5440775230526924,0.6796902604401112
qwen3-4b,64,C,int,128,verify_columns,8,4,,cuda,NVIDIA GeForce RTX 2080 Ti,Intel(R) Xeon(R) Silver 4114 CPU @ 2.20GHz x8 threads,36,4022272000,NVIDIA GeForce RTX 2080 Ti,4.516864120960236,extrapolated_from_1_and_2_blocks,0.7380234077572823,0.8459902852773666
qwen3-4b,64,C,int,128,verify_derive,8,4,,cuda,NVIDIA GeForce RTX 2080 Ti,Intel(R) Xeon(R) Silver 4114 CPU @ 2.20GHz x8 threads,36,4022272000,NVIDIA GeForce RTX 2080 Ti,0.6999131180346012,extrapolated_from_1_and_2_blocks,0.03074140101671219,0.04986059293150902
qwen3-4b,64,C,int,128,verify_fold,8,4,,cuda,NVIDIA GeForce RTX 2080 Ti,Intel(R) Xeon(R) Silver 4114 CPU @ 2.20GHz x8 threads,36,4022272000,NVIDIA GeForce RTX 2080 Ti,0.0,extrapolated_from_1_and_2_blocks,0.0,0.0
qwen3-4b,64,C,int,128,verify_products,8,4,,cuda,NVIDIA GeForce RTX 2080 Ti,Intel(R) Xeon(R) Silver 4114 CPU @ 2.20GHz x8 threads,36,4022272000,NVIDIA GeForce RTX 2080 Ti,1.4162211567163467,extrapolated_from_1_and_2_blocks,0.0920589342713356,0.12989214062690735
qwen3-4b,64,C,int,40,bytes_claims,8,4,,cuda,NVIDIA GeForce RTX 2080 Ti,Intel(R) Xeon(R) Silver 4114 CPU @ 2.20GHz x8 threads,36,4022272000,NVIDIA GeForce RTX 2080 Ti,284378624.0,extrapolated_from_1_and_2_blocks,9127424.0,16991744.0
qwen3-4b,64,C,int,40,bytes_columns,8,4,,cuda,NVIDIA GeForce RTX 2080 Ti,Intel(R) Xeon(R) Silver 4114 CPU @ 2.20GHz x8 threads,36,4022272000,NVIDIA GeForce RTX 2080 Ti,126041600.0,extrapolated_from_1_and_2_blocks,18521600.0,21593600.0
qwen3-4b,64,C,int,40,bytes_paths,8,4,,cuda,NVIDIA GeForce RTX 2080 Ti,Intel(R) Xeon(R) Silver 4114 CPU @ 2.20GHz x8 threads,36,4022272000,NVIDIA GeForce RTX 2080 Ti,1800096.0,extrapolated_from_1_and_2_blocks,67456.0,116960.0
qwen3-4b,64,C,int,40,bytes_total,8,4,,cuda,NVIDIA GeForce RTX 2080 Ti,Intel(R) Xeon(R) Silver 4114 CPU @ 2.20GHz x8 threads,36,4022272000,NVIDIA GeForce RTX 2080 Ti,421124000.0,extrapolated_from_1_and_2_blocks,29165440.0,40364256.0
qwen3-4b,64,C,int,40,bytes_u,8,4,,cuda,NVIDIA GeForce RTX 2080 Ti,Intel(R) Xeon(R) Silver 4114 CPU @ 2.20GHz x8 threads,36,4022272000,NVIDIA GeForce RTX 2080 Ti,8903680.0,extrapolated_from_1_and_2_blocks,1448960.0,1661952.0
qwen3-4b,64,C,int,40,fs_hash,8,4,,cuda,NVIDIA GeForce RTX 2080 Ti,Intel(R) Xeon(R) Silver 4114 CPU @ 2.20GHz x8 threads,36,4022272000,NVIDIA GeForce RTX 2080 Ti,4.3958425521850586e-07,extrapolated_from_1_and_2_blocks,1.3522803783416748e-06,1.3262033462524414e-06
qwen3-4b,64,C,int,40,prove_fold,8,4,,cuda,NVIDIA GeForce RTX 2080 Ti,Intel(R) Xeon(R) Silver 4114 CPU @ 2.20GHz x8 threads,36,4022272000,NVIDIA GeForce RTX 2080 Ti,4.775224439799786,extrapolated_from_1_and_2_blocks,0.40673118084669113,0.5315452739596367
qwen3-4b,64,C,int,40,prove_forward,8,4,,cuda,NVIDIA GeForce RTX 2080 Ti,Intel(R) Xeon(R) Silver 4114 CPU @ 2.20GHz x8 threads,36,4022272000,NVIDIA GeForce RTX 2080 Ti,5.15447261184454,extrapolated_from_1_and_2_blocks,0.1584809496998787,0.3012235686182976
qwen3-4b,64,C,int,40,prove_open,8,4,,cuda,NVIDIA GeForce RTX 2080 Ti,Intel(R) Xeon(R) Silver 4114 CPU @ 2.20GHz x8 threads,36,4022272000,NVIDIA GeForce RTX 2080 Ti,2.259285096079111,extrapolated_from_1_and_2_blocks,0.2767516113817692,0.33339542523026466
qwen3-4b,64,C,int,40,verify_columns,8,4,,cuda,NVIDIA GeForce RTX 2080 Ti,Intel(R) Xeon(R) Silver 4114 CPU @ 2.20GHz x8 threads,36,4022272000,NVIDIA GeForce RTX 2080 Ti,4.556467231363058,extrapolated_from_1_and_2_blocks,0.32852891460061073,0.44932715222239494
qwen3-4b,64,C,int,40,verify_derive,8,4,,cuda,NVIDIA GeForce RTX 2080 Ti,Intel(R) Xeon(R) Silver 4114 CPU @ 2.20GHz x8 threads,36,4022272000,NVIDIA GeForce RTX 2080 Ti,1.2581647634506226,extrapolated_from_1_and_2_blocks,0.026550188660621643,0.061739176511764526
qwen3-4b,64,C,int,40,verify_fold,8,4,,cuda,NVIDIA GeForce RTX 2080 Ti,Intel(R) Xeon(R) Silver 4114 CPU @ 2.20GHz x8 threads,36,4022272000,NVIDIA GeForce RTX 2080 Ti,0.0,extrapolated_from_1_and_2_blocks,0.0,0.0
qwen3-4b,64,C,int,40,verify_products,8,4,,cuda,NVIDIA GeForce RTX 2080 Ti,Intel(R) Xeon(R) Silver 4114 CPU @ 2.20GHz x8 threads,36,4022272000,NVIDIA GeForce RTX 2080 Ti,2.233749058097601,extrapolated_from_1_and_2_blocks,0.08599971234798431,0.14736397936940193
qwen3-4b,64,K,int,128,bytes_claims,8,4,,cuda,NVIDIA GeForce RTX 2080 Ti,Intel(R) Xeon(R) Silver 4114 CPU @ 2.20GHz x8 threads,36,4022272000,NVIDIA GeForce RTX 2080 Ti,284378624.0,extrapolated_from_1_and_2_blocks,9127424.0,16991744.0
qwen3-4b,64,K,int,128,bytes_columns,8,4,,cuda,NVIDIA GeForce RTX 2080 Ti,Intel(R) Xeon(R) Silver 4114 CPU @ 2.20GHz x8 threads,36,4022272000,NVIDIA GeForce RTX 2080 Ti,0.0,extrapolated_from_1_and_2_blocks,0.0,0.0
qwen3-4b,64,K,int,128,bytes_paths,8,4,,cuda,NVIDIA GeForce RTX 2080 Ti,Intel(R) Xeon(R) Silver 4114 CPU @ 2.20GHz x8 threads,36,4022272000,NVIDIA GeForce RTX 2080 Ti,0.0,extrapolated_from_1_and_2_blocks,0.0,0.0
qwen3-4b,64,K,int,128,bytes_total,8,4,,cuda,NVIDIA GeForce RTX 2080 Ti,Intel(R) Xeon(R) Silver 4114 CPU @ 2.20GHz x8 threads,36,4022272000,NVIDIA GeForce RTX 2080 Ti,284378624.0,extrapolated_from_1_and_2_blocks,9127424.0,16991744.0
qwen3-4b,64,K,int,128,bytes_u,8,4,,cuda,NVIDIA GeForce RTX 2080 Ti,Intel(R) Xeon(R) Silver 4114 CPU @ 2.20GHz x8 threads,36,4022272000,NVIDIA GeForce RTX 2080 Ti,0.0,extrapolated_from_1_and_2_blocks,0.0,0.0
qwen3-4b,64,K,int,128,fs_hash,8,4,,cuda,NVIDIA GeForce RTX 2080 Ti,Intel(R) Xeon(R) Silver 4114 CPU @ 2.20GHz x8 threads,36,4022272000,NVIDIA GeForce RTX 2080 Ti,1.3597309589385986e-06,extrapolated_from_1_and_2_blocks,1.3597309589385986e-06,1.3597309589385986e-06
qwen3-4b,64,K,int,128,prove_fold,8,4,,cuda,NVIDIA GeForce RTX 2080 Ti,Intel(R) Xeon(R) Silver 4114 CPU @ 2.20GHz x8 threads,36,4022272000,NVIDIA GeForce RTX 2080 Ti,0.0,extrapolated_from_1_and_2_blocks,0.0,0.0
qwen3-4b,64,K,int,128,prove_forward,8,4,,cuda,NVIDIA GeForce RTX 2080 Ti,Intel(R) Xeon(R) Silver 4114 CPU @ 2.20GHz x8 threads,36,4022272000,NVIDIA GeForce RTX 2080 Ti,0.6430765576660633,extrapolated_from_1_and_2_blocks,0.023777425289154053,0.0414716862142086
qwen3-4b,64,K,int,128,verify_derive,8,4,,cuda,NVIDIA GeForce RTX 2080 Ti,Intel(R) Xeon(R) Silver 4114 CPU @ 2.20GHz x8 threads,36,4022272000,NVIDIA GeForce RTX 2080 Ti,1.0778186097741127,extrapolated_from_1_and_2_blocks,0.022917911410331726,0.05305793136358261
qwen3-4b,64,K,int,128,verify_fold,8,4,,cuda,NVIDIA GeForce RTX 2080 Ti,Intel(R) Xeon(R) Silver 4114 CPU @ 2.20GHz x8 threads,36,4022272000,NVIDIA GeForce RTX 2080 Ti,70.87316431105137,extrapolated_from_1_and_2_blocks,12.029642798006535,13.710886269807816
qwen3-4b,64,K,int,128,verify_products,8,4,,cuda,NVIDIA GeForce RTX 2080 Ti,Intel(R) Xeon(R) Silver 4114 CPU @ 2.20GHz x8 threads,36,4022272000,NVIDIA GeForce RTX 2080 Ti,2.594750799238682,extrapolated_from_1_and_2_blocks,0.10035685822367668,0.1716252565383911
qwen3-4b,64,K,int,40,bytes_claims,8,4,,cuda,NVIDIA GeForce RTX 2080 Ti,Intel(R) Xeon(R) Silver 4114 CPU @ 2.20GHz x8 threads,36,4022272000,NVIDIA GeForce RTX 2080 Ti,284378624.0,extrapolated_from_1_and_2_blocks,9127424.0,16991744.0
qwen3-4b,64,K,int,40,bytes_columns,8,4,,cuda,NVIDIA GeForce RTX 2080 Ti,Intel(R) Xeon(R) Silver 4114 CPU @ 2.20GHz x8 threads,36,4022272000,NVIDIA GeForce RTX 2080 Ti,0.0,extrapolated_from_1_and_2_blocks,0.0,0.0
qwen3-4b,64,K,int,40,bytes_paths,8,4,,cuda,NVIDIA GeForce RTX 2080 Ti,Intel(R) Xeon(R) Silver 4114 CPU @ 2.20GHz x8 threads,36,4022272000,NVIDIA GeForce RTX 2080 Ti,0.0,extrapolated_from_1_and_2_blocks,0.0,0.0
qwen3-4b,64,K,int,40,bytes_total,8,4,,cuda,NVIDIA GeForce RTX 2080 Ti,Intel(R) Xeon(R) Silver 4114 CPU @ 2.20GHz x8 threads,36,4022272000,NVIDIA GeForce RTX 2080 Ti,284378624.0,extrapolated_from_1_and_2_blocks,9127424.0,16991744.0
qwen3-4b,64,K,int,40,bytes_u,8,4,,cuda,NVIDIA GeForce RTX 2080 Ti,Intel(R) Xeon(R) Silver 4114 CPU @ 2.20GHz x8 threads,36,4022272000,NVIDIA GeForce RTX 2080 Ti,0.0,extrapolated_from_1_and_2_blocks,0.0,0.0
qwen3-4b,64,K,int,40,fs_hash,8,4,,cuda,NVIDIA GeForce RTX 2080 Ti,Intel(R) Xeon(R) Silver 4114 CPU @ 2.20GHz x8 threads,36,4022272000,NVIDIA GeForce RTX 2080 Ti,7.335096597671509e-06,extrapolated_from_1_and_2_blocks,1.2069940567016602e-06,1.3820827007293701e-06
qwen3-4b,64,K,int,40,prove_fold,8,4,,cuda,NVIDIA GeForce RTX 2080 Ti,Intel(R) Xeon(R) Silver 4114 CPU @ 2.20GHz x8 threads,36,4022272000,NVIDIA GeForce RTX 2080 Ti,0.0,extrapolated_from_1_and_2_blocks,0.0,0.0
qwen3-4b,64,K,int,40,prove_forward,8,4,,cuda,NVIDIA GeForce RTX 2080 Ti,Intel(R) Xeon(R) Silver 4114 CPU @ 2.20GHz x8 threads,36,4022272000,NVIDIA GeForce RTX 2080 Ti,0.5881356857717037,extrapolated_from_1_and_2_blocks,0.026007577776908875,0.04206838086247444
qwen3-4b,64,K,int,40,verify_derive,8,4,,cuda,NVIDIA GeForce RTX 2080 Ti,Intel(R) Xeon(R) Silver 4114 CPU @ 2.20GHz x8 threads,36,4022272000,NVIDIA GeForce RTX 2080 Ti,0.7038564756512642,extrapolated_from_1_and_2_blocks,0.029030606150627136,0.048311345279216766
qwen3-4b,64,K,int,40,verify_fold,8,4,,cuda,NVIDIA GeForce RTX 2080 Ti,Intel(R) Xeon(R) Silver 4114 CPU @ 2.20GHz x8 threads,36,4022272000,NVIDIA GeForce RTX 2080 Ti,66.25365318730474,extrapolated_from_1_and_2_blocks,12.001274153590202,13.551342125982046
qwen3-4b,64,K,int,40,verify_products,8,4,,cuda,NVIDIA GeForce RTX 2080 Ti,Intel(R) Xeon(R) Silver 4114 CPU @ 2.20GHz x8 threads,36,4022272000,NVIDIA GeForce RTX 2080 Ti,1.6499905437231064,extrapolated_from_1_and_2_blocks,0.08977120369672775,0.13434889912605286
qwen3-4b,64,Kpre,int,128,bytes_claims,8,4,,cuda,NVIDIA GeForce RTX 2080 Ti,Intel(R) Xeon(R) Silver 4114 CPU @ 2.20GHz x8 threads,36,4022272000,NVIDIA GeForce RTX 2080 Ti,284378624.0,extrapolated_from_1_and_2_blocks,9127424.0,16991744.0
qwen3-4b,64,Kpre,int,128,bytes_columns,8,4,,cuda,NVIDIA GeForce RTX 2080 Ti,Intel(R) Xeon(R) Silver 4114 CPU @ 2.20GHz x8 threads,36,4022272000,NVIDIA GeForce RTX 2080 Ti,0.0,extrapolated_from_1_and_2_blocks,0.0,0.0
qwen3-4b,64,Kpre,int,128,bytes_paths,8,4,,cuda,NVIDIA GeForce RTX 2080 Ti,Intel(R) Xeon(R) Silver 4114 CPU @ 2.20GHz x8 threads,36,4022272000,NVIDIA GeForce RTX 2080 Ti,0.0,extrapolated_from_1_and_2_blocks,0.0,0.0
qwen3-4b,64,Kpre,int,128,bytes_total,8,4,,cuda,NVIDIA GeForce RTX 2080 Ti,Intel(R) Xeon(R) Silver 4114 CPU @ 2.20GHz x8 threads,36,4022272000,NVIDIA GeForce RTX 2080 Ti,284378624.0,extrapolated_from_1_and_2_blocks,9127424.0,16991744.0
qwen3-4b,64,Kpre,int,128,bytes_u,8,4,,cuda,NVIDIA GeForce RTX 2080 Ti,Intel(R) Xeon(R) Silver 4114 CPU @ 2.20GHz x8 threads,36,4022272000,NVIDIA GeForce RTX 2080 Ti,0.0,extrapolated_from_1_and_2_blocks,0.0,0.0
qwen3-4b,64,Kpre,int,128,fs_hash,8,4,,cuda,NVIDIA GeForce RTX 2080 Ti,Intel(R) Xeon(R) Silver 4114 CPU @ 2.20GHz x8 threads,36,4022272000,NVIDIA GeForce RTX 2080 Ti,1.0035932064056396e-05,extrapolated_from_1_and_2_blocks,1.039355993270874e-06,1.296401023864746e-06
qwen3-4b,64,Kpre,int,128,prove_fold,8,4,,cuda,NVIDIA GeForce RTX 2080 Ti,Intel(R) Xeon(R) Silver 4114 CPU @ 2.20GHz x8 threads,36,4022272000,NVIDIA GeForce RTX 2080 Ti,0.0,extrapolated_from_1_and_2_blocks,0.0,0.0
qwen3-4b,64,Kpre,int,128,prove_forward,8,4,,cuda,NVIDIA GeForce RTX 2080 Ti,Intel(R) Xeon(R) Silver 4114 CPU @ 2.20GHz x8 threads,36,4022272000,NVIDIA GeForce RTX 2080 Ti,0.6345183588564396,extrapolated_from_1_and_2_blocks,0.02393469214439392,0.04137993976473808
qwen3-4b,64,Kpre,int,128,verifier_precompute,8,4,,cuda,NVIDIA GeForce RTX 2080 Ti,Intel(R) Xeon(R) Silver 4114 CPU @ 2.20GHz x8 threads,36,4022272000,NVIDIA GeForce RTX 2080 Ti,62.75823434069753,extrapolated_from_1_and_2_blocks,12.328463189303875,13.769313793629408
qwen3-4b,64,Kpre,int,128,verify_derive,8,4,,cuda,NVIDIA GeForce RTX 2080 Ti,Intel(R) Xeon(R) Silver 4114 CPU @ 2.20GHz x8 threads,36,4022272000,NVIDIA GeForce RTX 2080 Ti,0.7026178203523159,extrapolated_from_1_and_2_blocks,0.023503713309764862,0.042906973510980606
qwen3-4b,64,Kpre,int,128,verify_fold,8,4,,cuda,NVIDIA GeForce RTX 2080 Ti,Intel(R) Xeon(R) Silver 4114 CPU @ 2.20GHz x8 threads,36,4022272000,NVIDIA GeForce RTX 2080 Ti,0.0,extrapolated_from_1_and_2_blocks,0.0,0.0
qwen3-4b,64,Kpre,int,128,verify_products,8,4,,cuda,NVIDIA GeForce RTX 2080 Ti,Intel(R) Xeon(R) Silver 4114 CPU @ 2.20GHz x8 threads,36,4022272000,NVIDIA GeForce RTX 2080 Ti,1.4525251761078835,extrapolated_from_1_and_2_blocks,0.0859924703836441,0.12503626197576523
qwen3-4b,64,Kpre,int,40,bytes_claims,8,4,,cuda,NVIDIA GeForce RTX 2080 Ti,Intel(R) Xeon(R) Silver 4114 CPU @ 2.20GHz x8 threads,36,4022272000,NVIDIA GeForce RTX 2080 Ti,284378624.0,extrapolated_from_1_and_2_blocks,9127424.0,16991744.0
qwen3-4b,64,Kpre,int,40,bytes_columns,8,4,,cuda,NVIDIA GeForce RTX 2080 Ti,Intel(R) Xeon(R) Silver 4114 CPU @ 2.20GHz x8 threads,36,4022272000,NVIDIA GeForce RTX 2080 Ti,0.0,extrapolated_from_1_and_2_blocks,0.0,0.0
qwen3-4b,64,Kpre,int,40,bytes_paths,8,4,,cuda,NVIDIA GeForce RTX 2080 Ti,Intel(R) Xeon(R) Silver 4114 CPU @ 2.20GHz x8 threads,36,4022272000,NVIDIA GeForce RTX 2080 Ti,0.0,extrapolated_from_1_and_2_blocks,0.0,0.0
qwen3-4b,64,Kpre,int,40,bytes_total,8,4,,cuda,NVIDIA GeForce RTX 2080 Ti,Intel(R) Xeon(R) Silver 4114 CPU @ 2.20GHz x8 threads,36,4022272000,NVIDIA GeForce RTX 2080 Ti,284378624.0,extrapolated_from_1_and_2_blocks,9127424.0,16991744.0
qwen3-4b,64,Kpre,int,40,bytes_u,8,4,,cuda,NVIDIA GeForce RTX 2080 Ti,Intel(R) Xeon(R) Silver 4114 CPU @ 2.20GHz x8 threads,36,4022272000,NVIDIA GeForce RTX 2080 Ti,0.0,extrapolated_from_1_and_2_blocks,0.0,0.0
qwen3-4b,64,Kpre,int,40,fs_hash,8,4,,cuda,NVIDIA GeForce RTX 2080 Ti,Intel(R) Xeon(R) Silver 4114 CPU @ 2.20GHz x8 threads,36,4022272000,NVIDIA GeForce RTX 2080 Ti,8.940696716308594e-06,extrapolated_from_1_and_2_blocks,9.872019290924072e-07,1.214444637298584e-06
qwen3-4b,64,Kpre,int,40,prove_fold,8,4,,cuda,NVIDIA GeForce RTX 2080 Ti,Intel(R) Xeon(R) Silver 4114 CPU @ 2.20GHz x8 threads,36,4022272000,NVIDIA GeForce RTX 2080 Ti,0.0,extrapolated_from_1_and_2_blocks,0.0,0.0
qwen3-4b,64,Kpre,int,40,prove_forward,8,4,,cuda,NVIDIA GeForce RTX 2080 Ti,Intel(R) Xeon(R) Silver 4114 CPU @ 2.20GHz x8 threads,36,4022272000,NVIDIA GeForce RTX 2080 Ti,0.5563726983964443,extrapolated_from_1_and_2_blocks,0.023724284023046494,0.03894281014800072
qwen3-4b,64,Kpre,int,40,verifier_precompute,8,4,,cuda,NVIDIA GeForce RTX 2080 Ti,Intel(R) Xeon(R) Silver 4114 CPU @ 2.20GHz x8 threads,36,4022272000,NVIDIA GeForce RTX 2080 Ti,54.09122662991285,extrapolated_from_1_and_2_blocks,12.26610092818737,13.461104519665241
qwen3-4b,64,Kpre,int,40,verify_derive,8,4,,cuda,NVIDIA GeForce RTX 2080 Ti,Intel(R) Xeon(R) Silver 4114 CPU @ 2.20GHz x8 threads,36,4022272000,NVIDIA GeForce RTX 2080 Ti,0.6695911884307861,extrapolated_from_1_and_2_blocks,0.02194058522582054,0.040444888174533844
qwen3-4b,64,Kpre,int,40,verify_fold,8,4,,cuda,NVIDIA GeForce RTX 2080 Ti,Intel(R) Xeon(R) Silver 4114 CPU @ 2.20GHz x8 threads,36,4022272000,NVIDIA GeForce RTX 2080 Ti,0.0,extrapolated_from_1_and_2_blocks,0.0,0.0
qwen3-4b,64,Kpre,int,40,verify_products,8,4,,cuda,NVIDIA GeForce RTX 2080 Ti,Intel(R) Xeon(R) Silver 4114 CPU @ 2.20GHz x8 threads,36,4022272000,NVIDIA GeForce RTX 2080 Ti,1.3804115913808346,extrapolated_from_1_and_2_blocks,0.07434617727994919,0.11166233196854591
qwen3-4b,8,C,int,128,bytes_claims,1,4,_thr1,cuda,NVIDIA GeForce RTX 2080 Ti,Intel(R) Xeon(R) Silver 4114 CPU @ 2.20GHz x1 threads,36,4022272000,NVIDIA GeForce RTX 2080 Ti,36079104.0,extrapolated_from_1_and_2_blocks,1672704.0,2655744.0
qwen3-4b,8,C,int,128,bytes_claims,8,4,,cuda,NVIDIA GeForce RTX 2080 Ti,Intel(R) Xeon(R) Silver 4114 CPU @ 2.20GHz x8 threads,36,4022272000,NVIDIA GeForce RTX 2080 Ti,36079104.0,extrapolated_from_1_and_2_blocks,1672704.0,2655744.0
qwen3-4b,8,C,int,128,bytes_columns,1,4,_thr1,cuda,NVIDIA GeForce RTX 2080 Ti,Intel(R) Xeon(R) Silver 4114 CPU @ 2.20GHz x1 threads,36,4022272000,NVIDIA GeForce RTX 2080 Ti,347874816.0,extrapolated_from_1_and_2_blocks,51119616.0,59598336.0
qwen3-4b,8,C,int,128,bytes_columns,8,4,,cuda,NVIDIA GeForce RTX 2080 Ti,Intel(R) Xeon(R) Silver 4114 CPU @ 2.20GHz x8 threads,36,4022272000,NVIDIA GeForce RTX 2080 Ti,347874816.0,extrapolated_from_1_and_2_blocks,51119616.0,59598336.0
qwen3-4b,8,C,int,128,bytes_paths,1,4,_thr1,cuda,NVIDIA GeForce RTX 2080 Ti,Intel(R) Xeon(R) Silver 4114 CPU @ 2.20GHz x1 threads,36,4022272000,NVIDIA GeForce RTX 2080 Ti,4060640.0,extrapolated_from_1_and_2_blocks,157440.0,268960.0
qwen3-4b,8,C,int,128,bytes_paths,8,4,,cuda,NVIDIA GeForce RTX 2080 Ti,Intel(R) Xeon(R) Silver 4114 CPU @ 2.20GHz x8 threads,36,4022272000,NVIDIA GeForce RTX 2080 Ti,4110368.0,extrapolated_from_1_and_2_blocks,157888.0,270816.0
qwen3-4b,8,C,int,128,bytes_total,1,4,_thr1,cuda,NVIDIA GeForce RTX 2080 Ti,Intel(R) Xeon(R) Silver 4114 CPU @ 2.20GHz x1 threads,36,4022272000,NVIDIA GeForce RTX 2080 Ti,410273760.0,extrapolated_from_1_and_2_blocks,56572160.0,66677920.0
qwen3-4b,8,C,int,128,bytes_total,8,4,,cuda,NVIDIA GeForce RTX 2080 Ti,Intel(R) Xeon(R) Silver 4114 CPU @ 2.20GHz x8 threads,36,4022272000,NVIDIA GeForce RTX 2080 Ti,410323488.0,extrapolated_from_1_and_2_blocks,56572608.0,66679776.0
qwen3-4b,8,C,int,128,bytes_u,1,4,_thr1,cuda,NVIDIA GeForce RTX 2080 Ti,Intel(R) Xeon(R) Silver 4114 CPU @ 2.20GHz x1 threads,36,4022272000,NVIDIA GeForce RTX 2080 Ti,22259200.0,extrapolated_from_1_and_2_blocks,3622400.0,4154880.0
qwen3-4b,8,C,int,128,bytes_u,8,4,,cuda,NVIDIA GeForce RTX 2080 Ti,Intel(R) Xeon(R) Silver 4114 CPU @ 2.20GHz x8 threads,36,4022272000,NVIDIA GeForce RTX 2080 Ti,22259200.0,extrapolated_from_1_and_2_blocks,3622400.0,4154880.0
qwen3-4b,8,C,int,128,fs_hash,1,4,_thr1,cuda,NVIDIA GeForce RTX 2080 Ti,Intel(R) Xeon(R) Silver 4114 CPU @ 2.20GHz x1 threads,36,4022272000,NVIDIA GeForce RTX 2080 Ti,-1.5422701835632324e-06,extrapolated_from_1_and_2_blocks,2.027023583650589e-06,1.925043761730194e-06
qwen3-4b,8,C,int,128,fs_hash,8,4,,cuda,NVIDIA GeForce RTX 2080 Ti,Intel(R) Xeon(R) Silver 4114 CPU @ 2.20GHz x8 threads,36,4022272000,NVIDIA GeForce RTX 2080 Ti,1.2930482625961304e-05,extrapolated_from_1_and_2_blocks,1.1958181858062744e-06,1.5310943126678467e-06
qwen3-4b,8,C,int,128,prove_fold,1,4,_thr1,cuda,NVIDIA GeForce RTX 2080 Ti,Intel(R) Xeon(R) Silver 4114 CPU @ 2.20GHz x1 threads,36,4022272000,NVIDIA GeForce RTX 2080 Ti,2.183640649076551,extrapolated_from_1_and_2_blocks,0.4914555219002068,0.5398036683909595
qwen3-4b,8,C,int,128,prove_fold,8,4,,cuda,NVIDIA GeForce RTX 2080 Ti,Intel(R) Xeon(R) Silver 4114 CPU @ 2.20GHz x8 threads,36,4022272000,NVIDIA GeForce RTX 2080 Ti,5.430670280009508,extrapolated_from_1_and_2_blocks,0.3975813016295433,0.5413838438689709
qwen3-4b,8,C,int,128,prove_forward,1,4,_thr1,cuda,NVIDIA GeForce RTX 2080 Ti,Intel(R) Xeon(R) Silver 4114 CPU @ 2.20GHz x1 threads,36,4022272000,NVIDIA GeForce RTX 2080 Ti,0.01982610672712326,extrapolated_from_1_and_2_blocks,0.2658004011027515,0.2587725641205907
qwen3-4b,8,C,int,128,prove_forward,8,4,,cuda,NVIDIA GeForce RTX 2080 Ti,Intel(R) Xeon(R) Silver 4114 CPU @ 2.20GHz x8 threads,36,4022272000,NVIDIA GeForce RTX 2080 Ti,4.2521434761583805,extrapolated_from_1_and_2_blocks,0.14539960026741028,0.26273513957858086
qwen3-4b,8,C,int,128,prove_open,1,4,_thr1,cuda,NVIDIA GeForce RTX 2080 Ti,Intel(R) Xeon(R) Silver 4114 CPU @ 2.20GHz x1 threads,36,4022272000,NVIDIA GeForce RTX 2080 Ti,2.9971910966560245,extrapolated_from_1_and_2_blocks,0.6012005801312625,0.66965745203197
qwen3-4b,8,C,int,128,prove_open,8,4,,cuda,NVIDIA GeForce RTX 2080 Ti,Intel(R) Xeon(R) Silver 4114 CPU @ 2.20GHz x8 threads,36,4022272000,NVIDIA GeForce RTX 2080 Ti,2.9719657860696316,extrapolated_from_1_and_2_blocks,0.5944191142916679,0.6623490191996098
qwen3-4b,8,C,int,128,verify_columns,1,4,_thr1,cuda,NVIDIA GeForce RTX 2080 Ti,Intel(R) Xeon(R) Silver 4114 CPU @ 2.20GHz x1 threads,36,4022272000,NVIDIA GeForce RTX 2080 Ti,9.605758770368993,extrapolated_from_1_and_2_blocks,1.77816223166883,2.001807847060263
qwen3-4b,8,C,int,128,verify_columns,8,4,,cuda,NVIDIA GeForce RTX 2080 Ti,Intel(R) Xeon(R) Silver 4114 CPU @ 2.20GHz x8 threads,36,4022272000,NVIDIA GeForce RTX 2080 Ti,4.880535565316677,extrapolated_from_1_and_2_blocks,0.7143763452768326,0.8334094658493996
qwen3-4b,8,C,int,128,verify_derive,1,4,_thr1,cuda,NVIDIA GeForce RTX 2080 Ti,Intel(R) Xeon(R) Silver 4114 CPU @ 2.20GHz x1 threads,36,4022272000,NVIDIA GeForce RTX 2080 Ti,0.4288601325824857,extrapolated_from_1_and_2_blocks,0.014619648922234774,0.026455091312527657
qwen3-4b,8,C,int,128,verify_derive,8,4,,cuda,NVIDIA GeForce RTX 2080 Ti,Intel(R) Xeon(R) Silver 4114 CPU @ 2.20GHz x8 threads,36,4022272000,NVIDIA GeForce RTX 2080 Ti,0.3391566835343838,extrapolated_from_1_and_2_blocks,0.010365597903728485,0.019759628921747208
qwen3-4b,8,C,int,128,verify_fold,1,4,_thr1,cuda,NVIDIA GeForce RTX 2080 Ti,Intel(R) Xeon(R) Silver 4114 CPU @ 2.20GHz x1 threads,36,4022272000,NVIDIA GeForce RTX 2080 Ti,0.0,extrapolated_from_1_and_2_blocks,0.0,0.0
qwen3-4b,8,C,int,128,verify_fold,8,4,,cuda,NVIDIA GeForce RTX 2080 Ti,Intel(R) Xeon(R) Silver 4114 CPU @ 2.20GHz x8 threads,36,4022272000,NVIDIA GeForce RTX 2080 Ti,0.0,extrapolated_from_1_and_2_blocks,0.0,0.0
qwen3-4b,8,C,int,128,verify_products,1,4,_thr1,cuda,NVIDIA GeForce RTX 2080 Ti,Intel(R) Xeon(R) Silver 4114 CPU @ 2.20GHz x1 threads,36,4022272000,NVIDIA GeForce RTX 2080 Ti,2.1001364290714264,extrapolated_from_1_and_2_blocks,0.14349077129736543,0.19939493294805288
qwen3-4b,8,C,int,128,verify_products,8,4,,cuda,NVIDIA GeForce RTX 2080 Ti,Intel(R) Xeon(R) Silver 4114 CPU @ 2.20GHz x8 threads,36,4022272000,NVIDIA GeForce RTX 2080 Ti,0.8566876538097858,extrapolated_from_1_and_2_blocks,0.06700914725661278,0.08957139030098915
qwen3-4b,8,C,int,40,bytes_claims,1,4,_thr1,cuda,NVIDIA GeForce RTX 2080 Ti,Intel(R) Xeon(R) Silver 4114 CPU @ 2.20GHz x1 threads,36,4022272000,NVIDIA GeForce RTX 2080 Ti,36079104.0,extrapolated_from_1_and_2_blocks,1672704.0,2655744.0
qwen3-4b,8,C,int,40,bytes_claims,8,4,,cuda,NVIDIA GeForce RTX 2080 Ti,Intel(R) Xeon(R) Silver 4114 CPU @ 2.20GHz x8 threads,36,4022272000,NVIDIA GeForce RTX 2080 Ti,36079104.0,extrapolated_from_1_and_2_blocks,1672704.0,2655744.0
qwen3-4b,8,C,int,40,bytes_columns,1,4,_thr1,cuda,NVIDIA GeForce RTX 2080 Ti,Intel(R) Xeon(R) Silver 4114 CPU @ 2.20GHz x1 threads,36,4022272000,NVIDIA GeForce RTX 2080 Ti,126041600.0,extrapolated_from_1_and_2_blocks,18521600.0,21593600.0
qwen3-4b,8,C,int,40,bytes_columns,8,4,,cuda,NVIDIA GeForce RTX 2080 Ti,Intel(R) Xeon(R) Silver 4114 CPU @ 2.20GHz x8 threads,36,4022272000,NVIDIA GeForce RTX 2080 Ti,126041600.0,extrapolated_from_1_and_2_blocks,18521600.0,21593600.0
qwen3-4b,8,C,int,40,bytes_paths,1,4,_thr1,cuda,NVIDIA GeForce RTX 2080 Ti,Intel(R) Xeon(R) Silver 4114 CPU @ 2.20GHz x1 threads,36,4022272000,NVIDIA GeForce RTX 2080 Ti,1771392.0,extrapolated_from_1_and_2_blocks,67872.0,116544.0
qwen3-4b,8,C,int,40,bytes_paths,8,4,,cuda,NVIDIA GeForce RTX 2080 Ti,Intel(R) Xeon(R) Silver 4114 CPU @ 2.20GHz x8 threads,36,4022272000,NVIDIA GeForce RTX 2080 Ti,1791680.0,extrapolated_from_1_and_2_blocks,66880.0,116160.0
qwen3-4b,8,C,int,40,bytes_total,1,4,_thr1,cuda,NVIDIA GeForce RTX 2080 Ti,Intel(R) Xeon(R) Silver 4114 CPU @ 2.20GHz x1 threads,36,4022272000,NVIDIA GeForce RTX 2080 Ti,172795776.0,extrapolated_from_1_and_2_blocks,21711136.0,26027840.0
qwen3-4b,8,C,int,40,bytes_total,8,4,,cuda,NVIDIA GeForce RTX 2080 Ti,Intel(R) Xeon(R) Silver 4114 CPU @ 2.20GHz x8 threads,36,4022272000,NVIDIA GeForce RTX 2080 Ti,172816064.0,extrapolated_from_1_and_2_blocks,21710144.0,26027456.0
qwen3-4b,8,C,int,40,bytes_u,1,4,_thr1,cuda,NVIDIA GeForce RTX 2080 Ti,Intel(R) Xeon(R) Silver 4114 CPU @ 2.20GHz x1 threads,36,4022272000,NVIDIA GeForce RTX 2080 Ti,8903680.0,extrapolated_from_1_and_2_blocks,1448960.0,1661952.0
qwen3-4b,8,C,int,40,bytes_u,8,4,,cuda,NVIDIA GeForce RTX 2080 Ti,Intel(R) Xeon(R) Silver 4114 CPU @ 2.20GHz x8 threads,36,4022272000,NVIDIA GeForce RTX 2080 Ti,8903680.0,extrapolated_from_1_and_2_blocks,1448960.0,1661952.0
qwen3-4b,8,C,int,40,fs_hash,1,4,_thr1,cuda,NVIDIA GeForce RTX 2080 Ti,Intel(R) Xeon(R) Silver 4114 CPU @ 2.20GHz x1 threads,36,4022272000,NVIDIA GeForce RTX 2080 Ti,7.581431418657303e-06,extrapolated_from_1_and_2_blocks,1.6978010535240173e-06,1.8659047782421112e-06
qwen3-4b,8,C,int,40,fs_hash,8,4,,cuda,NVIDIA GeForce RTX 2080 Ti,Intel(R) Xeon(R) Silver 4114 CPU @ 2.20GHz x8 threads,36,4022272000,NVIDIA GeForce RTX 2080 Ti,-3.468245267868042e-06,extrapolated_from_1_and_2_blocks,1.2256205081939697e-06,1.0915100574493408e-06
qwen3-4b,8,C,int,40,prove_fold,1,4,_thr1,cuda,NVIDIA GeForce RTX 2080 Ti,Intel(R) Xeon(R) Silver 4114 CPU @ 2.20GHz x1 threads,36,4022272000,NVIDIA GeForce RTX 2080 Ti,2.488800991792232,extrapolated_from_1_and_2_blocks,0.46273317327722907,0.5206208252348006
qwen3-4b,8,C,int,40,prove_fold,8,4,,cuda,NVIDIA GeForce RTX 2080 Ti,Intel(R) Xeon(R) Silver 4114 CPU @ 2.20GHz x8 threads,36,4022272000,NVIDIA GeForce RTX 2080 Ti,2.19702110812068,extrapolated_from_1_and_2_blocks,0.47612161561846733,0.525290172547102
qwen3-4b,8,C,int,40,prove_forward,1,4,_thr1,cuda,NVIDIA GeForce RTX 2080 Ti,Intel(R) Xeon(R) Silver 4114 CPU @ 2.20GHz x1 threads,36,4022272000,NVIDIA GeForce RTX 2080 Ti,1.507289876230061,extrapolated_from_1_and_2_blocks,0.2210639170370996,0.2578132301568985
qwen3-4b,8,C,int,40,prove_forward,8,4,,cuda,NVIDIA GeForce RTX 2080 Ti,Intel(R) Xeon(R) Silver 4114 CPU @ 2.20GHz x8 threads,36,4022272000,NVIDIA GeForce RTX 2080 Ti,1.124389510601759,extrapolated_from_1_and_2_blocks,0.22465289011597633,0.2503596507012844
qwen3-4b,8,C,int,40,prove_open,1,4,_thr1,cuda,NVIDIA GeForce RTX 2080 Ti,Intel(R) Xeon(R) Silver 4114 CPU @ 2.20GHz x1 threads,36,4022272000,NVIDIA GeForce RTX 2080 Ti,2.266422221902758,extrapolated_from_1_and_2_blocks,0.27694662380963564,0.3337887837551534
qwen3-4b,8,C,int,40,prove_open,8,4,,cuda,NVIDIA GeForce RTX 2080 Ti,Intel(R) Xeon(R) Silver 4114 CPU @ 2.20GHz x8 threads,36,4022272000,NVIDIA GeForce RTX 2080 Ti,1.6803040318191051,extrapolated_from_1_and_2_blocks,0.2879894860088825,0.3277699016034603
qwen3-4b,8,C,int,40,verify_columns,1,4,_thr1,cuda,NVIDIA GeForce RTX 2080 Ti,Intel(R) Xeon(R) Silver 4114 CPU @ 2.20GHz x1 threads,36,4022272000,NVIDIA GeForce RTX 2080 Ti,5.270072428509593,extrapolated_from_1_and_2_blocks,0.715112091973424,0.8452538158744574
qwen3-4b,8,C,int,40,verify_columns,8,4,,cuda,NVIDIA GeForce RTX 2080 Ti,Intel(R) Xeon(R) Silver 4114 CPU @ 2.20GHz x8 threads,36,4022272000,NVIDIA GeForce RTX 2080 Ti,2.210582386702299,extrapolated_from_1_and_2_blocks,0.3264421075582504,0.3802746869623661
qwen3-4b,8,C,int,40,verify_derive,1,4,_thr1,cuda,NVIDIA GeForce RTX 2080 Ti,Intel(R) Xeon(R) Silver 4114 CPU @ 2.20GHz x1 threads,36,4022272000,NVIDIA GeForce RTX 2080 Ti,0.43890201672911644,extrapolated_from_1_and_2_blocks,0.014443899970501661,0.026571274735033512
qwen3-4b,8,C,int,40,verify_derive,8,4,,cuda,NVIDIA GeForce RTX 2080 Ti,Intel(R) Xeon(R) Silver 4114 CPU @ 2.20GHz x8 threads,36,4022272000,NVIDIA GeForce RTX 2080 Ti,0.2901284843683243,extrapolated_from_1_and_2_blocks,0.010757677257061005,0.018739700317382812
qwen3-4b,8,C,int,40,verify_fold,1,4,_thr1,cuda,NVIDIA GeForce RTX 2080 Ti,Intel(R) Xeon(R) Silver 4114 CPU @ 2.20GHz x1 threads,36,4022272000,NVIDIA GeForce RTX 2080 Ti,0.0,extrapolated_from_1_and_2_blocks,0.0,0.0
qwen3-4b,8,C,int,40,verify_fold,8,4,,cuda,NVIDIA GeForce RTX 2080 Ti,Intel(R) Xeon(R) Silver 4114 CPU @ 2.20GHz x8 threads,36,4022272000,NVIDIA GeForce RTX 2080 Ti,0.0,extrapolated_from_1_and_2_blocks,0.0,0.0
qwen3-4b,8,C,int,40,verify_products,1,4,_thr1,cuda,NVIDIA GeForce RTX 2080 Ti,Intel(R) Xeon(R) Silver 4114 CPU @ 2.20GHz x1 threads,36,4022272000,NVIDIA GeForce RTX 2080 Ti,1.2067317180335522,extrapolated_from_1_and_2_blocks,0.1102865100838244,0.1416135160252452
qwen3-4b,8,C,int,40,verify_products,8,4,,cuda,NVIDIA GeForce RTX 2080 Ti,Intel(R) Xeon(R) Silver 4114 CPU @ 2.20GHz x8 threads,36,4022272000,NVIDIA GeForce RTX 2080 Ti,0.7323252186179161,extrapolated_from_1_and_2_blocks,0.06254721060395241,0.08168372511863708
qwen3-4b,8,K,int,128,bytes_claims,8,4,,cuda,NVIDIA GeForce RTX 2080 Ti,Intel(R) Xeon(R) Silver 4114 CPU @ 2.20GHz x8 threads,36,4022272000,NVIDIA GeForce RTX 2080 Ti,36079104.0,extrapolated_from_1_and_2_blocks,1672704.0,2655744.0
qwen3-4b,8,K,int,128,bytes_columns,8,4,,cuda,NVIDIA GeForce RTX 2080 Ti,Intel(R) Xeon(R) Silver 4114 CPU @ 2.20GHz x8 threads,36,4022272000,NVIDIA GeForce RTX 2080 Ti,0.0,extrapolated_from_1_and_2_blocks,0.0,0.0
qwen3-4b,8,K,int,128,bytes_paths,8,4,,cuda,NVIDIA GeForce RTX 2080 Ti,Intel(R) Xeon(R) Silver 4114 CPU @ 2.20GHz x8 threads,36,4022272000,NVIDIA GeForce RTX 2080 Ti,0.0,extrapolated_from_1_and_2_blocks,0.0,0.0
qwen3-4b,8,K,int,128,bytes_total,8,4,,cuda,NVIDIA GeForce RTX 2080 Ti,Intel(R) Xeon(R) Silver 4114 CPU @ 2.20GHz x8 threads,36,4022272000,NVIDIA GeForce RTX 2080 Ti,36079104.0,extrapolated_from_1_and_2_blocks,1672704.0,2655744.0
qwen3-4b,8,K,int,128,bytes_u,8,4,,cuda,NVIDIA GeForce RTX 2080 Ti,Intel(R) Xeon(R) Silver 4114 CPU @ 2.20GHz x8 threads,36,4022272000,NVIDIA GeForce RTX 2080 Ti,0.0,extrapolated_from_1_and_2_blocks,0.0,0.0
qwen3-4b,8,K,int,128,fs_hash,8,4,,cuda,NVIDIA GeForce RTX 2080 Ti,Intel(R) Xeon(R) Silver 4114 CPU @ 2.20GHz x8 threads,36,4022272000,NVIDIA GeForce RTX 2080 Ti,-4.470348358154297e-08,extrapolated_from_1_and_2_blocks,1.12876296043396e-06,1.0952353477478027e-06
qwen3-4b,8,K,int,128,prove_fold,8,4,,cuda,NVIDIA GeForce RTX 2080 Ti,Intel(R) Xeon(R) Silver 4114 CPU @ 2.20GHz x8 threads,36,4022272000,NVIDIA GeForce RTX 2080 Ti,0.0,extrapolated_from_1_and_2_blocks,0.0,0.0
qwen3-4b,8,K,int,128,prove_forward,8,4,,cuda,NVIDIA GeForce RTX 2080 Ti,Intel(R) Xeon(R) Silver 4114 CPU @ 2.20GHz x8 threads,36,4022272000,NVIDIA GeForce RTX 2080 Ti,0.36225588619709015,extrapolated_from_1_and_2_blocks,0.0196816548705101,0.02946949005126953
qwen3-4b,8,K,int,128,verify_derive,8,4,,cuda,NVIDIA GeForce RTX 2080 Ti,Intel(R) Xeon(R) Silver 4114 CPU @ 2.20GHz x8 threads,36,4022272000,NVIDIA GeForce RTX 2080 Ti,0.3158798925578594,extrapolated_from_1_and_2_blocks,0.009931635111570358,0.018673013895750046
qwen3-4b,8,K,int,128,verify_fold,8,4,,cuda,NVIDIA GeForce RTX 2080 Ti,Intel(R) Xeon(R) Silver 4114 CPU @ 2.20GHz x8 threads,36,4022272000,NVIDIA GeForce RTX 2080 Ti,51.395989157259464,extrapolated_from_1_and_2_blocks,12.095057837665081,13.217941589653492
qwen3-4b,8,K,int,128,verify_products,8,4,,cuda,NVIDIA GeForce RTX 2080 Ti,Intel(R) Xeon(R) Silver 4114 CPU @ 2.20GHz x8 threads,36,4022272000,NVIDIA GeForce RTX 2080 Ti,0.8553974367678165,extrapolated_from_1_and_2_blocks,0.06842116266489029,0.09090619906783104
qwen3-4b,8,K,int,40,bytes_claims,8,4,,cuda,NVIDIA GeForce RTX 2080 Ti,Intel(R) Xeon(R) Silver 4114 CPU @ 2.20GHz x8 threads,36,4022272000,NVIDIA GeForce RTX 2080 Ti,36079104.0,extrapolated_from_1_and_2_blocks,1672704.0,2655744.0
qwen3-4b,8,K,int,40,bytes_columns,8,4,,cuda,NVIDIA GeForce RTX 2080 Ti,Intel(R) Xeon(R) Silver 4114 CPU @ 2.20GHz x8 threads,36,4022272000,NVIDIA GeForce RTX 2080 Ti,0.0,extrapolated_from_1_and_2_blocks,0.0,0.0
qwen3-4b,8,K,int,40,bytes_paths,8,4,,cuda,NVIDIA GeForce RTX 2080 Ti,Intel(R) Xeon(R) Silver 4114 CPU @ 2.20GHz x8 threads,36,4022272000,NVIDIA GeForce RTX 2080 Ti,0.0,extrapolated_from_1_and_2_blocks,0.0,0.0
qwen3-4b,8,K,int,40,bytes_total,8,4,,cuda,NVIDIA GeForce RTX 2080 Ti,Intel(R) Xeon(R) Silver 4114 CPU @ 2.20GHz x8 threads,36,4022272000,NVIDIA GeForce RTX 2080 Ti,36079104.0,extrapolated_from_1_and_2_blocks,1672704.0,2655744.0
qwen3-4b,8,K,int,40,bytes_u,8,4,,cuda,NVIDIA GeForce RTX 2080 Ti,Intel(R) Xeon(R) Silver 4114 CPU @ 2.20GHz x8 threads,36,4022272000,NVIDIA GeForce RTX 2080 Ti,0.0,extrapolated_from_1_and_2_blocks,0.0,0.0
qwen3-4b,8,K,int,40,fs_hash,8,4,,cuda,NVIDIA GeForce RTX 2080 Ti,Intel(R) Xeon(R) Silver 4114 CPU @ 2.20GHz x8 threads,36,4022272000,NVIDIA GeForce RTX 2080 Ti,5.0514936447143555e-06,extrapolated_from_1_and_2_blocks,1.1399388313293457e-06,1.2516975402832031e-06
qwen3-4b,8,K,int,40,prove_fold,8,4,,cuda,NVIDIA GeForce RTX 2080 Ti,Intel(R) Xeon(R) Silver 4114 CPU @ 2.20GHz x8 threads,36,4022272000,NVIDIA GeForce RTX 2080 Ti,0.0,extrapolated_from_1_and_2_blocks,0.0,0.0
qwen3-4b,8,K,int,40,prove_forward,8,4,,cuda,NVIDIA GeForce RTX 2080 Ti,Intel(R) Xeon(R) Silver 4114 CPU @ 2.20GHz x8 threads,36,4022272000,NVIDIA GeForce RTX 2080 Ti,0.5829871967434883,extrapolated_from_1_and_2_blocks,0.021013464778661728,0.037069857120513916
qwen3-4b,8,K,int,40,verify_derive,8,4,,cuda,NVIDIA GeForce RTX 2080 Ti,Intel(R) Xeon(R) Silver 4114 CPU @ 2.20GHz x8 threads,36,4022272000,NVIDIA GeForce RTX 2080 Ti,0.6031351163983345,extrapolated_from_1_and_2_blocks,0.011753924190998077,0.02865052968263626
qwen3-4b,8,K,int,40,verify_fold,8,4,,cuda,NVIDIA GeForce RTX 2080 Ti,Intel(R) Xeon(R) Silver 4114 CPU @ 2.20GHz x8 threads,36,4022272000,NVIDIA GeForce RTX 2080 Ti,55.574877981096506,extrapolated_from_1_and_2_blocks,12.389268923550844,13.623143468052149
qwen3-4b,8,K,int,40,verify_products,8,4,,cuda,NVIDIA GeForce RTX 2080 Ti,Intel(R) Xeon(R) Silver 4114 CPU @ 2.20GHz x8 threads,36,4022272000,NVIDIA GeForce RTX 2080 Ti,1.5031525902450085,extrapolated_from_1_and_2_blocks,0.07441090792417526,0.11523209884762764
qwen3-4b,8,Kpre,int,128,bytes_claims,1,4,_thr1,cuda,NVIDIA GeForce RTX 2080 Ti,Intel(R) Xeon(R) Silver 4114 CPU @ 2.20GHz x1 threads,36,4022272000,NVIDIA GeForce RTX 2080 Ti,36079104.0,extrapolated_from_1_and_2_blocks,1672704.0,2655744.0
qwen3-4b,8,Kpre,int,128,bytes_claims,8,4,,cuda,NVIDIA GeForce RTX 2080 Ti,Intel(R) Xeon(R) Silver 4114 CPU @ 2.20GHz x8 threads,36,4022272000,NVIDIA GeForce RTX 2080 Ti,36079104.0,extrapolated_from_1_and_2_blocks,1672704.0,2655744.0
qwen3-4b,8,Kpre,int,128,bytes_columns,1,4,_thr1,cuda,NVIDIA GeForce RTX 2080 Ti,Intel(R) Xeon(R) Silver 4114 CPU @ 2.20GHz x1 threads,36,4022272000,NVIDIA GeForce RTX 2080 Ti,0.0,extrapolated_from_1_and_2_blocks,0.0,0.0
qwen3-4b,8,Kpre,int,128,bytes_columns,8,4,,cuda,NVIDIA GeForce RTX 2080 Ti,Intel(R) Xeon(R) Silver 4114 CPU @ 2.20GHz x8 threads,36,4022272000,NVIDIA GeForce RTX 2080 Ti,0.0,extrapolated_from_1_and_2_blocks,0.0,0.0
qwen3-4b,8,Kpre,int,128,bytes_paths,1,4,_thr1,cuda,NVIDIA GeForce RTX 2080 Ti,Intel(R) Xeon(R) Silver 4114 CPU @ 2.20GHz x1 threads,36,4022272000,NVIDIA GeForce RTX 2080 Ti,0.0,extrapolated_from_1_and_2_blocks,0.0,0.0
qwen3-4b,8,Kpre,int,128,bytes_paths,8,4,,cuda,NVIDIA GeForce RTX 2080 Ti,Intel(R) Xeon(R) Silver 4114 CPU @ 2.20GHz x8 threads,36,4022272000,NVIDIA GeForce RTX 2080 Ti,0.0,extrapolated_from_1_and_2_blocks,0.0,0.0
qwen3-4b,8,Kpre,int,128,bytes_total,1,4,_thr1,cuda,NVIDIA GeForce RTX 2080 Ti,Intel(R) Xeon(R) Silver 4114 CPU @ 2.20GHz x1 threads,36,4022272000,NVIDIA GeForce RTX 2080 Ti,36079104.0,extrapolated_from_1_and_2_blocks,1672704.0,2655744.0
qwen3-4b,8,Kpre,int,128,bytes_total,8,4,,cuda,NVIDIA GeForce RTX 2080 Ti,Intel(R) Xeon(R) Silver 4114 CPU @ 2.20GHz x8 threads,36,4022272000,NVIDIA GeForce RTX 2080 Ti,36079104.0,extrapolated_from_1_and_2_blocks,1672704.0,2655744.0
qwen3-4b,8,Kpre,int,128,bytes_u,1,4,_thr1,cuda,NVIDIA GeForce RTX 2080 Ti,Intel(R) Xeon(R) Silver 4114 CPU @ 2.20GHz x1 threads,36,4022272000,NVIDIA GeForce RTX 2080 Ti,0.0,extrapolated_from_1_and_2_blocks,0.0,0.0
qwen3-4b,8,Kpre,int,128,bytes_u,8,4,,cuda,NVIDIA GeForce RTX 2080 Ti,Intel(R) Xeon(R) Silver 4114 CPU @ 2.20GHz x8 threads,36,4022272000,NVIDIA GeForce RTX 2080 Ti,0.0,extrapolated_from_1_and_2_blocks,0.0,0.0
qwen3-4b,8,Kpre,int,128,fs_hash,1,4,_thr1,cuda,NVIDIA GeForce RTX 2080 Ti,Intel(R) Xeon(R) Silver 4114 CPU @ 2.20GHz x1 threads,36,4022272000,NVIDIA GeForce RTX 2080 Ti,4.8354268074035645e-06,extrapolated_from_1_and_2_blocks,1.657288521528244e-06,1.7480924725532532e-06
qwen3-4b,8,Kpre,int,128,fs_hash,8,4,,cuda,NVIDIA GeForce RTX 2080 Ti,Intel(R) Xeon(R) Silver 4114 CPU @ 2.20GHz x8 threads,36,4022272000,NVIDIA GeForce RTX 2080 Ti,7.1339309215545654e-06,extrapolated_from_1_and_2_blocks,1.0058283805847168e-06,1.1809170246124268e-06
qwen3-4b,8,Kpre,int,128,prove_fold,1,4,_thr1,cuda,NVIDIA GeForce RTX 2080 Ti,Intel(R) Xeon(R) Silver 4114 CPU @ 2.20GHz x1 threads,36,4022272000,NVIDIA GeForce RTX 2080 Ti,0.0,extrapolated_from_1_and_2_blocks,0.0,0.0
qwen3-4b,8,Kpre,int,128,prove_fold,8,4,,cuda,NVIDIA GeForce RTX 2080 Ti,Intel(R) Xeon(R) Silver 4114 CPU @ 2.20GHz x8 threads,36,4022272000,NVIDIA GeForce RTX 2080 Ti,0.0,extrapolated_from_1_and_2_blocks,0.0,0.0
qwen3-4b,8,Kpre,int,128,prove_forward,1,4,_thr1,cuda,NVIDIA GeForce RTX 2080 Ti,Intel(R) Xeon(R) Silver 4114 CPU @ 2.20GHz x1 threads,36,4022272000,NVIDIA GeForce RTX 2080 Ti,0.5067324796691537,extrapolated_from_1_and_2_blocks,0.023816159926354885,0.03761376906186342
qwen3-4b,8,Kpre,int,128,prove_forward,8,4,,cuda,NVIDIA GeForce RTX 2080 Ti,Intel(R) Xeon(R) Silver 4114 CPU @ 2.20GHz x8 threads,36,4022272000,NVIDIA GeForce RTX 2080 Ti,0.37686752527952194,extrapolated_from_1_and_2_blocks,0.01815200224518776,0.02840101718902588
qwen3-4b,8,Kpre,int,128,verifier_precompute,1,4,_thr1,cuda,NVIDIA GeForce RTX 2080 Ti,Intel(R) Xeon(R) Silver 4114 CPU @ 2.20GHz x1 threads,36,4022272000,NVIDIA GeForce RTX 2080 Ti,98.19844223326072,extrapolated_from_1_and_2_blocks,21.90677815815434,24.086539988871664
qwen3-4b,8,Kpre,int,128,verifier_precompute,8,4,,cuda,NVIDIA GeForce RTX 2080 Ti,Intel(R) Xeon(R) Silver 4114 CPU @ 2.20GHz x8 threads,36,4022272000,NVIDIA GeForce RTX 2080 Ti,64.86113254353404,extrapolated_from_1_and_2_blocks,11.971121583133936,13.482264753431082
qwen3-4b,8,Kpre,int,128,verify_derive,1,4,_thr1,cuda,NVIDIA GeForce RTX 2080 Ti,Intel(R) Xeon(R) Silver 4114 CPU @ 2.20GHz x1 threads,36,4022272000,NVIDIA GeForce RTX 2080 Ti,0.4370195306837559,extrapolated_from_1_and_2_blocks,0.014237955212593079,0.026317428797483444
qwen3-4b,8,Kpre,int,128,verify_derive,8,4,,cuda,NVIDIA GeForce RTX 2080 Ti,Intel(R) Xeon(R) Silver 4114 CPU @ 2.20GHz x8 threads,36,4022272000,NVIDIA GeForce RTX 2080 Ti,0.3165702112019062,extrapolated_from_1_and_2_blocks,0.009478084743022919,0.018252145498991013
qwen3-4b,8,Kpre,int,128,verify_fold,1,4,_thr1,cuda,NVIDIA GeForce RTX 2080 Ti,Intel(R) Xeon(R) Silver 4114 CPU @ 2.20GHz x1 threads,36,4022272000,NVIDIA GeForce RTX 2080 Ti,0.0,extrapolated_from_1_and_2_blocks,0.0,0.0
qwen3-4b,8,Kpre,int,128,verify_fold,8,4,,cuda,NVIDIA GeForce RTX 2080 Ti,Intel(R) Xeon(R) Silver 4114 CPU @ 2.20GHz x8 threads,36,4022272000,NVIDIA GeForce RTX 2080 Ti,0.0,extrapolated_from_1_and_2_blocks,0.0,0.0
qwen3-4b,8,Kpre,int,128,verify_products,1,4,_thr1,cuda,NVIDIA GeForce RTX 2080 Ti,Intel(R) Xeon(R) Silver 4114 CPU @ 2.20GHz x1 threads,36,4022272000,NVIDIA GeForce RTX 2080 Ti,1.3317325147800148,extrapolated_from_1_and_2_blocks,0.142808698117733,0.17677795002236962
qwen3-4b,8,Kpre,int,128,verify_products,8,4,,cuda,NVIDIA GeForce RTX 2080 Ti,Intel(R) Xeon(R) Silver 4114 CPU @ 2.20GHz x8 threads,36,4022272000,NVIDIA GeForce RTX 2080 Ti,0.7449544332921505,extrapolated_from_1_and_2_blocks,0.06283168867230415,0.0823209099471569
qwen3-4b,8,Kpre,int,40,bytes_claims,1,4,_thr1,cuda,NVIDIA GeForce RTX 2080 Ti,Intel(R) Xeon(R) Silver 4114 CPU @ 2.20GHz x1 threads,36,4022272000,NVIDIA GeForce RTX 2080 Ti,36079104.0,extrapolated_from_1_and_2_blocks,1672704.0,2655744.0
qwen3-4b,8,Kpre,int,40,bytes_claims,8,4,,cuda,NVIDIA GeForce RTX 2080 Ti,Intel(R) Xeon(R) Silver 4114 CPU @ 2.20GHz x8 threads,36,4022272000,NVIDIA GeForce RTX 2080 Ti,36079104.0,extrapolated_from_1_and_2_blocks,1672704.0,2655744.0
qwen3-4b,8,Kpre,int,40,bytes_columns,1,4,_thr1,cuda,NVIDIA GeForce RTX 2080 Ti,Intel(R) Xeon(R) Silver 4114 CPU @ 2.20GHz x1 threads,36,4022272000,NVIDIA GeForce RTX 2080 Ti,0.0,extrapolated_from_1_and_2_blocks,0.0,0.0
qwen3-4b,8,Kpre,int,40,bytes_columns,8,4,,cuda,NVIDIA GeForce RTX 2080 Ti,Intel(R) Xeon(R) Silver 4114 CPU @ 2.20GHz x8 threads,36,4022272000,NVIDIA GeForce RTX 2080 Ti,0.0,extrapolated_from_1_and_2_blocks,0.0,0.0
qwen3-4b,8,Kpre,int,40,bytes_paths,1,4,_thr1,cuda,NVIDIA GeForce RTX 2080 Ti,Intel(R) Xeon(R) Silver 4114 CPU @ 2.20GHz x1 threads,36,4022272000,NVIDIA GeForce RTX 2080 Ti,0.0,extrapolated_from_1_and_2_blocks,0.0,0.0
qwen3-4b,8,Kpre,int,40,bytes_paths,8,4,,cuda,NVIDIA GeForce RTX 2080 Ti,Intel(R) Xeon(R) Silver 4114 CPU @ 2.20GHz x8 threads,36,4022272000,NVIDIA GeForce RTX 2080 Ti,0.0,extrapolated_from_1_and_2_blocks,0.0,0.0
qwen3-4b,8,Kpre,int,40,bytes_total,1,4,_thr1,cuda,NVIDIA GeForce RTX 2080 Ti,Intel(R) Xeon(R) Silver 4114 CPU @ 2.20GHz x1 threads,36,4022272000,NVIDIA GeForce RTX 2080 Ti,36079104.0,extrapolated_from_1_and_2_blocks,1672704.0,2655744.0
qwen3-4b,8,Kpre,int,40,bytes_total,8,4,,cuda,NVIDIA GeForce RTX 2080 Ti,Intel(R) Xeon(R) Silver 4114 CPU @ 2.20GHz x8 threads,36,4022272000,NVIDIA GeForce RTX 2080 Ti,36079104.0,extrapolated_from_1_and_2_blocks,1672704.0,2655744.0
qwen3-4b,8,Kpre,int,40,bytes_u,1,4,_thr1,cuda,NVIDIA GeForce RTX 2080 Ti,Intel(R) Xeon(R) Silver 4114 CPU @ 2.20GHz x1 threads,36,4022272000,NVIDIA GeForce RTX 2080 Ti,0.0,extrapolated_from_1_and_2_blocks,0.0,0.0
qwen3-4b,8,Kpre,int,40,bytes_u,8,4,,cuda,NVIDIA GeForce RTX 2080 Ti,Intel(R) Xeon(R) Silver 4114 CPU @ 2.20GHz x8 threads,36,4022272000,NVIDIA GeForce RTX 2080 Ti,0.0,extrapolated_from_1_and_2_blocks,0.0,0.0
qwen3-4b,8,Kpre,int,40,fs_hash,1,4,_thr1,cuda,NVIDIA GeForce RTX 2080 Ti,Intel(R) Xeon(R) Silver 4114 CPU @ 2.20GHz x1 threads,36,4022272000,NVIDIA GeForce RTX 2080 Ti,7.050111889839172e-06,extrapolated_from_1_and_2_blocks,1.5087425708770752e-06,1.6670674085617065e-06
qwen3-4b,8,Kpre,int,40,fs_hash,8,4,,cuda,NVIDIA GeForce RTX 2080 Ti,Intel(R) Xeon(R) Silver 4114 CPU @ 2.20GHz x8 threads,36,4022272000,NVIDIA GeForce RTX 2080 Ti,-1.1473894119262695e-05,extrapolated_from_1_and_2_blocks,1.30385160446167e-06,9.387731552124023e-07
qwen3-4b,8,Kpre,int,40,prove_fold,1,4,_thr1,cuda,NVIDIA GeForce RTX 2080 Ti,Intel(R) Xeon(R) Silver 4114 CPU @ 2.20GHz x1 threads,36,4022272000,NVIDIA GeForce RTX 2080 Ti,0.0,extrapolated_from_1_and_2_blocks,0.0,0.0
qwen3-4b,8,Kpre,int,40,prove_fold,8,4,,cuda,NVIDIA GeForce RTX 2080 Ti,Intel(R) Xeon(R) Silver 4114 CPU @ 2.20GHz x8 threads,36,4022272000,NVIDIA GeForce RTX 2080 Ti,0.0,extrapolated_from_1_and_2_blocks,0.0,0.0
qwen3-4b,8,Kpre,int,40,prove_forward,1,4,_thr1,cuda,NVIDIA GeForce RTX 2080 Ti,Intel(R) Xeon(R) Silver 4114 CPU @ 2.20GHz x1 threads,36,4022272000,NVIDIA GeForce RTX 2080 Ti,0.5012857341207564,extrapolated_from_1_and_2_blocks,0.02380103198811412,0.037443452049046755
qwen3-4b,8,Kpre,int,40,prove_forward,8,4,,cuda,NVIDIA GeForce RTX 2080 Ti,Intel(R) Xeon(R) Silver 4114 CPU @ 2.20GHz x8 threads,36,4022272000,NVIDIA GeForce RTX 2080 Ti,0.3491723947227001,extrapolated_from_1_and_2_blocks,0.01937134563922882,0.02879423275589943
qwen3-4b,8,Kpre,int,40,verifier_precompute,1,4,_thr1,cuda,NVIDIA GeForce RTX 2080 Ti,Intel(R) Xeon(R) Silver 4114 CPU @ 2.20GHz x1 threads,36,4022272000,NVIDIA GeForce RTX 2080 Ti,85.7620767718181,extrapolated_from_1_and_2_blocks,22.543286078609526,24.34953724127263
qwen3-4b,8,Kpre,int,40,verifier_precompute,8,4,,cuda,NVIDIA GeForce RTX 2080 Ti,Intel(R) Xeon(R) Silver 4114 CPU @ 2.20GHz x8 threads,36,4022272000,NVIDIA GeForce RTX 2080 Ti,57.306453473865986,extrapolated_from_1_and_2_blocks,11.82481637224555,13.124291718006134
qwen3-4b,8,Kpre,int,40,verify_derive,1,4,_thr1,cuda,NVIDIA GeForce RTX 2080 Ti,Intel(R) Xeon(R) Silver 4114 CPU @ 2.20GHz x1 threads,36,4022272000,NVIDIA GeForce RTX 2080 Ti,0.42616400588303804,extrapolated_from_1_and_2_blocks,0.014389073010534048,0.02615407109260559
qwen3-4b,8,Kpre,int,40,verify_derive,8,4,,cuda,NVIDIA GeForce RTX 2080 Ti,Intel(R) Xeon(R) Silver 4114 CPU @ 2.20GHz x8 threads,36,4022272000,NVIDIA GeForce RTX 2080 Ti,0.2846515141427517,extrapolated_from_1_and_2_blocks,0.009939629584550858,0.017788540571928024
qwen3-4b,8,Kpre,int,40,verify_fold,1,4,_thr1,cuda,NVIDIA GeForce RTX 2080 Ti,Intel(R) Xeon(R) Silver 4114 CPU @ 2.20GHz x1 threads,36,4022272000,NVIDIA GeForce RTX 2080 Ti,0.0,extrapolated_from_1_and_2_blocks,0.0,0.0
qwen3-4b,8,Kpre,int,40,verify_fold,8,4,,cuda,NVIDIA GeForce RTX 2080 Ti,Intel(R) Xeon(R) Silver 4114 CPU @ 2.20GHz x8 threads,36,4022272000,NVIDIA GeForce RTX 2080 Ti,0.0,extrapolated_from_1_and_2_blocks,0.0,0.0
qwen3-4b,8,Kpre,int,40,verify_products,1,4,_thr1,cuda,NVIDIA GeForce RTX 2080 Ti,Intel(R) Xeon(R) Silver 4114 CPU @ 2.20GHz x1 threads,36,4022272000,NVIDIA GeForce RTX 2080 Ti,0.9433260313235223,extrapolated_from_1_and_2_blocks,0.11201630905270576,0.13576801540330052
qwen3-4b,8,Kpre,int,40,verify_products,8,4,,cuda,NVIDIA GeForce RTX 2080 Ti,Intel(R) Xeon(R) Silver 4114 CPU @ 2.20GHz x8 threads,36,4022272000,NVIDIA GeForce RTX 2080 Ti,0.5643382295966148,extrapolated_from_1_and_2_blocks,0.060489289462566376,0.07488497346639633
gpt2,128,C,,,commit_total,,4,,cuda,NVIDIA GeForce RTX 2080 Ti,Intel(R) Xeon(R) Silver 4114 CPU @ 2.20GHz x8 threads,12,124401408,,19.975342970341444,measured,,
gpt2,256,C,,,commit_total,,4,,cuda,NVIDIA GeForce RTX 2080 Ti,Intel(R) Xeon(R) Silver 4114 CPU @ 2.20GHz x8 threads,12,124401408,,20.211196023970842,measured,,
gpt2,512,C,,,commit_total,,4,,cuda,NVIDIA GeForce RTX 2080 Ti,Intel(R) Xeon(R) Silver 4114 CPU @ 2.20GHz x8 threads,12,124401408,,19.405391603708267,measured,,
gpt2,64,C,,,commit_total,,16,,cuda,NVIDIA GeForce RTX 2080 Ti,Intel(R) Xeon(R) Silver 4114 CPU @ 2.20GHz x8 threads,12,124401408,,99.02612565411255,measured,,
gpt2,64,C,,,commit_total,,4,,cuda,NVIDIA GeForce RTX 2080 Ti,Intel(R) Xeon(R) Silver 4114 CPU @ 2.20GHz x8 threads,12,124401408,,21.45629344508052,measured,,
gpt2,64,C,,,commit_total,,4,_thr1,cuda,NVIDIA GeForce RTX 2080 Ti,Intel(R) Xeon(R) Silver 4114 CPU @ 2.20GHz x1 threads,12,124401408,,23.032053101807833,measured,,
llama2-13b,64,C,,,commit_total,,4,,cuda,NVIDIA GeForce RTX 2080 Ti,Intel(R) Xeon(R) Silver 4114 CPU @ 2.20GHz x8 threads,40,13015449600,,1535.6948416652158,extrapolated_from_1_and_2_blocks,94.73510143905878,131.68278708588332
llama2-7b,2048,C,,,commit_total,,4,,cuda,NVIDIA GeForce RTX 2080 Ti,Intel(R) Xeon(R) Silver 4114 CPU @ 2.20GHz x8 threads,32,6738149376,,655.6700818501413,extrapolated_from_1_and_2_blocks,43.34968649968505,63.1019573174417
llama2-7b,512,C,,,commit_total,,4,,cuda,NVIDIA GeForce RTX 2080 Ti,Intel(R) Xeon(R) Silver 4114 CPU @ 2.20GHz x8 threads,32,6738149376,,723.9237158149481,extrapolated_from_1_and_2_blocks,42.52773708850145,64.50825253129005
llama2-7b,64,C,,,commit_total,,16,,cuda,NVIDIA GeForce RTX 2080 Ti,Intel(R) Xeon(R) Silver 4114 CPU @ 2.20GHz x8 threads,32,6738149376,,2860.8266858793795,extrapolated_from_1_and_2_blocks,175.28171860799193,261.912201423198
llama2-7b,64,C,,,commit_total,,4,,cuda,NVIDIA GeForce RTX 2080 Ti,Intel(R) Xeon(R) Silver 4114 CPU @ 2.20GHz x8 threads,32,6738149376,,717.0529306642711,extrapolated_from_1_and_2_blocks,43.56922474130988,65.29450557753444
opt-1.3b,2048,C,,,commit_total,,4,,cuda,NVIDIA GeForce RTX 2080 Ti,Intel(R) Xeon(R) Silver 4114 CPU @ 2.20GHz x8 threads,24,1315553280,,253.41239362675697,extrapolated_from_1_and_2_blocks,35.255801524966955,44.74087074678391
opt-1.3b,64,C,,,commit_total,,4,,cuda,NVIDIA GeForce RTX 2080 Ti,Intel(R) Xeon(R) Silver 4114 CPU @ 2.20GHz x8 threads,24,1315553280,,247.13490055361763,extrapolated_from_1_and_2_blocks,35.66126859886572,44.855774336028844
opt-125m,2048,C,,,commit_total,,4,,cuda,NVIDIA GeForce RTX 2080 Ti,Intel(R) Xeon(R) Silver 4114 CPU @ 2.20GHz x8 threads,12,125199360,,25.148173538036644,measured,,
opt-125m,64,C,,,commit_total,,4,,cuda,NVIDIA GeForce RTX 2080 Ti,Intel(R) Xeon(R) Silver 4114 CPU @ 2.20GHz x8 threads,12,125199360,,25.871521522291005,measured,,
opt-6.7b,2048,C,,,commit_total,,4,,cuda,NVIDIA GeForce RTX 2080 Ti,Intel(R) Xeon(R) Silver 4114 CPU @ 2.20GHz x8 threads,32,6657933312,,1497.9806679906324,extrapolated_from_1_and_2_blocks,91.23314498178661,136.61209733691067
opt-6.7b,64,C,,,commit_total,,4,,cuda,NVIDIA GeForce RTX 2080 Ti,Intel(R) Xeon(R) Silver 4114 CPU @ 2.20GHz x8 threads,32,6657933312,,1496.1386414072476,extrapolated_from_1_and_2_blocks,91.4045460098423,136.71854908717796
qwen3-4b,64,C,,,commit_total,,4,,cuda,NVIDIA GeForce RTX 2080 Ti,Intel(R) Xeon(R) Silver 4114 CPU @ 2.20GHz x8 threads,36,4022272000,,338.0759492442012,extrapolated_from_1_and_2_blocks,139.31795896217227,144.99675868451595
qwen3-4b,8,C,,,commit_total,,4,,cuda,NVIDIA GeForce RTX 2080 Ti,Intel(R) Xeon(R) Silver 4114 CPU @ 2.20GHz x8 threads,36,4022272000,,201.48761792853475,extrapolated_from_1_and_2_blocks,136.8362160474062,138.68339895829558
qwen3-4b,8,C,,,commit_total,,4,_thr1,cuda,NVIDIA GeForce RTX 2080 Ti,Intel(R) Xeon(R) Silver 4114 CPU @ 2.20GHz x1 threads,36,4022272000,,1059.8242781325243,extrapolated_from_1_and_2_blocks,158.5232907710597,184.27474755281582
