model,seq,mode,challenges,lam,metric,threads,rate,variant,device,prover_hw,verifier_hw,n_layers_full,params_full,value,provenance,value_1block,value_2blocks,extrapolated
gpt2,128,C,fs,128,bytes_total,8,4,,cuda,NVIDIA GeForce RTX 2080 Ti,Intel(R) Xeon(R) Silver 4114 CPU @ 2.20GHz x8 threads,12,124401408,102318560.0,measured,,,
gpt2,128,C,fs,128,fs_hash,8,4,,cuda,NVIDIA GeForce RTX 2080 Ti,Intel(R) Xeon(R) Silver 4114 CPU @ 2.20GHz x8 threads,12,124401408,0.2755796406418085,measured,,,
gpt2,128,C,fs,128,prove_fold,8,4,,cuda,NVIDIA GeForce RTX 2080 Ti,Intel(R) Xeon(R) Silver 4114 CPU @ 2.20GHz x8 threads,12,124401408,0.12309876456856728,measured,,,
gpt2,128,C,fs,128,prove_forward,8,4,,cuda,NVIDIA GeForce RTX 2080 Ti,Intel(R) Xeon(R) Silver 4114 CPU @ 2.20GHz x8 threads,12,124401408,0.07187127880752087,measured,,,
gpt2,128,C,fs,128,prove_open,8,4,,cuda,NVIDIA GeForce RTX 2080 Ti,Intel(R) Xeon(R) Silver 4114 CPU @ 2.20GHz x8 threads,12,124401408,0.23754994198679924,measured,,,
gpt2,128,C,fs,128,verify_columns,8,4,,cuda,NVIDIA GeForce RTX 2080 Ti,Intel(R) Xeon(R) Silver 4114 CPU @ 2.20GHz x8 threads,12,124401408,0.8468991629779339,measured,,,
gpt2,128,C,fs,128,verify_derive,8,4,,cuda,NVIDIA GeForce RTX 2080 Ti,Intel(R) Xeon(R) Silver 4114 CPU @ 2.20GHz x8 threads,12,124401408,0.12866145931184292,measured,,,
gpt2,128,C,fs,128,verify_fold,8,4,,cuda,NVIDIA GeForce RTX 2080 Ti,Intel(R) Xeon(R) Silver 4114 CPU @ 2.20GHz x8 threads,12,124401408,0.0,measured,,,
gpt2,128,C,fs,128,verify_products,8,4,,cuda,NVIDIA GeForce RTX 2080 Ti,Intel(R) Xeon(R) Silver 4114 CPU @ 2.20GHz x8 threads,12,124401408,0.2508240379393101,measured,,,
gpt2,128,C,fs,40,bytes_total,8,4,,cuda,NVIDIA GeForce RTX 2080 Ti,Intel(R) Xeon(R) Silver 4114 CPU @ 2.20GHz x8 threads,12,124401408,76572052.0,measured,,,
gpt2,128,C,fs,40,fs_hash,8,4,,cuda,NVIDIA GeForce RTX 2080 Ti,Intel(R) Xeon(R) Silver 4114 CPU @ 2.20GHz x8 threads,12,124401408,0.2754825931042433,measured,,,
gpt2,128,C,fs,40,prove_fold,8,4,,cuda,NVIDIA GeForce RTX 2080 Ti,Intel(R) Xeon(R) Silver 4114 CPU @ 2.20GHz x8 threads,12,124401408,0.13935531862080097,measured,,,
gpt2,128,C,fs,40,prove_forward,8,4,,cuda,NVIDIA GeForce RTX 2080 Ti,Intel(R) Xeon(R) Silver 4114 CPU @ 2.20GHz x8 threads,12,124401408,0.07340654730796814,measured,,,
gpt2,128,C,fs,40,prove_open,8,4,,cuda,NVIDIA GeForce RTX 2080 Ti,Intel(R) Xeon(R) Silver 4114 CPU @ 2.20GHz x8 threads,12,124401408,0.1526880580931902,measured,,,
gpt2,128,C,fs,40,verify_columns,8,4,,cuda,NVIDIA GeForce RTX 2080 Ti,Intel(R) Xeon(R) Silver 4114 CPU @ 2.20GHz x8 threads,12,124401408,0.6013304330408573,measured,,,
gpt2,128,C,fs,40,verify_derive,8,4,,cuda,NVIDIA GeForce RTX 2080 Ti,Intel(R) Xeon(R) Silver 4114 CPU @ 2.20GHz x8 threads,12,124401408,0.13292013108730316,measured,,,
gpt2,128,C,fs,40,verify_fold,8,4,,cuda,NVIDIA GeForce RTX 2080 Ti,Intel(R) Xeon(R) Silver 4114 CPU @ 2.20GHz x8 threads,12,124401408,0.0,measured,,,
gpt2,128,C,fs,40,verify_products,8,4,,cuda,NVIDIA GeForce RTX 2080 Ti,Intel(R) Xeon(R) Silver 4114 CPU @ 2.20GHz x8 threads,12,124401408,0.23831725679337978,measured,,,
gpt2,128,C,fs,80,bytes_total,8,4,,cuda,NVIDIA GeForce RTX 2080 Ti,Intel(R) Xeon(R) Silver 4114 CPU @ 2.20GHz x8 threads,12,124401408,88086424.0,measured,,,
gpt2,128,C,fs,80,fs_hash,8,4,,cuda,NVIDIA GeForce RTX 2080 Ti,Intel(R) Xeon(R) Silver 4114 CPU @ 2.20GHz x8 threads,12,124401408,0.2815889175981283,measured,,,
gpt2,128,C,fs,80,prove_fold,8,4,,cuda,NVIDIA GeForce RTX 2080 Ti,Intel(R) Xeon(R) Silver 4114 CPU @ 2.20GHz x8 threads,12,124401408,0.12192740477621555,measured,,,
gpt2,128,C,fs,80,prove_forward,8,4,,cuda,NVIDIA GeForce RTX 2080 Ti,Intel(R) Xeon(R) Silver 4114 CPU @ 2.20GHz x8 threads,12,124401408,0.07351147197186947,measured,,,
gpt2,128,C,fs,80,prove_open,8,4,,cuda,NVIDIA GeForce RTX 2080 Ti,Intel(R) Xeon(R) Silver 4114 CPU @ 2.20GHz x8 threads,12,124401408,0.21162757650017738,measured,,,
gpt2,128,C,fs,80,verify_columns,8,4,,cuda,NVIDIA GeForce RTX 2080 Ti,Intel(R) Xeon(R) Silver 4114 CPU @ 2.20GHz x8 threads,12,124401408,0.717833798378706,measured,,,
gpt2,128,C,fs,80,verify_derive,8,4,,cuda,NVIDIA GeForce RTX 2080 Ti,Intel(R) Xeon(R) Silver 4114 CPU @ 2.20GHz x8 threads,12,124401408,0.1342417299747467,measured,,,
gpt2,128,C,fs,80,verify_fold,8,4,,cuda,NVIDIA GeForce RTX 2080 Ti,Intel(R) Xeon(R) Silver 4114 CPU @ 2.20GHz x8 threads,12,124401408,0.0,measured,,,
gpt2,128,C,fs,80,verify_products,8,4,,cuda,NVIDIA GeForce RTX 2080 Ti,Intel(R) Xeon(R) Silver 4114 CPU @ 2.20GHz x8 threads,12,124401408,0.24841615557670593,measured,,,
gpt2,128,C,int,128,bytes_total,8,4,,cuda,NVIDIA GeForce RTX 2080 Ti,Intel(R) Xeon(R) Silver 4114 CPU @ 2.20GHz x8 threads,12,124401408,83700488.0,measured,,,
gpt2,128,C,int,128,fs_hash,8,4,,cuda,NVIDIA GeForce RTX 2080 Ti,Intel(R) Xeon(R) Silver 4114 CPU @ 2.20GHz x8 threads,12,124401408,1.0598450899124146e-06,measured,,,
gpt2,128,C,int,128,prove_fold,8,4,,cuda,NVIDIA GeForce RTX 2080 Ti,Intel(R) Xeon(R) Silver 4114 CPU @ 2.20GHz x8 threads,12,124401408,0.11838878691196442,measured,,,
gpt2,128,C,int,128,prove_forward,8,4,,cuda,NVIDIA GeForce RTX 2080 Ti,Intel(R) Xeon(R) Silver 4114 CPU @ 2.20GHz x8 threads,12,124401408,0.07186269760131836,measured,,,
gpt2,128,C,int,128,prove_open,8,4,,cuda,NVIDIA GeForce RTX 2080 Ti,Intel(R) Xeon(R) Silver 4114 CPU @ 2.20GHz x8 threads,12,124401408,0.19990235567092896,measured,,,
gpt2,128,C,int,128,verify_columns,8,4,,cuda,NVIDIA GeForce RTX 2080 Ti,Intel(R) Xeon(R) Silver 4114 CPU @ 2.20GHz x8 threads,12,124401408,0.6464373730123043,measured,,,
gpt2,128,C,int,128,verify_derive,8,4,,cuda,NVIDIA GeForce RTX 2080 Ti,Intel(R) Xeon(R) Silver 4114 CPU @ 2.20GHz x8 threads,12,124401408,0.1276781801134348,measured,,,
gpt2,128,C,int,128,verify_fold,8,4,,cuda,NVIDIA GeForce RTX 2080 Ti,Intel(R) Xeon(R) Silver 4114 CPU @ 2.20GHz x8 threads,12,124401408,0.0,measured,,,
gpt2,128,C,int,128,verify_products,8,4,,cuda,NVIDIA GeForce RTX 2080 Ti,Intel(R) Xeon(R) Silver 4114 CPU @ 2.20GHz x8 threads,12,124401408,0.23484156094491482,measured,,,
gpt2,128,C,int,40,bytes_total,8,4,,cuda,NVIDIA GeForce RTX 2080 Ti,Intel(R) Xeon(R) Silver 4114 CPU @ 2.20GHz x8 threads,12,124401408,57873084.0,measured,,,
gpt2,128,C,int,40,fs_hash,8,4,,cuda,NVIDIA GeForce RTX 2080 Ti,Intel(R) Xeon(R) Silver 4114 CPU @ 2.20GHz x8 threads,12,124401408,9.424984455108643e-07,measured,,,
gpt2,128,C,int,40,prove_fold,8,4,,cuda,NVIDIA GeForce RTX 2080 Ti,Intel(R) Xeon(R) Silver 4114 CPU @ 2.20GHz x8 threads,12,124401408,0.13498337008059025,measured,,,
gpt2,128,C,int,40,prove_forward,8,4,,cuda,NVIDIA GeForce RTX 2080 Ti,Intel(R) Xeon(R) Silver 4114 CPU @ 2.20GHz x8 threads,12,124401408,0.07004860416054726,measured,,,
gpt2,128,C,int,40,prove_open,8,4,,cuda,NVIDIA GeForce RTX 2080 Ti,Intel(R) Xeon(R) Silver 4114 CPU @ 2.20GHz x8 threads,12,124401408,0.11365935392677784,measured,,,
gpt2,128,C,int,40,verify_columns,8,4,,cuda,NVIDIA GeForce RTX 2080 Ti,Intel(R) Xeon(R) Silver 4114 CPU @ 2.20GHz x8 threads,12,124401408,0.34751155227422714,measured,,,
gpt2,128,C,int,40,verify_derive,8,4,,cuda,NVIDIA GeForce RTX 2080 Ti,Intel(R) Xeon(R) Silver 4114 CPU @ 2.20GHz x8 threads,12,124401408,0.12379305623471737,measured,,,
gpt2,128,C,int,40,verify_fold,8,4,,cuda,NVIDIA GeForce RTX 2080 Ti,Intel(R) Xeon(R) Silver 4114 CPU @ 2.20GHz x8 threads,12,124401408,0.0,measured,,,
gpt2,128,C,int,40,verify_products,8,4,,cuda,NVIDIA GeForce RTX 2080 Ti,Intel(R) Xeon(R) Silver 4114 CPU @ 2.20GHz x8 threads,12,124401408,0.20312956534326077,measured,,,
gpt2,128,C,int,80,bytes_total,8,4,,cuda,NVIDIA GeForce RTX 2080 Ti,Intel(R) Xeon(R) Silver 4114 CPU @ 2.20GHz x8 threads,12,124401408,69432000.0,measured,,,
gpt2,128,C,int,80,fs_hash,8,4,,cuda,NVIDIA GeForce RTX 2080 Ti,Intel(R) Xeon(R) Silver 4114 CPU @ 2.20GHz x8 threads,12,124401408,1.082196831703186e-06,measured,,,
gpt2,128,C,int,80,prove_fold,8,4,,cuda,NVIDIA GeForce RTX 2080 Ti,Intel(R) Xeon(R) Silver 4114 CPU @ 2.20GHz x8 threads,12,124401408,0.13612282276153564,measured,,,
gpt2,128,C,int,80,prove_forward,8,4,,cuda,NVIDIA GeForce RTX 2080 Ti,Intel(R) Xeon(R) Silver 4114 CPU @ 2.20GHz x8 threads,12,124401408,0.07837113179266453,measured,,,
gpt2,128,C,int,80,prove_open,8,4,,cuda,NVIDIA GeForce RTX 2080 Ti,Intel(R) Xeon(R) Silver 4114 CPU @ 2.20GHz x8 threads,12,124401408,0.13839423283934593,measured,,,
gpt2,128,C,int,80,verify_columns,8,4,,cuda,NVIDIA GeForce RTX 2080 Ti,Intel(R) Xeon(R) Silver 4114 CPU @ 2.20GHz x8 threads,12,124401408,0.4740834254771471,measured,,,
gpt2,128,C,int,80,verify_derive,8,4,,cuda,NVIDIA GeForce RTX 2080 Ti,Intel(R) Xeon(R) Silver 4114 CPU @ 2.20GHz x8 threads,12,124401408,0.13007664307951927,measured,,,
gpt2,128,C,int,80,verify_fold,8,4,,cuda,NVIDIA GeForce RTX 2080 Ti,Intel(R) Xeon(R) Silver 4114 CPU @ 2.20GHz x8 threads,12,124401408,0.0,measured,,,
gpt2,128,C,int,80,verify_products,8,4,,cuda,NVIDIA GeForce RTX 2080 Ti,Intel(R) Xeon(R) Silver 4114 CPU @ 2.20GHz x8 threads,12,124401408,0.22660164907574654,measured,,,
gpt2,128,K,int,128,bytes_total,8,4,,cuda,NVIDIA GeForce RTX 2080 Ti,Intel(R) Xeon(R) Silver 4114 CPU @ 2.20GHz x8 threads,12,124401408,43454788.0,measured,,,
gpt2,128,K,int,128,fs_hash,8,4,,cuda,NVIDIA GeForce RTX 2080 Ti,Intel(R) Xeon(R) Silver 4114 CPU @ 2.20GHz x8 threads,12,124401408,9.723007678985596e-07,measured,,,
gpt2,128,K,int,128,prove_fold,8,4,,cuda,NVIDIA GeForce RTX 2080 Ti,Intel(R) Xeon(R) Silver 4114 CPU @ 2.20GHz x8 threads,12,124401408,0.0,measured,,,
gpt2,128,K,int,128,prove_forward,8,4,,cuda,NVIDIA GeForce RTX 2080 Ti,Intel(R) Xeon(R) Silver 4114 CPU @ 2.20GHz x8 threads,12,124401408,0.07129405252635479,measured,,,
gpt2,128,K,int,128,verify_derive,8,4,,cuda,NVIDIA GeForce RTX 2080 Ti,Intel(R) Xeon(R) Silver 4114 CPU @ 2.20GHz x8 threads,12,124401408,0.12304924428462982,measured,,,
gpt2,128,K,int,128,verify_fold,8,4,,cuda,NVIDIA GeForce RTX 2080 Ti,Intel(R) Xeon(R) Silver 4114 CPU @ 2.20GHz x8 threads,12,124401408,1.630203504115343,measured,,,
gpt2,128,K,int,128,verify_products,8,4,,cuda,NVIDIA GeForce RTX 2080 Ti,Intel(R) Xeon(R) Silver 4114 CPU @ 2.20GHz x8 threads,12,124401408,0.2340009082108736,measured,,,
gpt2,128,K,int,40,bytes_total,8,4,,cuda,NVIDIA GeForce RTX 2080 Ti,Intel(R) Xeon(R) Silver 4114 CPU @ 2.20GHz x8 threads,12,124401408,43454788.0,measured,,,
gpt2,128,K,int,40,fs_hash,8,4,,cuda,NVIDIA GeForce RTX 2080 Ti,Intel(R) Xeon(R) Silver 4114 CPU @ 2.20GHz x8 threads,12,124401408,1.0114163160324097e-06,measured,,,
gpt2,128,K,int,40,prove_fold,8,4,,cuda,NVIDIA GeForce RTX 2080 Ti,Intel(R) Xeon(R) Silver 4114 CPU @ 2.20GHz x8 threads,12,124401408,0.0,measured,,,
gpt2,128,K,int,40,prove_forward,8,4,,cuda,NVIDIA GeForce RTX 2080 Ti,Intel(R) Xeon(R) Silver 4114 CPU @ 2.20GHz x8 threads,12,124401408,0.07226718962192535,measured,,,
gpt2,128,K,int,40,verify_derive,8,4,,cuda,NVIDIA GeForce RTX 2080 Ti,Intel(R) Xeon(R) Silver 4114 CPU @ 2.20GHz x8 threads,12,124401408,0.12388718873262405,measured,,,
gpt2,128,K,int,40,verify_fold,8,4,,cuda,NVIDIA GeForce RTX 2080 Ti,Intel(R) Xeon(R) Silver 4114 CPU @ 2.20GHz x8 threads,12,124401408,1.6209471244364977,measured,,,
gpt2,128,K,int,40,verify_products,8,4,,cuda,NVIDIA GeForce RTX 2080 Ti,Intel(R) Xeon(R) Silver 4114 CPU @ 2.20GHz x8 threads,12,124401408,0.20139402337372303,measured,,,
gpt2,128,K,int,80,bytes_total,8,4,,cuda,NVIDIA GeForce RTX 2080 Ti,Intel(R) Xeon(R) Silver 4114 CPU @ 2.20GHz x8 threads,12,124401408,43454788.0,measured,,,
gpt2,128,K,int,80,fs_hash,8,4,,cuda,NVIDIA GeForce RTX 2080 Ti,Intel(R) Xeon(R) Silver 4114 CPU @ 2.20GHz x8 threads,12,124401408,1.12876296043396e-06,measured,,,
gpt2,128,K,int,80,prove_fold,8,4,,cuda,NVIDIA GeForce RTX 2080 Ti,Intel(R) Xeon(R) Silver 4114 CPU @ 2.20GHz x8 threads,12,124401408,0.0,measured,,,
gpt2,128,K,int,80,prove_forward,8,4,,cuda,NVIDIA GeForce RTX 2080 Ti,Intel(R) Xeon(R) Silver 4114 CPU @ 2.20GHz x8 threads,12,124401408,0.07258839160203934,measured,,,
gpt2,128,K,int,80,verify_derive,8,4,,cuda,NVIDIA GeForce RTX 2080 Ti,Intel(R) Xeon(R) Silver 4114 CPU @ 2.20GHz x8 threads,12,124401408,0.12403620406985283,measured,,,
gpt2,128,K,int,80,verify_fold,8,4,,cuda,NVIDIA GeForce RTX 2080 Ti,Intel(R) Xeon(R) Silver 4114 CPU @ 2.20GHz x8 threads,12,124401408,1.6276909094303846,measured,,,
gpt2,128,K,int,80,verify_products,8,4,,cuda,NVIDIA GeForce RTX 2080 Ti,Intel(R) Xeon(R) Silver 4114 CPU @ 2.20GHz x8 threads,12,124401408,0.22257955744862556,measured,,,
gpt2,128,Kpre,int,128,bytes_total,8,4,,cuda,NVIDIA GeForce RTX 2080 Ti,Intel(R) Xeon(R) Silver 4114 CPU @ 2.20GHz x8 threads,12,124401408,43454788.0,measured,,,
gpt2,128,Kpre,int,128,fs_hash,8,4,,cuda,NVIDIA GeForce RTX 2080 Ti,Intel(R) Xeon(R) Silver 4114 CPU @ 2.20GHz x8 threads,12,124401408,9.685754776000977e-07,measured,,,
gpt2,128,Kpre,int,128,prove_fold,8,4,,cuda,NVIDIA GeForce RTX 2080 Ti,Intel(R) Xeon(R) Silver 4114 CPU @ 2.20GHz x8 threads,12,124401408,0.0,measured,,,
gpt2,128,Kpre,int,128,prove_forward,8,4,,cuda,NVIDIA GeForce RTX 2080 Ti,Intel(R) Xeon(R) Silver 4114 CPU @ 2.20GHz x8 threads,12,124401408,0.07189320772886276,measured,,,
gpt2,128,Kpre,int,128,verify_derive,8,4,,cuda,NVIDIA GeForce RTX 2080 Ti,Intel(R) Xeon(R) Silver 4114 CPU @ 2.20GHz x8 threads,12,124401408,0.12179416418075562,measured,,,
gpt2,128,Kpre,int,128,verify_fold,8,4,,cuda,NVIDIA GeForce RTX 2080 Ti,Intel(R) Xeon(R) Silver 4114 CPU @ 2.20GHz x8 threads,12,124401408,0.0,measured,,,
gpt2,128,Kpre,int,128,verify_products,8,4,,cuda,NVIDIA GeForce RTX 2080 Ti,Intel(R) Xeon(R) Silver 4114 CPU @ 2.20GHz x8 threads,12,124401408,0.23152018524706364,measured,,,
gpt2,128,Kpre,int,40,bytes_total,8,4,,cuda,NVIDIA GeForce RTX 2080 Ti,Intel(R) Xeon(R) Silver 4114 CPU @ 2.20GHz x8 threads,12,124401408,43454788.0,measured,,,
gpt2,128,Kpre,int,40,fs_hash,8,4,,cuda,NVIDIA GeForce RTX 2080 Ti,Intel(R) Xeon(R) Silver 4114 CPU @ 2.20GHz x8 threads,12,124401408,8.586794137954712e-07,measured,,,
gpt2,128,Kpre,int,40,prove_fold,8,4,,cuda,NVIDIA GeForce RTX 2080 Ti,Intel(R) Xeon(R) Silver 4114 CPU @ 2.20GHz x8 threads,12,124401408,0.0,measured,,,
gpt2,128,Kpre,int,40,prove_forward,8,4,,cuda,NVIDIA GeForce RTX 2080 Ti,Intel(R) Xeon(R) Silver 4114 CPU @ 2.20GHz x8 threads,12,124401408,0.07167922332882881,measured,,,
gpt2,128,Kpre,int,40,verify_derive,8,4,,cuda,NVIDIA GeForce RTX 2080 Ti,Intel(R) Xeon(R) Silver 4114 CPU @ 2.20GHz x8 threads,12,124401408,0.12106350436806679,measured,,,
gpt2,128,Kpre,int,40,verify_fold,8,4,,cuda,NVIDIA GeForce RTX 2080 Ti,Intel(R) Xeon(R) Silver 4114 CPU @ 2.20GHz x8 threads,12,124401408,0.0,measured,,,
gpt2,128,Kpre,int,40,verify_products,8,4,,cuda,NVIDIA GeForce RTX 2080 Ti,Intel(R) Xeon(R) Silver 4114 CPU @ 2.20GHz x8 threads,12,124401408,0.1985138040035963,measured,,,
gpt2,128,Kpre,int,80,bytes_total,8,4,,cuda,NVIDIA GeForce RTX 2080 Ti,Intel(R) Xeon(R) Silver 4114 CPU @ 2.20GHz x8 threads,12,124401408,43454788.0,measured,,,
gpt2,128,Kpre,int,80,fs_hash,8,4,,cuda,NVIDIA GeForce RTX 2080 Ti,Intel(R) Xeon(R) Silver 4114 CPU @ 2.20GHz x8 threads,12,124401408,1.1213123798370361e-06,measured,,,
gpt2,128,Kpre,int,80,prove_fold,8,4,,cuda,NVIDIA GeForce RTX 2080 Ti,Intel(R) Xeon(R) Silver 4114 CPU @ 2.20GHz x8 threads,12,124401408,0.0,measured,,,
gpt2,128,Kpre,int,80,prove_forward,8,4,,cuda,NVIDIA GeForce RTX 2080 Ti,Intel(R) Xeon(R) Silver 4114 CPU @ 2.20GHz x8 threads,12,124401408,0.07397901825606823,measured,,,
gpt2,128,Kpre,int,80,verify_derive,8,4,,cuda,NVIDIA GeForce RTX 2080 Ti,Intel(R) Xeon(R) Silver 4114 CPU @ 2.20GHz x8 threads,12,124401408,0.1274926643818617,measured,,,
gpt2,128,Kpre,int,80,verify_fold,8,4,,cuda,NVIDIA GeForce RTX 2080 Ti,Intel(R) Xeon(R) Silver 4114 CPU @ 2.20GHz x8 threads,12,124401408,0.0,measured,,,
gpt2,128,Kpre,int,80,verify_products,8,4,,cuda,NVIDIA GeForce RTX 2080 Ti,Intel(R) Xeon(R) Silver 4114 CPU @ 2.20GHz x8 threads,12,124401408,0.22779414057731628,measured,,,
gpt2,256,C,fs,128,bytes_total,8,4,,cuda,NVIDIA GeForce RTX 2080 Ti,Intel(R) Xeon(R) Silver 4114 CPU @ 2.20GHz x8 threads,12,124401408,145569120.0,measured,,,
gpt2,256,C,fs,128,fs_hash,8,4,,cuda,NVIDIA GeForce RTX 2080 Ti,Intel(R) Xeon(R) Silver 4114 CPU @ 2.20GHz x8 threads,12,124401408,0.5543940830975771,measured,,,
gpt2,256,C,fs,128,prove_fold,8,4,,cuda,NVIDIA GeForce RTX 2080 Ti,Intel(R) Xeon(R) Silver 4114 CPU @ 2.20GHz x8 threads,12,124401408,0.14041457697749138,measured,,,
gpt2,256,C,fs,128,prove_forward,8,4,,cuda,NVIDIA GeForce RTX 2080 Ti,Intel(R) Xeon(R) Silver 4114 CPU @ 2.20GHz x8 threads,12,124401408,0.09178191423416138,measured,,,
gpt2,256,C,fs,128,prove_open,8,4,,cuda,NVIDIA GeForce RTX 2080 Ti,Intel(R) Xeon(R) Silver 4114 CPU @ 2.20GHz x8 threads,12,124401408,0.2480662390589714,measured,,,
gpt2,256,C,fs,128,verify_columns,8,4,,cuda,NVIDIA GeForce RTX 2080 Ti,Intel(R) Xeon(R) Silver 4114 CPU @ 2.20GHz x8 threads,12,124401408,0.8787166550755501,measured,,,
gpt2,256,C,fs,128,verify_derive,8,4,,cuda,NVIDIA GeForce RTX 2080 Ti,Intel(R) Xeon(R) Silver 4114 CPU @ 2.20GHz x8 threads,12,124401408,0.21453127264976501,measured,,,
gpt2,256,C,fs,128,verify_fold,8,4,,cuda,NVIDIA GeForce RTX 2080 Ti,Intel(R) Xeon(R) Silver 4114 CPU @ 2.20GHz x8 threads,12,124401408,0.0,measured,,,
gpt2,256,C,fs,128,verify_products,8,4,,cuda,NVIDIA GeForce RTX 2080 Ti,Intel(R) Xeon(R) Silver 4114 CPU @ 2.20GHz x8 threads,12,124401408,0.31963678635656834,measured,,,
gpt2,256,C,fs,40,bytes_total,8,4,,cuda,NVIDIA GeForce RTX 2080 Ti,Intel(R) Xeon(R) Silver 4114 CPU @ 2.20GHz x8 threads,12,124401408,119823492.0,measured,,,
gpt2,256,C,fs,40,fs_hash,8,4,,cuda,NVIDIA GeForce RTX 2080 Ti,Intel(R) Xeon(R) Silver 4114 CPU @ 2.20GHz x8 threads,12,124401408,0.5210132338106632,measured,,,
gpt2,256,C,fs,40,prove_fold,8,4,,cuda,NVIDIA GeForce RTX 2080 Ti,Intel(R) Xeon(R) Silver 4114 CPU @ 2.20GHz x8 threads,12,124401408,0.13711090572178364,measured,,,
gpt2,256,C,fs,40,prove_forward,8,4,,cuda,NVIDIA GeForce RTX 2080 Ti,Intel(R) Xeon(R) Silver 4114 CPU @ 2.20GHz x8 threads,12,124401408,0.09347980469465256,measured,,,
gpt2,256,C,fs,40,prove_open,8,4,,cuda,NVIDIA GeForce RTX 2080 Ti,Intel(R) Xeon(R) Silver 4114 CPU @ 2.20GHz x8 threads,12,124401408,0.133365947753191,measured,,,
gpt2,256,C,fs,40,verify_columns,8,4,,cuda,NVIDIA GeForce RTX 2080 Ti,Intel(R) Xeon(R) Silver 4114 CPU @ 2.20GHz x8 threads,12,124401408,0.5882219653576612,measured,,,
gpt2,256,C,fs,40,verify_derive,8,4,,cuda,NVIDIA GeForce RTX 2080 Ti,Intel(R) Xeon(R) Silver 4114 CPU @ 2.20GHz x8 threads,12,124401408,0.21173662319779396,measured,,,
gpt2,256,C,fs,40,verify_fold,8,4,,cuda,NVIDIA GeForce RTX 2080 Ti,Intel(R) Xeon(R) Silver 4114 CPU @ 2.20GHz x8 threads,12,124401408,0.0,measured,,,
gpt2,256,C,fs,40,verify_products,8,4,,cuda,NVIDIA GeForce RTX 2080 Ti,Intel(R) Xeon(R) Silver 4114 CPU @ 2.20GHz x8 threads,12,124401408,0.2828473299741745,measured,,,
gpt2,256,C,fs,80,bytes_total,8,4,,cuda,NVIDIA GeForce RTX 2080 Ti,Intel(R) Xeon(R) Silver 4114 CPU @ 2.20GHz x8 threads,12,124401408,131341256.0,measured,,,
gpt2,256,C,fs,80,fs_hash,8,4,,cuda,NVIDIA GeForce RTX 2080 Ti,Intel(R) Xeon(R) Silver 4114 CPU @ 2.20GHz x8 threads,12,124401408,0.5286597013473511,measured,,,
gpt2,256,C,fs,80,prove_fold,8,4,,cuda,NVIDIA GeForce RTX 2080 Ti,Intel(R) Xeon(R) Silver 4114 CPU @ 2.20GHz x8 threads,12,124401408,0.11919917352497578,measured,,,
gpt2,256,C,fs,80,prove_forward,8,4,,cuda,NVIDIA GeForce RTX 2080 Ti,Intel(R) Xeon(R) Silver 4114 CPU @ 2.20GHz x8 threads,12,124401408,0.0913469847291708,measured,,,
gpt2,256,C,fs,80,prove_open,8,4,,cuda,NVIDIA GeForce RTX 2080 Ti,Intel(R) Xeon(R) Silver 4114 CPU @ 2.20GHz x8 threads,12,124401408,0.23217063769698143,measured,,,
gpt2,256,C,fs,80,verify_columns,8,4,,cuda,NVIDIA GeForce RTX 2080 Ti,Intel(R) Xeon(R) Silver 4114 CPU @ 2.20GHz x8 threads,12,124401408,0.7039879988878965,measured,,,
gpt2,256,C,fs,80,verify_derive,8,4,,cuda,NVIDIA GeForce RTX 2080 Ti,Intel(R) Xeon(R) Silver 4114 CPU @ 2.20GHz x8 threads,12,124401408,0.21264489367604256,measured,,,
gpt2,256,C,fs,80,verify_fold,8,4,,cuda,NVIDIA GeForce RTX 2080 Ti,Intel(R) Xeon(R) Silver 4114 CPU @ 2.20GHz x8 threads,12,124401408,0.0,measured,,,
gpt2,256,C,fs,80,verify_products,8,4,,cuda,NVIDIA GeForce RTX 2080 Ti,Intel(R) Xeon(R) Silver 4114 CPU @ 2.20GHz x8 threads,12,124401408,0.2933115139603615,measured,,,
gpt2,256,C,int,128,bytes_total,8,4,,cuda,NVIDIA GeForce RTX 2080 Ti,Intel(R) Xeon(R) Silver 4114 CPU @ 2.20GHz x8 threads,12,124401408,126950936.0,measured,,,
gpt2,256,C,int,128,fs_hash,8,4,,cuda,NVIDIA GeForce RTX 2080 Ti,Intel(R) Xeon(R) Silver 4114 CPU @ 2.20GHz x8 threads,12,124401408,9.08970832824707e-07,measured,,,
gpt2,256,C,int,128,prove_fold,8,4,,cuda,NVIDIA GeForce RTX 2080 Ti,Intel(R) Xeon(R) Silver 4114 CPU @ 2.20GHz x8 threads,12,124401408,0.12091124802827835,measured,,,
gpt2,256,C,int,128,prove_forward,8,4,,cuda,NVIDIA GeForce RTX 2080 Ti,Intel(R) Xeon(R) Silver 4114 CPU @ 2.20GHz x8 threads,12,124401408,0.0907147116959095,measured,,,
gpt2,256,C,int,128,prove_open,8,4,,cuda,NVIDIA GeForce RTX 2080 Ti,Intel(R) Xeon(R) Silver 4114 CPU @ 2.20GHz x8 threads,12,124401408,0.18832131288945675,measured,,,
gpt2,256,C,int,128,verify_columns,8,4,,cuda,NVIDIA GeForce RTX 2080 Ti,Intel(R) Xeon(R) Silver 4114 CPU @ 2.20GHz x8 threads,12,124401408,0.6780704353004694,measured,,,
gpt2,256,C,int,128,verify_derive,8,4,,cuda,NVIDIA GeForce RTX 2080 Ti,Intel(R) Xeon(R) Silver 4114 CPU @ 2.20GHz x8 threads,12,124401408,0.21277965605258942,measured,,,
gpt2,256,C,int,128,verify_fold,8,4,,cuda,NVIDIA GeForce RTX 2080 Ti,Intel(R) Xeon(R) Silver 4114 CPU @ 2.20GHz x8 threads,12,124401408,0.0,measured,,,
gpt2,256,C,int,128,verify_products,8,4,,cuda,NVIDIA GeForce RTX 2080 Ti,Intel(R) Xeon(R) Silver 4114 CPU @ 2.20GHz x8 threads,12,124401408,0.30131980776786804,measured,,,
gpt2,256,C,int,40,bytes_total,8,4,,cuda,NVIDIA GeForce RTX 2080 Ti,Intel(R) Xeon(R) Silver 4114 CPU @ 2.20GHz x8 threads,12,124401408,101124636.0,measured,,,
gpt2,256,C,int,40,fs_hash,8,4,,cuda,NVIDIA GeForce RTX 2080 Ti,Intel(R) Xeon(R) Silver 4114 CPU @ 2.20GHz x8 threads,12,124401408,1.1511147022247314e-06,measured,,,
gpt2,256,C,int,40,prove_fold,8,4,,cuda,NVIDIA GeForce RTX 2080 Ti,Intel(R) Xeon(R) Silver 4114 CPU @ 2.20GHz x8 threads,12,124401408,0.13494846411049366,measured,,,
gpt2,256,C,int,40,prove_forward,8,4,,cuda,NVIDIA GeForce RTX 2080 Ti,Intel(R) Xeon(R) Silver 4114 CPU @ 2.20GHz x8 threads,12,124401408,0.09315087273716927,measured,,,
gpt2,256,C,int,40,prove_open,8,4,,cuda,NVIDIA GeForce RTX 2080 Ti,Intel(R) Xeon(R) Silver 4114 CPU @ 2.20GHz x8 threads,12,124401408,0.11450789496302605,measured,,,
gpt2,256,C,int,40,verify_columns,8,4,,cuda,NVIDIA GeForce RTX 2080 Ti,Intel(R) Xeon(R) Silver 4114 CPU @ 2.20GHz x8 threads,12,124401408,0.3468049056828022,measured,,,
gpt2,256,C,int,40,verify_derive,8,4,,cuda,NVIDIA GeForce RTX 2080 Ti,Intel(R) Xeon(R) Silver 4114 CPU @ 2.20GHz x8 threads,12,124401408,0.2033995296806097,measured,,,
gpt2,256,C,int,40,verify_fold,8,4,,cuda,NVIDIA GeForce RTX 2080 Ti,Intel(R) Xeon(R) Silver 4114 CPU @ 2.20GHz x8 threads,12,124401408,0.0,measured,,,
gpt2,256,C,int,40,verify_products,8,4,,cuda,NVIDIA GeForce RTX 2080 Ti,Intel(R) Xeon(R) Silver 4114 CPU @ 2.20GHz x8 threads,12,124401408,0.26276435889303684,measured,,,
gpt2,256,C,int,80,bytes_total,8,4,,cuda,NVIDIA GeForce RTX 2080 Ti,Intel(R) Xeon(R) Silver 4114 CPU @ 2.20GHz x8 threads,12,124401408,112687472.0,measured,,,
gpt2,256,C,int,80,fs_hash,8,4,,cuda,NVIDIA GeForce RTX 2080 Ti,Intel(R) Xeon(R) Silver 4114 CPU @ 2.20GHz x8 threads,12,124401408,1.0076910257339478e-06,measured,,,
gpt2,256,C,int,80,prove_fold,8,4,,cuda,NVIDIA GeForce RTX 2080 Ti,Intel(R) Xeon(R) Silver 4114 CPU @ 2.20GHz x8 threads,12,124401408,0.13641093857586384,measured,,,
gpt2,256,C,int,80,prove_forward,8,4,,cuda,NVIDIA GeForce RTX 2080 Ti,Intel(R) Xeon(R) Silver 4114 CPU @ 2.20GHz x8 threads,12,124401408,0.0906781479716301,measured,,,
gpt2,256,C,int,80,prove_open,8,4,,cuda,NVIDIA GeForce RTX 2080 Ti,Intel(R) Xeon(R) Silver 4114 CPU @ 2.20GHz x8 threads,12,124401408,0.12717496789991856,measured,,,
gpt2,256,C,int,80,verify_columns,8,4,,cuda,NVIDIA GeForce RTX 2080 Ti,Intel(R) Xeon(R) Silver 4114 CPU @ 2.20GHz x8 threads,12,124401408,0.49121807143092155,measured,,,
gpt2,256,C,int,80,verify_derive,8,4,,cuda,NVIDIA GeForce RTX 2080 Ti,Intel(R) Xeon(R) Silver 4114 CPU @ 2.20GHz x8 threads,12,124401408,0.21173216588795185,measured,,,
gpt2,256,C,int,80,verify_fold,8,4,,cuda,NVIDIA GeForce RTX 2080 Ti,Intel(R) Xeon(R) Silver 4114 CPU @ 2.20GHz x8 threads,12,124401408,0.0,measured,,,
gpt2,256,C,int,80,verify_products,8,4,,cuda,NVIDIA GeForce RTX 2080 Ti,Intel(R) Xeon(R) Silver 4114 CPU @ 2.20GHz x8 threads,12,124401408,0.27550861425697803,measured,,,
gpt2,256,K,int,128,bytes_total,8,4,,cuda,NVIDIA GeForce RTX 2080 Ti,Intel(R) Xeon(R) Silver 4114 CPU @ 2.20GHz x8 threads,12,124401408,86708548.0,measured,,,
gpt2,256,K,int,128,fs_hash,8,4,,cuda,NVIDIA GeForce RTX 2080 Ti,Intel(R) Xeon(R) Silver 4114 CPU @ 2.20GHz x8 threads,12,124401408,9.201467037200928e-07,measured,,,
gpt2,256,K,int,128,prove_fold,8,4,,cuda,NVIDIA GeForce RTX 2080 Ti,Intel(R) Xeon(R) Silver 4114 CPU @ 2.20GHz x8 threads,12,124401408,0.0,measured,,,
gpt2,256,K,int,128,prove_forward,8,4,,cuda,NVIDIA GeForce RTX 2080 Ti,Intel(R) Xeon(R) Silver 4114 CPU @ 2.20GHz x8 threads,12,124401408,0.09171641059219837,measured,,,
gpt2,256,K,int,128,verify_derive,8,4,,cuda,NVIDIA GeForce RTX 2080 Ti,Intel(R) Xeon(R) Silver 4114 CPU @ 2.20GHz x8 threads,12,124401408,0.21684176474809647,measured,,,
gpt2,256,K,int,128,verify_fold,8,4,,cuda,NVIDIA GeForce RTX 2080 Ti,Intel(R) Xeon(R) Silver 4114 CPU @ 2.20GHz x8 threads,12,124401408,1.6598891448229551,measured,,,
gpt2,256,K,int,128,verify_products,8,4,,cuda,NVIDIA GeForce RTX 2080 Ti,Intel(R) Xeon(R) Silver 4114 CPU @ 2.20GHz x8 threads,12,124401408,0.29672078415751457,measured,,,
gpt2,256,K,int,40,bytes_total,8,4,,cuda,NVIDIA GeForce RTX 2080 Ti,Intel(R) Xeon(R) Silver 4114 CPU @ 2.20GHz x8 threads,12,124401408,86708548.0,measured,,,
gpt2,256,K,int,40,fs_hash,8,4,,cuda,NVIDIA GeForce RTX 2080 Ti,Intel(R) Xeon(R) Silver 4114 CPU @ 2.20GHz x8 threads,12,124401408,9.890645742416382e-07,measured,,,
gpt2,256,K,int,40,prove_fold,8,4,,cuda,NVIDIA GeForce RTX 2080 Ti,Intel(R) Xeon(R) Silver 4114 CPU @ 2.20GHz x8 threads,12,124401408,0.0,measured,,,
gpt2,256,K,int,40,prove_forward,8,4,,cuda,NVIDIA GeForce RTX 2080 Ti,Intel(R) Xeon(R) Silver 4114 CPU @ 2.20GHz x8 threads,12,124401408,0.0935094878077507,measured,,,
gpt2,256,K,int,40,verify_derive,8,4,,cuda,NVIDIA GeForce RTX 2080 Ti,Intel(R) Xeon(R) Silver 4114 CPU @ 2.20GHz x8 threads,12,124401408,0.2107184138149023,measured,,,
gpt2,256,K,int,40,verify_fold,8,4,,cuda,NVIDIA GeForce RTX 2080 Ti,Intel(R) Xeon(R) Silver 4114 CPU @ 2.20GHz x8 threads,12,124401408,1.645016947761178,measured,,,
gpt2,256,K,int,40,verify_products,8,4,,cuda,NVIDIA GeForce RTX 2080 Ti,Intel(R) Xeon(R) Silver 4114 CPU @ 2.20GHz x8 threads,12,124401408,0.262328552082181,measured,,,
gpt2,256,K,int,80,bytes_total,8,4,,cuda,NVIDIA GeForce RTX 2080 Ti,Intel(R) Xeon(R) Silver 4114 CPU @ 2.20GHz x8 threads,12,124401408,86708548.0,measured,,,
gpt2,256,K,int,80,fs_hash,8,4,,cuda,NVIDIA GeForce RTX 2080 Ti,Intel(R) Xeon(R) Silver 4114 CPU @ 2.20GHz x8 threads,12,124401408,1.1213123798370361e-06,measured,,,
gpt2,256,K,int,80,prove_fold,8,4,,cuda,NVIDIA GeForce RTX 2080 Ti,Intel(R) Xeon(R) Silver 4114 CPU @ 2.20GHz x8 threads,12,124401408,0.0,measured,,,
gpt2,256,K,int,80,prove_forward,8,4,,cuda,NVIDIA GeForce RTX 2080 Ti,Intel(R) Xeon(R) Silver 4114 CPU @ 2.20GHz x8 threads,12,124401408,0.09472529776394367,measured,,,
gpt2,256,K,int,80,verify_derive,8,4,,cuda,NVIDIA GeForce RTX 2080 Ti,Intel(R) Xeon(R) Silver 4114 CPU @ 2.20GHz x8 threads,12,124401408,0.20959126763045788,measured,,,
gpt2,256,K,int,80,verify_fold,8,4,,cuda,NVIDIA GeForce RTX 2080 Ti,Intel(R) Xeon(R) Silver 4114 CPU @ 2.20GHz x8 threads,12,124401408,1.6667633522301912,measured,,,
gpt2,256,K,int,80,verify_products,8,4,,cuda,NVIDIA GeForce RTX 2080 Ti,Intel(R) Xeon(R) Silver 4114 CPU @ 2.20GHz x8 threads,12,124401408,0.27468727342784405,measured,,,
gpt2,256,Kpre,int,128,bytes_total,8,4,,cuda,NVIDIA GeForce RTX 2080 Ti,Intel(R) Xeon(R) Silver 4114 CPU @ 2.20GHz x8 threads,12,124401408,86708548.0,measured,,,
gpt2,256,Kpre,int,128,fs_hash,8,4,,cuda,NVIDIA GeForce RTX 2080 Ti,Intel(R) Xeon(R) Silver 4114 CPU @ 2.20GHz x8 threads,12,124401408,1.2367963790893555e-06,measured,,,
gpt2,256,Kpre,int,128,prove_fold,8,4,,cuda,NVIDIA GeForce RTX 2080 Ti,Intel(R) Xeon(R) Silver 4114 CPU @ 2.20GHz x8 threads,12,124401408,0.0,measured,,,
gpt2,256,Kpre,int,128,prove_forward,8,4,,cuda,NVIDIA GeForce RTX 2080 Ti,Intel(R) Xeon(R) Silver 4114 CPU @ 2.20GHz x8 threads,12,124401408,0.09390323609113693,measured,,,
gpt2,256,Kpre,int,128,verify_derive,8,4,,cuda,NVIDIA GeForce RTX 2080 Ti,Intel(R) Xeon(R) Silver 4114 CPU @ 2.20GHz x8 threads,12,124401408,0.21871845796704292,measured,,,
gpt2,256,Kpre,int,128,verify_fold,8,4,,cuda,NVIDIA GeForce RTX 2080 Ti,Intel(R) Xeon(R) Silver 4114 CPU @ 2.20GHz x8 threads,12,124401408,0.0,measured,,,
gpt2,256,Kpre,int,128,verify_products,8,4,,cuda,NVIDIA GeForce RTX 2080 Ti,Intel(R) Xeon(R) Silver 4114 CPU @ 2.20GHz x8 threads,12,124401408,0.3004001807421446,measured,,,
gpt2,256,Kpre,int,40,bytes_total,8,4,,cuda,NVIDIA GeForce RTX 2080 Ti,Intel(R) Xeon(R) Silver 4114 CPU @ 2.20GHz x8 threads,12,124401408,86708548.0,measured,,,
gpt2,256,Kpre,int,40,fs_hash,8,4,,cuda,NVIDIA GeForce RTX 2080 Ti,Intel(R) Xeon(R) Silver 4114 CPU @ 2.20GHz x8 threads,12,124401408,1.041218638420105e-06,measured,,,
gpt2,256,Kpre,int,40,prove_fold,8,4,,cuda,NVIDIA GeForce RTX 2080 Ti,Intel(R) Xeon(R) Silver 4114 CPU @ 2.20GHz x8 threads,12,124401408,0.0,measured,,,
gpt2,256,Kpre,int,40,prove_forward,8,4,,cuda,NVIDIA GeForce RTX 2080 Ti,Intel(R) Xeon(R) Silver 4114 CPU @ 2.20GHz x8 threads,12,124401408,0.09311104193329811,measured,,,
gpt2,256,Kpre,int,40,verify_derive,8,4,,cuda,NVIDIA GeForce RTX 2080 Ti,Intel(R) Xeon(R) Silver 4114 CPU @ 2.20GHz x8 threads,12,124401408,0.20886890217661858,measured,,,
gpt2,256,Kpre,int,40,verify_fold,8,4,,cuda,NVIDIA GeForce RTX 2080 Ti,Intel(R) Xeon(R) Silver 4114 CPU @ 2.20GHz x8 threads,12,124401408,0.0,measured,,,
gpt2,256,Kpre,int,40,verify_products,8,4,,cuda,NVIDIA GeForce RTX 2080 Ti,Intel(R) Xeon(R) Silver 4114 CPU @ 2.20GHz x8 threads,12,124401408,0.25804769434034824,measured,,,
gpt2,256,Kpre,int,80,bytes_total,8,4,,cuda,NVIDIA GeForce RTX 2080 Ti,Intel(R) Xeon(R) Silver 4114 CPU @ 2.20GHz x8 threads,12,124401408,86708548.0,measured,,,
gpt2,256,Kpre,int,80,fs_hash,8,4,,cuda,NVIDIA GeForce RTX 2080 Ti,Intel(R) Xeon(R) Silver 4114 CPU @ 2.20GHz x8 threads,12,124401408,8.847564458847046e-07,measured,,,
gpt2,256,Kpre,int,80,prove_fold,8,4,,cuda,NVIDIA GeForce RTX 2080 Ti,Intel(R) Xeon(R) Silver 4114 CPU @ 2.20GHz x8 threads,12,124401408,0.0,measured,,,
gpt2,256,Kpre,int,80,prove_forward,8,4,,cuda,NVIDIA GeForce RTX 2080 Ti,Intel(R) Xeon(R) Silver 4114 CPU @ 2.20GHz x8 threads,12,124401408,0.09177355654537678,measured,,,
gpt2,256,Kpre,int,80,verify_derive,8,4,,cuda,NVIDIA GeForce RTX 2080 Ti,Intel(R) Xeon(R) Silver 4114 CPU @ 2.20GHz x8 threads,12,124401408,0.20673993788659573,measured,,,
gpt2,256,Kpre,int,80,verify_fold,8,4,,cuda,NVIDIA GeForce RTX 2080 Ti,Intel(R) Xeon(R) Silver 4114 CPU @ 2.20GHz x8 threads,12,124401408,0.0,measured,,,
gpt2,256,Kpre,int,80,verify_products,8,4,,cuda,NVIDIA GeForce RTX 2080 Ti,Intel(R) Xeon(R) Silver 4114 CPU @ 2.20GHz x8 threads,12,124401408,0.2652634847909212,measured,,,
gpt2,512,C,fs,128,bytes_total,8,4,,cuda,NVIDIA GeForce RTX 2080 Ti,Intel(R) Xeon(R) Silver 4114 CPU @ 2.20GHz x8 threads,12,124401408,232076272.0,measured,,,
gpt2,512,C,fs,128,fs_hash,8,4,,cuda,NVIDIA GeForce RTX 2080 Ti,Intel(R) Xeon(R) Silver 4114 CPU @ 2.20GHz x8 threads,12,124401408,1.0991691369563341,measured,,,
gpt2,512,C,fs,128,prove_fold,8,4,,cuda,NVIDIA GeForce RTX 2080 Ti,Intel(R) Xeon(R) Silver 4114 CPU @ 2.20GHz x8 threads,12,124401408,0.1398431435227394,measured,,,
gpt2,512,C,fs,128,prove_forward,8,4,,cuda,NVIDIA GeForce RTX 2080 Ti,Intel(R) Xeon(R) Silver 4114 CPU @ 2.20GHz x8 threads,12,124401408,0.13695502653717995,measured,,,
gpt2,512,C,fs,128,prove_open,8,4,,cuda,NVIDIA GeForce RTX 2080 Ti,Intel(R) Xeon(R) Silver 4114 CPU @ 2.20GHz x8 threads,12,124401408,0.22078071162104607,measured,,,
gpt2,512,C,fs,128,verify_columns,8,4,,cuda,NVIDIA GeForce RTX 2080 Ti,Intel(R) Xeon(R) Silver 4114 CPU @ 2.20GHz x8 threads,12,124401408,0.8740635942667723,measured,,,
gpt2,512,C,fs,128,verify_derive,8,4,,cuda,NVIDIA GeForce RTX 2080 Ti,Intel(R) Xeon(R) Silver 4114 CPU @ 2.20GHz x8 threads,12,124401408,0.7286533955484629,measured,,,
gpt2,512,C,fs,128,verify_fold,8,4,,cuda,NVIDIA GeForce RTX 2080 Ti,Intel(R) Xeon(R) Silver 4114 CPU @ 2.20GHz x8 threads,12,124401408,0.0,measured,,,
gpt2,512,C,fs,128,verify_products,8,4,,cuda,NVIDIA GeForce RTX 2080 Ti,Intel(R) Xeon(R) Silver 4114 CPU @ 2.20GHz x8 threads,12,124401408,0.4664893262088299,measured,,,
gpt2,512,C,fs,40,bytes_total,8,4,,cuda,NVIDIA GeForce RTX 2080 Ti,Intel(R) Xeon(R) Silver 4114 CPU @ 2.20GHz x8 threads,12,124401408,206333860.0,measured,,,
gpt2,512,C,fs,40,fs_hash,8,4,,cuda,NVIDIA GeForce RTX 2080 Ti,Intel(R) Xeon(R) Silver 4114 CPU @ 2.20GHz x8 threads,12,124401408,1.083862066268921,measured,,,
gpt2,512,C,fs,40,prove_fold,8,4,,cuda,NVIDIA GeForce RTX 2080 Ti,Intel(R) Xeon(R) Silver 4114 CPU @ 2.20GHz x8 threads,12,124401408,0.13814764097332954,measured,,,
gpt2,512,C,fs,40,prove_forward,8,4,,cuda,NVIDIA GeForce RTX 2080 Ti,Intel(R) Xeon(R) Silver 4114 CPU @ 2.20GHz x8 threads,12,124401408,0.1361911278218031,measured,,,
gpt2,512,C,fs,40,prove_open,8,4,,cuda,NVIDIA GeForce RTX 2080 Ti,Intel(R) Xeon(R) Silver 4114 CPU @ 2.20GHz x8 threads,12,124401408,0.131461625918746,measured,,,
gpt2,512,C,fs,40,verify_columns,8,4,,cuda,NVIDIA GeForce RTX 2080 Ti,Intel(R) Xeon(R) Silver 4114 CPU @ 2.20GHz x8 threads,12,124401408,0.6064265221357346,measured,,,
gpt2,512,C,fs,40,verify_derive,8,4,,cuda,NVIDIA GeForce RTX 2080 Ti,Intel(R) Xeon(R) Silver 4114 CPU @ 2.20GHz x8 threads,12,124401408,0.7418021596968174,measured,,,
gpt2,512,C,fs,40,verify_fold,8,4,,cuda,NVIDIA GeForce RTX 2080 Ti,Intel(R) Xeon(R) Silver 4114 CPU @ 2.20GHz x8 threads,12,124401408,0.0,measured,,,
gpt2,512,C,fs,40,verify_products,8,4,,cuda,NVIDIA GeForce RTX 2080 Ti,Intel(R) Xeon(R) Silver 4114 CPU @ 2.20GHz x8 threads,12,124401408,0.41703470423817635,measured,,,
gpt2,512,C,fs,80,bytes_total,8,4,,cuda,NVIDIA GeForce RTX 2080 Ti,Intel(R) Xeon(R) Silver 4114 CPU @ 2.20GHz x8 threads,12,124401408,217849064.0,measured,,,
gpt2,512,C,fs,80,fs_hash,8,4,,cuda,NVIDIA GeForce RTX 2080 Ti,Intel(R) Xeon(R) Silver 4114 CPU @ 2.20GHz x8 threads,12,124401408,1.034226292744279,measured,,,
gpt2,512,C,fs,80,prove_fold,8,4,,cuda,NVIDIA GeForce RTX 2080 Ti,Intel(R) Xeon(R) Silver 4114 CPU @ 2.20GHz x8 threads,12,124401408,0.13844035752117634,measured,,,
gpt2,512,C,fs,80,prove_forward,8,4,,cuda,NVIDIA GeForce RTX 2080 Ti,Intel(R) Xeon(R) Silver 4114 CPU @ 2.20GHz x8 threads,12,124401408,0.13493642024695873,measured,,,
gpt2,512,C,fs,80,prove_open,8,4,,cuda,NVIDIA GeForce RTX 2080 Ti,Intel(R) Xeon(R) Silver 4114 CPU @ 2.20GHz x8 threads,12,124401408,0.2100513819605112,measured,,,
gpt2,512,C,fs,80,verify_columns,8,4,,cuda,NVIDIA GeForce RTX 2080 Ti,Intel(R) Xeon(R) Silver 4114 CPU @ 2.20GHz x8 threads,12,124401408,0.7135591991245747,measured,,,
gpt2,512,C,fs,80,verify_derive,8,4,,cuda,NVIDIA GeForce RTX 2080 Ti,Intel(R) Xeon(R) Silver 4114 CPU @ 2.20GHz x8 threads,12,124401408,0.7612450066953897,measured,,,
gpt2,512,C,fs,80,verify_fold,8,4,,cuda,NVIDIA GeForce RTX 2080 Ti,Intel(R) Xeon(R) Silver 4114 CPU @ 2.20GHz x8 threads,12,124401408,0.0,measured,,,
gpt2,512,C,fs,80,verify_products,8,4,,cuda,NVIDIA GeForce RTX 2080 Ti,Intel(R) Xeon(R) Silver 4114 CPU @ 2.20GHz x8 threads,12,124401408,0.42880143225193024,measured,,,
gpt2,512,C,int,128,bytes_total,8,4,,cuda,NVIDIA GeForce RTX 2080 Ti,Intel(R) Xeon(R) Silver 4114 CPU @ 2.20GHz x8 threads,12,124401408,213459992.0,measured,,,
gpt2,512,C,int,128,bytes_total,8,4,_nolean,cuda,NVIDIA GeForce RTX 2080 Ti,Intel(R) Xeon(R) Silver 4114 CPU @ 2.20GHz x8 threads,12,124401408,213460680.0,measured,,,
gpt2,512,C,int,128,fs_hash,8,4,,cuda,NVIDIA GeForce RTX 2080 Ti,Intel(R) Xeon(R) Silver 4114 CPU @ 2.20GHz x8 threads,12,124401408,1.123175024986267e-06,measured,,,
gpt2,512,C,int,128,fs_hash,8,4,_nolean,cuda,NVIDIA GeForce RTX 2080 Ti,Intel(R) Xeon(R) Silver 4114 CPU @ 2.20GHz x8 threads,12,124401408,1.3355165719985962e-06,measured,,,
gpt2,512,C,int,128,prove_fold,8,4,,cuda,NVIDIA GeForce RTX 2080 Ti,Intel(R) Xeon(R) Silver 4114 CPU @ 2.20GHz x8 threads,12,124401408,0.12181627564132214,measured,,,
gpt2,512,C,int,128,prove_fold,8,4,_nolean,cuda,NVIDIA GeForce RTX 2080 Ti,Intel(R) Xeon(R) Silver 4114 CPU @ 2.20GHz x8 threads,12,124401408,0.12315783649682999,measured,,,
gpt2,512,C,int,128,prove_forward,8,4,,cuda,NVIDIA GeForce RTX 2080 Ti,Intel(R) Xeon(R) Silver 4114 CPU @ 2.20GHz x8 threads,12,124401408,0.13662526942789555,measured,,,
gpt2,512,C,int,128,prove_forward,8,4,_nolean,cuda,NVIDIA GeForce RTX 2080 Ti,Intel(R) Xeon(R) Silver 4114 CPU @ 2.20GHz x8 threads,12,124401408,0.1491604745388031,measured,,,
gpt2,512,C,int,128,prove_open,8,4,,cuda,NVIDIA GeForce RTX 2080 Ti,Intel(R) Xeon(R) Silver 4114 CPU @ 2.20GHz x8 threads,12,124401408,0.19243825040757656,measured,,,
gpt2,512,C,int,128,prove_open,8,4,_nolean,cuda,NVIDIA GeForce RTX 2080 Ti,Intel(R) Xeon(R) Silver 4114 CPU @ 2.20GHz x8 threads,12,124401408,0.2151596713811159,measured,,,
gpt2,512,C,int,128,verify_columns,8,4,,cuda,NVIDIA GeForce RTX 2080 Ti,Intel(R) Xeon(R) Silver 4114 CPU @ 2.20GHz x8 threads,12,124401408,0.6516120005398989,measured,,,
gpt2,512,C,int,128,verify_columns,8,4,_nolean,cuda,NVIDIA GeForce RTX 2080 Ti,Intel(R) Xeon(R) Silver 4114 CPU @ 2.20GHz x8 threads,12,124401408,0.6879377961158752,measured,,,
gpt2,512,C,int,128,verify_derive,8,4,,cuda,NVIDIA GeForce RTX 2080 Ti,Intel(R) Xeon(R) Silver 4114 CPU @ 2.20GHz x8 threads,12,124401408,0.6665717028081417,measured,,,
gpt2,512,C,int,128,verify_derive,8,4,_nolean,cuda,NVIDIA GeForce RTX 2080 Ti,Intel(R) Xeon(R) Silver 4114 CPU @ 2.20GHz x8 threads,12,124401408,0.6977686416357756,measured,,,
gpt2,512,C,int,128,verify_fold,8,4,,cuda,NVIDIA GeForce RTX 2080 Ti,Intel(R) Xeon(R) Silver 4114 CPU @ 2.20GHz x8 threads,12,124401408,0.0,measured,,,
gpt2,512,C,int,128,verify_fold,8,4,_nolean,cuda,NVIDIA GeForce RTX 2080 Ti,Intel(R) Xeon(R) Silver 4114 CPU @ 2.20GHz x8 threads,12,124401408,0.0,measured,,,
gpt2,512,C,int,128,verify_products,8,4,,cuda,NVIDIA GeForce RTX 2080 Ti,Intel(R) Xeon(R) Silver 4114 CPU @ 2.20GHz x8 threads,12,124401408,0.4227304942905903,measured,,,
gpt2,512,C,int,128,verify_products,8,4,_nolean,cuda,NVIDIA GeForce RTX 2080 Ti,Intel(R) Xeon(R) Silver 4114 CPU @ 2.20GHz x8 threads,12,124401408,0.46121909469366074,measured,,,
gpt2,512,C,int,40,bytes_total,8,4,,cuda,NVIDIA GeForce RTX 2080 Ti,Intel(R) Xeon(R) Silver 4114 CPU @ 2.20GHz x8 threads,12,124401408,187633164.0,measured,,,
gpt2,512,C,int,40,fs_hash,8,4,,cuda,NVIDIA GeForce RTX 2080 Ti,Intel(R) Xeon(R) Silver 4114 CPU @ 2.20GHz x8 threads,12,124401408,1.123175024986267e-06,measured,,,
gpt2,512,C,int,40,prove_fold,8,4,,cuda,NVIDIA GeForce RTX 2080 Ti,Intel(R) Xeon(R) Silver 4114 CPU @ 2.20GHz x8 threads,12,124401408,0.13568050228059292,measured,,,
gpt2,512,C,int,40,prove_forward,8,4,,cuda,NVIDIA GeForce RTX 2080 Ti,Intel(R) Xeon(R) Silver 4114 CPU @ 2.20GHz x8 threads,12,124401408,0.1423594243824482,measured,,,
gpt2,512,C,int,40,prove_open,8,4,,cuda,NVIDIA GeForce RTX 2080 Ti,Intel(R) Xeon(R) Silver 4114 CPU @ 2.20GHz x8 threads,12,124401408,0.11613796651363373,measured,,,
gpt2,512,C,int,40,verify_columns,8,4,,cuda,NVIDIA GeForce RTX 2080 Ti,Intel(R) Xeon(R) Silver 4114 CPU @ 2.20GHz x8 threads,12,124401408,0.3579357210546732,measured,,,
gpt2,512,C,int,40,verify_derive,8,4,,cuda,NVIDIA GeForce RTX 2080 Ti,Intel(R) Xeon(R) Silver 4114 CPU @ 2.20GHz x8 threads,12,124401408,0.8808644693344831,measured,,,
gpt2,512,C,int,40,verify_fold,8,4,,cuda,NVIDIA GeForce RTX 2080 Ti,Intel(R) Xeon(R) Silver 4114 CPU @ 2.20GHz x8 threads,12,124401408,0.0,measured,,,
gpt2,512,C,int,40,verify_products,8,4,,cuda,NVIDIA GeForce RTX 2080 Ti,Intel(R) Xeon(R) Silver 4114 CPU @ 2.20GHz x8 threads,12,124401408,0.38956393674016,measured,,,
gpt2,512,C,int,80,bytes_total,8,4,,cuda,NVIDIA GeForce RTX 2080 Ti,Intel(R) Xeon(R) Silver 4114 CPU @ 2.20GHz x8 threads,12,124401408,199193760.0,measured,,,
gpt2,512,C,int,80,fs_hash,8,4,,cuda,NVIDIA GeForce RTX 2080 Ti,Intel(R) Xeon(R) Silver 4114 CPU @ 2.20GHz x8 threads,12,124401408,9.350478649139404e-07,measured,,,
gpt2,512,C,int,80,prove_fold,8,4,,cuda,NVIDIA GeForce RTX 2080 Ti,Intel(R) Xeon(R) Silver 4114 CPU @ 2.20GHz x8 threads,12,124401408,0.1341894380748272,measured,,,
gpt2,512,C,int,80,prove_forward,8,4,,cuda,NVIDIA GeForce RTX 2080 Ti,Intel(R) Xeon(R) Silver 4114 CPU @ 2.20GHz x8 threads,12,124401408,0.1696912981569767,measured,,,
gpt2,512,C,int,80,prove_open,8,4,,cuda,NVIDIA GeForce RTX 2080 Ti,Intel(R) Xeon(R) Silver 4114 CPU @ 2.20GHz x8 threads,12,124401408,0.12510194070637226,measured,,,
gpt2,512,C,int,80,verify_columns,8,4,,cuda,NVIDIA GeForce RTX 2080 Ti,Intel(R) Xeon(R) Silver 4114 CPU @ 2.20GHz x8 threads,12,124401408,0.5088903158903122,measured,,,
gpt2,512,C,int,80,verify_derive,8,4,,cuda,NVIDIA GeForce RTX 2080 Ti,Intel(R) Xeon(R) Silver 4114 CPU @ 2.20GHz x8 threads,12,124401408,0.8873077426105738,measured,,,
gpt2,512,C,int,80,verify_fold,8,4,,cuda,NVIDIA GeForce RTX 2080 Ti,Intel(R) Xeon(R) Silver 4114 CPU @ 2.20GHz x8 threads,12,124401408,0.0,measured,,,
gpt2,512,C,int,80,verify_products,8,4,,cuda,NVIDIA GeForce RTX 2080 Ti,Intel(R) Xeon(R) Silver 4114 CPU @ 2.20GHz x8 threads,12,124401408,0.3950526863336563,measured,,,
gpt2,512,K,int,128,bytes_total,8,4,,cuda,NVIDIA GeForce RTX 2080 Ti,Intel(R) Xeon(R) Silver 4114 CPU @ 2.20GHz x8 threads,12,124401408,173216068.0,measured,,,
gpt2,512,K,int,128,fs_hash,8,4,,cuda,NVIDIA GeForce RTX 2080 Ti,Intel(R) Xeon(R) Silver 4114 CPU @ 2.20GHz x8 threads,12,124401408,9.816139936447144e-07,measured,,,
gpt2,512,K,int,128,prove_fold,8,4,,cuda,NVIDIA GeForce RTX 2080 Ti,Intel(R) Xeon(R) Silver 4114 CPU @ 2.20GHz x8 threads,12,124401408,0.0,measured,,,
gpt2,512,K,int,128,prove_forward,8,4,,cuda,NVIDIA GeForce RTX 2080 Ti,Intel(R) Xeon(R) Silver 4114 CPU @ 2.20GHz x8 threads,12,124401408,0.13648959062993526,measured,,,
gpt2,512,K,int,128,verify_derive,8,4,,cuda,NVIDIA GeForce RTX 2080 Ti,Intel(R) Xeon(R) Silver 4114 CPU @ 2.20GHz x8 threads,12,124401408,0.7451902385801077,measured,,,
gpt2,512,K,int,128,verify_fold,8,4,,cuda,NVIDIA GeForce RTX 2080 Ti,Intel(R) Xeon(R) Silver 4114 CPU @ 2.20GHz x8 threads,12,124401408,1.6753877513110638,measured,,,
gpt2,512,K,int,128,verify_products,8,4,,cuda,NVIDIA GeForce RTX 2080 Ti,Intel(R) Xeon(R) Silver 4114 CPU @ 2.20GHz x8 threads,12,124401408,0.4223005287349224,measured,,,
gpt2,512,K,int,40,bytes_total,8,4,,cuda,NVIDIA GeForce RTX 2080 Ti,Intel(R) Xeon(R) Silver 4114 CPU @ 2.20GHz x8 threads,12,124401408,173216068.0,measured,,,
gpt2,512,K,int,40,fs_hash,8,4,,cuda,NVIDIA GeForce RTX 2080 Ti,Intel(R) Xeon(R) Silver 4114 CPU @ 2.20GHz x8 threads,12,124401408,1.2926757335662842e-06,measured,,,
gpt2,512,K,int,40,prove_fold,8,4,,cuda,NVIDIA GeForce RTX 2080 Ti,Intel(R) Xeon(R) Silver 4114 CPU @ 2.20GHz x8 threads,12,124401408,0.0,measured,,,
gpt2,512,K,int,40,prove_forward,8,4,,cuda,NVIDIA GeForce RTX 2080 Ti,Intel(R) Xeon(R) Silver 4114 CPU @ 2.20GHz x8 threads,12,124401408,0.13543789647519588,measured,,,
gpt2,512,K,int,40,verify_derive,8,4,,cuda,NVIDIA GeForce RTX 2080 Ti,Intel(R) Xeon(R) Silver 4114 CPU @ 2.20GHz x8 threads,12,124401408,0.8370087444782257,measured,,,
gpt2,512,K,int,40,verify_fold,8,4,,cuda,NVIDIA GeForce RTX 2080 Ti,Intel(R) Xeon(R) Silver 4114 CPU @ 2.20GHz x8 threads,12,124401408,1.6679566595703363,measured,,,
gpt2,512,K,int,40,verify_products,8,4,,cuda,NVIDIA GeForce RTX 2080 Ti,Intel(R) Xeon(R) Silver 4114 CPU @ 2.20GHz x8 threads,12,124401408,0.38476904667913914,measured,,,
gpt2,512,K,int,80,bytes_total,8,4,,cuda,NVIDIA GeForce RTX 2080 Ti,Intel(R) Xeon(R) Silver 4114 CPU @ 2.20GHz x8 threads,12,124401408,173216068.0,measured,,,
gpt2,512,K,int,80,fs_hash,8,4,,cuda,NVIDIA GeForce RTX 2080 Ti,Intel(R) Xeon(R) Silver 4114 CPU @ 2.20GHz x8 threads,12,124401408,9.220093488693237e-07,measured,,,
gpt2,512,K,int,80,prove_fold,8,4,,cuda,NVIDIA GeForce RTX 2080 Ti,Intel(R) Xeon(R) Silver 4114 CPU @ 2.20GHz x8 threads,12,124401408,0.0,measured,,,
gpt2,512,K,int,80,prove_forward,8,4,,cuda,NVIDIA GeForce RTX 2080 Ti,Intel(R) Xeon(R) Silver 4114 CPU @ 2.20GHz x8 threads,12,124401408,0.16536483727395535,measured,,,
gpt2,512,K,int,80,verify_derive,8,4,,cuda,NVIDIA GeForce RTX 2080 Ti,Intel(R) Xeon(R) Silver 4114 CPU @ 2.20GHz x8 threads,12,124401408,0.8909796979278326,measured,,,
gpt2,512,K,int,80,verify_fold,8,4,,cuda,NVIDIA GeForce RTX 2080 Ti,Intel(R) Xeon(R) Silver 4114 CPU @ 2.20GHz x8 threads,12,124401408,1.6622454803436995,measured,,,
gpt2,512,K,int,80,verify_products,8,4,,cuda,NVIDIA GeForce RTX 2080 Ti,Intel(R) Xeon(R) Silver 4114 CPU @ 2.20GHz x8 threads,12,124401408,0.3918547071516514,measured,,,
gpt2,512,Kpre,int,128,bytes_total,8,4,,cuda,NVIDIA GeForce RTX 2080 Ti,Intel(R) Xeon(R) Silver 4114 CPU @ 2.20GHz x8 threads,12,124401408,173216068.0,measured,,,
gpt2,512,Kpre,int,128,bytes_total,8,4,_nolean,cuda,NVIDIA GeForce RTX 2080 Ti,Intel(R) Xeon(R) Silver 4114 CPU @ 2.20GHz x8 threads,12,124401408,173216068.0,measured,,,
gpt2,512,Kpre,int,128,fs_hash,8,4,,cuda,NVIDIA GeForce RTX 2080 Ti,Intel(R) Xeon(R) Silver 4114 CPU @ 2.20GHz x8 threads,12,124401408,9.872019290924072e-07,measured,,,
gpt2,512,Kpre,int,128,fs_hash,8,4,_nolean,cuda,NVIDIA GeForce RTX 2080 Ti,Intel(R) Xeon(R) Silver 4114 CPU @ 2.20GHz x8 threads,12,124401408,1.5683472156524658e-06,measured,,,
gpt2,512,Kpre,int,128,prove_fold,8,4,,cuda,NVIDIA GeForce RTX 2080 Ti,Intel(R) Xeon(R) Silver 4114 CPU @ 2.20GHz x8 threads,12,124401408,0.0,measured,,,
gpt2,512,Kpre,int,128,prove_fold,8,4,_nolean,cuda,NVIDIA GeForce RTX 2080 Ti,Intel(R) Xeon(R) Silver 4114 CPU @ 2.20GHz x8 threads,12,124401408,0.0,measured,,,
gpt2,512,Kpre,int,128,prove_forward,8,4,,cuda,NVIDIA GeForce RTX 2080 Ti,Intel(R) Xeon(R) Silver 4114 CPU @ 2.20GHz x8 threads,12,124401408,0.13599201664328575,measured,,,
gpt2,512,Kpre,int,128,prove_forward,8,4,_nolean,cuda,NVIDIA GeForce RTX 2080 Ti,Intel(R) Xeon(R) Silver 4114 CPU @ 2.20GHz x8 threads,12,124401408,0.15092001855373383,measured,,,
gpt2,512,Kpre,int,128,verify_derive,8,4,,cuda,NVIDIA GeForce RTX 2080 Ti,Intel(R) Xeon(R) Silver 4114 CPU @ 2.20GHz x8 threads,12,124401408,0.7455106992274523,measured,,,
gpt2,512,Kpre,int,128,verify_derive,8,4,_nolean,cuda,NVIDIA GeForce RTX 2080 Ti,Intel(R) Xeon(R) Silver 4114 CPU @ 2.20GHz x8 threads,12,124401408,0.6794543284922838,measured,,,
gpt2,512,Kpre,int,128,verify_fold,8,4,,cuda,NVIDIA GeForce RTX 2080 Ti,Intel(R) Xeon(R) Silver 4114 CPU @ 2.20GHz x8 threads,12,124401408,0.0,measured,,,
gpt2,512,Kpre,int,128,verify_fold,8,4,_nolean,cuda,NVIDIA GeForce RTX 2080 Ti,Intel(R) Xeon(R) Silver 4114 CPU @ 2.20GHz x8 threads,12,124401408,0.0,measured,,,
gpt2,512,Kpre,int,128,verify_products,8,4,,cuda,NVIDIA GeForce RTX 2080 Ti,Intel(R) Xeon(R) Silver 4114 CPU @ 2.20GHz x8 threads,12,124401408,0.427219744771719,measured,,,
gpt2,512,Kpre,int,128,verify_products,8,4,_nolean,cuda,NVIDIA GeForce RTX 2080 Ti,Intel(R) Xeon(R) Silver 4114 CPU @ 2.20GHz x8 threads,12,124401408,0.44226626493036747,measured,,,
gpt2,512,Kpre,int,40,bytes_total,8,4,,cuda,NVIDIA GeForce RTX 2080 Ti,Intel(R) Xeon(R) Silver 4114 CPU @ 2.20GHz x8 threads,12,124401408,173216068.0,measured,,,
gpt2,512,Kpre,int,40,fs_hash,8,4,,cuda,NVIDIA GeForce RTX 2080 Ti,Intel(R) Xeon(R) Silver 4114 CPU @ 2.20GHz x8 threads,12,124401408,9.071081876754761e-07,measured,,,
gpt2,512,Kpre,int,40,prove_fold,8,4,,cuda,NVIDIA GeForce RTX 2080 Ti,Intel(R) Xeon(R) Silver 4114 CPU @ 2.20GHz x8 threads,12,124401408,0.0,measured,,,
gpt2,512,Kpre,int,40,prove_forward,8,4,,cuda,NVIDIA GeForce RTX 2080 Ti,Intel(R) Xeon(R) Silver 4114 CPU @ 2.20GHz x8 threads,12,124401408,0.13418635725975037,measured,,,
gpt2,512,Kpre,int,40,verify_derive,8,4,,cuda,NVIDIA GeForce RTX 2080 Ti,Intel(R) Xeon(R) Silver 4114 CPU @ 2.20GHz x8 threads,12,124401408,0.7995650693774223,measured,,,
gpt2,512,Kpre,int,40,verify_fold,8,4,,cuda,NVIDIA GeForce RTX 2080 Ti,Intel(R) Xeon(R) Silver 4114 CPU @ 2.20GHz x8 threads,12,124401408,0.0,measured,,,
gpt2,512,Kpre,int,40,verify_products,8,4,,cuda,NVIDIA GeForce RTX 2080 Ti,Intel(R) Xeon(R) Silver 4114 CPU @ 2.20GHz x8 threads,12,124401408,0.38125536032021046,measured,,,
gpt2,512,Kpre,int,80,bytes_total,8,4,,cuda,NVIDIA GeForce RTX 2080 Ti,Intel(R) Xeon(R) Silver 4114 CPU @ 2.20GHz x8 threads,12,124401408,173216068.0,measured,,,
gpt2,512,Kpre,int,80,fs_hash,8,4,,cuda,NVIDIA GeForce RTX 2080 Ti,Intel(R) Xeon(R) Silver 4114 CPU @ 2.20GHz x8 threads,12,124401408,1.130625605583191e-06,measured,,,
gpt2,512,Kpre,int,80,prove_fold,8,4,,cuda,NVIDIA GeForce RTX 2080 Ti,Intel(R) Xeon(R) Silver 4114 CPU @ 2.20GHz x8 threads,12,124401408,0.0,measured,,,
gpt2,512,Kpre,int,80,prove_forward,8,4,,cuda,NVIDIA GeForce RTX 2080 Ti,Intel(R) Xeon(R) Silver 4114 CPU @ 2.20GHz x8 threads,12,124401408,0.17068900726735592,measured,,,
gpt2,512,Kpre,int,80,verify_derive,8,4,,cuda,NVIDIA GeForce RTX 2080 Ti,Intel(R) Xeon(R) Silver 4114 CPU @ 2.20GHz x8 threads,12,124401408,0.906462149694562,measured,,,
gpt2,512,Kpre,int,80,verify_fold,8,4,,cuda,NVIDIA GeForce RTX 2080 Ti,Intel(R) Xeon(R) Silver 4114 CPU @ 2.20GHz x8 threads,12,124401408,0.0,measured,,,
gpt2,512,Kpre,int,80,verify_products,8,4,,cuda,NVIDIA GeForce RTX 2080 Ti,Intel(R) Xeon(R) Silver 4114 CPU @ 2.20GHz x8 threads,12,124401408,0.3900930229574442,measured,,,
gpt2,64,C,fs,128,bytes_total,8,4,,cuda,NVIDIA GeForce RTX 2080 Ti,Intel(R) Xeon(R) Silver 4114 CPU @ 2.20GHz x8 threads,12,124401408,80688480.0,measured,,,
gpt2,64,C,fs,128,fs_hash,8,4,,cuda,NVIDIA GeForce RTX 2080 Ti,Intel(R) Xeon(R) Silver 4114 CPU @ 2.20GHz x8 threads,12,124401408,0.15539919398725033,measured,,,
gpt2,64,C,fs,128,prove_fold,8,4,,cuda,NVIDIA GeForce RTX 2080 Ti,Intel(R) Xeon(R) Silver 4114 CPU @ 2.20GHz x8 threads,12,124401408,0.12366790696978569,measured,,,
gpt2,64,C,fs,128,prove_forward,8,4,,cuda,NVIDIA GeForce RTX 2080 Ti,Intel(R) Xeon(R) Silver 4114 CPU @ 2.20GHz x8 threads,12,124401408,0.06017754040658474,measured,,,
gpt2,64,C,fs,128,prove_open,8,4,,cuda,NVIDIA GeForce RTX 2080 Ti,Intel(R) Xeon(R) Silver 4114 CPU @ 2.20GHz x8 threads,12,124401408,0.25382097996771336,measured,,,
gpt2,64,C,fs,128,verify_columns,8,4,,cuda,NVIDIA GeForce RTX 2080 Ti,Intel(R) Xeon(R) Silver 4114 CPU @ 2.20GHz x8 threads,12,124401408,0.8406630326062441,measured,,,
gpt2,64,C,fs,128,verify_derive,8,4,,cuda,NVIDIA GeForce RTX 2080 Ti,Intel(R) Xeon(R) Silver 4114 CPU @ 2.20GHz x8 threads,12,124401408,0.09553837217390537,measured,,,
gpt2,64,C,fs,128,verify_fold,8,4,,cuda,NVIDIA GeForce RTX 2080 Ti,Intel(R) Xeon(R) Silver 4114 CPU @ 2.20GHz x8 threads,12,124401408,0.0,measured,,,
gpt2,64,C,fs,128,verify_products,8,4,,cuda,NVIDIA GeForce RTX 2080 Ti,Intel(R) Xeon(R) Silver 4114 CPU @ 2.20GHz x8 threads,12,124401408,0.20615260861814022,measured,,,
gpt2,64,C,fs,40,bytes_total,8,4,,cuda,NVIDIA GeForce RTX 2080 Ti,Intel(R) Xeon(R) Silver 4114 CPU @ 2.20GHz x8 threads,12,124401408,54941556.0,measured,,,
gpt2,64,C,fs,40,fs_hash,8,4,,cuda,NVIDIA GeForce RTX 2080 Ti,Intel(R) Xeon(R) Silver 4114 CPU @ 2.20GHz x8 threads,12,124401408,0.15160484425723553,measured,,,
gpt2,64,C,fs,40,prove_fold,8,4,,cuda,NVIDIA GeForce RTX 2080 Ti,Intel(R) Xeon(R) Silver 4114 CPU @ 2.20GHz x8 threads,12,124401408,0.14081492461264133,measured,,,
gpt2,64,C,fs,40,prove_forward,8,4,,cuda,NVIDIA GeForce RTX 2080 Ti,Intel(R) Xeon(R) Silver 4114 CPU @ 2.20GHz x8 threads,12,124401408,0.06145353801548481,measured,,,
gpt2,64,C,fs,40,prove_open,8,4,,cuda,NVIDIA GeForce RTX 2080 Ti,Intel(R) Xeon(R) Silver 4114 CPU @ 2.20GHz x8 threads,12,124401408,0.1521288100630045,measured,,,
gpt2,64,C,fs,40,verify_columns,8,4,,cuda,NVIDIA GeForce RTX 2080 Ti,Intel(R) Xeon(R) Silver 4114 CPU @ 2.20GHz x8 threads,12,124401408,0.6122808568179607,measured,,,
gpt2,64,C,fs,40,verify_derive,8,4,,cuda,NVIDIA GeForce RTX 2080 Ti,Intel(R) Xeon(R) Silver 4114 CPU @ 2.20GHz x8 threads,12,124401408,0.10190276615321636,measured,,,
gpt2,64,C,fs,40,verify_fold,8,4,,cuda,NVIDIA GeForce RTX 2080 Ti,Intel(R) Xeon(R) Silver 4114 CPU @ 2.20GHz x8 threads,12,124401408,0.0,measured,,,
gpt2,64,C,fs,40,verify_products,8,4,,cuda,NVIDIA GeForce RTX 2080 Ti,Intel(R) Xeon(R) Silver 4114 CPU @ 2.20GHz x8 threads,12,124401408,0.20454475842416286,measured,,,
gpt2,64,C,fs,80,bytes_total,8,4,,cuda,NVIDIA GeForce RTX 2080 Ti,Intel(R) Xeon(R) Silver 4114 CPU @ 2.20GHz x8 threads,12,124401408,66461656.0,measured,,,
gpt2,64,C,fs,80,fs_hash,8,4,,cuda,NVIDIA GeForce RTX 2080 Ti,Intel(R) Xeon(R) Silver 4114 CPU @ 2.20GHz x8 threads,12,124401408,0.1489943340420723,measured,,,
gpt2,64,C,fs,80,prove_fold,8,4,,cuda,NVIDIA GeForce RTX 2080 Ti,Intel(R) Xeon(R) Silver 4114 CPU @ 2.20GHz x8 threads,12,124401408,0.12028997763991356,measured,,,
gpt2,64,C,fs,80,prove_forward,8,4,,cuda,NVIDIA GeForce RTX 2080 Ti,Intel(R) Xeon(R) Silver 4114 CPU @ 2.20GHz x8 threads,12,124401408,0.06023763678967953,measured,,,
gpt2,64,C,fs,80,prove_open,8,4,,cuda,NVIDIA GeForce RTX 2080 Ti,Intel(R) Xeon(R) Silver 4114 CPU @ 2.20GHz x8 threads,12,124401408,0.23039033450186253,measured,,,
gpt2,64,C,fs,80,verify_columns,8,4,,cuda,NVIDIA GeForce RTX 2080 Ti,Intel(R) Xeon(R) Silver 4114 CPU @ 2.20GHz x8 threads,12,124401408,0.7139392253011465,measured,,,
gpt2,64,C,fs,80,verify_derive,8,4,,cuda,NVIDIA GeForce RTX 2080 Ti,Intel(R) Xeon(R) Silver 4114 CPU @ 2.20GHz x8 threads,12,124401408,0.09794849716126919,measured,,,
gpt2,64,C,fs,80,verify_fold,8,4,,cuda,NVIDIA GeForce RTX 2080 Ti,Intel(R) Xeon(R) Silver 4114 CPU @ 2.20GHz x8 threads,12,124401408,0.0,measured,,,
gpt2,64,C,fs,80,verify_products,8,4,,cuda,NVIDIA GeForce RTX 2080 Ti,Intel(R) Xeon(R) Silver 4114 CPU @ 2.20GHz x8 threads,12,124401408,0.200382798910141,measured,,,
gpt2,64,C,int,128,bytes_total,1,4,_thr1,cuda,NVIDIA GeForce RTX 2080 Ti,Intel(R) Xeon(R) Silver 4114 CPU @ 2.20GHz x1 threads,12,124401408,62072328.0,measured,,,
gpt2,64,C,int,128,bytes_total,8,4,,cuda,NVIDIA GeForce RTX 2080 Ti,Intel(R) Xeon(R) Silver 4114 CPU @ 2.20GHz x8 threads,12,124401408,62072728.0,measured,,,
gpt2,64,C,int,128,bytes_total,8,4,_nofix,cuda,NVIDIA GeForce RTX 2080 Ti,Intel(R) Xeon(R) Silver 4114 CPU @ 2.20GHz x8 threads,12,124401408,62073000.0,measured,,,
gpt2,64,C,int,128,fs_hash,1,4,_thr1,cuda,NVIDIA GeForce RTX 2080 Ti,Intel(R) Xeon(R) Silver 4114 CPU @ 2.20GHz x1 threads,12,124401408,1.0505318641662598e-06,measured,,,
gpt2,64,C,int,128,fs_hash,8,4,,cuda,NVIDIA GeForce RTX 2080 Ti,Intel(R) Xeon(R) Silver 4114 CPU @ 2.20GHz x8 threads,12,124401408,9.778887033462524e-07,measured,,,
gpt2,64,C,int,128,fs_hash,8,4,_nofix,cuda,NVIDIA GeForce RTX 2080 Ti,Intel(R) Xeon(R) Silver 4114 CPU @ 2.20GHz x8 threads,12,124401408,1.1455267667770386e-06,measured,,,
gpt2,64,C,int,128,prove_fold,1,4,_thr1,cuda,NVIDIA GeForce RTX 2080 Ti,Intel(R) Xeon(R) Silver 4114 CPU @ 2.20GHz x1 threads,12,124401408,0.1216278225183487,measured,,,
gpt2,64,C,int,128,prove_fold,8,4,,cuda,NVIDIA GeForce RTX 2080 Ti,Intel(R) Xeon(R) Silver 4114 CPU @ 2.20GHz x8 threads,12,124401408,0.13119521364569664,measured,,,
gpt2,64,C,int,128,prove_fold,8,4,_nofix,cuda,NVIDIA GeForce RTX 2080 Ti,Intel(R) Xeon(R) Silver 4114 CPU @ 2.20GHz x8 threads,12,124401408,0.16760014556348324,measured,,,
gpt2,64,C,int,128,prove_forward,1,4,_thr1,cuda,NVIDIA GeForce RTX 2080 Ti,Intel(R) Xeon(R) Silver 4114 CPU @ 2.20GHz x1 threads,12,124401408,0.06301946192979813,measured,,,
gpt2,64,C,int,128,prove_forward,8,4,,cuda,NVIDIA GeForce RTX 2080 Ti,Intel(R) Xeon(R) Silver 4114 CPU @ 2.20GHz x8 threads,12,124401408,0.060471806675195694,measured,,,
gpt2,64,C,int,128,prove_forward,8,4,_nofix,cuda,NVIDIA GeForce RTX 2080 Ti,Intel(R) Xeon(R) Silver 4114 CPU @ 2.20GHz x8 threads,12,124401408,0.10860299691557884,measured,,,
gpt2,64,C,int,128,prove_open,1,4,_thr1,cuda,NVIDIA GeForce RTX 2080 Ti,Intel(R) Xeon(R) Silver 4114 CPU @ 2.20GHz x1 threads,12,124401408,0.24419526010751724,measured,,,
gpt2,64,C,int,128,prove_open,8,4,,cuda,NVIDIA GeForce RTX 2080 Ti,Intel(R) Xeon(R) Silver 4114 CPU @ 2.20GHz x8 threads,12,124401408,0.23624476976692677,measured,,,
gpt2,64,C,int,128,prove_open,8,4,_nofix,cuda,NVIDIA GeForce RTX 2080 Ti,Intel(R) Xeon(R) Silver 4114 CPU @ 2.20GHz x8 threads,12,124401408,0.21428420022130013,measured,,,
gpt2,64,C,int,128,verify_columns,1,4,_thr1,cuda,NVIDIA GeForce RTX 2080 Ti,Intel(R) Xeon(R) Silver 4114 CPU @ 2.20GHz x1 threads,12,124401408,1.0059342235326767,measured,,,
gpt2,64,C,int,128,verify_columns,8,4,,cuda,NVIDIA GeForce RTX 2080 Ti,Intel(R) Xeon(R) Silver 4114 CPU @ 2.20GHz x8 threads,12,124401408,0.6349040400236845,measured,,,
gpt2,64,C,int,128,verify_columns,8,4,_nofix,cuda,NVIDIA GeForce RTX 2080 Ti,Intel(R) Xeon(R) Silver 4114 CPU @ 2.20GHz x8 threads,12,124401408,0.6499999593943357,measured,,,
gpt2,64,C,int,128,verify_derive,1,4,_thr1,cuda,NVIDIA GeForce RTX 2080 Ti,Intel(R) Xeon(R) Silver 4114 CPU @ 2.20GHz x1 threads,12,124401408,0.15615012496709824,measured,,,
gpt2,64,C,int,128,verify_derive,8,4,,cuda,NVIDIA GeForce RTX 2080 Ti,Intel(R) Xeon(R) Silver 4114 CPU @ 2.20GHz x8 threads,12,124401408,0.093948133289814,measured,,,
gpt2,64,C,int,128,verify_derive,8,4,_nofix,cuda,NVIDIA GeForce RTX 2080 Ti,Intel(R) Xeon(R) Silver 4114 CPU @ 2.20GHz x8 threads,12,124401408,0.09639697149395943,measured,,,
gpt2,64,C,int,128,verify_fold,1,4,_thr1,cuda,NVIDIA GeForce RTX 2080 Ti,Intel(R) Xeon(R) Silver 4114 CPU @ 2.20GHz x1 threads,12,124401408,0.0,measured,,,
gpt2,64,C,int,128,verify_fold,8,4,,cuda,NVIDIA GeForce RTX 2080 Ti,Intel(R) Xeon(R) Silver 4114 CPU @ 2.20GHz x8 threads,12,124401408,0.0,measured,,,
gpt2,64,C,int,128,verify_fold,8,4,_nofix,cuda,NVIDIA GeForce RTX 2080 Ti,Intel(R) Xeon(R) Silver 4114 CPU @ 2.20GHz x8 threads,12,124401408,0.0,measured,,,
gpt2,64,C,int,128,verify_products,1,4,_thr1,cuda,NVIDIA GeForce RTX 2080 Ti,Intel(R) Xeon(R) Silver 4114 CPU @ 2.20GHz x1 threads,12,124401408,0.2937656305730343,measured,,,
gpt2,64,C,int,128,verify_products,8,4,,cuda,NVIDIA GeForce RTX 2080 Ti,Intel(R) Xeon(R) Silver 4114 CPU @ 2.20GHz x8 threads,12,124401408,0.1953470092266798,measured,,,
gpt2,64,C,int,128,verify_products,8,4,_nofix,cuda,NVIDIA GeForce RTX 2080 Ti,Intel(R) Xeon(R) Silver 4114 CPU @ 2.20GHz x8 threads,12,124401408,0.1987579893320799,measured,,,
gpt2,64,C,int,40,bytes_total,1,4,_thr1,cuda,NVIDIA GeForce RTX 2080 Ti,Intel(R) Xeon(R) Silver 4114 CPU @ 2.20GHz x1 threads,12,124401408,36245804.0,measured,,,
gpt2,64,C,int,40,bytes_total,8,4,,cuda,NVIDIA GeForce RTX 2080 Ti,Intel(R) Xeon(R) Silver 4114 CPU @ 2.20GHz x8 threads,12,124401408,36244940.0,measured,,,
gpt2,64,C,int,40,fs_hash,1,4,_thr1,cuda,NVIDIA GeForce RTX 2080 Ti,Intel(R) Xeon(R) Silver 4114 CPU @ 2.20GHz x1 threads,12,124401408,1.255422830581665e-06,measured,,,
gpt2,64,C,int,40,fs_hash,8,4,,cuda,NVIDIA GeForce RTX 2080 Ti,Intel(R) Xeon(R) Silver 4114 CPU @ 2.20GHz x8 threads,12,124401408,1.16787850856781e-06,measured,,,
gpt2,64,C,int,40,prove_fold,1,4,_thr1,cuda,NVIDIA GeForce RTX 2080 Ti,Intel(R) Xeon(R) Silver 4114 CPU @ 2.20GHz x1 threads,12,124401408,0.1369434893131256,measured,,,
gpt2,64,C,int,40,prove_fold,8,4,,cuda,NVIDIA GeForce RTX 2080 Ti,Intel(R) Xeon(R) Silver 4114 CPU @ 2.20GHz x8 threads,12,124401408,0.13919099234044552,measured,,,
gpt2,64,C,int,40,prove_forward,1,4,_thr1,cuda,NVIDIA GeForce RTX 2080 Ti,Intel(R) Xeon(R) Silver 4114 CPU @ 2.20GHz x1 threads,12,124401408,0.06558116897940636,measured,,,
gpt2,64,C,int,40,prove_forward,8,4,,cuda,NVIDIA GeForce RTX 2080 Ti,Intel(R) Xeon(R) Silver 4114 CPU @ 2.20GHz x8 threads,12,124401408,0.06534600257873535,measured,,,
gpt2,64,C,int,40,prove_open,1,4,_thr1,cuda,NVIDIA GeForce RTX 2080 Ti,Intel(R) Xeon(R) Silver 4114 CPU @ 2.20GHz x1 threads,12,124401408,0.12222177907824516,measured,,,
gpt2,64,C,int,40,prove_open,8,4,,cuda,NVIDIA GeForce RTX 2080 Ti,Intel(R) Xeon(R) Silver 4114 CPU @ 2.20GHz x8 threads,12,124401408,0.11890963651239872,measured,,,
gpt2,64,C,int,40,verify_columns,1,4,_thr1,cuda,NVIDIA GeForce RTX 2080 Ti,Intel(R) Xeon(R) Silver 4114 CPU @ 2.20GHz x1 threads,12,124401408,0.427232313901186,measured,,,
gpt2,64,C,int,40,verify_columns,8,4,,cuda,NVIDIA GeForce RTX 2080 Ti,Intel(R) Xeon(R) Silver 4114 CPU @ 2.20GHz x8 threads,12,124401408,0.3597647622227669,measured,,,
gpt2,64,C,int,40,verify_derive,1,4,_thr1,cuda,NVIDIA GeForce RTX 2080 Ti,Intel(R) Xeon(R) Silver 4114 CPU @ 2.20GHz x1 threads,12,124401408,0.16005946323275566,measured,,,
gpt2,64,C,int,40,verify_derive,8,4,,cuda,NVIDIA GeForce RTX 2080 Ti,Intel(R) Xeon(R) Silver 4114 CPU @ 2.20GHz x8 threads,12,124401408,0.10273534618318081,measured,,,
gpt2,64,C,int,40,verify_fold,1,4,_thr1,cuda,NVIDIA GeForce RTX 2080 Ti,Intel(R) Xeon(R) Silver 4114 CPU @ 2.20GHz x1 threads,12,124401408,0.0,measured,,,
gpt2,64,C,int,40,verify_fold,8,4,,cuda,NVIDIA GeForce RTX 2080 Ti,Intel(R) Xeon(R) Silver 4114 CPU @ 2.20GHz x8 threads,12,124401408,0.0,measured,,,
gpt2,64,C,int,40,verify_products,1,4,_thr1,cuda,NVIDIA GeForce RTX 2080 Ti,Intel(R) Xeon(R) Silver 4114 CPU @ 2.20GHz x1 threads,12,124401408,0.25313592329621315,measured,,,
gpt2,64,C,int,40,verify_products,8,4,,cuda,NVIDIA GeForce RTX 2080 Ti,Intel(R) Xeon(R) Silver 4114 CPU @ 2.20GHz x8 threads,12,124401408,0.18577277101576328,measured,,,
gpt2,64,C,int,80,bytes_total,8,4,,cuda,NVIDIA GeForce RTX 2080 Ti,Intel(R) Xeon(R) Silver 4114 CPU @ 2.20GHz x8 threads,12,124401408,47805936.0,measured,,,
gpt2,64,C,int,80,fs_hash,8,4,,cuda,NVIDIA GeForce RTX 2080 Ti,Intel(R) Xeon(R) Silver 4114 CPU @ 2.20GHz x8 threads,12,124401408,1.2870877981185913e-06,measured,,,
gpt2,64,C,int,80,prove_fold,8,4,,cuda,NVIDIA GeForce RTX 2080 Ti,Intel(R) Xeon(R) Silver 4114 CPU @ 2.20GHz x8 threads,12,124401408,0.14027370512485504,measured,,,
gpt2,64,C,int,80,prove_forward,8,4,,cuda,NVIDIA GeForce RTX 2080 Ti,Intel(R) Xeon(R) Silver 4114 CPU @ 2.20GHz x8 threads,12,124401408,0.06780434027314186,measured,,,
gpt2,64,C,int,80,prove_open,8,4,,cuda,NVIDIA GeForce RTX 2080 Ti,Intel(R) Xeon(R) Silver 4114 CPU @ 2.20GHz x8 threads,12,124401408,0.14081096276640892,measured,,,
gpt2,64,C,int,80,verify_columns,8,4,,cuda,NVIDIA GeForce RTX 2080 Ti,Intel(R) Xeon(R) Silver 4114 CPU @ 2.20GHz x8 threads,12,124401408,0.5116876028478146,measured,,,
gpt2,64,C,int,80,verify_derive,8,4,,cuda,NVIDIA GeForce RTX 2080 Ti,Intel(R) Xeon(R) Silver 4114 CPU @ 2.20GHz x8 threads,12,124401408,0.09589266590774059,measured,,,
gpt2,64,C,int,80,verify_fold,8,4,,cuda,NVIDIA GeForce RTX 2080 Ti,Intel(R) Xeon(R) Silver 4114 CPU @ 2.20GHz x8 threads,12,124401408,0.0,measured,,,
gpt2,64,C,int,80,verify_products,8,4,,cuda,NVIDIA GeForce RTX 2080 Ti,Intel(R) Xeon(R) Silver 4114 CPU @ 2.20GHz x8 threads,12,124401408,0.19244074635207653,measured,,,
gpt2,64,K,int,128,bytes_total,8,4,,cuda,NVIDIA GeForce RTX 2080 Ti,Intel(R) Xeon(R) Silver 4114 CPU @ 2.20GHz x8 threads,12,124401408,21827908.0,measured,,,
gpt2,64,K,int,128,fs_hash,8,4,,cuda,NVIDIA GeForce RTX 2080 Ti,Intel(R) Xeon(R) Silver 4114 CPU @ 2.20GHz x8 threads,12,124401408,8.884817361831665e-07,measured,,,
gpt2,64,K,int,128,prove_fold,8,4,,cuda,NVIDIA GeForce RTX 2080 Ti,Intel(R) Xeon(R) Silver 4114 CPU @ 2.20GHz x8 threads,12,124401408,0.0,measured,,,
gpt2,64,K,int,128,prove_forward,8,4,,cuda,NVIDIA GeForce RTX 2080 Ti,Intel(R) Xeon(R) Silver 4114 CPU @ 2.20GHz x8 threads,12,124401408,0.06026344187557697,measured,,,
gpt2,64,K,int,128,verify_derive,8,4,,cuda,NVIDIA GeForce RTX 2080 Ti,Intel(R) Xeon(R) Silver 4114 CPU @ 2.20GHz x8 threads,12,124401408,0.0889250710606575,measured,,,
gpt2,64,K,int,128,verify_fold,8,4,,cuda,NVIDIA GeForce RTX 2080 Ti,Intel(R) Xeon(R) Silver 4114 CPU @ 2.20GHz x8 threads,12,124401408,1.6536146253347397,measured,,,
gpt2,64,K,int,128,verify_products,8,4,,cuda,NVIDIA GeForce RTX 2080 Ti,Intel(R) Xeon(R) Silver 4114 CPU @ 2.20GHz x8 threads,12,124401408,0.1952032744884491,measured,,,
gpt2,64,K,int,40,bytes_total,8,4,,cuda,NVIDIA GeForce RTX 2080 Ti,Intel(R) Xeon(R) Silver 4114 CPU @ 2.20GHz x8 threads,12,124401408,21827908.0,measured,,,
gpt2,64,K,int,40,fs_hash,8,4,,cuda,NVIDIA GeForce RTX 2080 Ti,Intel(R) Xeon(R) Silver 4114 CPU @ 2.20GHz x8 threads,12,124401408,1.3969838619232178e-06,measured,,,
gpt2,64,K,int,40,prove_fold,8,4,,cuda,NVIDIA GeForce RTX 2080 Ti,Intel(R) Xeon(R) Silver 4114 CPU @ 2.20GHz x8 threads,12,124401408,0.0,measured,,,
gpt2,64,K,int,40,prove_forward,8,4,,cuda,NVIDIA GeForce RTX 2080 Ti,Intel(R) Xeon(R) Silver 4114 CPU @ 2.20GHz x8 threads,12,124401408,0.06703269481658936,measured,,,
gpt2,64,K,int,40,verify_derive,8,4,,cuda,NVIDIA GeForce RTX 2080 Ti,Intel(R) Xeon(R) Silver 4114 CPU @ 2.20GHz x8 threads,12,124401408,0.09812061116099358,measured,,,
gpt2,64,K,int,40,verify_fold,8,4,,cuda,NVIDIA GeForce RTX 2080 Ti,Intel(R) Xeon(R) Silver 4114 CPU @ 2.20GHz x8 threads,12,124401408,2.2464294638484716,measured,,,
gpt2,64,K,int,40,verify_products,8,4,,cuda,NVIDIA GeForce RTX 2080 Ti,Intel(R) Xeon(R) Silver 4114 CPU @ 2.20GHz x8 threads,12,124401408,0.1842960100620985,measured,,,
gpt2,64,K,int,80,bytes_total,8,4,,cuda,NVIDIA GeForce RTX 2080 Ti,Intel(R) Xeon(R) Silver 4114 CPU @ 2.20GHz x8 threads,12,124401408,21827908.0,measured,,,
gpt2,64,K,int,80,fs_hash,8,4,,cuda,NVIDIA GeForce RTX 2080 Ti,Intel(R) Xeon(R) Silver 4114 CPU @ 2.20GHz x8 threads,12,124401408,1.0654330253601074e-06,measured,,,
gpt2,64,K,int,80,prove_fold,8,4,,cuda,NVIDIA GeForce RTX 2080 Ti,Intel(R) Xeon(R) Silver 4114 CPU @ 2.20GHz x8 threads,12,124401408,0.0,measured,,,
gpt2,64,K,int,80,prove_forward,8,4,,cuda,NVIDIA GeForce RTX 2080 Ti,Intel(R) Xeon(R) Silver 4114 CPU @ 2.20GHz x8 threads,12,124401408,0.06097208708524704,measured,,,
gpt2,64,K,int,80,verify_derive,8,4,,cuda,NVIDIA GeForce RTX 2080 Ti,Intel(R) Xeon(R) Silver 4114 CPU @ 2.20GHz x8 threads,12,124401408,0.09271740540862083,measured,,,
gpt2,64,K,int,80,verify_fold,8,4,,cuda,NVIDIA GeForce RTX 2080 Ti,Intel(R) Xeon(R) Silver 4114 CPU @ 2.20GHz x8 threads,12,124401408,1.7066136207431555,measured,,,
gpt2,64,K,int,80,verify_products,8,4,,cuda,NVIDIA GeForce RTX 2080 Ti,Intel(R) Xeon(R) Silver 4114 CPU @ 2.20GHz x8 threads,12,124401408,0.1839694995433092,measured,,,
gpt2,64,Kpre,int,128,bytes_total,1,4,_thr1,cuda,NVIDIA GeForce RTX 2080 Ti,Intel(R) Xeon(R) Silver 4114 CPU @ 2.20GHz x1 threads,12,124401408,21827908.0,measured,,,
gpt2,64,Kpre,int,128,bytes_total,8,4,,cuda,NVIDIA GeForce RTX 2080 Ti,Intel(R) Xeon(R) Silver 4114 CPU @ 2.20GHz x8 threads,12,124401408,21827908.0,measured,,,
gpt2,64,Kpre,int,128,bytes_total,8,4,_nofix,cuda,NVIDIA GeForce RTX 2080 Ti,Intel(R) Xeon(R) Silver 4114 CPU @ 2.20GHz x8 threads,12,124401408,21827908.0,measured,,,
gpt2,64,Kpre,int,128,fs_hash,1,4,_thr1,cuda,NVIDIA GeForce RTX 2080 Ti,Intel(R) Xeon(R) Silver 4114 CPU @ 2.20GHz x1 threads,12,124401408,1.039355993270874e-06,measured,,,
gpt2,64,Kpre,int,128,fs_hash,8,4,,cuda,NVIDIA GeForce RTX 2080 Ti,Intel(R) Xeon(R) Silver 4114 CPU @ 2.20GHz x8 threads,12,124401408,1.16787850856781e-06,measured,,,
gpt2,64,Kpre,int,128,fs_hash,8,4,_nofix,cuda,NVIDIA GeForce RTX 2080 Ti,Intel(R) Xeon(R) Silver 4114 CPU @ 2.20GHz x8 threads,12,124401408,8.456408977508545e-07,measured,,,
gpt2,64,Kpre,int,128,prove_fold,1,4,_thr1,cuda,NVIDIA GeForce RTX 2080 Ti,Intel(R) Xeon(R) Silver 4114 CPU @ 2.20GHz x1 threads,12,124401408,0.0,measured,,,
gpt2,64,Kpre,int,128,prove_fold,8,4,,cuda,NVIDIA GeForce RTX 2080 Ti,Intel(R) Xeon(R) Silver 4114 CPU @ 2.20GHz x8 threads,12,124401408,0.0,measured,,,
gpt2,64,Kpre,int,128,prove_fold,8,4,_nofix,cuda,NVIDIA GeForce RTX 2080 Ti,Intel(R) Xeon(R) Silver 4114 CPU @ 2.20GHz x8 threads,12,124401408,0.0,measured,,,
gpt2,64,Kpre,int,128,prove_forward,1,4,_thr1,cuda,NVIDIA GeForce RTX 2080 Ti,Intel(R) Xeon(R) Silver 4114 CPU @ 2.20GHz x1 threads,12,124401408,0.06296590715646744,measured,,,
gpt2,64,Kpre,int,128,prove_forward,8,4,,cuda,NVIDIA GeForce RTX 2080 Ti,Intel(R) Xeon(R) Silver 4114 CPU @ 2.20GHz x8 threads,12,124401408,0.06095610372722149,measured,,,
gpt2,64,Kpre,int,128,prove_forward,8,4,_nofix,cuda,NVIDIA GeForce RTX 2080 Ti,Intel(R) Xeon(R) Silver 4114 CPU @ 2.20GHz x8 threads,12,124401408,0.06059180945158005,measured,,,
gpt2,64,Kpre,int,128,verify_derive,1,4,_thr1,cuda,NVIDIA GeForce RTX 2080 Ti,Intel(R) Xeon(R) Silver 4114 CPU @ 2.20GHz x1 threads,12,124401408,0.14693967625498772,measured,,,
gpt2,64,Kpre,int,128,verify_derive,8,4,,cuda,NVIDIA GeForce RTX 2080 Ti,Intel(R) Xeon(R) Silver 4114 CPU @ 2.20GHz x8 threads,12,124401408,0.08948235400021076,measured,,,
gpt2,64,Kpre,int,128,verify_derive,8,4,_nofix,cuda,NVIDIA GeForce RTX 2080 Ti,Intel(R) Xeon(R) Silver 4114 CPU @ 2.20GHz x8 threads,12,124401408,0.08922385983169079,measured,,,
gpt2,64,Kpre,int,128,verify_fold,1,4,_thr1,cuda,NVIDIA GeForce RTX 2080 Ti,Intel(R) Xeon(R) Silver 4114 CPU @ 2.20GHz x1 threads,12,124401408,0.0,measured,,,
gpt2,64,Kpre,int,128,verify_fold,8,4,,cuda,NVIDIA GeForce RTX 2080 Ti,Intel(R) Xeon(R) Silver 4114 CPU @ 2.20GHz x8 threads,12,124401408,0.0,measured,,,
gpt2,64,Kpre,int,128,verify_fold,8,4,_nofix,cuda,NVIDIA GeForce RTX 2080 Ti,Intel(R) Xeon(R) Silver 4114 CPU @ 2.20GHz x8 threads,12,124401408,0.0,measured,,,
gpt2,64,Kpre,int,128,verify_products,1,4,_thr1,cuda,NVIDIA GeForce RTX 2080 Ti,Intel(R) Xeon(R) Silver 4114 CPU @ 2.20GHz x1 threads,12,124401408,0.2846016399562359,measured,,,
gpt2,64,Kpre,int,128,verify_products,8,4,,cuda,NVIDIA GeForce RTX 2080 Ti,Intel(R) Xeon(R) Silver 4114 CPU @ 2.20GHz x8 threads,12,124401408,0.1905658096075058,measured,,,
gpt2,64,Kpre,int,128,verify_products,8,4,_nofix,cuda,NVIDIA GeForce RTX 2080 Ti,Intel(R) Xeon(R) Silver 4114 CPU @ 2.20GHz x8 threads,12,124401408,0.19086823612451553,measured,,,
gpt2,64,Kpre,int,40,bytes_total,1,4,_thr1,cuda,NVIDIA GeForce RTX 2080 Ti,Intel(R) Xeon(R) Silver 4114 CPU @ 2.20GHz x1 threads,12,124401408,21827908.0,measured,,,
gpt2,64,Kpre,int,40,bytes_total,8,4,,cuda,NVIDIA GeForce RTX 2080 Ti,Intel(R) Xeon(R) Silver 4114 CPU @ 2.20GHz x8 threads,12,124401408,21827908.0,measured,,,
gpt2,64,Kpre,int,40,fs_hash,1,4,_thr1,cuda,NVIDIA GeForce RTX 2080 Ti,Intel(R) Xeon(R) Silver 4114 CPU @ 2.20GHz x1 threads,12,124401408,1.2367963790893555e-06,measured,,,
gpt2,64,Kpre,int,40,fs_hash,8,4,,cuda,NVIDIA GeForce RTX 2080 Ti,Intel(R) Xeon(R) Silver 4114 CPU @ 2.20GHz x8 threads,12,124401408,1.2777745723724365e-06,measured,,,
gpt2,64,Kpre,int,40,prove_fold,1,4,_thr1,cuda,NVIDIA GeForce RTX 2080 Ti,Intel(R) Xeon(R) Silver 4114 CPU @ 2.20GHz x1 threads,12,124401408,0.0,measured,,,
gpt2,64,Kpre,int,40,prove_fold,8,4,,cuda,NVIDIA GeForce RTX 2080 Ti,Intel(R) Xeon(R) Silver 4114 CPU @ 2.20GHz x8 threads,12,124401408,0.0,measured,,,
gpt2,64,Kpre,int,40,prove_forward,1,4,_thr1,cuda,NVIDIA GeForce RTX 2080 Ti,Intel(R) Xeon(R) Silver 4114 CPU @ 2.20GHz x1 threads,12,124401408,0.06627535447478294,measured,,,
gpt2,64,Kpre,int,40,prove_forward,8,4,,cuda,NVIDIA GeForce RTX 2080 Ti,Intel(R) Xeon(R) Silver 4114 CPU @ 2.20GHz x8 threads,12,124401408,0.06408770009875298,measured,,,
gpt2,64,Kpre,int,40,verify_derive,1,4,_thr1,cuda,NVIDIA GeForce RTX 2080 Ti,Intel(R) Xeon(R) Silver 4114 CPU @ 2.20GHz x1 threads,12,124401408,0.1849714033305645,measured,,,
gpt2,64,Kpre,int,40,verify_derive,8,4,,cuda,NVIDIA GeForce RTX 2080 Ti,Intel(R) Xeon(R) Silver 4114 CPU @ 2.20GHz x8 threads,12,124401408,0.09807787090539932,measured,,,
gpt2,64,Kpre,int,40,verify_fold,1,4,_thr1,cuda,NVIDIA GeForce RTX 2080 Ti,Intel(R) Xeon(R) Silver 4114 CPU @ 2.20GHz x1 threads,12,124401408,0.0,measured,,,
gpt2,64,Kpre,int,40,verify_fold,8,4,,cuda,NVIDIA GeForce RTX 2080 Ti,Intel(R) Xeon(R) Silver 4114 CPU @ 2.20GHz x8 threads,12,124401408,0.0,measured,,,
gpt2,64,Kpre,int,40,verify_products,1,4,_thr1,cuda,NVIDIA GeForce RTX 2080 Ti,Intel(R) Xeon(R) Silver 4114 CPU @ 2.20GHz x1 threads,12,124401408,0.2559056952595711,measured,,,
gpt2,64,Kpre,int,40,verify_products,8,4,,cuda,NVIDIA GeForce RTX 2080 Ti,Intel(R) Xeon(R) Silver 4114 CPU @ 2.20GHz x8 threads,12,124401408,0.18301095068454742,measured,,,
gpt2,64,Kpre,int,80,bytes_total,8,4,,cuda,NVIDIA GeForce RTX 2080 Ti,Intel(R) Xeon(R) Silver 4114 CPU @ 2.20GHz x8 threads,12,124401408,21827908.0,measured,,,
gpt2,64,Kpre,int,80,fs_hash,8,4,,cuda,NVIDIA GeForce RTX 2080 Ti,Intel(R) Xeon(R) Silver 4114 CPU @ 2.20GHz x8 threads,12,124401408,1.0970979928970337e-06,measured,,,
gpt2,64,Kpre,int,80,prove_fold,8,4,,cuda,NVIDIA GeForce RTX 2080 Ti,Intel(R) Xeon(R) Silver 4114 CPU @ 2.20GHz x8 threads,12,124401408,0.0,measured,,,
gpt2,64,Kpre,int,80,prove_forward,8,4,,cuda,NVIDIA GeForce RTX 2080 Ti,Intel(R) Xeon(R) Silver 4114 CPU @ 2.20GHz x8 threads,12,124401408,0.06257222592830658,measured,,,
gpt2,64,Kpre,int,80,verify_derive,8,4,,cuda,NVIDIA GeForce RTX 2080 Ti,Intel(R) Xeon(R) Silver 4114 CPU @ 2.20GHz x8 threads,12,124401408,0.08966267108917236,measured,,,
gpt2,64,Kpre,int,80,verify_fold,8,4,,cuda,NVIDIA GeForce RTX 2080 Ti,Intel(R) Xeon(R) Silver 4114 CPU @ 2.20GHz x8 threads,12,124401408,0.0,measured,,,
gpt2,64,Kpre,int,80,verify_products,8,4,,cuda,NVIDIA GeForce RTX 2080 Ti,Intel(R) Xeon(R) Silver 4114 CPU @ 2.20GHz x8 threads,12,124401408,0.18262691237032413,measured,,,
llama2-13b,64,C,int,128,bytes_total,8,4,,cuda,NVIDIA GeForce RTX 2080 Ti,Intel(R) Xeon(R) Silver 4114 CPU @ 2.20GHz x8 threads,40,13015449600,1186232080.0,extrapolated_from_1_and_2_blocks,41811712.0,71155824.0,
llama2-13b,64,C,int,128,fs_hash,8,4,,cuda,NVIDIA GeForce RTX 2080 Ti,Intel(R) Xeon(R) Silver 4114 CPU @ 2.20GHz x8 threads,40,13015449600,-2.12155282497406e-06,extrapolated_from_1_and_2_blocks,1.2654345482587814e-06,1.178588718175888e-06,
llama2-13b,64,C,int,128,prove_fold,8,4,,cuda,NVIDIA GeForce RTX 2080 Ti,Intel(R) Xeon(R) Silver 4114 CPU @ 2.20GHz x8 threads,40,13015449600,4.364000178873539,extrapolated_from_1_and_2_blocks,0.2099404998589307,0.316454850602895,
llama2-13b,64,C,int,128,prove_forward,8,4,,cuda,NVIDIA GeForce RTX 2080 Ti,Intel(R) Xeon(R) Silver 4114 CPU @ 2.20GHz x8 threads,40,13015449600,0.9539680744055659,extrapolated_from_1_and_2_blocks,0.02972793160006404,0.05342639680020511,
llama2-13b,64,C,int,128,prove_open,8,4,,cuda,NVIDIA GeForce RTX 2080 Ti,Intel(R) Xeon(R) Silver 4114 CPU @ 2.20GHz x8 threads,40,13015449600,8.659569647163153,extrapolated_from_1_and_2_blocks,0.38160609058104455,0.5938615663908422,
llama2-13b,64,C,int,128,verify_columns,8,4,,cuda,NVIDIA GeForce RTX 2080 Ti,Intel(R) Xeon(R) Silver 4114 CPU @ 2.20GHz x8 threads,40,13015449600,9.153751485282555,extrapolated_from_1_and_2_blocks,0.3959129652939737,0.620472927344963,
llama2-13b,64,C,int,128,verify_derive,8,4,,cuda,NVIDIA GeForce RTX 2080 Ti,Intel(R) Xeon(R) Silver 4114 CPU @ 2.20GHz x8 threads,40,13015449600,0.8628625345882028,extrapolated_from_1_and_2_blocks,0.033670982578769326,0.05493230442516506,
llama2-13b,64,C,int,128,verify_fold,8,4,,cuda,NVIDIA GeForce RTX 2080 Ti,Intel(R) Xeon(R) Silver 4114 CPU @ 2.20GHz x8 threads,40,13015449600,0.0,extrapolated_from_1_and_2_blocks,0.0,0.0,
llama2-13b,64,C,int,128,verify_products,8,4,,cuda,NVIDIA GeForce RTX 2080 Ti,Intel(R) Xeon(R) Silver 4114 CPU @ 2.20GHz x8 threads,40,13015449600,3.1760160247795284,extrapolated_from_1_and_2_blocks,0.11188552272506058,0.19045297149568796,
llama2-13b,64,Kpre,int,128,bytes_total,8,4,,cuda,NVIDIA GeForce RTX 2080 Ti,Intel(R) Xeon(R) Silver 4114 CPU @ 2.20GHz x8 threads,40,13015449600,546698240.0,extrapolated_from_1_and_2_blocks,15070208.0,28701696.0,
llama2-13b,64,Kpre,int,128,fs_hash,8,4,,cuda,NVIDIA GeForce RTX 2080 Ti,Intel(R) Xeon(R) Silver 4114 CPU @ 2.20GHz x8 threads,40,13015449600,-8.91578383743763e-06,extrapolated_from_1_and_2_blocks,1.4086253941059113e-06,1.1438969522714615e-06,
llama2-13b,64,Kpre,int,128,prove_fold,8,4,,cuda,NVIDIA GeForce RTX 2080 Ti,Intel(R) Xeon(R) Silver 4114 CPU @ 2.20GHz x8 threads,40,13015449600,0.0,extrapolated_from_1_and_2_blocks,0.0,0.0,
llama2-13b,64,Kpre,int,128,prove_forward,8,4,,cuda,NVIDIA GeForce RTX 2080 Ti,Intel(R) Xeon(R) Silver 4114 CPU @ 2.20GHz x8 threads,40,13015449600,0.6587259115185589,extrapolated_from_1_and_2_blocks,0.04145193030126393,0.05727946828119457,
llama2-13b,64,Kpre,int,128,verify_derive,8,4,,cuda,NVIDIA GeForce RTX 2080 Ti,Intel(R) Xeon(R) Silver 4114 CPU @ 2.20GHz x8 threads,40,13015449600,0.5361897903494537,extrapolated_from_1_and_2_blocks,0.036621266044676304,0.04943071538582444,
llama2-13b,64,Kpre,int,128,verify_fold,8,4,,cuda,NVIDIA GeForce RTX 2080 Ti,Intel(R) Xeon(R) Silver 4114 CPU @ 2.20GHz x8 threads,40,13015449600,0.0,extrapolated_from_1_and_2_blocks,0.0,0.0,
llama2-13b,64,Kpre,int,128,verify_products,8,4,,cuda,NVIDIA GeForce RTX 2080 Ti,Intel(R) Xeon(R) Silver 4114 CPU @ 2.20GHz x8 threads,40,13015449600,3.2141239915508777,extrapolated_from_1_and_2_blocks,0.10481609939597547,0.1845419427845627,
llama2-7b,2048,C,int,128,bytes_total,8,4,,cuda,NVIDIA GeForce RTX 2080 Ti,Intel(R) Xeon(R) Silver 4114 CPU @ 2.20GHz x8 threads,32,6738149376,11586195424.0,measured,405084800.0,765764704.0,11586161824.0
llama2-7b,2048,C,int,128,fs_hash,8,4,,cuda,NVIDIA GeForce RTX 2080 Ti,Intel(R) Xeon(R) Silver 4114 CPU @ 2.20GHz x8 threads,32,6738149376,5.444977432489395e-06,measured,1.2740492820739746e-06,3.0659139156341553e-06,5.6821852922439575e-05
llama2-7b,2048,C,int,128,prove_fold,8,4,,cuda,NVIDIA GeForce RTX 2080 Ti,Intel(R) Xeon(R) Silver 4114 CPU @ 2.20GHz x8 threads,32,6738149376,2.455738921649754,measured,0.20326034491881728,0.2902355110272765,2.8994904942810535
llama2-7b,2048,C,int,128,prove_forward,8,4,,cuda,NVIDIA GeForce RTX 2080 Ti,Intel(R) Xeon(R) Silver 4114 CPU @ 2.20GHz x8 threads,32,6738149376,28.089846240356565,measured,0.9594566710293293,1.8275267342105508,27.869628629647195
llama2-7b,2048,C,int,128,prove_open,8,4,,cuda,NVIDIA GeForce RTX 2080 Ti,Intel(R) Xeon(R) Silver 4114 CPU @ 2.20GHz x8 threads,32,6738149376,5.059988816268742,measured,0.30589954694733024,0.48563210014253855,5.877608695998788
llama2-7b,2048,C,int,128,verify_columns,8,4,,cuda,NVIDIA GeForce RTX 2080 Ti,Intel(R) Xeon(R) Silver 4114 CPU @ 2.20GHz x8 threads,32,6738149376,6.079339979682118,measured,0.36937576113268733,0.5649951188825071,6.4335758513771
llama2-7b,2048,C,int,128,verify_derive,8,4,,cuda,NVIDIA GeForce RTX 2080 Ti,Intel(R) Xeon(R) Silver 4114 CPU @ 2.20GHz x8 threads,32,6738149376,179.19792895717546,measured,6.500197128858417,12.516568216029555,193.00770083116367
llama2-7b,2048,C,int,128,verify_fold,8,4,,cuda,NVIDIA GeForce RTX 2080 Ti,Intel(R) Xeon(R) Silver 4114 CPU @ 2.20GHz x8 threads,32,6738149376,0.0,measured,0.0,0.0,0.0
llama2-7b,2048,C,int,128,verify_products,8,4,,cuda,NVIDIA GeForce RTX 2080 Ti,Intel(R) Xeon(R) Silver 4114 CPU @ 2.20GHz x8 threads,32,6738149376,35.35245370911434,measured,1.2633617939427495,2.6149323508143425,43.16204905696213
llama2-7b,2048,Kpre,int,128,bytes_total,8,4,,cuda,NVIDIA GeForce RTX 2080 Ti,Intel(R) Xeon(R) Silver 4114 CPU @ 2.20GHz x8 threads,32,6738149376,11173753856.0,measured,381809664.0,729936896.0,11173753856.0
llama2-7b,2048,Kpre,int,128,fs_hash,8,4,,cuda,NVIDIA GeForce RTX 2080 Ti,Intel(R) Xeon(R) Silver 4114 CPU @ 2.20GHz x8 threads,32,6738149376,5.326699465513229e-06,measured,2.1960586309432983e-06,3.1152740120887756e-06,3.0691735446453094e-05
llama2-7b,2048,Kpre,int,128,prove_fold,8,4,,cuda,NVIDIA GeForce RTX 2080 Ti,Intel(R) Xeon(R) Silver 4114 CPU @ 2.20GHz x8 threads,32,6738149376,0.0,measured,0.0,0.0,0.0
llama2-7b,2048,Kpre,int,128,prove_forward,8,4,,cuda,NVIDIA GeForce RTX 2080 Ti,Intel(R) Xeon(R) Silver 4114 CPU @ 2.20GHz x8 threads,32,6738149376,28.36782881245017,measured,0.9537727311253548,1.83602921012789,28.30372358020395
llama2-7b,2048,Kpre,int,128,verify_derive,8,4,,cuda,NVIDIA GeForce RTX 2080 Ti,Intel(R) Xeon(R) Silver 4114 CPU @ 2.20GHz x8 threads,32,6738149376,180.3464368339628,measured,6.338784818071872,12.318546313326806,191.71139117097482
llama2-7b,2048,Kpre,int,128,verify_fold,8,4,,cuda,NVIDIA GeForce RTX 2080 Ti,Intel(R) Xeon(R) Silver 4114 CPU @ 2.20GHz x8 threads,32,6738149376,0.0,measured,0.0,0.0,0.0
llama2-7b,2048,Kpre,int,128,verify_products,8,4,,cuda,NVIDIA GeForce RTX 2080 Ti,Intel(R) Xeon(R) Silver 4114 CPU @ 2.20GHz x8 threads,32,6738149376,34.5626901849173,measured,1.203033102210611,2.401025805156678,38.340806893538684
llama2-7b,64,C,int,128,bytes_total,8,4,,cuda,NVIDIA GeForce RTX 2080 Ti,Intel(R) Xeon(R) Silver 4114 CPU @ 2.20GHz x8 threads,32,6738149376,761740576.0,measured,35331168.0,58763888.0,761745488.0
llama2-7b,64,C,int,128,bytes_total,8,4,_nofix,cuda,NVIDIA GeForce RTX 2080 Ti,Intel(R) Xeon(R) Silver 4114 CPU @ 2.20GHz x8 threads,32,6738149376,761740480.0,measured,35331168.0,58763600.0,761736560.0
llama2-7b,64,C,int,128,bytes_total,8,4,_nolean,cuda,NVIDIA GeForce RTX 2080 Ti,Intel(R) Xeon(R) Silver 4114 CPU @ 2.20GHz x8 threads,32,6738149376,761740288.0,measured,,,
llama2-7b,64,C,int,128,fs_hash,8,4,,cuda,NVIDIA GeForce RTX 2080 Ti,Intel(R) Xeon(R) Silver 4114 CPU @ 2.20GHz x8 threads,32,6738149376,1.5478581190109253e-06,measured,1.4211982488632202e-06,1.6596168279647827e-06,8.812174201011658e-06
llama2-7b,64,C,int,128,fs_hash,8,4,_nofix,cuda,NVIDIA GeForce RTX 2080 Ti,Intel(R) Xeon(R) Silver 4114 CPU @ 2.20GHz x8 threads,32,6738149376,1.9352883100509644e-06,measured,1.0486692190170288e-06,9.816139936447144e-07,-1.0300427675247192e-06
llama2-7b,64,C,int,128,fs_hash,8,4,_nolean,cuda,NVIDIA GeForce RTX 2080 Ti,Intel(R) Xeon(R) Silver 4114 CPU @ 2.20GHz x8 threads,32,6738149376,1.301988959312439e-06,measured,,,
llama2-7b,64,C,int,128,prove_fold,8,4,,cuda,NVIDIA GeForce RTX 2080 Ti,Intel(R) Xeon(R) Silver 4114 CPU @ 2.20GHz x8 threads,32,6738149376,2.338653888553381,measured,0.15561923384666443,0.22499999031424522,2.306422684341669
llama2-7b,64,C,int,128,prove_fold,8,4,_nofix,cuda,NVIDIA GeForce RTX 2080 Ti,Intel(R) Xeon(R) Silver 4114 CPU @ 2.20GHz x8 threads,32,6738149376,3.837400458753109,measured,0.2591601777821779,0.3775898553431034,3.930480182170868
llama2-7b,64,C,int,128,prove_fold,8,4,_nolean,cuda,NVIDIA GeForce RTX 2080 Ti,Intel(R) Xeon(R) Silver 4114 CPU @ 2.20GHz x8 threads,32,6738149376,2.3303037770092487,measured,,,
llama2-7b,64,C,int,128,prove_forward,8,4,,cuda,NVIDIA GeForce RTX 2080 Ti,Intel(R) Xeon(R) Silver 4114 CPU @ 2.20GHz x8 threads,32,6738149376,0.8053331486880779,measured,0.024166706949472427,0.03791569545865059,0.45038535073399544
llama2-7b,64,C,int,128,prove_forward,8,4,_nofix,cuda,NVIDIA GeForce RTX 2080 Ti,Intel(R) Xeon(R) Silver 4114 CPU @ 2.20GHz x8 threads,32,6738149376,2.5081053487956524,measured,0.12985034845769405,0.19286464899778366,2.083293665200472
llama2-7b,64,C,int,128,prove_forward,8,4,_nolean,cuda,NVIDIA GeForce RTX 2080 Ti,Intel(R) Xeon(R) Silver 4114 CPU @ 2.20GHz x8 threads,32,6738149376,0.5620681773871183,measured,,,
llama2-7b,64,C,int,128,prove_open,8,4,,cuda,NVIDIA GeForce RTX 2080 Ti,Intel(R) Xeon(R) Silver 4114 CPU @ 2.20GHz x8 threads,32,6738149376,4.719909744337201,measured,0.28651001304388046,0.43681476823985577,4.945957424119115
llama2-7b,64,C,int,128,prove_open,8,4,_nofix,cuda,NVIDIA GeForce RTX 2080 Ti,Intel(R) Xeon(R) Silver 4114 CPU @ 2.20GHz x8 threads,32,6738149376,4.700303476303816,measured,0.2825344204902649,0.4277155827730894,4.783150451257825
llama2-7b,64,C,int,128,prove_open,8,4,_nolean,cuda,NVIDIA GeForce RTX 2080 Ti,Intel(R) Xeon(R) Silver 4114 CPU @ 2.20GHz x8 threads,32,6738149376,4.271774811670184,measured,,,
llama2-7b,64,C,int,128,verify_columns,8,4,,cuda,NVIDIA GeForce RTX 2080 Ti,Intel(R) Xeon(R) Silver 4114 CPU @ 2.20GHz x8 threads,32,6738149376,5.021474005654454,measured,0.3474056124687195,0.4543619975447655,3.663053549826145
llama2-7b,64,C,int,128,verify_columns,8,4,_nofix,cuda,NVIDIA GeForce RTX 2080 Ti,Intel(R) Xeon(R) Silver 4114 CPU @ 2.20GHz x8 threads,32,6738149376,4.782748393714428,measured,0.28662798926234245,0.4313959423452616,4.774434534832835
llama2-7b,64,C,int,128,verify_columns,8,4,_nolean,cuda,NVIDIA GeForce RTX 2080 Ti,Intel(R) Xeon(R) Silver 4114 CPU @ 2.20GHz x8 threads,32,6738149376,4.772353798151016,measured,,,
llama2-7b,64,C,int,128,verify_derive,8,4,,cuda,NVIDIA GeForce RTX 2080 Ti,Intel(R) Xeon(R) Silver 4114 CPU @ 2.20GHz x8 threads,32,6738149376,0.6123340856283903,measured,0.02869074046611786,0.0402317401021719,0.38646172918379307
llama2-7b,64,C,int,128,verify_derive,8,4,_nofix,cuda,NVIDIA GeForce RTX 2080 Ti,Intel(R) Xeon(R) Silver 4114 CPU @ 2.20GHz x8 threads,32,6738149376,0.5974410492926836,measured,0.0311997402459383,0.04650376737117767,0.5056245811283588
llama2-7b,64,C,int,128,verify_derive,8,4,_nolean,cuda,NVIDIA GeForce RTX 2080 Ti,Intel(R) Xeon(R) Silver 4114 CPU @ 2.20GHz x8 threads,32,6738149376,0.6677878331393003,measured,,,
llama2-7b,64,C,int,128,verify_fold,8,4,,cuda,NVIDIA GeForce RTX 2080 Ti,Intel(R) Xeon(R) Silver 4114 CPU @ 2.20GHz x8 threads,32,6738149376,0.0,measured,0.0,0.0,0.0
llama2-7b,64,C,int,128,verify_fold,8,4,_nofix,cuda,NVIDIA GeForce RTX 2080 Ti,Intel(R) Xeon(R) Silver 4114 CPU @ 2.20GHz x8 threads,32,6738149376,0.0,measured,0.0,0.0,0.0
llama2-7b,64,C,int,128,verify_fold,8,4,_nolean,cuda,NVIDIA GeForce RTX 2080 Ti,Intel(R) Xeon(R) Silver 4114 CPU @ 2.20GHz x8 threads,32,6738149376,0.0,measured,,,
llama2-7b,64,C,int,128,verify_products,8,4,,cuda,NVIDIA GeForce RTX 2080 Ti,Intel(R) Xeon(R) Silver 4114 CPU @ 2.20GHz x8 threads,32,6738149376,1.6490310411900282,measured,0.09011552296578884,0.12651276402175426,1.218429995700717
llama2-7b,64,C,int,128,verify_products,8,4,_nofix,cuda,NVIDIA GeForce RTX 2080 Ti,Intel(R) Xeon(R) Silver 4114 CPU @ 2.20GHz x8 threads,32,6738149376,1.6233685929328203,measured,0.06840785034000874,0.11862325295805931,1.6250853314995766
llama2-7b,64,C,int,128,verify_products,8,4,_nolean,cuda,NVIDIA GeForce RTX 2080 Ti,Intel(R) Xeon(R) Silver 4114 CPU @ 2.20GHz x8 threads,32,6738149376,1.6328326258808374,measured,,,
llama2-7b,64,Kpre,int,128,bytes_total,8,4,,cuda,NVIDIA GeForce RTX 2080 Ti,Intel(R) Xeon(R) Silver 4114 CPU @ 2.20GHz x8 threads,32,6738149376,349303808.0,measured,12055552.0,22934528.0,349303808.0
llama2-7b,64,Kpre,int,128,bytes_total,8,4,_nofix,cuda,NVIDIA GeForce RTX 2080 Ti,Intel(R) Xeon(R) Silver 4114 CPU @ 2.20GHz x8 threads,32,6738149376,349303808.0,measured,12055552.0,22934528.0,349303808.0
llama2-7b,64,Kpre,int,128,bytes_total,8,4,_nolean,cuda,NVIDIA GeForce RTX 2080 Ti,Intel(R) Xeon(R) Silver 4114 CPU @ 2.20GHz x8 threads,32,6738149376,349303808.0,measured,,,
llama2-7b,64,Kpre,int,128,fs_hash,8,4,,cuda,NVIDIA GeForce RTX 2080 Ti,Intel(R) Xeon(R) Silver 4114 CPU @ 2.20GHz x8 threads,32,6738149376,9.853392839431763e-07,measured,2.088025212287903e-06,1.3932585716247559e-06,-1.9449740648269653e-05
llama2-7b,64,Kpre,int,128,fs_hash,8,4,_nofix,cuda,NVIDIA GeForce RTX 2080 Ti,Intel(R) Xeon(R) Silver 4114 CPU @ 2.20GHz x8 threads,32,6738149376,1.6763806343078613e-06,measured,9.369105100631714e-07,1.0747462511062622e-06,5.209818482398987e-06
llama2-7b,64,Kpre,int,128,fs_hash,8,4,_nolean,cuda,NVIDIA GeForce RTX 2080 Ti,Intel(R) Xeon(R) Silver 4114 CPU @ 2.20GHz x8 threads,32,6738149376,1.4435499906539917e-06,measured,,,
llama2-7b,64,Kpre,int,128,prove_fold,8,4,,cuda,NVIDIA GeForce RTX 2080 Ti,Intel(R) Xeon(R) Silver 4114 CPU @ 2.20GHz x8 threads,32,6738149376,0.0,measured,0.0,0.0,0.0
llama2-7b,64,Kpre,int,128,prove_fold,8,4,_nofix,cuda,NVIDIA GeForce RTX 2080 Ti,Intel(R) Xeon(R) Silver 4114 CPU @ 2.20GHz x8 threads,32,6738149376,0.0,measured,0.0,0.0,0.0
llama2-7b,64,Kpre,int,128,prove_fold,8,4,_nolean,cuda,NVIDIA GeForce RTX 2080 Ti,Intel(R) Xeon(R) Silver 4114 CPU @ 2.20GHz x8 threads,32,6738149376,0.0,measured,,,
llama2-7b,64,Kpre,int,128,prove_forward,8,4,,cuda,NVIDIA GeForce RTX 2080 Ti,Intel(R) Xeon(R) Silver 4114 CPU @ 2.20GHz x8 threads,32,6738149376,0.5609114840626717,measured,0.022681046277284622,0.03861295431852341,0.516570195555687
llama2-7b,64,Kpre,int,128,prove_forward,8,4,_nofix,cuda,NVIDIA GeForce RTX 2080 Ti,Intel(R) Xeon(R) Silver 4114 CPU @ 2.20GHz x8 threads,32,6738149376,0.5371630471199751,measured,0.022333543747663498,0.04067973420023918,0.5910654477775097
llama2-7b,64,Kpre,int,128,prove_forward,8,4,_nolean,cuda,NVIDIA GeForce RTX 2080 Ti,Intel(R) Xeon(R) Silver 4114 CPU @ 2.20GHz x8 threads,32,6738149376,0.5675253290683031,measured,,,
llama2-7b,64,Kpre,int,128,verify_derive,8,4,,cuda,NVIDIA GeForce RTX 2080 Ti,Intel(R) Xeon(R) Silver 4114 CPU @ 2.20GHz x8 threads,32,6738149376,0.5737677942961454,measured,0.022669019177556038,0.03774266876280308,0.48995215632021427
llama2-7b,64,Kpre,int,128,verify_derive,8,4,_nofix,cuda,NVIDIA GeForce RTX 2080 Ti,Intel(R) Xeon(R) Silver 4114 CPU @ 2.20GHz x8 threads,32,6738149376,0.6210419069975615,measured,0.0221055056899786,0.037155743688344955,0.48866288363933563
llama2-7b,64,Kpre,int,128,verify_derive,8,4,_nolean,cuda,NVIDIA GeForce RTX 2080 Ti,Intel(R) Xeon(R) Silver 4114 CPU @ 2.20GHz x8 threads,32,6738149376,0.6511143147945404,measured,,,
llama2-7b,64,Kpre,int,128,verify_fold,8,4,,cuda,NVIDIA GeForce RTX 2080 Ti,Intel(R) Xeon(R) Silver 4114 CPU @ 2.20GHz x8 threads,32,6738149376,0.0,measured,0.0,0.0,0.0
llama2-7b,64,Kpre,int,128,verify_fold,8,4,_nofix,cuda,NVIDIA GeForce RTX 2080 Ti,Intel(R) Xeon(R) Silver 4114 CPU @ 2.20GHz x8 threads,32,6738149376,0.0,measured,0.0,0.0,0.0
llama2-7b,64,Kpre,int,128,verify_fold,8,4,_nolean,cuda,NVIDIA GeForce RTX 2080 Ti,Intel(R) Xeon(R) Silver 4114 CPU @ 2.20GHz x8 threads,32,6738149376,0.0,measured,,,
llama2-7b,64,Kpre,int,128,verify_products,8,4,,cuda,NVIDIA GeForce RTX 2080 Ti,Intel(R) Xeon(R) Silver 4114 CPU @ 2.20GHz x8 threads,32,6738149376,1.6218981705605984,measured,0.07282455265522003,0.11748175136744976,1.4571977127343416
llama2-7b,64,Kpre,int,128,verify_products,8,4,_nofix,cuda,NVIDIA GeForce RTX 2080 Ti,Intel(R) Xeon(R) Silver 4114 CPU @ 2.20GHz x8 threads,32,6738149376,1.671459587290883,measured,0.06270089745521545,0.11412570625543594,1.6568699702620506
llama2-7b,64,Kpre,int,128,verify_products,8,4,_nolean,cuda,NVIDIA GeForce RTX 2080 Ti,Intel(R) Xeon(R) Silver 4114 CPU @ 2.20GHz x8 threads,32,6738149376,1.5934599209576845,measured,,,
opt-1.3b,2048,C,int,128,bytes_total,8,4,,cuda,NVIDIA GeForce RTX 2080 Ti,Intel(R) Xeon(R) Silver 4114 CPU @ 2.20GHz x8 threads,24,1315553280,3807060384.0,measured,206447384.0,362996272.0,3807071808.0
opt-1.3b,2048,C,int,128,bytes_total,8,4,_nofix,cuda,NVIDIA GeForce RTX 2080 Ti,Intel(R) Xeon(R) Silver 4114 CPU @ 2.20GHz x8 threads,24,1315553280,3807062560.0,measured,,,
opt-1.3b,2048,C,int,128,fs_hash,8,4,,cuda,NVIDIA GeForce RTX 2080 Ti,Intel(R) Xeon(R) Silver 4114 CPU @ 2.20GHz x8 threads,24,1315553280,4.101544618606567e-06,measured,2.0228326320648193e-06,1.2628734111785889e-06,-1.545622944831848e-05
opt-1.3b,2048,C,int,128,fs_hash,8,4,_nofix,cuda,NVIDIA GeForce RTX 2080 Ti,Intel(R) Xeon(R) Silver 4114 CPU @ 2.20GHz x8 threads,24,1315553280,4.600733518600464e-06,measured,,,
opt-1.3b,2048,C,int,128,prove_fold,8,4,,cuda,NVIDIA GeForce RTX 2080 Ti,Intel(R) Xeon(R) Silver 4114 CPU @ 2.20GHz x8 threads,24,1315553280,0.747596025466919,measured,0.11885058134794235,0.14944365248084068,0.822491217404604
opt-1.3b,2048,C,int,128,prove_fold,8,4,_nofix,cuda,NVIDIA GeForce RTX 2080 Ti,Intel(R) Xeon(R) Silver 4114 CPU @ 2.20GHz x8 threads,24,1315553280,1.7345915362238884,measured,,,
opt-1.3b,2048,C,int,128,prove_forward,8,4,,cuda,NVIDIA GeForce RTX 2080 Ti,Intel(R) Xeon(R) Silver 4114 CPU @ 2.20GHz x8 threads,24,1315553280,8.976983681321144,measured,0.45921021699905396,0.8342044875025749,9.084078438580036
opt-1.3b,2048,C,int,128,prove_forward,8,4,_nofix,cuda,NVIDIA GeForce RTX 2080 Ti,Intel(R) Xeon(R) Silver 4114 CPU @ 2.20GHz x8 threads,24,1315553280,9.775997269898653,measured,,,
opt-1.3b,2048,C,int,128,prove_open,8,4,,cuda,NVIDIA GeForce RTX 2080 Ti,Intel(R) Xeon(R) Silver 4114 CPU @ 2.20GHz x8 threads,24,1315553280,1.251910001039505,measured,0.18602534011006355,0.19979124888777733,0.5026412419974804
opt-1.3b,2048,C,int,128,prove_open,8,4,_nofix,cuda,NVIDIA GeForce RTX 2080 Ti,Intel(R) Xeon(R) Silver 4114 CPU @ 2.20GHz x8 threads,24,1315553280,1.2654233761131763,measured,,,
opt-1.3b,2048,C,int,128,verify_columns,8,4,,cuda,NVIDIA GeForce RTX 2080 Ti,Intel(R) Xeon(R) Silver 4114 CPU @ 2.20GHz x8 threads,24,1315553280,1.9309913218021393,measured,0.30209391191601753,0.3504011146724224,1.4131595753133297
opt-1.3b,2048,C,int,128,verify_columns,8,4,_nofix,cuda,NVIDIA GeForce RTX 2080 Ti,Intel(R) Xeon(R) Silver 4114 CPU @ 2.20GHz x8 threads,24,1315553280,1.9724690653383732,measured,,,
opt-1.3b,2048,C,int,128,verify_derive,8,4,,cuda,NVIDIA GeForce RTX 2080 Ti,Intel(R) Xeon(R) Silver 4114 CPU @ 2.20GHz x8 threads,24,1315553280,101.32167871668935,measured,5.050049167126417,9.299477338790894,102.78689711540937
opt-1.3b,2048,C,int,128,verify_derive,8,4,_nofix,cuda,NVIDIA GeForce RTX 2080 Ti,Intel(R) Xeon(R) Silver 4114 CPU @ 2.20GHz x8 threads,24,1315553280,108.41714717820287,measured,,,
opt-1.3b,2048,C,int,128,verify_fold,8,4,,cuda,NVIDIA GeForce RTX 2080 Ti,Intel(R) Xeon(R) Silver 4114 CPU @ 2.20GHz x8 threads,24,1315553280,0.0,measured,0.0,0.0,0.0
opt-1.3b,2048,C,int,128,verify_fold,8,4,_nofix,cuda,NVIDIA GeForce RTX 2080 Ti,Intel(R) Xeon(R) Silver 4114 CPU @ 2.20GHz x8 threads,24,1315553280,0.0,measured,,,
opt-1.3b,2048,C,int,128,verify_products,8,4,,cuda,NVIDIA GeForce RTX 2080 Ti,Intel(R) Xeon(R) Silver 4114 CPU @ 2.20GHz x8 threads,24,1315553280,9.584769107401371,measured,0.4831760302186012,0.8537860959768295,9.007207542657852
opt-1.3b,2048,C,int,128,verify_products,8,4,_nofix,cuda,NVIDIA GeForce RTX 2080 Ti,Intel(R) Xeon(R) Silver 4114 CPU @ 2.20GHz x8 threads,24,1315553280,10.324690598994493,measured,,,
opt-1.3b,2048,Kpre,int,128,bytes_total,8,4,,cuda,NVIDIA GeForce RTX 2080 Ti,Intel(R) Xeon(R) Silver 4114 CPU @ 2.20GHz x8 threads,24,1315553280,3657634176.0,measured,184750464.0,335745408.0,3657634176.0
opt-1.3b,2048,Kpre,int,128,fs_hash,8,4,,cuda,NVIDIA GeForce RTX 2080 Ti,Intel(R) Xeon(R) Silver 4114 CPU @ 2.20GHz x8 threads,24,1315553280,4.891306161880493e-06,measured,1.1399388313293457e-06,1.0579824447631836e-06,-7.450580596923828e-07
opt-1.3b,2048,Kpre,int,128,prove_fold,8,4,,cuda,NVIDIA GeForce RTX 2080 Ti,Intel(R) Xeon(R) Silver 4114 CPU @ 2.20GHz x8 threads,24,1315553280,0.0,measured,0.0,0.0,0.0
opt-1.3b,2048,Kpre,int,128,prove_forward,8,4,,cuda,NVIDIA GeForce RTX 2080 Ti,Intel(R) Xeon(R) Silver 4114 CPU @ 2.20GHz x8 threads,24,1315553280,9.32184837386012,measured,0.45089492201805115,0.8224735595285892,8.997203584760427
opt-1.3b,2048,Kpre,int,128,verify_derive,8,4,,cuda,NVIDIA GeForce RTX 2080 Ti,Intel(R) Xeon(R) Silver 4114 CPU @ 2.20GHz x8 threads,24,1315553280,105.4651859998703,measured,5.053669694811106,9.388180300593376,104.74741362780333
opt-1.3b,2048,Kpre,int,128,verify_fold,8,4,,cuda,NVIDIA GeForce RTX 2080 Ti,Intel(R) Xeon(R) Silver 4114 CPU @ 2.20GHz x8 threads,24,1315553280,0.0,measured,0.0,0.0,0.0
opt-1.3b,2048,Kpre,int,128,verify_products,8,4,,cuda,NVIDIA GeForce RTX 2080 Ti,Intel(R) Xeon(R) Silver 4114 CPU @ 2.20GHz x8 threads,24,1315553280,10.215563096106052,measured,0.46123502776026726,0.8169960677623749,8.643738947808743
opt-1.3b,64,C,int,128,bytes_total,8,4,,cuda,NVIDIA GeForce RTX 2080 Ti,Intel(R) Xeon(R) Silver 4114 CPU @ 2.20GHz x8 threads,24,1315553280,263926848.0,measured,27665656.0,37937616.0,263920736.0
opt-1.3b,64,C,int,128,fs_hash,8,4,,cuda,NVIDIA GeForce RTX 2080 Ti,Intel(R) Xeon(R) Silver 4114 CPU @ 2.20GHz x8 threads,24,1315553280,1.300126314163208e-06,measured,9.5367431640625e-07,1.3243407011032104e-06,9.47900116443634e-06
opt-1.3b,64,C,int,128,prove_fold,8,4,,cuda,NVIDIA GeForce RTX 2080 Ti,Intel(R) Xeon(R) Silver 4114 CPU @ 2.20GHz x8 threads,24,1315553280,0.7149191703647375,measured,0.08985408395528793,0.11670123040676117,0.7073384523391724
opt-1.3b,64,C,int,128,prove_forward,8,4,,cuda,NVIDIA GeForce RTX 2080 Ti,Intel(R) Xeon(R) Silver 4114 CPU @ 2.20GHz x8 threads,24,1315553280,0.20279264263808727,measured,0.012484977021813393,0.019993802532553673,0.18518796376883984
opt-1.3b,64,C,int,128,prove_open,8,4,,cuda,NVIDIA GeForce RTX 2080 Ti,Intel(R) Xeon(R) Silver 4114 CPU @ 2.20GHz x8 threads,24,1315553280,1.1780975386500359,measured,0.17968597263097763,0.22532573528587818,1.2294005136936903
opt-1.3b,64,C,int,128,verify_columns,8,4,,cuda,NVIDIA GeForce RTX 2080 Ti,Intel(R) Xeon(R) Silver 4114 CPU @ 2.20GHz x8 threads,24,1315553280,2.065626163035631,measured,0.2915950510650873,0.37943473644554615,2.3119078148156404
opt-1.3b,64,C,int,128,verify_derive,8,4,,cuda,NVIDIA GeForce RTX 2080 Ti,Intel(R) Xeon(R) Silver 4114 CPU @ 2.20GHz x8 threads,24,1315553280,0.2788475211709738,measured,0.023867551237344742,0.035719385370612144,0.296459736302495
opt-1.3b,64,C,int,128,verify_fold,8,4,,cuda,NVIDIA GeForce RTX 2080 Ti,Intel(R) Xeon(R) Silver 4114 CPU @ 2.20GHz x8 threads,24,1315553280,0.0,measured,0.0,0.0,0.0
opt-1.3b,64,C,int,128,verify_products,8,4,,cuda,NVIDIA GeForce RTX 2080 Ti,Intel(R) Xeon(R) Silver 4114 CPU @ 2.20GHz x8 threads,24,1315553280,0.6686536148190498,measured,0.05118102207779884,0.07966113463044167,0.7062236107885838
opt-1.3b,64,Kpre,int,128,bytes_total,8,4,,cuda,NVIDIA GeForce RTX 2080 Ti,Intel(R) Xeon(R) Silver 4114 CPU @ 2.20GHz x8 threads,24,1315553280,114495872.0,measured,5968256.0,10686848.0,114495872.0
opt-1.3b,64,Kpre,int,128,fs_hash,8,4,,cuda,NVIDIA GeForce RTX 2080 Ti,Intel(R) Xeon(R) Silver 4114 CPU @ 2.20GHz x8 threads,24,1315553280,1.1455267667770386e-06,measured,1.1604279279708862e-06,9.96515154838562e-07,-2.609565854072571e-06
opt-1.3b,64,Kpre,int,128,prove_fold,8,4,,cuda,NVIDIA GeForce RTX 2080 Ti,Intel(R) Xeon(R) Silver 4114 CPU @ 2.20GHz x8 threads,24,1315553280,0.0,measured,0.0,0.0,0.0
opt-1.3b,64,Kpre,int,128,prove_forward,8,4,,cuda,NVIDIA GeForce RTX 2080 Ti,Intel(R) Xeon(R) Silver 4114 CPU @ 2.20GHz x8 threads,24,1315553280,0.20018579252064228,measured,0.012843271717429161,0.021390283480286598,0.20942454226315022
opt-1.3b,64,Kpre,int,128,verify_derive,8,4,,cuda,NVIDIA GeForce RTX 2080 Ti,Intel(R) Xeon(R) Silver 4114 CPU @ 2.20GHz x8 threads,24,1315553280,0.2800701428204775,measured,0.012932760640978813,0.025084014981985092,0.29241161048412323
opt-1.3b,64,Kpre,int,128,verify_fold,8,4,,cuda,NVIDIA GeForce RTX 2080 Ti,Intel(R) Xeon(R) Silver 4114 CPU @ 2.20GHz x8 threads,24,1315553280,0.0,measured,0.0,0.0,0.0
opt-1.3b,64,Kpre,int,128,verify_products,8,4,,cuda,NVIDIA GeForce RTX 2080 Ti,Intel(R) Xeon(R) Silver 4114 CPU @ 2.20GHz x8 threads,24,1315553280,0.6694521270692348,measured,0.04655776731669903,0.07570887915790081,0.71703333966434
opt-125m,2048,C,int,128,bytes_total,8,4,,cuda,NVIDIA GeForce RTX 2080 Ti,Intel(R) Xeon(R) Silver 4114 CPU @ 2.20GHz x8 threads,12,125199360,732530688.0,measured,,,
opt-125m,2048,C,int,128,fs_hash,8,4,,cuda,NVIDIA GeForce RTX 2080 Ti,Intel(R) Xeon(R) Silver 4114 CPU @ 2.20GHz x8 threads,12,125199360,2.3473985493183136e-06,measured,,,
opt-125m,2048,C,int,128,prove_fold,8,4,,cuda,NVIDIA GeForce RTX 2080 Ti,Intel(R) Xeon(R) Silver 4114 CPU @ 2.20GHz x8 threads,12,125199360,0.2132093352265656,measured,,,
opt-125m,2048,C,int,128,prove_forward,8,4,,cuda,NVIDIA GeForce RTX 2080 Ti,Intel(R) Xeon(R) Silver 4114 CPU @ 2.20GHz x8 threads,12,125199360,1.0432409080676734,measured,,,
opt-125m,2048,C,int,128,prove_open,8,4,,cuda,NVIDIA GeForce RTX 2080 Ti,Intel(R) Xeon(R) Silver 4114 CPU @ 2.20GHz x8 threads,12,125199360,0.3000948238186538,measured,,,
opt-125m,2048,C,int,128,verify_columns,8,4,,cuda,NVIDIA GeForce RTX 2080 Ti,Intel(R) Xeon(R) Silver 4114 CPU @ 2.20GHz x8 threads,12,125199360,0.9178729639388621,measured,,,
opt-125m,2048,C,int,128,verify_derive,8,4,,cuda,NVIDIA GeForce RTX 2080 Ti,Intel(R) Xeon(R) Silver 4114 CPU @ 2.20GHz x8 threads,12,125199360,21.576418567914516,measured,,,
opt-125m,2048,C,int,128,verify_fold,8,4,,cuda,NVIDIA GeForce RTX 2080 Ti,Intel(R) Xeon(R) Silver 4114 CPU @ 2.20GHz x8 threads,12,125199360,0.0,measured,,,
opt-125m,2048,C,int,128,verify_products,8,4,,cuda,NVIDIA GeForce RTX 2080 Ti,Intel(R) Xeon(R) Silver 4114 CPU @ 2.20GHz x8 threads,12,125199360,1.7734547099098563,measured,,,
opt-125m,2048,C,int,40,bytes_total,8,4,,cuda,NVIDIA GeForce RTX 2080 Ti,Intel(R) Xeon(R) Silver 4114 CPU @ 2.20GHz x8 threads,12,125199360,706688160.0,measured,,,
opt-125m,2048,C,int,40,fs_hash,8,4,,cuda,NVIDIA GeForce RTX 2080 Ti,Intel(R) Xeon(R) Silver 4114 CPU @ 2.20GHz x8 threads,12,125199360,1.3797543942928314e-06,measured,,,
opt-125m,2048,C,int,40,prove_fold,8,4,,cuda,NVIDIA GeForce RTX 2080 Ti,Intel(R) Xeon(R) Silver 4114 CPU @ 2.20GHz x8 threads,12,125199360,0.20667152386158705,measured,,,
opt-125m,2048,C,int,40,prove_forward,8,4,,cuda,NVIDIA GeForce RTX 2080 Ti,Intel(R) Xeon(R) Silver 4114 CPU @ 2.20GHz x8 threads,12,125199360,1.4995238110423088,measured,,,
opt-125m,2048,C,int,40,prove_open,8,4,,cuda,NVIDIA GeForce RTX 2080 Ti,Intel(R) Xeon(R) Silver 4114 CPU @ 2.20GHz x8 threads,12,125199360,0.14714516326785088,measured,,,
opt-125m,2048,C,int,40,verify_columns,8,4,,cuda,NVIDIA GeForce RTX 2080 Ti,Intel(R) Xeon(R) Silver 4114 CPU @ 2.20GHz x8 threads,12,125199360,0.5032751206308603,measured,,,
opt-125m,2048,C,int,40,verify_derive,8,4,,cuda,NVIDIA GeForce RTX 2080 Ti,Intel(R) Xeon(R) Silver 4114 CPU @ 2.20GHz x8 threads,12,125199360,20.040889305993915,measured,,,
opt-125m,2048,C,int,40,verify_fold,8,4,,cuda,NVIDIA GeForce RTX 2080 Ti,Intel(R) Xeon(R) Silver 4114 CPU @ 2.20GHz x8 threads,12,125199360,0.0,measured,,,
opt-125m,2048,C,int,40,verify_products,8,4,,cuda,NVIDIA GeForce RTX 2080 Ti,Intel(R) Xeon(R) Silver 4114 CPU @ 2.20GHz x8 threads,12,125199360,1.665339991915971,measured,,,
opt-125m,2048,Kpre,int,128,bytes_total,8,4,,cuda,NVIDIA GeForce RTX 2080 Ti,Intel(R) Xeon(R) Silver 4114 CPU @ 2.20GHz x8 threads,12,125199360,692261248.0,measured,,,
opt-125m,2048,Kpre,int,128,fs_hash,8,4,,cuda,NVIDIA GeForce RTX 2080 Ti,Intel(R) Xeon(R) Silver 4114 CPU @ 2.20GHz x8 threads,12,125199360,1.1371448636054993e-06,measured,,,
opt-125m,2048,Kpre,int,128,prove_fold,8,4,,cuda,NVIDIA GeForce RTX 2080 Ti,Intel(R) Xeon(R) Silver 4114 CPU @ 2.20GHz x8 threads,12,125199360,0.0,measured,,,
opt-125m,2048,Kpre,int,128,prove_forward,8,4,,cuda,NVIDIA GeForce RTX 2080 Ti,Intel(R) Xeon(R) Silver 4114 CPU @ 2.20GHz x8 threads,12,125199360,0.7485297713428736,measured,,,
opt-125m,2048,Kpre,int,128,verify_derive,8,4,,cuda,NVIDIA GeForce RTX 2080 Ti,Intel(R) Xeon(R) Silver 4114 CPU @ 2.20GHz x8 threads,12,125199360,20.380321246106178,measured,,,
opt-125m,2048,Kpre,int,128,verify_fold,8,4,,cuda,NVIDIA GeForce RTX 2080 Ti,Intel(R) Xeon(R) Silver 4114 CPU @ 2.20GHz x8 threads,12,125199360,0.0,measured,,,
opt-125m,2048,Kpre,int,128,verify_products,8,4,,cuda,NVIDIA GeForce RTX 2080 Ti,Intel(R) Xeon(R) Silver 4114 CPU @ 2.20GHz x8 threads,12,125199360,1.7737504402175546,measured,,,
opt-125m,2048,Kpre,int,40,bytes_total,8,4,,cuda,NVIDIA GeForce RTX 2080 Ti,Intel(R) Xeon(R) Silver 4114 CPU @ 2.20GHz x8 threads,12,125199360,692261248.0,measured,,,
opt-125m,2048,Kpre,int,40,fs_hash,8,4,,cuda,NVIDIA GeForce RTX 2080 Ti,Intel(R) Xeon(R) Silver 4114 CPU @ 2.20GHz x8 threads,12,125199360,1.2228265404701233e-06,measured,,,
opt-125m,2048,Kpre,int,40,prove_fold,8,4,,cuda,NVIDIA GeForce RTX 2080 Ti,Intel(R) Xeon(R) Silver 4114 CPU @ 2.20GHz x8 threads,12,125199360,0.0,measured,,,
opt-125m,2048,Kpre,int,40,prove_forward,8,4,,cuda,NVIDIA GeForce RTX 2080 Ti,Intel(R) Xeon(R) Silver 4114 CPU @ 2.20GHz x8 threads,12,125199360,1.5464268308132887,measured,,,
opt-125m,2048,Kpre,int,40,verify_derive,8,4,,cuda,NVIDIA GeForce RTX 2080 Ti,Intel(R) Xeon(R) Silver 4114 CPU @ 2.20GHz x8 threads,12,125199360,20.163009786978364,measured,,,
opt-125m,2048,Kpre,int,40,verify_fold,8,4,,cuda,NVIDIA GeForce RTX 2080 Ti,Intel(R) Xeon(R) Silver 4114 CPU @ 2.20GHz x8 threads,12,125199360,0.0,measured,,,
opt-125m,2048,Kpre,int,40,verify_products,8,4,,cuda,NVIDIA GeForce RTX 2080 Ti,Intel(R) Xeon(R) Silver 4114 CPU @ 2.20GHz x8 threads,12,125199360,1.6511823409236968,measured,,,
opt-125m,64,C,int,128,bytes_total,8,4,,cuda,NVIDIA GeForce RTX 2080 Ti,Intel(R) Xeon(R) Silver 4114 CPU @ 2.20GHz x8 threads,12,125199360,62098656.0,measured,,,
opt-125m,64,C,int,128,fs_hash,8,4,,cuda,NVIDIA GeForce RTX 2080 Ti,Intel(R) Xeon(R) Silver 4114 CPU @ 2.20GHz x8 threads,12,125199360,1.3951212167739868e-06,measured,,,
opt-125m,64,C,int,128,prove_fold,8,4,,cuda,NVIDIA GeForce RTX 2080 Ti,Intel(R) Xeon(R) Silver 4114 CPU @ 2.20GHz x8 threads,12,125199360,0.2019478678703308,measured,,,
opt-125m,64,C,int,128,prove_forward,8,4,,cuda,NVIDIA GeForce RTX 2080 Ti,Intel(R) Xeon(R) Silver 4114 CPU @ 2.20GHz x8 threads,12,125199360,0.10522190714254975,measured,,,
opt-125m,64,C,int,128,prove_open,8,4,,cuda,NVIDIA GeForce RTX 2080 Ti,Intel(R) Xeon(R) Silver 4114 CPU @ 2.20GHz x8 threads,12,125199360,0.293378836940974,measured,,,
opt-125m,64,C,int,128,verify_columns,8,4,,cuda,NVIDIA GeForce RTX 2080 Ti,Intel(R) Xeon(R) Silver 4114 CPU @ 2.20GHz x8 threads,12,125199360,0.9531484660692513,measured,,,
opt-125m,64,C,int,128,verify_derive,8,4,,cuda,NVIDIA GeForce RTX 2080 Ti,Intel(R) Xeon(R) Silver 4114 CPU @ 2.20GHz x8 threads,12,125199360,0.12609484093263745,measured,,,
opt-125m,64,C,int,128,verify_fold,8,4,,cuda,NVIDIA GeForce RTX 2080 Ti,Intel(R) Xeon(R) Silver 4114 CPU @ 2.20GHz x8 threads,12,125199360,0.0,measured,,,
opt-125m,64,C,int,128,verify_products,8,4,,cuda,NVIDIA GeForce RTX 2080 Ti,Intel(R) Xeon(R) Silver 4114 CPU @ 2.20GHz x8 threads,12,125199360,0.2979557355865836,measured,,,
opt-125m,64,C,int,40,bytes_total,8,4,,cuda,NVIDIA GeForce RTX 2080 Ti,Intel(R) Xeon(R) Silver 4114 CPU @ 2.20GHz x8 threads,12,125199360,36255520.0,measured,,,
opt-125m,64,C,int,40,fs_hash,8,4,,cuda,NVIDIA GeForce RTX 2080 Ti,Intel(R) Xeon(R) Silver 4114 CPU @ 2.20GHz x8 threads,12,125199360,1.3527460396289825e-06,measured,,,
opt-125m,64,C,int,40,prove_fold,8,4,,cuda,NVIDIA GeForce RTX 2080 Ti,Intel(R) Xeon(R) Silver 4114 CPU @ 2.20GHz x8 threads,12,125199360,0.2099149851128459,measured,,,
opt-125m,64,C,int,40,prove_forward,8,4,,cuda,NVIDIA GeForce RTX 2080 Ti,Intel(R) Xeon(R) Silver 4114 CPU @ 2.20GHz x8 threads,12,125199360,0.10537791717797518,measured,,,
opt-125m,64,C,int,40,prove_open,8,4,,cuda,NVIDIA GeForce RTX 2080 Ti,Intel(R) Xeon(R) Silver 4114 CPU @ 2.20GHz x8 threads,12,125199360,0.15052382787689567,measured,,,
opt-125m,64,C,int,40,verify_columns,8,4,,cuda,NVIDIA GeForce RTX 2080 Ti,Intel(R) Xeon(R) Silver 4114 CPU @ 2.20GHz x8 threads,12,125199360,0.5517581072635949,measured,,,
opt-125m,64,C,int,40,verify_derive,8,4,,cuda,NVIDIA GeForce RTX 2080 Ti,Intel(R) Xeon(R) Silver 4114 CPU @ 2.20GHz x8 threads,12,125199360,0.12086039921268821,measured,,,
opt-125m,64,C,int,40,verify_fold,8,4,,cuda,NVIDIA GeForce RTX 2080 Ti,Intel(R) Xeon(R) Silver 4114 CPU @ 2.20GHz x8 threads,12,125199360,0.0,measured,,,
opt-125m,64,C,int,40,verify_products,8,4,,cuda,NVIDIA GeForce RTX 2080 Ti,Intel(R) Xeon(R) Silver 4114 CPU @ 2.20GHz x8 threads,12,125199360,0.2689160332083702,measured,,,
opt-125m,64,Kpre,int,128,bytes_total,8,4,,cuda,NVIDIA GeForce RTX 2080 Ti,Intel(R) Xeon(R) Silver 4114 CPU @ 2.20GHz x8 threads,12,125199360,21827968.0,measured,,,
opt-125m,64,Kpre,int,128,fs_hash,8,4,,cuda,NVIDIA GeForce RTX 2080 Ti,Intel(R) Xeon(R) Silver 4114 CPU @ 2.20GHz x8 threads,12,125199360,1.1711381375789642e-06,measured,,,
opt-125m,64,Kpre,int,128,prove_fold,8,4,,cuda,NVIDIA GeForce RTX 2080 Ti,Intel(R) Xeon(R) Silver 4114 CPU @ 2.20GHz x8 threads,12,125199360,0.0,measured,,,
opt-125m,64,Kpre,int,128,prove_forward,8,4,,cuda,NVIDIA GeForce RTX 2080 Ti,Intel(R) Xeon(R) Silver 4114 CPU @ 2.20GHz x8 threads,12,125199360,0.11584777710959315,measured,,,
opt-125m,64,Kpre,int,128,verify_derive,8,4,,cuda,NVIDIA GeForce RTX 2080 Ti,Intel(R) Xeon(R) Silver 4114 CPU @ 2.20GHz x8 threads,12,125199360,0.11922611016780138,measured,,,
opt-125m,64,Kpre,int,128,verify_fold,8,4,,cuda,NVIDIA GeForce RTX 2080 Ti,Intel(R) Xeon(R) Silver 4114 CPU @ 2.20GHz x8 threads,12,125199360,0.0,measured,,,
opt-125m,64,Kpre,int,128,verify_products,8,4,,cuda,NVIDIA GeForce RTX 2080 Ti,Intel(R) Xeon(R) Silver 4114 CPU @ 2.20GHz x8 threads,12,125199360,0.2893737070262432,measured,,,
opt-125m,64,Kpre,int,40,bytes_total,8,4,,cuda,NVIDIA GeForce RTX 2080 Ti,Intel(R) Xeon(R) Silver 4114 CPU @ 2.20GHz x8 threads,12,125199360,21827968.0,measured,,,
opt-125m,64,Kpre,int,40,fs_hash,8,4,,cuda,NVIDIA GeForce RTX 2080 Ti,Intel(R) Xeon(R) Silver 4114 CPU @ 2.20GHz x8 threads,12,125199360,1.1189840734004974e-06,measured,,,
opt-125m,64,Kpre,int,40,prove_fold,8,4,,cuda,NVIDIA GeForce RTX 2080 Ti,Intel(R) Xeon(R) Silver 4114 CPU @ 2.20GHz x8 threads,12,125199360,0.0,measured,,,
opt-125m,64,Kpre,int,40,prove_forward,8,4,,cuda,NVIDIA GeForce RTX 2080 Ti,Intel(R) Xeon(R) Silver 4114 CPU @ 2.20GHz x8 threads,12,125199360,0.11594764003530145,measured,,,
opt-125m,64,Kpre,int,40,verify_derive,8,4,,cuda,NVIDIA GeForce RTX 2080 Ti,Intel(R) Xeon(R) Silver 4114 CPU @ 2.20GHz x8 threads,12,125199360,0.12071921397000551,measured,,,
opt-125m,64,Kpre,int,40,verify_fold,8,4,,cuda,NVIDIA GeForce RTX 2080 Ti,Intel(R) Xeon(R) Silver 4114 CPU @ 2.20GHz x8 threads,12,125199360,0.0,measured,,,
opt-125m,64,Kpre,int,40,verify_products,8,4,,cuda,NVIDIA GeForce RTX 2080 Ti,Intel(R) Xeon(R) Silver 4114 CPU @ 2.20GHz x8 threads,12,125199360,0.25987658090889454,measured,,,
opt-6.7b,2048,C,int,128,bytes_total,8,4,,cuda,NVIDIA GeForce RTX 2080 Ti,Intel(R) Xeon(R) Silver 4114 CPU @ 2.20GHz x8 threads,32,6657933312,10101021568.0,measured,397639448.0,710652304.0,10101037984.0
opt-6.7b,2048,C,int,128,fs_hash,8,4,,cuda,NVIDIA GeForce RTX 2080 Ti,Intel(R) Xeon(R) Silver 4114 CPU @ 2.20GHz x8 threads,32,6657933312,9.289942681789398e-06,measured,1.9301660358905792e-06,1.8756836652755737e-06,2.4121254682540894e-07
opt-6.7b,2048,C,int,128,prove_fold,8,4,,cuda,NVIDIA GeForce RTX 2080 Ti,Intel(R) Xeon(R) Silver 4114 CPU @ 2.20GHz x8 threads,32,6657933312,3.158300937153399,measured,0.2694929772987962,0.37684366293251514,3.597364231944084
opt-6.7b,2048,C,int,128,prove_forward,8,4,,cuda,NVIDIA GeForce RTX 2080 Ti,Intel(R) Xeon(R) Silver 4114 CPU @ 2.20GHz x8 threads,32,6657933312,24.57131873490289,measured,0.9213942009955645,1.7056412203237414,25.23305180016905
opt-6.7b,2048,C,int,128,prove_open,8,4,,cuda,NVIDIA GeForce RTX 2080 Ti,Intel(R) Xeon(R) Silver 4114 CPU @ 2.20GHz x8 threads,32,6657933312,4.8137961882166564,measured,0.37004980677738786,0.565500705037266,6.429027652833611
opt-6.7b,2048,C,int,128,verify_columns,8,4,,cuda,NVIDIA GeForce RTX 2080 Ti,Intel(R) Xeon(R) Silver 4114 CPU @ 2.20GHz x8 threads,32,6657933312,5.814499063882977,measured,0.4580994211137295,0.6336088040843606,5.898890293203294
opt-6.7b,2048,C,int,128,verify_derive,8,4,,cuda,NVIDIA GeForce RTX 2080 Ti,Intel(R) Xeon(R) Silver 4114 CPU @ 2.20GHz x8 threads,32,6657933312,165.73644092632458,measured,6.122112617827952,11.922720332164317,185.94095176225528
opt-6.7b,2048,C,int,128,verify_fold,8,4,,cuda,NVIDIA GeForce RTX 2080 Ti,Intel(R) Xeon(R) Silver 4114 CPU @ 2.20GHz x8 threads,32,6657933312,0.0,measured,0.0,0.0,0.0
opt-6.7b,2048,C,int,128,verify_products,8,4,,cuda,NVIDIA GeForce RTX 2080 Ti,Intel(R) Xeon(R) Silver 4114 CPU @ 2.20GHz x8 threads,32,6657933312,30.743173660710454,measured,1.1718779457733035,2.279797405935824,35.517381210811436
opt-6.7b,2048,Kpre,int,128,bytes_total,8,4,,cuda,NVIDIA GeForce RTX 2080 Ti,Intel(R) Xeon(R) Silver 4114 CPU @ 2.20GHz x8 threads,32,6657933312,9730986368.0,measured,369299840.0,671289728.0,9730986368.0
opt-6.7b,2048,Kpre,int,128,fs_hash,8,4,,cuda,NVIDIA GeForce RTX 2080 Ti,Intel(R) Xeon(R) Silver 4114 CPU @ 2.20GHz x8 threads,32,6657933312,1.1126045137643814e-05,measured,1.916196197271347e-06,7.051043212413788e-06,0.000161096453666687
opt-6.7b,2048,Kpre,int,128,prove_fold,8,4,,cuda,NVIDIA GeForce RTX 2080 Ti,Intel(R) Xeon(R) Silver 4114 CPU @ 2.20GHz x8 threads,32,6657933312,0.0,measured,0.0,0.0,0.0
opt-6.7b,2048,Kpre,int,128,prove_forward,8,4,,cuda,NVIDIA GeForce RTX 2080 Ti,Intel(R) Xeon(R) Silver 4114 CPU @ 2.20GHz x8 threads,32,6657933312,24.74784725299105,measured,0.9381155041046441,1.7133192289620638,24.969430974684656
opt-6.7b,2048,Kpre,int,128,verify_derive,8,4,,cuda,NVIDIA GeForce RTX 2080 Ti,Intel(R) Xeon(R) Silver 4114 CPU @ 2.20GHz x8 threads,32,6657933312,165.29516931669787,measured,6.076390830334276,11.684205852914602,179.91865653032437
opt-6.7b,2048,Kpre,int,128,verify_fold,8,4,,cuda,NVIDIA GeForce RTX 2080 Ti,Intel(R) Xeon(R) Silver 4114 CPU @ 2.20GHz x8 threads,32,6657933312,0.0,measured,0.0,0.0,0.0
opt-6.7b,2048,Kpre,int,128,verify_products,8,4,,cuda,NVIDIA GeForce RTX 2080 Ti,Intel(R) Xeon(R) Silver 4114 CPU @ 2.20GHz x8 threads,32,6657933312,30.912391353864223,measured,1.1687502469867468,2.186552742961794,32.720627622213215
opt-6.7b,64,C,int,128,bytes_total,8,4,,cuda,NVIDIA GeForce RTX 2080 Ti,Intel(R) Xeon(R) Silver 4114 CPU @ 2.20GHz x8 threads,32,6657933312,674328016.0,measured,40075320.0,60535600.0,674344000.0
opt-6.7b,64,C,int,128,fs_hash,8,4,,cuda,NVIDIA GeForce RTX 2080 Ti,Intel(R) Xeon(R) Silver 4114 CPU @ 2.20GHz x8 threads,32,6657933312,1.1916272342205048e-06,measured,1.7667189240455627e-06,1.2440141290426254e-06,-1.4437129721045494e-05
opt-6.7b,64,C,int,128,prove_fold,8,4,,cuda,NVIDIA GeForce RTX 2080 Ti,Intel(R) Xeon(R) Silver 4114 CPU @ 2.20GHz x8 threads,32,6657933312,3.0963846512604505,measured,0.22533447784371674,0.31641872972249985,3.048946286085993
opt-6.7b,64,C,int,128,prove_forward,8,4,,cuda,NVIDIA GeForce RTX 2080 Ti,Intel(R) Xeon(R) Silver 4114 CPU @ 2.20GHz x8 threads,32,6657933312,0.5452139575500041,measured,0.023793712724000216,0.03891654498875141,0.4926015129312873
opt-6.7b,64,C,int,128,prove_open,8,4,,cuda,NVIDIA GeForce RTX 2080 Ti,Intel(R) Xeon(R) Silver 4114 CPU @ 2.20GHz x8 threads,32,6657933312,4.821951829828322,measured,0.3905709246173501,0.5261031787376851,4.592070802347735
opt-6.7b,64,C,int,128,verify_columns,8,4,,cuda,NVIDIA GeForce RTX 2080 Ti,Intel(R) Xeon(R) Silver 4114 CPU @ 2.20GHz x8 threads,32,6657933312,5.773469897452742,measured,0.4540636818856001,0.6110447326209396,5.320476254681125
opt-6.7b,64,C,int,128,verify_derive,8,4,,cuda,NVIDIA GeForce RTX 2080 Ti,Intel(R) Xeon(R) Silver 4114 CPU @ 2.20GHz x8 threads,32,6657933312,0.5312071924563497,measured,0.034822796704247594,0.049292564392089844,0.48338559502735734
opt-6.7b,64,C,int,128,verify_fold,8,4,,cuda,NVIDIA GeForce RTX 2080 Ti,Intel(R) Xeon(R) Silver 4114 CPU @ 2.20GHz x8 threads,32,6657933312,0.0,measured,0.0,0.0,0.0
opt-6.7b,64,C,int,128,verify_products,8,4,,cuda,NVIDIA GeForce RTX 2080 Ti,Intel(R) Xeon(R) Silver 4114 CPU @ 2.20GHz x8 threads,32,6657933312,1.874655621824786,measured,0.10581912402994931,0.15949445287697017,1.769754318287596
opt-6.7b,64,Kpre,int,128,bytes_total,8,4,,cuda,NVIDIA GeForce RTX 2080 Ti,Intel(R) Xeon(R) Silver 4114 CPU @ 2.20GHz x8 threads,32,6657933312,304288128.0,measured,11735424.0,21172608.0,304288128.0
opt-6.7b,64,Kpre,int,128,fs_hash,8,4,,cuda,NVIDIA GeForce RTX 2080 Ti,Intel(R) Xeon(R) Silver 4114 CPU @ 2.20GHz x8 threads,32,6657933312,1.1185184121131897e-06,measured,1.5615951269865036e-06,1.1706724762916565e-06,-1.0557007044553757e-05
opt-6.7b,64,Kpre,int,128,prove_fold,8,4,,cuda,NVIDIA GeForce RTX 2080 Ti,Intel(R) Xeon(R) Silver 4114 CPU @ 2.20GHz x8 threads,32,6657933312,0.0,measured,0.0,0.0,0.0
opt-6.7b,64,Kpre,int,128,prove_forward,8,4,,cuda,NVIDIA GeForce RTX 2080 Ti,Intel(R) Xeon(R) Silver 4114 CPU @ 2.20GHz x8 threads,32,6657933312,0.5469342817086726,measured,0.025046665919944644,0.0404078122228384,0.5012422013096511
opt-6.7b,64,Kpre,int,128,verify_derive,8,4,,cuda,NVIDIA GeForce RTX 2080 Ti,Intel(R) Xeon(R) Silver 4114 CPU @ 2.20GHz x8 threads,32,6657933312,0.5270923688076437,measured,0.025261906441301107,0.03858899767510593,0.4384017346892506
opt-6.7b,64,Kpre,int,128,verify_fold,8,4,,cuda,NVIDIA GeForce RTX 2080 Ti,Intel(R) Xeon(R) Silver 4114 CPU @ 2.20GHz x8 threads,32,6657933312,0.0,measured,0.0,0.0,0.0
opt-6.7b,64,Kpre,int,128,verify_products,8,4,,cuda,NVIDIA GeForce RTX 2080 Ti,Intel(R) Xeon(R) Silver 4114 CPU @ 2.20GHz x8 threads,32,6657933312,1.8684463410172611,measured,0.09956764755770564,0.15246630273759365,1.739425958134234
qwen3-4b,64,C,int,128,bytes_total,8,4,,cuda,NVIDIA GeForce RTX 2080 Ti,Intel(R) Xeon(R) Silver 4114 CPU @ 2.20GHz x8 threads,36,4022272000,658629264.0,measured,64026560.0,81016320.0,658668160.0
qwen3-4b,64,C,int,128,fs_hash,8,4,,cuda,NVIDIA GeForce RTX 2080 Ti,Intel(R) Xeon(R) Silver 4114 CPU @ 2.20GHz x8 threads,36,4022272000,1.0225921869277954e-06,measured,1.2349337339401245e-06,1.0188668966293335e-06,-6.327405571937561e-06
qwen3-4b,64,C,int,128,prove_fold,8,4,,cuda,NVIDIA GeForce RTX 2080 Ti,Intel(R) Xeon(R) Silver 4114 CPU @ 2.20GHz x8 threads,36,4022272000,1.4958004709333181,measured,0.2735178451985121,0.3073805160820484,1.458711326122284
qwen3-4b,64,C,int,128,prove_forward,8,4,,cuda,NVIDIA GeForce RTX 2080 Ti,Intel(R) Xeon(R) Silver 4114 CPU @ 2.20GHz x8 threads,36,4022272000,0.5522360578179359,measured,0.024110721424221992,0.037918658927083015,0.5073885340243578
qwen3-4b,64,C,int,128,prove_open,8,4,,cuda,NVIDIA GeForce RTX 2080 Ti,Intel(R) Xeon(R) Silver 4114 CPU @ 2.20GHz x8 threads,36,4022272000,3.3456098157912493,measured,0.5412438493221998,0.6062088292092085,2.815018145367503
qwen3-4b,64,C,int,128,verify_columns,8,4,,cuda,NVIDIA GeForce RTX 2080 Ti,Intel(R) Xeon(R) Silver 4114 CPU @ 2.20GHz x8 threads,36,4022272000,4.926757663488388,measured,0.706060940399766,0.7387912273406982,1.8516209833323956
qwen3-4b,64,C,int,128,verify_derive,8,4,,cuda,NVIDIA GeForce RTX 2080 Ti,Intel(R) Xeon(R) Silver 4114 CPU @ 2.20GHz x8 threads,36,4022272000,0.7348782364279032,measured,0.02567322365939617,0.04182373359799385,0.5909410715103149
qwen3-4b,64,C,int,128,verify_fold,8,4,,cuda,NVIDIA GeForce RTX 2080 Ti,Intel(R) Xeon(R) Silver 4114 CPU @ 2.20GHz x8 threads,36,4022272000,0.0,measured,0.0,0.0,0.0
qwen3-4b,64,C,int,128,verify_products,8,4,,cuda,NVIDIA GeForce RTX 2080 Ti,Intel(R) Xeon(R) Silver 4114 CPU @ 2.20GHz x8 threads,36,4022272000,1.576449116691947,measured,0.09673118032515049,0.13070389069616795,1.2857760433107615
qwen3-4b,64,Kpre,int,128,bytes_total,8,4,,cuda,NVIDIA GeForce RTX 2080 Ti,Intel(R) Xeon(R) Silver 4114 CPU @ 2.20GHz x8 threads,36,4022272000,284378624.0,measured,9127424.0,16991744.0,284378624.0
qwen3-4b,64,Kpre,int,128,fs_hash,8,4,,cuda,NVIDIA GeForce RTX 2080 Ti,Intel(R) Xeon(R) Silver 4114 CPU @ 2.20GHz x8 threads,36,4022272000,9.387731552124023e-07,measured,1.0095536708831787e-06,1.0170042514801025e-06,1.2703239917755127e-06
qwen3-4b,64,Kpre,int,128,prove_fold,8,4,,cuda,NVIDIA GeForce RTX 2080 Ti,Intel(R) Xeon(R) Silver 4114 CPU @ 2.20GHz x8 threads,36,4022272000,0.0,measured,0.0,0.0,0.0
qwen3-4b,64,Kpre,int,128,prove_forward,8,4,,cuda,NVIDIA GeForce RTX 2080 Ti,Intel(R) Xeon(R) Silver 4114 CPU @ 2.20GHz x8 threads,36,4022272000,0.5494935438036919,measured,0.02509947307407856,0.03942485898733139,0.5264879800379276
qwen3-4b,64,Kpre,int,128,verify_derive,8,4,,cuda,NVIDIA GeForce RTX 2080 Ti,Intel(R) Xeon(R) Silver 4114 CPU @ 2.20GHz x8 threads,36,4022272000,0.7295987326651812,measured,0.022505145519971848,0.04121113196015358,0.6772146709263325
qwen3-4b,64,Kpre,int,128,verify_fold,8,4,,cuda,NVIDIA GeForce RTX 2080 Ti,Intel(R) Xeon(R) Silver 4114 CPU @ 2.20GHz x8 threads,36,4022272000,0.0,measured,0.0,0.0,0.0
qwen3-4b,64,Kpre,int,128,verify_products,8,4,,cuda,NVIDIA GeForce RTX 2080 Ti,Intel(R) Xeon(R) Silver 4114 CPU @ 2.20GHz x8 threads,36,4022272000,1.5071648433804512,measured,0.08262792602181435,0.1254897564649582,1.582791991531849
qwen3-4b,8,C,int,128,bytes_total,1,4,_thr1,cuda,NVIDIA GeForce RTX 2080 Ti,Intel(R) Xeon(R) Silver 4114 CPU @ 2.20GHz x1 threads,36,4022272000,410324096.0,measured,56572832.0,66678784.0,410281152.0
qwen3-4b,8,C,int,128,bytes_total,8,4,,cuda,NVIDIA GeForce RTX 2080 Ti,Intel(R) Xeon(R) Silver 4114 CPU @ 2.20GHz x8 threads,36,4022272000,410321536.0,measured,56571872.0,66679504.0,410338992.0
qwen3-4b,8,C,int,128,fs_hash,1,4,_thr1,cuda,NVIDIA GeForce RTX 2080 Ti,Intel(R) Xeon(R) Silver 4114 CPU @ 2.20GHz x1 threads,36,4022272000,1.2391246855258942e-06,measured,1.2200325727462769e-06,1.2386590242385864e-06,1.8719583749771118e-06
qwen3-4b,8,C,int,128,fs_hash,8,4,,cuda,NVIDIA GeForce RTX 2080 Ti,Intel(R) Xeon(R) Silver 4114 CPU @ 2.20GHz x8 threads,36,4022272000,1.2647360563278198e-06,measured,1.171603798866272e-06,9.55536961555481e-07,-6.3907355070114136e-06
qwen3-4b,8,C,int,128,prove_fold,1,4,_thr1,cuda,NVIDIA GeForce RTX 2080 Ti,Intel(R) Xeon(R) Silver 4114 CPU @ 2.20GHz x1 threads,36,4022272000,1.5377622707746923,measured,0.3223856510594487,0.36302144080400467,1.744638292118907
qwen3-4b,8,C,int,128,prove_fold,8,4,,cuda,NVIDIA GeForce RTX 2080 Ti,Intel(R) Xeon(R) Silver 4114 CPU @ 2.20GHz x8 threads,36,4022272000,1.5307877827435732,measured,0.2725858259946108,0.3076554872095585,1.5000239685177803
qwen3-4b,8,C,int,128,prove_forward,1,4,_thr1,cuda,NVIDIA GeForce RTX 2080 Ti,Intel(R) Xeon(R) Silver 4114 CPU @ 2.20GHz x1 threads,36,4022272000,0.5282285758294165,measured,0.025170842185616493,0.03819210594519973,0.4809150737710297
qwen3-4b,8,C,int,128,prove_forward,8,4,,cuda,NVIDIA GeForce RTX 2080 Ti,Intel(R) Xeon(R) Silver 4114 CPU @ 2.20GHz x8 threads,36,4022272000,0.3674877677112818,measured,0.019667575135827065,0.028358377516269684,0.32384565845131874
qwen3-4b,8,C,int,128,prove_open,1,4,_thr1,cuda,NVIDIA GeForce RTX 2080 Ti,Intel(R) Xeon(R) Silver 4114 CPU @ 2.20GHz x1 threads,36,4022272000,3.5456360108219087,measured,0.5984493838623166,0.6715005836449564,3.1552413762547076
qwen3-4b,8,C,int,128,prove_open,8,4,,cuda,NVIDIA GeForce RTX 2080 Ti,Intel(R) Xeon(R) Silver 4114 CPU @ 2.20GHz x8 threads,36,4022272000,3.3639044668525457,measured,0.5977190490812063,0.6845687441527843,3.6374583765864372
qwen3-4b,8,C,int,128,verify_columns,1,4,_thr1,cuda,NVIDIA GeForce RTX 2080 Ti,Intel(R) Xeon(R) Silver 4114 CPU @ 2.20GHz x1 threads,36,4022272000,9.988335825968534,measured,1.7459196113049984,1.9600319559685886,9.239851674530655
qwen3-4b,8,C,int,128,verify_columns,8,4,,cuda,NVIDIA GeForce RTX 2080 Ti,Intel(R) Xeon(R) Silver 4114 CPU @ 2.20GHz x8 threads,36,4022272000,4.768823390826583,measured,0.7660034317523241,0.8160999249666929,2.519380694255233
qwen3-4b,8,C,int,128,verify_derive,1,4,_thr1,cuda,NVIDIA GeForce RTX 2080 Ti,Intel(R) Xeon(R) Silver 4114 CPU @ 2.20GHz x1 threads,36,4022272000,0.44971607020124793,measured,0.014375386759638786,0.026631240267306566,0.4433302595280111
qwen3-4b,8,C,int,128,verify_derive,8,4,,cuda,NVIDIA GeForce RTX 2080 Ti,Intel(R) Xeon(R) Silver 4114 CPU @ 2.20GHz x8 threads,36,4022272000,0.2952061928808689,measured,0.01065739430487156,0.017233625054359436,0.24082547053694725
qwen3-4b,8,C,int,128,verify_fold,1,4,_thr1,cuda,NVIDIA GeForce RTX 2080 Ti,Intel(R) Xeon(R) Silver 4114 CPU @ 2.20GHz x1 threads,36,4022272000,0.0,measured,0.0,0.0,0.0
qwen3-4b,8,C,int,128,verify_fold,8,4,,cuda,NVIDIA GeForce RTX 2080 Ti,Intel(R) Xeon(R) Silver 4114 CPU @ 2.20GHz x8 threads,36,4022272000,0.0,measured,0.0,0.0,0.0
qwen3-4b,8,C,int,128,verify_products,1,4,_thr1,cuda,NVIDIA GeForce RTX 2080 Ti,Intel(R) Xeon(R) Silver 4114 CPU @ 2.20GHz x1 threads,36,4022272000,1.3794636218808591,measured,0.1416559382341802,0.19969782186672091,2.173121865373105
qwen3-4b,8,C,int,128,verify_products,8,4,,cuda,NVIDIA GeForce RTX 2080 Ti,Intel(R) Xeon(R) Silver 4114 CPU @ 2.20GHz x8 threads,36,4022272000,0.7841172907501459,measured,0.06848186254501343,0.0876914132386446,0.7408161368221045
qwen3-4b,8,C,int,40,bytes_total,1,4,_thr1,cuda,NVIDIA GeForce RTX 2080 Ti,Intel(R) Xeon(R) Silver 4114 CPU @ 2.20GHz x1 threads,36,4022272000,172816256.0,measured,21711232.0,26028288.0,172808192.0
qwen3-4b,8,C,int,40,fs_hash,1,4,_thr1,cuda,NVIDIA GeForce RTX 2080 Ti,Intel(R) Xeon(R) Silver 4114 CPU @ 2.20GHz x1 threads,36,4022272000,1.228880137205124e-06,measured,1.5748664736747742e-06,1.2489035725593567e-06,-9.833835065364838e-06
qwen3-4b,8,C,int,40,prove_fold,1,4,_thr1,cuda,NVIDIA GeForce RTX 2080 Ti,Intel(R) Xeon(R) Silver 4114 CPU @ 2.20GHz x1 threads,36,4022272000,1.519187435042113,measured,0.26618953375145793,0.3003443190827966,1.4616070203483105
qwen3-4b,8,C,int,40,prove_forward,1,4,_thr1,cuda,NVIDIA GeForce RTX 2080 Ti,Intel(R) Xeon(R) Silver 4114 CPU @ 2.20GHz x1 threads,36,4022272000,0.5206768177449703,measured,0.023858691100031137,0.0368788312189281,0.4795635952614248
qwen3-4b,8,C,int,40,prove_open,1,4,_thr1,cuda,NVIDIA GeForce RTX 2080 Ti,Intel(R) Xeon(R) Silver 4114 CPU @ 2.20GHz x1 threads,36,4022272000,1.770987399853766,measured,0.2771825040690601,0.33394979126751423,2.264037556014955
qwen3-4b,8,C,int,40,verify_columns,1,4,_thr1,cuda,NVIDIA GeForce RTX 2080 Ti,Intel(R) Xeon(R) Silver 4114 CPU @ 2.20GHz x1 threads,36,4022272000,4.649622355122119,measured,0.7128976890817285,0.8408559150993824,5.191435599699616
qwen3-4b,8,C,int,40,verify_derive,1,4,_thr1,cuda,NVIDIA GeForce RTX 2080 Ti,Intel(R) Xeon(R) Silver 4114 CPU @ 2.20GHz x1 threads,36,4022272000,0.43841865798458457,measured,0.014400967862457037,0.026469451375305653,0.4367978908121586
qwen3-4b,8,C,int,40,verify_fold,1,4,_thr1,cuda,NVIDIA GeForce RTX 2080 Ti,Intel(R) Xeon(R) Silver 4114 CPU @ 2.20GHz x1 threads,36,4022272000,0.0,measured,0.0,0.0,0.0
qwen3-4b,8,C,int,40,verify_products,1,4,_thr1,cuda,NVIDIA GeForce RTX 2080 Ti,Intel(R) Xeon(R) Silver 4114 CPU @ 2.20GHz x1 threads,36,4022272000,1.1739960690028965,measured,0.10498868627473712,0.14144268399104476,1.3808786063455045
qwen3-4b,8,Kpre,int,128,bytes_total,1,4,_thr1,cuda,NVIDIA GeForce RTX 2080 Ti,Intel(R) Xeon(R) Silver 4114 CPU @ 2.20GHz x1 threads,36,4022272000,36079104.0,measured,1672704.0,2655744.0,36079104.0
qwen3-4b,8,Kpre,int,128,bytes_total,8,4,,cuda,NVIDIA GeForce RTX 2080 Ti,Intel(R) Xeon(R) Silver 4114 CPU @ 2.20GHz x8 threads,36,4022272000,36079104.0,measured,1672704.0,2655744.0,36079104.0
qwen3-4b,8,Kpre,int,128,fs_hash,1,4,_thr1,cuda,NVIDIA GeForce RTX 2080 Ti,Intel(R) Xeon(R) Silver 4114 CPU @ 2.20GHz x1 threads,36,4022272000,1.2512318789958954e-06,measured,1.1953525245189667e-06,1.116190105676651e-06,-1.575332134962082e-06
qwen3-4b,8,Kpre,int,128,fs_hash,8,4,,cuda,NVIDIA GeForce RTX 2080 Ti,Intel(R) Xeon(R) Silver 4114 CPU @ 2.20GHz x8 threads,36,4022272000,9.98377799987793e-07,measured,1.300126314163208e-06,9.611248970031738e-07,-1.0564923286437988e-05
qwen3-4b,8,Kpre,int,128,prove_fold,1,4,_thr1,cuda,NVIDIA GeForce RTX 2080 Ti,Intel(R) Xeon(R) Silver 4114 CPU @ 2.20GHz x1 threads,36,4022272000,0.0,measured,0.0,0.0,0.0
qwen3-4b,8,Kpre,int,128,prove_fold,8,4,,cuda,NVIDIA GeForce RTX 2080 Ti,Intel(R) Xeon(R) Silver 4114 CPU @ 2.20GHz x8 threads,36,4022272000,0.0,measured,0.0,0.0,0.0
qwen3-4b,8,Kpre,int,128,prove_forward,1,4,_thr1,cuda,NVIDIA GeForce RTX 2080 Ti,Intel(R) Xeon(R) Silver 4114 CPU @ 2.20GHz x1 threads,36,4022272000,0.5322388201020658,measured,0.024266520980745554,0.037713102996349335,0.4948968915268779
qwen3-4b,8,Kpre,int,128,prove_forward,8,4,,cuda,NVIDIA GeForce RTX 2080 Ti,Intel(R) Xeon(R) Silver 4114 CPU @ 2.20GHz x8 threads,36,4022272000,0.37207068875432014,measured,0.01934921182692051,0.029726237058639526,0.3825450949370861
qwen3-4b,8,Kpre,int,128,verify_derive,1,4,_thr1,cuda,NVIDIA GeForce RTX 2080 Ti,Intel(R) Xeon(R) Silver 4114 CPU @ 2.20GHz x1 threads,36,4022272000,0.4765464221127331,measured,0.014120466075837612,0.026367428712546825,0.4427641583606601
qwen3-4b,8,Kpre,int,128,verify_derive,8,4,,cuda,NVIDIA GeForce RTX 2080 Ti,Intel(R) Xeon(R) Silver 4114 CPU @ 2.20GHz x8 threads,36,4022272000,0.29586340487003326,measured,0.00944598764181137,0.017185065895318985,0.28031372651457787
qwen3-4b,8,Kpre,int,128,verify_fold,1,4,_thr1,cuda,NVIDIA GeForce RTX 2080 Ti,Intel(R) Xeon(R) Silver 4114 CPU @ 2.20GHz x1 threads,36,4022272000,0.0,measured,0.0,0.0,0.0
qwen3-4b,8,Kpre,int,128,verify_fold,8,4,,cuda,NVIDIA GeForce RTX 2080 Ti,Intel(R) Xeon(R) Silver 4114 CPU @ 2.20GHz x8 threads,36,4022272000,0.0,measured,0.0,0.0,0.0
qwen3-4b,8,Kpre,int,128,verify_products,1,4,_thr1,cuda,NVIDIA GeForce RTX 2080 Ti,Intel(R) Xeon(R) Silver 4114 CPU @ 2.20GHz x1 threads,36,4022272000,1.401787695940584,measured,0.14193093497306108,0.17665738286450505,1.3573566111736
qwen3-4b,8,Kpre,int,128,verify_products,8,4,,cuda,NVIDIA GeForce RTX 2080 Ti,Intel(R) Xeon(R) Silver 4114 CPU @ 2.20GHz x8 threads,36,4022272000,0.7842731699347496,measured,0.0624705720692873,0.08154824748635292,0.730189211666584
qwen3-4b,8,Kpre,int,40,bytes_total,1,4,_thr1,cuda,NVIDIA GeForce RTX 2080 Ti,Intel(R) Xeon(R) Silver 4114 CPU @ 2.20GHz x1 threads,36,4022272000,36079104.0,measured,1672704.0,2655744.0,36079104.0
qwen3-4b,8,Kpre,int,40,fs_hash,1,4,_thr1,cuda,NVIDIA GeForce RTX 2080 Ti,Intel(R) Xeon(R) Silver 4114 CPU @ 2.20GHz x1 threads,36,4022272000,1.2638047337532043e-06,measured,9.350478649139404e-07,1.0761432349681854e-06,5.873385816812515e-06
qwen3-4b,8,Kpre,int,40,prove_fold,1,4,_thr1,cuda,NVIDIA GeForce RTX 2080 Ti,Intel(R) Xeon(R) Silver 4114 CPU @ 2.20GHz x1 threads,36,4022272000,0.0,measured,0.0,0.0,0.0
qwen3-4b,8,Kpre,int,40,prove_forward,1,4,_thr1,cuda,NVIDIA GeForce RTX 2080 Ti,Intel(R) Xeon(R) Silver 4114 CPU @ 2.20GHz x1 threads,36,4022272000,0.5136255361139774,measured,0.02415025094524026,0.03864415688440204,0.5314369588159025
qwen3-4b,8,Kpre,int,40,verify_derive,1,4,_thr1,cuda,NVIDIA GeForce RTX 2080 Ti,Intel(R) Xeon(R) Silver 4114 CPU @ 2.20GHz x1 threads,36,4022272000,0.43591563077643514,measured,0.014163956977427006,0.026344983838498592,0.44049989711493254
qwen3-4b,8,Kpre,int,40,verify_fold,1,4,_thr1,cuda,NVIDIA GeForce RTX 2080 Ti,Intel(R) Xeon(R) Silver 4114 CPU @ 2.20GHz x1 threads,36,4022272000,0.0,measured,0.0,0.0,0.0
qwen3-4b,8,Kpre,int,40,verify_products,1,4,_thr1,cuda,NVIDIA GeForce RTX 2080 Ti,Intel(R) Xeon(R) Silver 4114 CPU @ 2.20GHz x1 threads,36,4022272000,1.1851385808549821,measured,0.11179359769448638,0.1400116658769548,1.0994259840808809
