BIN ppgen 3.61 s  maxrss 147924 KB  exit 0  args 163840 ./zkllm-workdir/Llama-2-13b/self_attn.q_proj.weight-pp.bin
BIN ppgen 1.05 s  maxrss 147792 KB  exit 0  args 163840 ./zkllm-workdir/Llama-2-13b/self_attn.k_proj.weight-pp.bin
BIN ppgen 1.01 s  maxrss 147728 KB  exit 0  args 163840 ./zkllm-workdir/Llama-2-13b/self_attn.v_proj.weight-pp.bin
BIN ppgen 1.01 s  maxrss 147952 KB  exit 0  args 163840 ./zkllm-workdir/Llama-2-13b/self_attn.o_proj.weight-pp.bin
BIN ppgen 1.70 s  maxrss 184696 KB  exit 0  args 442368 ./zkllm-workdir/Llama-2-13b/mlp.gate_proj.weight-pp.bin
BIN ppgen 1.70 s  maxrss 184680 KB  exit 0  args 442368 ./zkllm-workdir/Llama-2-13b/mlp.up_proj.weight-pp.bin
BIN ppgen 1.04 s  maxrss 147832 KB  exit 0  args 163840 ./zkllm-workdir/Llama-2-13b/mlp.down_proj.weight-pp.bin
BIN ppgen 0.37 s  maxrss 111972 KB  exit 0  args 5120 ./zkllm-workdir/Llama-2-13b/input_layernorm.weight-pp.bin
BIN ppgen 0.36 s  maxrss 112084 KB  exit 0  args 5120 ./zkllm-workdir/Llama-2-13b/post_attention_layernorm.weight-pp.bin
BIN commit-param 4.94 s  maxrss 199524 KB  exit 0  args ./zkllm-workdir/Llama-2-13b/self_attn.q_proj.weight-pp.bin ./zkllm-workdir/Llama-2-13b/layer-0-self_attn.q_proj.weight-int.bin ./zkllm-workdir/Llama-2-13b/layer-0-self_attn.q_proj.weight-commitment.bin 5120 5120
BIN commit-param 1.79 s  maxrss 199828 KB  exit 0  args ./zkllm-workdir/Llama-2-13b/self_attn.k_proj.weight-pp.bin ./zkllm-workdir/Llama-2-13b/layer-0-self_attn.k_proj.weight-int.bin ./zkllm-workdir/Llama-2-13b/layer-0-self_attn.k_proj.weight-commitment.bin 5120 5120
BIN commit-param 1.78 s  maxrss 199796 KB  exit 0  args ./zkllm-workdir/Llama-2-13b/self_attn.v_proj.weight-pp.bin ./zkllm-workdir/Llama-2-13b/layer-0-self_attn.v_proj.weight-int.bin ./zkllm-workdir/Llama-2-13b/layer-0-self_attn.v_proj.weight-commitment.bin 5120 5120
BIN commit-param 1.78 s  maxrss 199880 KB  exit 0  args ./zkllm-workdir/Llama-2-13b/self_attn.o_proj.weight-pp.bin ./zkllm-workdir/Llama-2-13b/layer-0-self_attn.o_proj.weight-int.bin ./zkllm-workdir/Llama-2-13b/layer-0-self_attn.o_proj.weight-commitment.bin 5120 5120
BIN commit-param 3.61 s  maxrss 373476 KB  exit 0  args ./zkllm-workdir/Llama-2-13b/mlp.gate_proj.weight-pp.bin ./zkllm-workdir/Llama-2-13b/layer-0-mlp.gate_proj.weight-int.bin ./zkllm-workdir/Llama-2-13b/layer-0-mlp.gate_proj.weight-commitment.bin 5120 13824
BIN commit-param 3.70 s  maxrss 373892 KB  exit 0  args ./zkllm-workdir/Llama-2-13b/mlp.up_proj.weight-pp.bin ./zkllm-workdir/Llama-2-13b/layer-0-mlp.up_proj.weight-int.bin ./zkllm-workdir/Llama-2-13b/layer-0-mlp.up_proj.weight-commitment.bin 5120 13824
BIN commit-param 3.61 s  maxrss 373924 KB  exit 0  args ./zkllm-workdir/Llama-2-13b/mlp.down_proj.weight-pp.bin ./zkllm-workdir/Llama-2-13b/layer-0-mlp.down_proj.weight-int.bin ./zkllm-workdir/Llama-2-13b/layer-0-mlp.down_proj.weight-commitment.bin 13824 5120
BIN commit-param 0.49 s  maxrss 110948 KB  exit 0  args ./zkllm-workdir/Llama-2-13b/input_layernorm.weight-pp.bin ./zkllm-workdir/Llama-2-13b/layer-0-input_layernorm.weight-int.bin ./zkllm-workdir/Llama-2-13b/layer-0-input_layernorm.weight-commitment.bin 5120 1
BIN commit-param 0.39 s  maxrss 110916 KB  exit 0  args ./zkllm-workdir/Llama-2-13b/post_attention_layernorm.weight-pp.bin ./zkllm-workdir/Llama-2-13b/layer-0-post_attention_layernorm.weight-int.bin ./zkllm-workdir/Llama-2-13b/layer-0-post_attention_layernorm.weight-commitment.bin 5120 1
BIN commit-param 1.79 s  maxrss 199416 KB  exit 0  args ./zkllm-workdir/Llama-2-13b/self_attn.q_proj.weight-pp.bin ./zkllm-workdir/Llama-2-13b/layer-1-self_attn.q_proj.weight-int.bin ./zkllm-workdir/Llama-2-13b/layer-1-self_attn.q_proj.weight-commitment.bin 5120 5120
BIN commit-param 1.80 s  maxrss 199736 KB  exit 0  args ./zkllm-workdir/Llama-2-13b/self_attn.k_proj.weight-pp.bin ./zkllm-workdir/Llama-2-13b/layer-1-self_attn.k_proj.weight-int.bin ./zkllm-workdir/Llama-2-13b/layer-1-self_attn.k_proj.weight-commitment.bin 5120 5120
BIN commit-param 1.80 s  maxrss 199732 KB  exit 0  args ./zkllm-workdir/Llama-2-13b/self_attn.v_proj.weight-pp.bin ./zkllm-workdir/Llama-2-13b/layer-1-self_attn.v_proj.weight-int.bin ./zkllm-workdir/Llama-2-13b/layer-1-self_attn.v_proj.weight-commitment.bin 5120 5120
BIN commit-param 1.77 s  maxrss 199712 KB  exit 0  args ./zkllm-workdir/Llama-2-13b/self_attn.o_proj.weight-pp.bin ./zkllm-workdir/Llama-2-13b/layer-1-self_attn.o_proj.weight-int.bin ./zkllm-workdir/Llama-2-13b/layer-1-self_attn.o_proj.weight-commitment.bin 5120 5120
BIN commit-param 3.67 s  maxrss 373988 KB  exit 0  args ./zkllm-workdir/Llama-2-13b/mlp.gate_proj.weight-pp.bin ./zkllm-workdir/Llama-2-13b/layer-1-mlp.gate_proj.weight-int.bin ./zkllm-workdir/Llama-2-13b/layer-1-mlp.gate_proj.weight-commitment.bin 5120 13824
BIN commit-param 3.62 s  maxrss 372628 KB  exit 0  args ./zkllm-workdir/Llama-2-13b/mlp.up_proj.weight-pp.bin ./zkllm-workdir/Llama-2-13b/layer-1-mlp.up_proj.weight-int.bin ./zkllm-workdir/Llama-2-13b/layer-1-mlp.up_proj.weight-commitment.bin 5120 13824
BIN commit-param 3.61 s  maxrss 373808 KB  exit 0  args ./zkllm-workdir/Llama-2-13b/mlp.down_proj.weight-pp.bin ./zkllm-workdir/Llama-2-13b/layer-1-mlp.down_proj.weight-int.bin ./zkllm-workdir/Llama-2-13b/layer-1-mlp.down_proj.weight-commitment.bin 13824 5120
BIN commit-param 0.49 s  maxrss 110944 KB  exit 0  args ./zkllm-workdir/Llama-2-13b/input_layernorm.weight-pp.bin ./zkllm-workdir/Llama-2-13b/layer-1-input_layernorm.weight-int.bin ./zkllm-workdir/Llama-2-13b/layer-1-input_layernorm.weight-commitment.bin 5120 1
BIN commit-param 0.37 s  maxrss 110944 KB  exit 0  args ./zkllm-workdir/Llama-2-13b/post_attention_layernorm.weight-pp.bin ./zkllm-workdir/Llama-2-13b/layer-1-post_attention_layernorm.weight-int.bin ./zkllm-workdir/Llama-2-13b/layer-1-post_attention_layernorm.weight-commitment.bin 5120 1
BIN commit-param 1.81 s  maxrss 199776 KB  exit 0  args ./zkllm-workdir/Llama-2-13b/self_attn.q_proj.weight-pp.bin ./zkllm-workdir/Llama-2-13b/layer-2-self_attn.q_proj.weight-int.bin ./zkllm-workdir/Llama-2-13b/layer-2-self_attn.q_proj.weight-commitment.bin 5120 5120
BIN commit-param 1.80 s  maxrss 199460 KB  exit 0  args ./zkllm-workdir/Llama-2-13b/self_attn.k_proj.weight-pp.bin ./zkllm-workdir/Llama-2-13b/layer-2-self_attn.k_proj.weight-int.bin ./zkllm-workdir/Llama-2-13b/layer-2-self_attn.k_proj.weight-commitment.bin 5120 5120
BIN commit-param 1.79 s  maxrss 199852 KB  exit 0  args ./zkllm-workdir/Llama-2-13b/self_attn.v_proj.weight-pp.bin ./zkllm-workdir/Llama-2-13b/layer-2-self_attn.v_proj.weight-int.bin ./zkllm-workdir/Llama-2-13b/layer-2-self_attn.v_proj.weight-commitment.bin 5120 5120
BIN commit-param 1.80 s  maxrss 199860 KB  exit 0  args ./zkllm-workdir/Llama-2-13b/self_attn.o_proj.weight-pp.bin ./zkllm-workdir/Llama-2-13b/layer-2-self_attn.o_proj.weight-int.bin ./zkllm-workdir/Llama-2-13b/layer-2-self_attn.o_proj.weight-commitment.bin 5120 5120
BIN commit-param 3.61 s  maxrss 373912 KB  exit 0  args ./zkllm-workdir/Llama-2-13b/mlp.gate_proj.weight-pp.bin ./zkllm-workdir/Llama-2-13b/layer-2-mlp.gate_proj.weight-int.bin ./zkllm-workdir/Llama-2-13b/layer-2-mlp.gate_proj.weight-commitment.bin 5120 13824
BIN commit-param 3.63 s  maxrss 373804 KB  exit 0  args ./zkllm-workdir/Llama-2-13b/mlp.up_proj.weight-pp.bin ./zkllm-workdir/Llama-2-13b/layer-2-mlp.up_proj.weight-int.bin ./zkllm-workdir/Llama-2-13b/layer-2-mlp.up_proj.weight-commitment.bin 5120 13824
BIN commit-param 3.64 s  maxrss 373740 KB  exit 0  args ./zkllm-workdir/Llama-2-13b/mlp.down_proj.weight-pp.bin ./zkllm-workdir/Llama-2-13b/layer-2-mlp.down_proj.weight-int.bin ./zkllm-workdir/Llama-2-13b/layer-2-mlp.down_proj.weight-commitment.bin 13824 5120
BIN commit-param 0.48 s  maxrss 110884 KB  exit 0  args ./zkllm-workdir/Llama-2-13b/input_layernorm.weight-pp.bin ./zkllm-workdir/Llama-2-13b/layer-2-input_layernorm.weight-int.bin ./zkllm-workdir/Llama-2-13b/layer-2-input_layernorm.weight-commitment.bin 5120 1
BIN commit-param 0.38 s  maxrss 108880 KB  exit 0  args ./zkllm-workdir/Llama-2-13b/post_attention_layernorm.weight-pp.bin ./zkllm-workdir/Llama-2-13b/layer-2-post_attention_layernorm.weight-int.bin ./zkllm-workdir/Llama-2-13b/layer-2-post_attention_layernorm.weight-commitment.bin 5120 1
BIN commit-param 1.79 s  maxrss 199760 KB  exit 0  args ./zkllm-workdir/Llama-2-13b/self_attn.q_proj.weight-pp.bin ./zkllm-workdir/Llama-2-13b/layer-3-self_attn.q_proj.weight-int.bin ./zkllm-workdir/Llama-2-13b/layer-3-self_attn.q_proj.weight-commitment.bin 5120 5120
BIN commit-param 1.82 s  maxrss 199404 KB  exit 0  args ./zkllm-workdir/Llama-2-13b/self_attn.k_proj.weight-pp.bin ./zkllm-workdir/Llama-2-13b/layer-3-self_attn.k_proj.weight-int.bin ./zkllm-workdir/Llama-2-13b/layer-3-self_attn.k_proj.weight-commitment.bin 5120 5120
BIN commit-param 1.78 s  maxrss 199836 KB  exit 0  args ./zkllm-workdir/Llama-2-13b/self_attn.v_proj.weight-pp.bin ./zkllm-workdir/Llama-2-13b/layer-3-self_attn.v_proj.weight-int.bin ./zkllm-workdir/Llama-2-13b/layer-3-self_attn.v_proj.weight-commitment.bin 5120 5120
BIN commit-param 1.79 s  maxrss 199880 KB  exit 0  args ./zkllm-workdir/Llama-2-13b/self_attn.o_proj.weight-pp.bin ./zkllm-workdir/Llama-2-13b/layer-3-self_attn.o_proj.weight-int.bin ./zkllm-workdir/Llama-2-13b/layer-3-self_attn.o_proj.weight-commitment.bin 5120 5120
BIN commit-param 3.63 s  maxrss 373596 KB  exit 0  args ./zkllm-workdir/Llama-2-13b/mlp.gate_proj.weight-pp.bin ./zkllm-workdir/Llama-2-13b/layer-3-mlp.gate_proj.weight-int.bin ./zkllm-workdir/Llama-2-13b/layer-3-mlp.gate_proj.weight-commitment.bin 5120 13824
BIN commit-param 3.62 s  maxrss 373908 KB  exit 0  args ./zkllm-workdir/Llama-2-13b/mlp.up_proj.weight-pp.bin ./zkllm-workdir/Llama-2-13b/layer-3-mlp.up_proj.weight-int.bin ./zkllm-workdir/Llama-2-13b/layer-3-mlp.up_proj.weight-commitment.bin 5120 13824
BIN commit-param 3.63 s  maxrss 373480 KB  exit 0  args ./zkllm-workdir/Llama-2-13b/mlp.down_proj.weight-pp.bin ./zkllm-workdir/Llama-2-13b/layer-3-mlp.down_proj.weight-int.bin ./zkllm-workdir/Llama-2-13b/layer-3-mlp.down_proj.weight-commitment.bin 13824 5120
BIN commit-param 0.49 s  maxrss 110976 KB  exit 0  args ./zkllm-workdir/Llama-2-13b/input_layernorm.weight-pp.bin ./zkllm-workdir/Llama-2-13b/layer-3-input_layernorm.weight-int.bin ./zkllm-workdir/Llama-2-13b/layer-3-input_layernorm.weight-commitment.bin 5120 1
BIN commit-param 0.37 s  maxrss 110884 KB  exit 0  args ./zkllm-workdir/Llama-2-13b/post_attention_layernorm.weight-pp.bin ./zkllm-workdir/Llama-2-13b/layer-3-post_attention_layernorm.weight-int.bin ./zkllm-workdir/Llama-2-13b/layer-3-post_attention_layernorm.weight-commitment.bin 5120 1
BIN commit-param 1.80 s  maxrss 199812 KB  exit 0  args ./zkllm-workdir/Llama-2-13b/self_attn.q_proj.weight-pp.bin ./zkllm-workdir/Llama-2-13b/layer-4-self_attn.q_proj.weight-int.bin ./zkllm-workdir/Llama-2-13b/layer-4-self_attn.q_proj.weight-commitment.bin 5120 5120
BIN commit-param 1.80 s  maxrss 199784 KB  exit 0  args ./zkllm-workdir/Llama-2-13b/self_attn.k_proj.weight-pp.bin ./zkllm-workdir/Llama-2-13b/layer-4-self_attn.k_proj.weight-int.bin ./zkllm-workdir/Llama-2-13b/layer-4-self_attn.k_proj.weight-commitment.bin 5120 5120
BIN commit-param 1.81 s  maxrss 199876 KB  exit 0  args ./zkllm-workdir/Llama-2-13b/self_attn.v_proj.weight-pp.bin ./zkllm-workdir/Llama-2-13b/layer-4-self_attn.v_proj.weight-int.bin ./zkllm-workdir/Llama-2-13b/layer-4-self_attn.v_proj.weight-commitment.bin 5120 5120
BIN commit-param 1.80 s  maxrss 199856 KB  exit 0  args ./zkllm-workdir/Llama-2-13b/self_attn.o_proj.weight-pp.bin ./zkllm-workdir/Llama-2-13b/layer-4-self_attn.o_proj.weight-int.bin ./zkllm-workdir/Llama-2-13b/layer-4-self_attn.o_proj.weight-commitment.bin 5120 5120
BIN commit-param 3.66 s  maxrss 373928 KB  exit 0  args ./zkllm-workdir/Llama-2-13b/mlp.gate_proj.weight-pp.bin ./zkllm-workdir/Llama-2-13b/layer-4-mlp.gate_proj.weight-int.bin ./zkllm-workdir/Llama-2-13b/layer-4-mlp.gate_proj.weight-commitment.bin 5120 13824
BIN commit-param 3.63 s  maxrss 373856 KB  exit 0  args ./zkllm-workdir/Llama-2-13b/mlp.up_proj.weight-pp.bin ./zkllm-workdir/Llama-2-13b/layer-4-mlp.up_proj.weight-int.bin ./zkllm-workdir/Llama-2-13b/layer-4-mlp.up_proj.weight-commitment.bin 5120 13824
BIN commit-param 3.65 s  maxrss 373400 KB  exit 0  args ./zkllm-workdir/Llama-2-13b/mlp.down_proj.weight-pp.bin ./zkllm-workdir/Llama-2-13b/layer-4-mlp.down_proj.weight-int.bin ./zkllm-workdir/Llama-2-13b/layer-4-mlp.down_proj.weight-commitment.bin 13824 5120
BIN commit-param 0.49 s  maxrss 111008 KB  exit 0  args ./zkllm-workdir/Llama-2-13b/input_layernorm.weight-pp.bin ./zkllm-workdir/Llama-2-13b/layer-4-input_layernorm.weight-int.bin ./zkllm-workdir/Llama-2-13b/layer-4-input_layernorm.weight-commitment.bin 5120 1
BIN commit-param 0.37 s  maxrss 110956 KB  exit 0  args ./zkllm-workdir/Llama-2-13b/post_attention_layernorm.weight-pp.bin ./zkllm-workdir/Llama-2-13b/layer-4-post_attention_layernorm.weight-int.bin ./zkllm-workdir/Llama-2-13b/layer-4-post_attention_layernorm.weight-commitment.bin 5120 1
BIN commit-param 1.80 s  maxrss 199832 KB  exit 0  args ./zkllm-workdir/Llama-2-13b/self_attn.q_proj.weight-pp.bin ./zkllm-workdir/Llama-2-13b/layer-5-self_attn.q_proj.weight-int.bin ./zkllm-workdir/Llama-2-13b/layer-5-self_attn.q_proj.weight-commitment.bin 5120 5120
BIN commit-param 1.82 s  maxrss 199848 KB  exit 0  args ./zkllm-workdir/Llama-2-13b/self_attn.k_proj.weight-pp.bin ./zkllm-workdir/Llama-2-13b/layer-5-self_attn.k_proj.weight-int.bin ./zkllm-workdir/Llama-2-13b/layer-5-self_attn.k_proj.weight-commitment.bin 5120 5120
BIN commit-param 1.80 s  maxrss 199844 KB  exit 0  args ./zkllm-workdir/Llama-2-13b/self_attn.v_proj.weight-pp.bin ./zkllm-workdir/Llama-2-13b/layer-5-self_attn.v_proj.weight-int.bin ./zkllm-workdir/Llama-2-13b/layer-5-self_attn.v_proj.weight-commitment.bin 5120 5120
BIN commit-param 1.79 s  maxrss 199704 KB  exit 0  args ./zkllm-workdir/Llama-2-13b/self_attn.o_proj.weight-pp.bin ./zkllm-workdir/Llama-2-13b/layer-5-self_attn.o_proj.weight-int.bin ./zkllm-workdir/Llama-2-13b/layer-5-self_attn.o_proj.weight-commitment.bin 5120 5120
BIN commit-param 3.63 s  maxrss 373892 KB  exit 0  args ./zkllm-workdir/Llama-2-13b/mlp.gate_proj.weight-pp.bin ./zkllm-workdir/Llama-2-13b/layer-5-mlp.gate_proj.weight-int.bin ./zkllm-workdir/Llama-2-13b/layer-5-mlp.gate_proj.weight-commitment.bin 5120 13824
BIN commit-param 3.59 s  maxrss 373848 KB  exit 0  args ./zkllm-workdir/Llama-2-13b/mlp.up_proj.weight-pp.bin ./zkllm-workdir/Llama-2-13b/layer-5-mlp.up_proj.weight-int.bin ./zkllm-workdir/Llama-2-13b/layer-5-mlp.up_proj.weight-commitment.bin 5120 13824
BIN commit-param 3.59 s  maxrss 374020 KB  exit 0  args ./zkllm-workdir/Llama-2-13b/mlp.down_proj.weight-pp.bin ./zkllm-workdir/Llama-2-13b/layer-5-mlp.down_proj.weight-int.bin ./zkllm-workdir/Llama-2-13b/layer-5-mlp.down_proj.weight-commitment.bin 13824 5120
BIN commit-param 0.49 s  maxrss 110924 KB  exit 0  args ./zkllm-workdir/Llama-2-13b/input_layernorm.weight-pp.bin ./zkllm-workdir/Llama-2-13b/layer-5-input_layernorm.weight-int.bin ./zkllm-workdir/Llama-2-13b/layer-5-input_layernorm.weight-commitment.bin 5120 1
BIN commit-param 0.36 s  maxrss 110908 KB  exit 0  args ./zkllm-workdir/Llama-2-13b/post_attention_layernorm.weight-pp.bin ./zkllm-workdir/Llama-2-13b/layer-5-post_attention_layernorm.weight-int.bin ./zkllm-workdir/Llama-2-13b/layer-5-post_attention_layernorm.weight-commitment.bin 5120 1
BIN commit-param 1.80 s  maxrss 199728 KB  exit 0  args ./zkllm-workdir/Llama-2-13b/self_attn.q_proj.weight-pp.bin ./zkllm-workdir/Llama-2-13b/layer-6-self_attn.q_proj.weight-int.bin ./zkllm-workdir/Llama-2-13b/layer-6-self_attn.q_proj.weight-commitment.bin 5120 5120
BIN commit-param 1.79 s  maxrss 199836 KB  exit 0  args ./zkllm-workdir/Llama-2-13b/self_attn.k_proj.weight-pp.bin ./zkllm-workdir/Llama-2-13b/layer-6-self_attn.k_proj.weight-int.bin ./zkllm-workdir/Llama-2-13b/layer-6-self_attn.k_proj.weight-commitment.bin 5120 5120
BIN commit-param 1.80 s  maxrss 199768 KB  exit 0  args ./zkllm-workdir/Llama-2-13b/self_attn.v_proj.weight-pp.bin ./zkllm-workdir/Llama-2-13b/layer-6-self_attn.v_proj.weight-int.bin ./zkllm-workdir/Llama-2-13b/layer-6-self_attn.v_proj.weight-commitment.bin 5120 5120
BIN commit-param 1.80 s  maxrss 199772 KB  exit 0  args ./zkllm-workdir/Llama-2-13b/self_attn.o_proj.weight-pp.bin ./zkllm-workdir/Llama-2-13b/layer-6-self_attn.o_proj.weight-int.bin ./zkllm-workdir/Llama-2-13b/layer-6-self_attn.o_proj.weight-commitment.bin 5120 5120
BIN commit-param 3.59 s  maxrss 373924 KB  exit 0  args ./zkllm-workdir/Llama-2-13b/mlp.gate_proj.weight-pp.bin ./zkllm-workdir/Llama-2-13b/layer-6-mlp.gate_proj.weight-int.bin ./zkllm-workdir/Llama-2-13b/layer-6-mlp.gate_proj.weight-commitment.bin 5120 13824
BIN commit-param 3.60 s  maxrss 373860 KB  exit 0  args ./zkllm-workdir/Llama-2-13b/mlp.up_proj.weight-pp.bin ./zkllm-workdir/Llama-2-13b/layer-6-mlp.up_proj.weight-int.bin ./zkllm-workdir/Llama-2-13b/layer-6-mlp.up_proj.weight-commitment.bin 5120 13824
BIN commit-param 3.60 s  maxrss 373972 KB  exit 0  args ./zkllm-workdir/Llama-2-13b/mlp.down_proj.weight-pp.bin ./zkllm-workdir/Llama-2-13b/layer-6-mlp.down_proj.weight-int.bin ./zkllm-workdir/Llama-2-13b/layer-6-mlp.down_proj.weight-commitment.bin 13824 5120
BIN commit-param 0.48 s  maxrss 110972 KB  exit 0  args ./zkllm-workdir/Llama-2-13b/input_layernorm.weight-pp.bin ./zkllm-workdir/Llama-2-13b/layer-6-input_layernorm.weight-int.bin ./zkllm-workdir/Llama-2-13b/layer-6-input_layernorm.weight-commitment.bin 5120 1
BIN commit-param 0.36 s  maxrss 110936 KB  exit 0  args ./zkllm-workdir/Llama-2-13b/post_attention_layernorm.weight-pp.bin ./zkllm-workdir/Llama-2-13b/layer-6-post_attention_layernorm.weight-int.bin ./zkllm-workdir/Llama-2-13b/layer-6-post_attention_layernorm.weight-commitment.bin 5120 1
BIN commit-param 1.79 s  maxrss 199860 KB  exit 0  args ./zkllm-workdir/Llama-2-13b/self_attn.q_proj.weight-pp.bin ./zkllm-workdir/Llama-2-13b/layer-7-self_attn.q_proj.weight-int.bin ./zkllm-workdir/Llama-2-13b/layer-7-self_attn.q_proj.weight-commitment.bin 5120 5120
BIN commit-param 1.78 s  maxrss 199892 KB  exit 0  args ./zkllm-workdir/Llama-2-13b/self_attn.k_proj.weight-pp.bin ./zkllm-workdir/Llama-2-13b/layer-7-self_attn.k_proj.weight-int.bin ./zkllm-workdir/Llama-2-13b/layer-7-self_attn.k_proj.weight-commitment.bin 5120 5120
BIN commit-param 1.82 s  maxrss 199848 KB  exit 0  args ./zkllm-workdir/Llama-2-13b/self_attn.v_proj.weight-pp.bin ./zkllm-workdir/Llama-2-13b/layer-7-self_attn.v_proj.weight-int.bin ./zkllm-workdir/Llama-2-13b/layer-7-self_attn.v_proj.weight-commitment.bin 5120 5120
BIN commit-param 1.78 s  maxrss 199796 KB  exit 0  args ./zkllm-workdir/Llama-2-13b/self_attn.o_proj.weight-pp.bin ./zkllm-workdir/Llama-2-13b/layer-7-self_attn.o_proj.weight-int.bin ./zkllm-workdir/Llama-2-13b/layer-7-self_attn.o_proj.weight-commitment.bin 5120 5120
BIN commit-param 3.61 s  maxrss 373888 KB  exit 0  args ./zkllm-workdir/Llama-2-13b/mlp.gate_proj.weight-pp.bin ./zkllm-workdir/Llama-2-13b/layer-7-mlp.gate_proj.weight-int.bin ./zkllm-workdir/Llama-2-13b/layer-7-mlp.gate_proj.weight-commitment.bin 5120 13824
BIN commit-param 3.63 s  maxrss 372860 KB  exit 0  args ./zkllm-workdir/Llama-2-13b/mlp.up_proj.weight-pp.bin ./zkllm-workdir/Llama-2-13b/layer-7-mlp.up_proj.weight-int.bin ./zkllm-workdir/Llama-2-13b/layer-7-mlp.up_proj.weight-commitment.bin 5120 13824
BIN commit-param 3.63 s  maxrss 373868 KB  exit 0  args ./zkllm-workdir/Llama-2-13b/mlp.down_proj.weight-pp.bin ./zkllm-workdir/Llama-2-13b/layer-7-mlp.down_proj.weight-int.bin ./zkllm-workdir/Llama-2-13b/layer-7-mlp.down_proj.weight-commitment.bin 13824 5120
BIN commit-param 0.48 s  maxrss 110940 KB  exit 0  args ./zkllm-workdir/Llama-2-13b/input_layernorm.weight-pp.bin ./zkllm-workdir/Llama-2-13b/layer-7-input_layernorm.weight-int.bin ./zkllm-workdir/Llama-2-13b/layer-7-input_layernorm.weight-commitment.bin 5120 1
BIN commit-param 0.37 s  maxrss 110944 KB  exit 0  args ./zkllm-workdir/Llama-2-13b/post_attention_layernorm.weight-pp.bin ./zkllm-workdir/Llama-2-13b/layer-7-post_attention_layernorm.weight-int.bin ./zkllm-workdir/Llama-2-13b/layer-7-post_attention_layernorm.weight-commitment.bin 5120 1
BIN commit-param 1.81 s  maxrss 199396 KB  exit 0  args ./zkllm-workdir/Llama-2-13b/self_attn.q_proj.weight-pp.bin ./zkllm-workdir/Llama-2-13b/layer-8-self_attn.q_proj.weight-int.bin ./zkllm-workdir/Llama-2-13b/layer-8-self_attn.q_proj.weight-commitment.bin 5120 5120
BIN commit-param 1.80 s  maxrss 199800 KB  exit 0  args ./zkllm-workdir/Llama-2-13b/self_attn.k_proj.weight-pp.bin ./zkllm-workdir/Llama-2-13b/layer-8-self_attn.k_proj.weight-int.bin ./zkllm-workdir/Llama-2-13b/layer-8-self_attn.k_proj.weight-commitment.bin 5120 5120
BIN commit-param 1.80 s  maxrss 199472 KB  exit 0  args ./zkllm-workdir/Llama-2-13b/self_attn.v_proj.weight-pp.bin ./zkllm-workdir/Llama-2-13b/layer-8-self_attn.v_proj.weight-int.bin ./zkllm-workdir/Llama-2-13b/layer-8-self_attn.v_proj.weight-commitment.bin 5120 5120
BIN commit-param 1.79 s  maxrss 199796 KB  exit 0  args ./zkllm-workdir/Llama-2-13b/self_attn.o_proj.weight-pp.bin ./zkllm-workdir/Llama-2-13b/layer-8-self_attn.o_proj.weight-int.bin ./zkllm-workdir/Llama-2-13b/layer-8-self_attn.o_proj.weight-commitment.bin 5120 5120
BIN commit-param 3.60 s  maxrss 373964 KB  exit 0  args ./zkllm-workdir/Llama-2-13b/mlp.gate_proj.weight-pp.bin ./zkllm-workdir/Llama-2-13b/layer-8-mlp.gate_proj.weight-int.bin ./zkllm-workdir/Llama-2-13b/layer-8-mlp.gate_proj.weight-commitment.bin 5120 13824
BIN commit-param 3.65 s  maxrss 373516 KB  exit 0  args ./zkllm-workdir/Llama-2-13b/mlp.up_proj.weight-pp.bin ./zkllm-workdir/Llama-2-13b/layer-8-mlp.up_proj.weight-int.bin ./zkllm-workdir/Llama-2-13b/layer-8-mlp.up_proj.weight-commitment.bin 5120 13824
BIN commit-param 3.62 s  maxrss 373848 KB  exit 0  args ./zkllm-workdir/Llama-2-13b/mlp.down_proj.weight-pp.bin ./zkllm-workdir/Llama-2-13b/layer-8-mlp.down_proj.weight-int.bin ./zkllm-workdir/Llama-2-13b/layer-8-mlp.down_proj.weight-commitment.bin 13824 5120
BIN commit-param 0.50 s  maxrss 110864 KB  exit 0  args ./zkllm-workdir/Llama-2-13b/input_layernorm.weight-pp.bin ./zkllm-workdir/Llama-2-13b/layer-8-input_layernorm.weight-int.bin ./zkllm-workdir/Llama-2-13b/layer-8-input_layernorm.weight-commitment.bin 5120 1
BIN commit-param 0.38 s  maxrss 110908 KB  exit 0  args ./zkllm-workdir/Llama-2-13b/post_attention_layernorm.weight-pp.bin ./zkllm-workdir/Llama-2-13b/layer-8-post_attention_layernorm.weight-int.bin ./zkllm-workdir/Llama-2-13b/layer-8-post_attention_layernorm.weight-commitment.bin 5120 1
BIN commit-param 1.79 s  maxrss 199448 KB  exit 0  args ./zkllm-workdir/Llama-2-13b/self_attn.q_proj.weight-pp.bin ./zkllm-workdir/Llama-2-13b/layer-9-self_attn.q_proj.weight-int.bin ./zkllm-workdir/Llama-2-13b/layer-9-self_attn.q_proj.weight-commitment.bin 5120 5120
BIN commit-param 1.80 s  maxrss 199768 KB  exit 0  args ./zkllm-workdir/Llama-2-13b/self_attn.k_proj.weight-pp.bin ./zkllm-workdir/Llama-2-13b/layer-9-self_attn.k_proj.weight-int.bin ./zkllm-workdir/Llama-2-13b/layer-9-self_attn.k_proj.weight-commitment.bin 5120 5120
BIN commit-param 1.82 s  maxrss 199740 KB  exit 0  args ./zkllm-workdir/Llama-2-13b/self_attn.v_proj.weight-pp.bin ./zkllm-workdir/Llama-2-13b/layer-9-self_attn.v_proj.weight-int.bin ./zkllm-workdir/Llama-2-13b/layer-9-self_attn.v_proj.weight-commitment.bin 5120 5120
BIN commit-param 1.82 s  maxrss 199840 KB  exit 0  args ./zkllm-workdir/Llama-2-13b/self_attn.o_proj.weight-pp.bin ./zkllm-workdir/Llama-2-13b/layer-9-self_attn.o_proj.weight-int.bin ./zkllm-workdir/Llama-2-13b/layer-9-self_attn.o_proj.weight-commitment.bin 5120 5120
BIN commit-param 3.64 s  maxrss 373952 KB  exit 0  args ./zkllm-workdir/Llama-2-13b/mlp.gate_proj.weight-pp.bin ./zkllm-workdir/Llama-2-13b/layer-9-mlp.gate_proj.weight-int.bin ./zkllm-workdir/Llama-2-13b/layer-9-mlp.gate_proj.weight-commitment.bin 5120 13824
BIN commit-param 3.64 s  maxrss 373888 KB  exit 0  args ./zkllm-workdir/Llama-2-13b/mlp.up_proj.weight-pp.bin ./zkllm-workdir/Llama-2-13b/layer-9-mlp.up_proj.weight-int.bin ./zkllm-workdir/Llama-2-13b/layer-9-mlp.up_proj.weight-commitment.bin 5120 13824
BIN commit-param 3.66 s  maxrss 373960 KB  exit 0  args ./zkllm-workdir/Llama-2-13b/mlp.down_proj.weight-pp.bin ./zkllm-workdir/Llama-2-13b/layer-9-mlp.down_proj.weight-int.bin ./zkllm-workdir/Llama-2-13b/layer-9-mlp.down_proj.weight-commitment.bin 13824 5120
BIN commit-param 0.49 s  maxrss 110936 KB  exit 0  args ./zkllm-workdir/Llama-2-13b/input_layernorm.weight-pp.bin ./zkllm-workdir/Llama-2-13b/layer-9-input_layernorm.weight-int.bin ./zkllm-workdir/Llama-2-13b/layer-9-input_layernorm.weight-commitment.bin 5120 1
BIN commit-param 0.38 s  maxrss 110908 KB  exit 0  args ./zkllm-workdir/Llama-2-13b/post_attention_layernorm.weight-pp.bin ./zkllm-workdir/Llama-2-13b/layer-9-post_attention_layernorm.weight-int.bin ./zkllm-workdir/Llama-2-13b/layer-9-post_attention_layernorm.weight-commitment.bin 5120 1
BIN commit-param 1.81 s  maxrss 199768 KB  exit 0  args ./zkllm-workdir/Llama-2-13b/self_attn.q_proj.weight-pp.bin ./zkllm-workdir/Llama-2-13b/layer-10-self_attn.q_proj.weight-int.bin ./zkllm-workdir/Llama-2-13b/layer-10-self_attn.q_proj.weight-commitment.bin 5120 5120
BIN commit-param 1.81 s  maxrss 199860 KB  exit 0  args ./zkllm-workdir/Llama-2-13b/self_attn.k_proj.weight-pp.bin ./zkllm-workdir/Llama-2-13b/layer-10-self_attn.k_proj.weight-int.bin ./zkllm-workdir/Llama-2-13b/layer-10-self_attn.k_proj.weight-commitment.bin 5120 5120
BIN commit-param 1.82 s  maxrss 199828 KB  exit 0  args ./zkllm-workdir/Llama-2-13b/self_attn.v_proj.weight-pp.bin ./zkllm-workdir/Llama-2-13b/layer-10-self_attn.v_proj.weight-int.bin ./zkllm-workdir/Llama-2-13b/layer-10-self_attn.v_proj.weight-commitment.bin 5120 5120
BIN commit-param 2.09 s  maxrss 199840 KB  exit 0  args ./zkllm-workdir/Llama-2-13b/self_attn.o_proj.weight-pp.bin ./zkllm-workdir/Llama-2-13b/layer-10-self_attn.o_proj.weight-int.bin ./zkllm-workdir/Llama-2-13b/layer-10-self_attn.o_proj.weight-commitment.bin 5120 5120
BIN commit-param 3.89 s  maxrss 373896 KB  exit 0  args ./zkllm-workdir/Llama-2-13b/mlp.gate_proj.weight-pp.bin ./zkllm-workdir/Llama-2-13b/layer-10-mlp.gate_proj.weight-int.bin ./zkllm-workdir/Llama-2-13b/layer-10-mlp.gate_proj.weight-commitment.bin 5120 13824
BIN commit-param 3.64 s  maxrss 373960 KB  exit 0  args ./zkllm-workdir/Llama-2-13b/mlp.up_proj.weight-pp.bin ./zkllm-workdir/Llama-2-13b/layer-10-mlp.up_proj.weight-int.bin ./zkllm-workdir/Llama-2-13b/layer-10-mlp.up_proj.weight-commitment.bin 5120 13824
BIN commit-param 3.62 s  maxrss 373864 KB  exit 0  args ./zkllm-workdir/Llama-2-13b/mlp.down_proj.weight-pp.bin ./zkllm-workdir/Llama-2-13b/layer-10-mlp.down_proj.weight-int.bin ./zkllm-workdir/Llama-2-13b/layer-10-mlp.down_proj.weight-commitment.bin 13824 5120
BIN commit-param 0.49 s  maxrss 111020 KB  exit 0  args ./zkllm-workdir/Llama-2-13b/input_layernorm.weight-pp.bin ./zkllm-workdir/Llama-2-13b/layer-10-input_layernorm.weight-int.bin ./zkllm-workdir/Llama-2-13b/layer-10-input_layernorm.weight-commitment.bin 5120 1
BIN commit-param 0.36 s  maxrss 110952 KB  exit 0  args ./zkllm-workdir/Llama-2-13b/post_attention_layernorm.weight-pp.bin ./zkllm-workdir/Llama-2-13b/layer-10-post_attention_layernorm.weight-int.bin ./zkllm-workdir/Llama-2-13b/layer-10-post_attention_layernorm.weight-commitment.bin 5120 1
BIN commit-param 1.80 s  maxrss 199880 KB  exit 0  args ./zkllm-workdir/Llama-2-13b/self_attn.q_proj.weight-pp.bin ./zkllm-workdir/Llama-2-13b/layer-11-self_attn.q_proj.weight-int.bin ./zkllm-workdir/Llama-2-13b/layer-11-self_attn.q_proj.weight-commitment.bin 5120 5120
BIN commit-param 1.82 s  maxrss 199888 KB  exit 0  args ./zkllm-workdir/Llama-2-13b/self_attn.k_proj.weight-pp.bin ./zkllm-workdir/Llama-2-13b/layer-11-self_attn.k_proj.weight-int.bin ./zkllm-workdir/Llama-2-13b/layer-11-self_attn.k_proj.weight-commitment.bin 5120 5120
BIN commit-param 1.82 s  maxrss 199420 KB  exit 0  args ./zkllm-workdir/Llama-2-13b/self_attn.v_proj.weight-pp.bin ./zkllm-workdir/Llama-2-13b/layer-11-self_attn.v_proj.weight-int.bin ./zkllm-workdir/Llama-2-13b/layer-11-self_attn.v_proj.weight-commitment.bin 5120 5120
BIN commit-param 1.81 s  maxrss 199772 KB  exit 0  args ./zkllm-workdir/Llama-2-13b/self_attn.o_proj.weight-pp.bin ./zkllm-workdir/Llama-2-13b/layer-11-self_attn.o_proj.weight-int.bin ./zkllm-workdir/Llama-2-13b/layer-11-self_attn.o_proj.weight-commitment.bin 5120 5120
BIN commit-param 3.60 s  maxrss 373828 KB  exit 0  args ./zkllm-workdir/Llama-2-13b/mlp.gate_proj.weight-pp.bin ./zkllm-workdir/Llama-2-13b/layer-11-mlp.gate_proj.weight-int.bin ./zkllm-workdir/Llama-2-13b/layer-11-mlp.gate_proj.weight-commitment.bin 5120 13824
BIN commit-param 3.62 s  maxrss 373928 KB  exit 0  args ./zkllm-workdir/Llama-2-13b/mlp.up_proj.weight-pp.bin ./zkllm-workdir/Llama-2-13b/layer-11-mlp.up_proj.weight-int.bin ./zkllm-workdir/Llama-2-13b/layer-11-mlp.up_proj.weight-commitment.bin 5120 13824
BIN commit-param 3.64 s  maxrss 373880 KB  exit 0  args ./zkllm-workdir/Llama-2-13b/mlp.down_proj.weight-pp.bin ./zkllm-workdir/Llama-2-13b/layer-11-mlp.down_proj.weight-int.bin ./zkllm-workdir/Llama-2-13b/layer-11-mlp.down_proj.weight-commitment.bin 13824 5120
BIN commit-param 0.50 s  maxrss 111000 KB  exit 0  args ./zkllm-workdir/Llama-2-13b/input_layernorm.weight-pp.bin ./zkllm-workdir/Llama-2-13b/layer-11-input_layernorm.weight-int.bin ./zkllm-workdir/Llama-2-13b/layer-11-input_layernorm.weight-commitment.bin 5120 1
BIN commit-param 0.37 s  maxrss 110884 KB  exit 0  args ./zkllm-workdir/Llama-2-13b/post_attention_layernorm.weight-pp.bin ./zkllm-workdir/Llama-2-13b/layer-11-post_attention_layernorm.weight-int.bin ./zkllm-workdir/Llama-2-13b/layer-11-post_attention_layernorm.weight-commitment.bin 5120 1
BIN commit-param 1.79 s  maxrss 199828 KB  exit 0  args ./zkllm-workdir/Llama-2-13b/self_attn.q_proj.weight-pp.bin ./zkllm-workdir/Llama-2-13b/layer-12-self_attn.q_proj.weight-int.bin ./zkllm-workdir/Llama-2-13b/layer-12-self_attn.q_proj.weight-commitment.bin 5120 5120
BIN commit-param 1.80 s  maxrss 199776 KB  exit 0  args ./zkllm-workdir/Llama-2-13b/self_attn.k_proj.weight-pp.bin ./zkllm-workdir/Llama-2-13b/layer-12-self_attn.k_proj.weight-int.bin ./zkllm-workdir/Llama-2-13b/layer-12-self_attn.k_proj.weight-commitment.bin 5120 5120
BIN commit-param 1.82 s  maxrss 199872 KB  exit 0  args ./zkllm-workdir/Llama-2-13b/self_attn.v_proj.weight-pp.bin ./zkllm-workdir/Llama-2-13b/layer-12-self_attn.v_proj.weight-int.bin ./zkllm-workdir/Llama-2-13b/layer-12-self_attn.v_proj.weight-commitment.bin 5120 5120
BIN commit-param 1.81 s  maxrss 199852 KB  exit 0  args ./zkllm-workdir/Llama-2-13b/self_attn.o_proj.weight-pp.bin ./zkllm-workdir/Llama-2-13b/layer-12-self_attn.o_proj.weight-int.bin ./zkllm-workdir/Llama-2-13b/layer-12-self_attn.o_proj.weight-commitment.bin 5120 5120
BIN commit-param 3.62 s  maxrss 373488 KB  exit 0  args ./zkllm-workdir/Llama-2-13b/mlp.gate_proj.weight-pp.bin ./zkllm-workdir/Llama-2-13b/layer-12-mlp.gate_proj.weight-int.bin ./zkllm-workdir/Llama-2-13b/layer-12-mlp.gate_proj.weight-commitment.bin 5120 13824
BIN commit-param 3.62 s  maxrss 373872 KB  exit 0  args ./zkllm-workdir/Llama-2-13b/mlp.up_proj.weight-pp.bin ./zkllm-workdir/Llama-2-13b/layer-12-mlp.up_proj.weight-int.bin ./zkllm-workdir/Llama-2-13b/layer-12-mlp.up_proj.weight-commitment.bin 5120 13824
BIN commit-param 3.61 s  maxrss 373880 KB  exit 0  args ./zkllm-workdir/Llama-2-13b/mlp.down_proj.weight-pp.bin ./zkllm-workdir/Llama-2-13b/layer-12-mlp.down_proj.weight-int.bin ./zkllm-workdir/Llama-2-13b/layer-12-mlp.down_proj.weight-commitment.bin 13824 5120
BIN commit-param 0.47 s  maxrss 110892 KB  exit 0  args ./zkllm-workdir/Llama-2-13b/input_layernorm.weight-pp.bin ./zkllm-workdir/Llama-2-13b/layer-12-input_layernorm.weight-int.bin ./zkllm-workdir/Llama-2-13b/layer-12-input_layernorm.weight-commitment.bin 5120 1
BIN commit-param 0.36 s  maxrss 110908 KB  exit 0  args ./zkllm-workdir/Llama-2-13b/post_attention_layernorm.weight-pp.bin ./zkllm-workdir/Llama-2-13b/layer-12-post_attention_layernorm.weight-int.bin ./zkllm-workdir/Llama-2-13b/layer-12-post_attention_layernorm.weight-commitment.bin 5120 1
BIN commit-param 1.79 s  maxrss 199224 KB  exit 0  args ./zkllm-workdir/Llama-2-13b/self_attn.q_proj.weight-pp.bin ./zkllm-workdir/Llama-2-13b/layer-13-self_attn.q_proj.weight-int.bin ./zkllm-workdir/Llama-2-13b/layer-13-self_attn.q_proj.weight-commitment.bin 5120 5120
BIN commit-param 1.80 s  maxrss 199428 KB  exit 0  args ./zkllm-workdir/Llama-2-13b/self_attn.k_proj.weight-pp.bin ./zkllm-workdir/Llama-2-13b/layer-13-self_attn.k_proj.weight-int.bin ./zkllm-workdir/Llama-2-13b/layer-13-self_attn.k_proj.weight-commitment.bin 5120 5120
BIN commit-param 1.79 s  maxrss 199816 KB  exit 0  args ./zkllm-workdir/Llama-2-13b/self_attn.v_proj.weight-pp.bin ./zkllm-workdir/Llama-2-13b/layer-13-self_attn.v_proj.weight-int.bin ./zkllm-workdir/Llama-2-13b/layer-13-self_attn.v_proj.weight-commitment.bin 5120 5120
BIN commit-param 1.79 s  maxrss 199836 KB  exit 0  args ./zkllm-workdir/Llama-2-13b/self_attn.o_proj.weight-pp.bin ./zkllm-workdir/Llama-2-13b/layer-13-self_attn.o_proj.weight-int.bin ./zkllm-workdir/Llama-2-13b/layer-13-self_attn.o_proj.weight-commitment.bin 5120 5120
BIN commit-param 3.62 s  maxrss 373940 KB  exit 0  args ./zkllm-workdir/Llama-2-13b/mlp.gate_proj.weight-pp.bin ./zkllm-workdir/Llama-2-13b/layer-13-mlp.gate_proj.weight-int.bin ./zkllm-workdir/Llama-2-13b/layer-13-mlp.gate_proj.weight-commitment.bin 5120 13824
BIN commit-param 3.64 s  maxrss 373916 KB  exit 0  args ./zkllm-workdir/Llama-2-13b/mlp.up_proj.weight-pp.bin ./zkllm-workdir/Llama-2-13b/layer-13-mlp.up_proj.weight-int.bin ./zkllm-workdir/Llama-2-13b/layer-13-mlp.up_proj.weight-commitment.bin 5120 13824
BIN commit-param 3.69 s  maxrss 373616 KB  exit 0  args ./zkllm-workdir/Llama-2-13b/mlp.down_proj.weight-pp.bin ./zkllm-workdir/Llama-2-13b/layer-13-mlp.down_proj.weight-int.bin ./zkllm-workdir/Llama-2-13b/layer-13-mlp.down_proj.weight-commitment.bin 13824 5120
BIN commit-param 0.50 s  maxrss 110904 KB  exit 0  args ./zkllm-workdir/Llama-2-13b/input_layernorm.weight-pp.bin ./zkllm-workdir/Llama-2-13b/layer-13-input_layernorm.weight-int.bin ./zkllm-workdir/Llama-2-13b/layer-13-input_layernorm.weight-commitment.bin 5120 1
BIN commit-param 0.36 s  maxrss 110972 KB  exit 0  args ./zkllm-workdir/Llama-2-13b/post_attention_layernorm.weight-pp.bin ./zkllm-workdir/Llama-2-13b/layer-13-post_attention_layernorm.weight-int.bin ./zkllm-workdir/Llama-2-13b/layer-13-post_attention_layernorm.weight-commitment.bin 5120 1
BIN commit-param 1.80 s  maxrss 199436 KB  exit 0  args ./zkllm-workdir/Llama-2-13b/self_attn.q_proj.weight-pp.bin ./zkllm-workdir/Llama-2-13b/layer-14-self_attn.q_proj.weight-int.bin ./zkllm-workdir/Llama-2-13b/layer-14-self_attn.q_proj.weight-commitment.bin 5120 5120
BIN commit-param 1.79 s  maxrss 199528 KB  exit 0  args ./zkllm-workdir/Llama-2-13b/self_attn.k_proj.weight-pp.bin ./zkllm-workdir/Llama-2-13b/layer-14-self_attn.k_proj.weight-int.bin ./zkllm-workdir/Llama-2-13b/layer-14-self_attn.k_proj.weight-commitment.bin 5120 5120
BIN commit-param 1.83 s  maxrss 199800 KB  exit 0  args ./zkllm-workdir/Llama-2-13b/self_attn.v_proj.weight-pp.bin ./zkllm-workdir/Llama-2-13b/layer-14-self_attn.v_proj.weight-int.bin ./zkllm-workdir/Llama-2-13b/layer-14-self_attn.v_proj.weight-commitment.bin 5120 5120
BIN commit-param 1.83 s  maxrss 199772 KB  exit 0  args ./zkllm-workdir/Llama-2-13b/self_attn.o_proj.weight-pp.bin ./zkllm-workdir/Llama-2-13b/layer-14-self_attn.o_proj.weight-int.bin ./zkllm-workdir/Llama-2-13b/layer-14-self_attn.o_proj.weight-commitment.bin 5120 5120
BIN commit-param 3.88 s  maxrss 373804 KB  exit 0  args ./zkllm-workdir/Llama-2-13b/mlp.gate_proj.weight-pp.bin ./zkllm-workdir/Llama-2-13b/layer-14-mlp.gate_proj.weight-int.bin ./zkllm-workdir/Llama-2-13b/layer-14-mlp.gate_proj.weight-commitment.bin 5120 13824
BIN commit-param 3.60 s  maxrss 373804 KB  exit 0  args ./zkllm-workdir/Llama-2-13b/mlp.up_proj.weight-pp.bin ./zkllm-workdir/Llama-2-13b/layer-14-mlp.up_proj.weight-int.bin ./zkllm-workdir/Llama-2-13b/layer-14-mlp.up_proj.weight-commitment.bin 5120 13824
BIN commit-param 3.61 s  maxrss 373912 KB  exit 0  args ./zkllm-workdir/Llama-2-13b/mlp.down_proj.weight-pp.bin ./zkllm-workdir/Llama-2-13b/layer-14-mlp.down_proj.weight-int.bin ./zkllm-workdir/Llama-2-13b/layer-14-mlp.down_proj.weight-commitment.bin 13824 5120
BIN commit-param 0.49 s  maxrss 110928 KB  exit 0  args ./zkllm-workdir/Llama-2-13b/input_layernorm.weight-pp.bin ./zkllm-workdir/Llama-2-13b/layer-14-input_layernorm.weight-int.bin ./zkllm-workdir/Llama-2-13b/layer-14-input_layernorm.weight-commitment.bin 5120 1
BIN commit-param 0.37 s  maxrss 110860 KB  exit 0  args ./zkllm-workdir/Llama-2-13b/post_attention_layernorm.weight-pp.bin ./zkllm-workdir/Llama-2-13b/layer-14-post_attention_layernorm.weight-int.bin ./zkllm-workdir/Llama-2-13b/layer-14-post_attention_layernorm.weight-commitment.bin 5120 1
BIN commit-param 1.80 s  maxrss 199892 KB  exit 0  args ./zkllm-workdir/Llama-2-13b/self_attn.q_proj.weight-pp.bin ./zkllm-workdir/Llama-2-13b/layer-15-self_attn.q_proj.weight-int.bin ./zkllm-workdir/Llama-2-13b/layer-15-self_attn.q_proj.weight-commitment.bin 5120 5120
BIN commit-param 1.80 s  maxrss 199840 KB  exit 0  args ./zkllm-workdir/Llama-2-13b/self_attn.k_proj.weight-pp.bin ./zkllm-workdir/Llama-2-13b/layer-15-self_attn.k_proj.weight-int.bin ./zkllm-workdir/Llama-2-13b/layer-15-self_attn.k_proj.weight-commitment.bin 5120 5120
BIN commit-param 1.83 s  maxrss 199456 KB  exit 0  args ./zkllm-workdir/Llama-2-13b/self_attn.v_proj.weight-pp.bin ./zkllm-workdir/Llama-2-13b/layer-15-self_attn.v_proj.weight-int.bin ./zkllm-workdir/Llama-2-13b/layer-15-self_attn.v_proj.weight-commitment.bin 5120 5120
BIN commit-param 1.81 s  maxrss 199812 KB  exit 0  args ./zkllm-workdir/Llama-2-13b/self_attn.o_proj.weight-pp.bin ./zkllm-workdir/Llama-2-13b/layer-15-self_attn.o_proj.weight-int.bin ./zkllm-workdir/Llama-2-13b/layer-15-self_attn.o_proj.weight-commitment.bin 5120 5120
BIN commit-param 3.60 s  maxrss 373960 KB  exit 0  args ./zkllm-workdir/Llama-2-13b/mlp.gate_proj.weight-pp.bin ./zkllm-workdir/Llama-2-13b/layer-15-mlp.gate_proj.weight-int.bin ./zkllm-workdir/Llama-2-13b/layer-15-mlp.gate_proj.weight-commitment.bin 5120 13824
BIN commit-param 3.66 s  maxrss 374016 KB  exit 0  args ./zkllm-workdir/Llama-2-13b/mlp.up_proj.weight-pp.bin ./zkllm-workdir/Llama-2-13b/layer-15-mlp.up_proj.weight-int.bin ./zkllm-workdir/Llama-2-13b/layer-15-mlp.up_proj.weight-commitment.bin 5120 13824
BIN commit-param 3.68 s  maxrss 373788 KB  exit 0  args ./zkllm-workdir/Llama-2-13b/mlp.down_proj.weight-pp.bin ./zkllm-workdir/Llama-2-13b/layer-15-mlp.down_proj.weight-int.bin ./zkllm-workdir/Llama-2-13b/layer-15-mlp.down_proj.weight-commitment.bin 13824 5120
BIN commit-param 0.48 s  maxrss 111064 KB  exit 0  args ./zkllm-workdir/Llama-2-13b/input_layernorm.weight-pp.bin ./zkllm-workdir/Llama-2-13b/layer-15-input_layernorm.weight-int.bin ./zkllm-workdir/Llama-2-13b/layer-15-input_layernorm.weight-commitment.bin 5120 1
BIN commit-param 0.36 s  maxrss 110876 KB  exit 0  args ./zkllm-workdir/Llama-2-13b/post_attention_layernorm.weight-pp.bin ./zkllm-workdir/Llama-2-13b/layer-15-post_attention_layernorm.weight-int.bin ./zkllm-workdir/Llama-2-13b/layer-15-post_attention_layernorm.weight-commitment.bin 5120 1
BIN commit-param 1.79 s  maxrss 199464 KB  exit 0  args ./zkllm-workdir/Llama-2-13b/self_attn.q_proj.weight-pp.bin ./zkllm-workdir/Llama-2-13b/layer-16-self_attn.q_proj.weight-int.bin ./zkllm-workdir/Llama-2-13b/layer-16-self_attn.q_proj.weight-commitment.bin 5120 5120
BIN commit-param 1.81 s  maxrss 199832 KB  exit 0  args ./zkllm-workdir/Llama-2-13b/self_attn.k_proj.weight-pp.bin ./zkllm-workdir/Llama-2-13b/layer-16-self_attn.k_proj.weight-int.bin ./zkllm-workdir/Llama-2-13b/layer-16-self_attn.k_proj.weight-commitment.bin 5120 5120
BIN commit-param 1.81 s  maxrss 199520 KB  exit 0  args ./zkllm-workdir/Llama-2-13b/self_attn.v_proj.weight-pp.bin ./zkllm-workdir/Llama-2-13b/layer-16-self_attn.v_proj.weight-int.bin ./zkllm-workdir/Llama-2-13b/layer-16-self_attn.v_proj.weight-commitment.bin 5120 5120
BIN commit-param 2.08 s  maxrss 199748 KB  exit 0  args ./zkllm-workdir/Llama-2-13b/self_attn.o_proj.weight-pp.bin ./zkllm-workdir/Llama-2-13b/layer-16-self_attn.o_proj.weight-int.bin ./zkllm-workdir/Llama-2-13b/layer-16-self_attn.o_proj.weight-commitment.bin 5120 5120
BIN commit-param 3.63 s  maxrss 373428 KB  exit 0  args ./zkllm-workdir/Llama-2-13b/mlp.gate_proj.weight-pp.bin ./zkllm-workdir/Llama-2-13b/layer-16-mlp.gate_proj.weight-int.bin ./zkllm-workdir/Llama-2-13b/layer-16-mlp.gate_proj.weight-commitment.bin 5120 13824
BIN commit-param 3.87 s  maxrss 373904 KB  exit 0  args ./zkllm-workdir/Llama-2-13b/mlp.up_proj.weight-pp.bin ./zkllm-workdir/Llama-2-13b/layer-16-mlp.up_proj.weight-int.bin ./zkllm-workdir/Llama-2-13b/layer-16-mlp.up_proj.weight-commitment.bin 5120 13824
BIN commit-param 3.64 s  maxrss 373792 KB  exit 0  args ./zkllm-workdir/Llama-2-13b/mlp.down_proj.weight-pp.bin ./zkllm-workdir/Llama-2-13b/layer-16-mlp.down_proj.weight-int.bin ./zkllm-workdir/Llama-2-13b/layer-16-mlp.down_proj.weight-commitment.bin 13824 5120
BIN commit-param 0.47 s  maxrss 110848 KB  exit 0  args ./zkllm-workdir/Llama-2-13b/input_layernorm.weight-pp.bin ./zkllm-workdir/Llama-2-13b/layer-16-input_layernorm.weight-int.bin ./zkllm-workdir/Llama-2-13b/layer-16-input_layernorm.weight-commitment.bin 5120 1
BIN commit-param 0.36 s  maxrss 110924 KB  exit 0  args ./zkllm-workdir/Llama-2-13b/post_attention_layernorm.weight-pp.bin ./zkllm-workdir/Llama-2-13b/layer-16-post_attention_layernorm.weight-int.bin ./zkllm-workdir/Llama-2-13b/layer-16-post_attention_layernorm.weight-commitment.bin 5120 1
BIN commit-param 1.80 s  maxrss 199412 KB  exit 0  args ./zkllm-workdir/Llama-2-13b/self_attn.q_proj.weight-pp.bin ./zkllm-workdir/Llama-2-13b/layer-17-self_attn.q_proj.weight-int.bin ./zkllm-workdir/Llama-2-13b/layer-17-self_attn.q_proj.weight-commitment.bin 5120 5120
BIN commit-param 1.81 s  maxrss 199828 KB  exit 0  args ./zkllm-workdir/Llama-2-13b/self_attn.k_proj.weight-pp.bin ./zkllm-workdir/Llama-2-13b/layer-17-self_attn.k_proj.weight-int.bin ./zkllm-workdir/Llama-2-13b/layer-17-self_attn.k_proj.weight-commitment.bin 5120 5120
BIN commit-param 1.79 s  maxrss 199784 KB  exit 0  args ./zkllm-workdir/Llama-2-13b/self_attn.v_proj.weight-pp.bin ./zkllm-workdir/Llama-2-13b/layer-17-self_attn.v_proj.weight-int.bin ./zkllm-workdir/Llama-2-13b/layer-17-self_attn.v_proj.weight-commitment.bin 5120 5120
BIN commit-param 1.80 s  maxrss 199796 KB  exit 0  args ./zkllm-workdir/Llama-2-13b/self_attn.o_proj.weight-pp.bin ./zkllm-workdir/Llama-2-13b/layer-17-self_attn.o_proj.weight-int.bin ./zkllm-workdir/Llama-2-13b/layer-17-self_attn.o_proj.weight-commitment.bin 5120 5120
BIN commit-param 3.66 s  maxrss 373712 KB  exit 0  args ./zkllm-workdir/Llama-2-13b/mlp.gate_proj.weight-pp.bin ./zkllm-workdir/Llama-2-13b/layer-17-mlp.gate_proj.weight-int.bin ./zkllm-workdir/Llama-2-13b/layer-17-mlp.gate_proj.weight-commitment.bin 5120 13824
BIN commit-param 3.60 s  maxrss 373916 KB  exit 0  args ./zkllm-workdir/Llama-2-13b/mlp.up_proj.weight-pp.bin ./zkllm-workdir/Llama-2-13b/layer-17-mlp.up_proj.weight-int.bin ./zkllm-workdir/Llama-2-13b/layer-17-mlp.up_proj.weight-commitment.bin 5120 13824
BIN commit-param 3.65 s  maxrss 373896 KB  exit 0  args ./zkllm-workdir/Llama-2-13b/mlp.down_proj.weight-pp.bin ./zkllm-workdir/Llama-2-13b/layer-17-mlp.down_proj.weight-int.bin ./zkllm-workdir/Llama-2-13b/layer-17-mlp.down_proj.weight-commitment.bin 13824 5120
BIN commit-param 0.47 s  maxrss 110956 KB  exit 0  args ./zkllm-workdir/Llama-2-13b/input_layernorm.weight-pp.bin ./zkllm-workdir/Llama-2-13b/layer-17-input_layernorm.weight-int.bin ./zkllm-workdir/Llama-2-13b/layer-17-input_layernorm.weight-commitment.bin 5120 1
BIN commit-param 0.37 s  maxrss 110988 KB  exit 0  args ./zkllm-workdir/Llama-2-13b/post_attention_layernorm.weight-pp.bin ./zkllm-workdir/Llama-2-13b/layer-17-post_attention_layernorm.weight-int.bin ./zkllm-workdir/Llama-2-13b/layer-17-post_attention_layernorm.weight-commitment.bin 5120 1
BIN commit-param 1.81 s  maxrss 199704 KB  exit 0  args ./zkllm-workdir/Llama-2-13b/self_attn.q_proj.weight-pp.bin ./zkllm-workdir/Llama-2-13b/layer-18-self_attn.q_proj.weight-int.bin ./zkllm-workdir/Llama-2-13b/layer-18-self_attn.q_proj.weight-commitment.bin 5120 5120
BIN commit-param 1.80 s  maxrss 199804 KB  exit 0  args ./zkllm-workdir/Llama-2-13b/self_attn.k_proj.weight-pp.bin ./zkllm-workdir/Llama-2-13b/layer-18-self_attn.k_proj.weight-int.bin ./zkllm-workdir/Llama-2-13b/layer-18-self_attn.k_proj.weight-commitment.bin 5120 5120
BIN commit-param 1.84 s  maxrss 199844 KB  exit 0  args ./zkllm-workdir/Llama-2-13b/self_attn.v_proj.weight-pp.bin ./zkllm-workdir/Llama-2-13b/layer-18-self_attn.v_proj.weight-int.bin ./zkllm-workdir/Llama-2-13b/layer-18-self_attn.v_proj.weight-commitment.bin 5120 5120
BIN commit-param 2.05 s  maxrss 199796 KB  exit 0  args ./zkllm-workdir/Llama-2-13b/self_attn.o_proj.weight-pp.bin ./zkllm-workdir/Llama-2-13b/layer-18-self_attn.o_proj.weight-int.bin ./zkllm-workdir/Llama-2-13b/layer-18-self_attn.o_proj.weight-commitment.bin 5120 5120
BIN commit-param 3.61 s  maxrss 373856 KB  exit 0  args ./zkllm-workdir/Llama-2-13b/mlp.gate_proj.weight-pp.bin ./zkllm-workdir/Llama-2-13b/layer-18-mlp.gate_proj.weight-int.bin ./zkllm-workdir/Llama-2-13b/layer-18-mlp.gate_proj.weight-commitment.bin 5120 13824
BIN commit-param 3.65 s  maxrss 373864 KB  exit 0  args ./zkllm-workdir/Llama-2-13b/mlp.up_proj.weight-pp.bin ./zkllm-workdir/Llama-2-13b/layer-18-mlp.up_proj.weight-int.bin ./zkllm-workdir/Llama-2-13b/layer-18-mlp.up_proj.weight-commitment.bin 5120 13824
BIN commit-param 3.65 s  maxrss 373932 KB  exit 0  args ./zkllm-workdir/Llama-2-13b/mlp.down_proj.weight-pp.bin ./zkllm-workdir/Llama-2-13b/layer-18-mlp.down_proj.weight-int.bin ./zkllm-workdir/Llama-2-13b/layer-18-mlp.down_proj.weight-commitment.bin 13824 5120
BIN commit-param 0.47 s  maxrss 110936 KB  exit 0  args ./zkllm-workdir/Llama-2-13b/input_layernorm.weight-pp.bin ./zkllm-workdir/Llama-2-13b/layer-18-input_layernorm.weight-int.bin ./zkllm-workdir/Llama-2-13b/layer-18-input_layernorm.weight-commitment.bin 5120 1
BIN commit-param 0.37 s  maxrss 110852 KB  exit 0  args ./zkllm-workdir/Llama-2-13b/post_attention_layernorm.weight-pp.bin ./zkllm-workdir/Llama-2-13b/layer-18-post_attention_layernorm.weight-int.bin ./zkllm-workdir/Llama-2-13b/layer-18-post_attention_layernorm.weight-commitment.bin 5120 1
BIN commit-param 1.79 s  maxrss 199744 KB  exit 0  args ./zkllm-workdir/Llama-2-13b/self_attn.q_proj.weight-pp.bin ./zkllm-workdir/Llama-2-13b/layer-19-self_attn.q_proj.weight-int.bin ./zkllm-workdir/Llama-2-13b/layer-19-self_attn.q_proj.weight-commitment.bin 5120 5120
BIN commit-param 1.82 s  maxrss 199604 KB  exit 0  args ./zkllm-workdir/Llama-2-13b/self_attn.k_proj.weight-pp.bin ./zkllm-workdir/Llama-2-13b/layer-19-self_attn.k_proj.weight-int.bin ./zkllm-workdir/Llama-2-13b/layer-19-self_attn.k_proj.weight-commitment.bin 5120 5120
BIN commit-param 1.80 s  maxrss 199704 KB  exit 0  args ./zkllm-workdir/Llama-2-13b/self_attn.v_proj.weight-pp.bin ./zkllm-workdir/Llama-2-13b/layer-19-self_attn.v_proj.weight-int.bin ./zkllm-workdir/Llama-2-13b/layer-19-self_attn.v_proj.weight-commitment.bin 5120 5120
BIN commit-param 1.79 s  maxrss 199468 KB  exit 0  args ./zkllm-workdir/Llama-2-13b/self_attn.o_proj.weight-pp.bin ./zkllm-workdir/Llama-2-13b/layer-19-self_attn.o_proj.weight-int.bin ./zkllm-workdir/Llama-2-13b/layer-19-self_attn.o_proj.weight-commitment.bin 5120 5120
BIN commit-param 3.87 s  maxrss 373884 KB  exit 0  args ./zkllm-workdir/Llama-2-13b/mlp.gate_proj.weight-pp.bin ./zkllm-workdir/Llama-2-13b/layer-19-mlp.gate_proj.weight-int.bin ./zkllm-workdir/Llama-2-13b/layer-19-mlp.gate_proj.weight-commitment.bin 5120 13824
BIN commit-param 3.61 s  maxrss 373920 KB  exit 0  args ./zkllm-workdir/Llama-2-13b/mlp.up_proj.weight-pp.bin ./zkllm-workdir/Llama-2-13b/layer-19-mlp.up_proj.weight-int.bin ./zkllm-workdir/Llama-2-13b/layer-19-mlp.up_proj.weight-commitment.bin 5120 13824
BIN commit-param 3.67 s  maxrss 373912 KB  exit 0  args ./zkllm-workdir/Llama-2-13b/mlp.down_proj.weight-pp.bin ./zkllm-workdir/Llama-2-13b/layer-19-mlp.down_proj.weight-int.bin ./zkllm-workdir/Llama-2-13b/layer-19-mlp.down_proj.weight-commitment.bin 13824 5120
BIN commit-param 0.49 s  maxrss 110988 KB  exit 0  args ./zkllm-workdir/Llama-2-13b/input_layernorm.weight-pp.bin ./zkllm-workdir/Llama-2-13b/layer-19-input_layernorm.weight-int.bin ./zkllm-workdir/Llama-2-13b/layer-19-input_layernorm.weight-commitment.bin 5120 1
BIN commit-param 0.36 s  maxrss 111008 KB  exit 0  args ./zkllm-workdir/Llama-2-13b/post_attention_layernorm.weight-pp.bin ./zkllm-workdir/Llama-2-13b/layer-19-post_attention_layernorm.weight-int.bin ./zkllm-workdir/Llama-2-13b/layer-19-post_attention_layernorm.weight-commitment.bin 5120 1
BIN commit-param 1.82 s  maxrss 199908 KB  exit 0  args ./zkllm-workdir/Llama-2-13b/self_attn.q_proj.weight-pp.bin ./zkllm-workdir/Llama-2-13b/layer-20-self_attn.q_proj.weight-int.bin ./zkllm-workdir/Llama-2-13b/layer-20-self_attn.q_proj.weight-commitment.bin 5120 5120
BIN commit-param 1.82 s  maxrss 199908 KB  exit 0  args ./zkllm-workdir/Llama-2-13b/self_attn.k_proj.weight-pp.bin ./zkllm-workdir/Llama-2-13b/layer-20-self_attn.k_proj.weight-int.bin ./zkllm-workdir/Llama-2-13b/layer-20-self_attn.k_proj.weight-commitment.bin 5120 5120
BIN commit-param 1.82 s  maxrss 199824 KB  exit 0  args ./zkllm-workdir/Llama-2-13b/self_attn.v_proj.weight-pp.bin ./zkllm-workdir/Llama-2-13b/layer-20-self_attn.v_proj.weight-int.bin ./zkllm-workdir/Llama-2-13b/layer-20-self_attn.v_proj.weight-commitment.bin 5120 5120
BIN commit-param 1.80 s  maxrss 199836 KB  exit 0  args ./zkllm-workdir/Llama-2-13b/self_attn.o_proj.weight-pp.bin ./zkllm-workdir/Llama-2-13b/layer-20-self_attn.o_proj.weight-int.bin ./zkllm-workdir/Llama-2-13b/layer-20-self_attn.o_proj.weight-commitment.bin 5120 5120
BIN commit-param 3.66 s  maxrss 373832 KB  exit 0  args ./zkllm-workdir/Llama-2-13b/mlp.gate_proj.weight-pp.bin ./zkllm-workdir/Llama-2-13b/layer-20-mlp.gate_proj.weight-int.bin ./zkllm-workdir/Llama-2-13b/layer-20-mlp.gate_proj.weight-commitment.bin 5120 13824
BIN commit-param 3.62 s  maxrss 373892 KB  exit 0  args ./zkllm-workdir/Llama-2-13b/mlp.up_proj.weight-pp.bin ./zkllm-workdir/Llama-2-13b/layer-20-mlp.up_proj.weight-int.bin ./zkllm-workdir/Llama-2-13b/layer-20-mlp.up_proj.weight-commitment.bin 5120 13824
BIN commit-param 3.63 s  maxrss 373456 KB  exit 0  args ./zkllm-workdir/Llama-2-13b/mlp.down_proj.weight-pp.bin ./zkllm-workdir/Llama-2-13b/layer-20-mlp.down_proj.weight-int.bin ./zkllm-workdir/Llama-2-13b/layer-20-mlp.down_proj.weight-commitment.bin 13824 5120
BIN commit-param 0.48 s  maxrss 110908 KB  exit 0  args ./zkllm-workdir/Llama-2-13b/input_layernorm.weight-pp.bin ./zkllm-workdir/Llama-2-13b/layer-20-input_layernorm.weight-int.bin ./zkllm-workdir/Llama-2-13b/layer-20-input_layernorm.weight-commitment.bin 5120 1
BIN commit-param 0.36 s  maxrss 110912 KB  exit 0  args ./zkllm-workdir/Llama-2-13b/post_attention_layernorm.weight-pp.bin ./zkllm-workdir/Llama-2-13b/layer-20-post_attention_layernorm.weight-int.bin ./zkllm-workdir/Llama-2-13b/layer-20-post_attention_layernorm.weight-commitment.bin 5120 1
BIN commit-param 1.81 s  maxrss 199732 KB  exit 0  args ./zkllm-workdir/Llama-2-13b/self_attn.q_proj.weight-pp.bin ./zkllm-workdir/Llama-2-13b/layer-21-self_attn.q_proj.weight-int.bin ./zkllm-workdir/Llama-2-13b/layer-21-self_attn.q_proj.weight-commitment.bin 5120 5120
BIN commit-param 1.80 s  maxrss 199412 KB  exit 0  args ./zkllm-workdir/Llama-2-13b/self_attn.k_proj.weight-pp.bin ./zkllm-workdir/Llama-2-13b/layer-21-self_attn.k_proj.weight-int.bin ./zkllm-workdir/Llama-2-13b/layer-21-self_attn.k_proj.weight-commitment.bin 5120 5120
BIN commit-param 1.79 s  maxrss 199784 KB  exit 0  args ./zkllm-workdir/Llama-2-13b/self_attn.v_proj.weight-pp.bin ./zkllm-workdir/Llama-2-13b/layer-21-self_attn.v_proj.weight-int.bin ./zkllm-workdir/Llama-2-13b/layer-21-self_attn.v_proj.weight-commitment.bin 5120 5120
BIN commit-param 1.82 s  maxrss 199836 KB  exit 0  args ./zkllm-workdir/Llama-2-13b/self_attn.o_proj.weight-pp.bin ./zkllm-workdir/Llama-2-13b/layer-21-self_attn.o_proj.weight-int.bin ./zkllm-workdir/Llama-2-13b/layer-21-self_attn.o_proj.weight-commitment.bin 5120 5120
BIN commit-param 3.62 s  maxrss 373512 KB  exit 0  args ./zkllm-workdir/Llama-2-13b/mlp.gate_proj.weight-pp.bin ./zkllm-workdir/Llama-2-13b/layer-21-mlp.gate_proj.weight-int.bin ./zkllm-workdir/Llama-2-13b/layer-21-mlp.gate_proj.weight-commitment.bin 5120 13824
BIN commit-param 3.64 s  maxrss 373924 KB  exit 0  args ./zkllm-workdir/Llama-2-13b/mlp.up_proj.weight-pp.bin ./zkllm-workdir/Llama-2-13b/layer-21-mlp.up_proj.weight-int.bin ./zkllm-workdir/Llama-2-13b/layer-21-mlp.up_proj.weight-commitment.bin 5120 13824
BIN commit-param 3.70 s  maxrss 373956 KB  exit 0  args ./zkllm-workdir/Llama-2-13b/mlp.down_proj.weight-pp.bin ./zkllm-workdir/Llama-2-13b/layer-21-mlp.down_proj.weight-int.bin ./zkllm-workdir/Llama-2-13b/layer-21-mlp.down_proj.weight-commitment.bin 13824 5120
BIN commit-param 0.48 s  maxrss 111048 KB  exit 0  args ./zkllm-workdir/Llama-2-13b/input_layernorm.weight-pp.bin ./zkllm-workdir/Llama-2-13b/layer-21-input_layernorm.weight-int.bin ./zkllm-workdir/Llama-2-13b/layer-21-input_layernorm.weight-commitment.bin 5120 1
BIN commit-param 0.36 s  maxrss 110964 KB  exit 0  args ./zkllm-workdir/Llama-2-13b/post_attention_layernorm.weight-pp.bin ./zkllm-workdir/Llama-2-13b/layer-21-post_attention_layernorm.weight-int.bin ./zkllm-workdir/Llama-2-13b/layer-21-post_attention_layernorm.weight-commitment.bin 5120 1
BIN commit-param 1.80 s  maxrss 199592 KB  exit 0  args ./zkllm-workdir/Llama-2-13b/self_attn.q_proj.weight-pp.bin ./zkllm-workdir/Llama-2-13b/layer-22-self_attn.q_proj.weight-int.bin ./zkllm-workdir/Llama-2-13b/layer-22-self_attn.q_proj.weight-commitment.bin 5120 5120
BIN commit-param 1.82 s  maxrss 199860 KB  exit 0  args ./zkllm-workdir/Llama-2-13b/self_attn.k_proj.weight-pp.bin ./zkllm-workdir/Llama-2-13b/layer-22-self_attn.k_proj.weight-int.bin ./zkllm-workdir/Llama-2-13b/layer-22-self_attn.k_proj.weight-commitment.bin 5120 5120
BIN commit-param 1.83 s  maxrss 199844 KB  exit 0  args ./zkllm-workdir/Llama-2-13b/self_attn.v_proj.weight-pp.bin ./zkllm-workdir/Llama-2-13b/layer-22-self_attn.v_proj.weight-int.bin ./zkllm-workdir/Llama-2-13b/layer-22-self_attn.v_proj.weight-commitment.bin 5120 5120
BIN commit-param 1.83 s  maxrss 199892 KB  exit 0  args ./zkllm-workdir/Llama-2-13b/self_attn.o_proj.weight-pp.bin ./zkllm-workdir/Llama-2-13b/layer-22-self_attn.o_proj.weight-int.bin ./zkllm-workdir/Llama-2-13b/layer-22-self_attn.o_proj.weight-commitment.bin 5120 5120
BIN commit-param 3.65 s  maxrss 373928 KB  exit 0  args ./zkllm-workdir/Llama-2-13b/mlp.gate_proj.weight-pp.bin ./zkllm-workdir/Llama-2-13b/layer-22-mlp.gate_proj.weight-int.bin ./zkllm-workdir/Llama-2-13b/layer-22-mlp.gate_proj.weight-commitment.bin 5120 13824
BIN commit-param 3.62 s  maxrss 373860 KB  exit 0  args ./zkllm-workdir/Llama-2-13b/mlp.up_proj.weight-pp.bin ./zkllm-workdir/Llama-2-13b/layer-22-mlp.up_proj.weight-int.bin ./zkllm-workdir/Llama-2-13b/layer-22-mlp.up_proj.weight-commitment.bin 5120 13824
BIN commit-param 3.65 s  maxrss 373976 KB  exit 0  args ./zkllm-workdir/Llama-2-13b/mlp.down_proj.weight-pp.bin ./zkllm-workdir/Llama-2-13b/layer-22-mlp.down_proj.weight-int.bin ./zkllm-workdir/Llama-2-13b/layer-22-mlp.down_proj.weight-commitment.bin 13824 5120
BIN commit-param 0.48 s  maxrss 110984 KB  exit 0  args ./zkllm-workdir/Llama-2-13b/input_layernorm.weight-pp.bin ./zkllm-workdir/Llama-2-13b/layer-22-input_layernorm.weight-int.bin ./zkllm-workdir/Llama-2-13b/layer-22-input_layernorm.weight-commitment.bin 5120 1
BIN commit-param 0.36 s  maxrss 110868 KB  exit 0  args ./zkllm-workdir/Llama-2-13b/post_attention_layernorm.weight-pp.bin ./zkllm-workdir/Llama-2-13b/layer-22-post_attention_layernorm.weight-int.bin ./zkllm-workdir/Llama-2-13b/layer-22-post_attention_layernorm.weight-commitment.bin 5120 1
BIN commit-param 1.79 s  maxrss 199820 KB  exit 0  args ./zkllm-workdir/Llama-2-13b/self_attn.q_proj.weight-pp.bin ./zkllm-workdir/Llama-2-13b/layer-23-self_attn.q_proj.weight-int.bin ./zkllm-workdir/Llama-2-13b/layer-23-self_attn.q_proj.weight-commitment.bin 5120 5120
BIN commit-param 1.87 s  maxrss 199712 KB  exit 0  args ./zkllm-workdir/Llama-2-13b/self_attn.k_proj.weight-pp.bin ./zkllm-workdir/Llama-2-13b/layer-23-self_attn.k_proj.weight-int.bin ./zkllm-workdir/Llama-2-13b/layer-23-self_attn.k_proj.weight-commitment.bin 5120 5120
BIN commit-param 1.80 s  maxrss 199592 KB  exit 0  args ./zkllm-workdir/Llama-2-13b/self_attn.v_proj.weight-pp.bin ./zkllm-workdir/Llama-2-13b/layer-23-self_attn.v_proj.weight-int.bin ./zkllm-workdir/Llama-2-13b/layer-23-self_attn.v_proj.weight-commitment.bin 5120 5120
BIN commit-param 1.81 s  maxrss 199744 KB  exit 0  args ./zkllm-workdir/Llama-2-13b/self_attn.o_proj.weight-pp.bin ./zkllm-workdir/Llama-2-13b/layer-23-self_attn.o_proj.weight-int.bin ./zkllm-workdir/Llama-2-13b/layer-23-self_attn.o_proj.weight-commitment.bin 5120 5120
BIN commit-param 3.61 s  maxrss 373908 KB  exit 0  args ./zkllm-workdir/Llama-2-13b/mlp.gate_proj.weight-pp.bin ./zkllm-workdir/Llama-2-13b/layer-23-mlp.gate_proj.weight-int.bin ./zkllm-workdir/Llama-2-13b/layer-23-mlp.gate_proj.weight-commitment.bin 5120 13824
BIN commit-param 3.62 s  maxrss 373920 KB  exit 0  args ./zkllm-workdir/Llama-2-13b/mlp.up_proj.weight-pp.bin ./zkllm-workdir/Llama-2-13b/layer-23-mlp.up_proj.weight-int.bin ./zkllm-workdir/Llama-2-13b/layer-23-mlp.up_proj.weight-commitment.bin 5120 13824
BIN commit-param 3.63 s  maxrss 373860 KB  exit 0  args ./zkllm-workdir/Llama-2-13b/mlp.down_proj.weight-pp.bin ./zkllm-workdir/Llama-2-13b/layer-23-mlp.down_proj.weight-int.bin ./zkllm-workdir/Llama-2-13b/layer-23-mlp.down_proj.weight-commitment.bin 13824 5120
BIN commit-param 0.52 s  maxrss 110892 KB  exit 0  args ./zkllm-workdir/Llama-2-13b/input_layernorm.weight-pp.bin ./zkllm-workdir/Llama-2-13b/layer-23-input_layernorm.weight-int.bin ./zkllm-workdir/Llama-2-13b/layer-23-input_layernorm.weight-commitment.bin 5120 1
BIN commit-param 0.39 s  maxrss 110992 KB  exit 0  args ./zkllm-workdir/Llama-2-13b/post_attention_layernorm.weight-pp.bin ./zkllm-workdir/Llama-2-13b/layer-23-post_attention_layernorm.weight-int.bin ./zkllm-workdir/Llama-2-13b/layer-23-post_attention_layernorm.weight-commitment.bin 5120 1
BIN commit-param 1.85 s  maxrss 199520 KB  exit 0  args ./zkllm-workdir/Llama-2-13b/self_attn.q_proj.weight-pp.bin ./zkllm-workdir/Llama-2-13b/layer-24-self_attn.q_proj.weight-int.bin ./zkllm-workdir/Llama-2-13b/layer-24-self_attn.q_proj.weight-commitment.bin 5120 5120
BIN commit-param 1.84 s  maxrss 199876 KB  exit 0  args ./zkllm-workdir/Llama-2-13b/self_attn.k_proj.weight-pp.bin ./zkllm-workdir/Llama-2-13b/layer-24-self_attn.k_proj.weight-int.bin ./zkllm-workdir/Llama-2-13b/layer-24-self_attn.k_proj.weight-commitment.bin 5120 5120
BIN commit-param 1.88 s  maxrss 199916 KB  exit 0  args ./zkllm-workdir/Llama-2-13b/self_attn.v_proj.weight-pp.bin ./zkllm-workdir/Llama-2-13b/layer-24-self_attn.v_proj.weight-int.bin ./zkllm-workdir/Llama-2-13b/layer-24-self_attn.v_proj.weight-commitment.bin 5120 5120
BIN commit-param 1.82 s  maxrss 199904 KB  exit 0  args ./zkllm-workdir/Llama-2-13b/self_attn.o_proj.weight-pp.bin ./zkllm-workdir/Llama-2-13b/layer-24-self_attn.o_proj.weight-int.bin ./zkllm-workdir/Llama-2-13b/layer-24-self_attn.o_proj.weight-commitment.bin 5120 5120
BIN commit-param 3.95 s  maxrss 373604 KB  exit 0  args ./zkllm-workdir/Llama-2-13b/mlp.gate_proj.weight-pp.bin ./zkllm-workdir/Llama-2-13b/layer-24-mlp.gate_proj.weight-int.bin ./zkllm-workdir/Llama-2-13b/layer-24-mlp.gate_proj.weight-commitment.bin 5120 13824
BIN commit-param 3.65 s  maxrss 373448 KB  exit 0  args ./zkllm-workdir/Llama-2-13b/mlp.up_proj.weight-pp.bin ./zkllm-workdir/Llama-2-13b/layer-24-mlp.up_proj.weight-int.bin ./zkllm-workdir/Llama-2-13b/layer-24-mlp.up_proj.weight-commitment.bin 5120 13824
BIN commit-param 3.66 s  maxrss 373804 KB  exit 0  args ./zkllm-workdir/Llama-2-13b/mlp.down_proj.weight-pp.bin ./zkllm-workdir/Llama-2-13b/layer-24-mlp.down_proj.weight-int.bin ./zkllm-workdir/Llama-2-13b/layer-24-mlp.down_proj.weight-commitment.bin 13824 5120
BIN commit-param 0.48 s  maxrss 110972 KB  exit 0  args ./zkllm-workdir/Llama-2-13b/input_layernorm.weight-pp.bin ./zkllm-workdir/Llama-2-13b/layer-24-input_layernorm.weight-int.bin ./zkllm-workdir/Llama-2-13b/layer-24-input_layernorm.weight-commitment.bin 5120 1
BIN commit-param 0.36 s  maxrss 110856 KB  exit 0  args ./zkllm-workdir/Llama-2-13b/post_attention_layernorm.weight-pp.bin ./zkllm-workdir/Llama-2-13b/layer-24-post_attention_layernorm.weight-int.bin ./zkllm-workdir/Llama-2-13b/layer-24-post_attention_layernorm.weight-commitment.bin 5120 1
BIN commit-param 1.82 s  maxrss 199840 KB  exit 0  args ./zkllm-workdir/Llama-2-13b/self_attn.q_proj.weight-pp.bin ./zkllm-workdir/Llama-2-13b/layer-25-self_attn.q_proj.weight-int.bin ./zkllm-workdir/Llama-2-13b/layer-25-self_attn.q_proj.weight-commitment.bin 5120 5120
BIN commit-param 1.85 s  maxrss 199748 KB  exit 0  args ./zkllm-workdir/Llama-2-13b/self_attn.k_proj.weight-pp.bin ./zkllm-workdir/Llama-2-13b/layer-25-self_attn.k_proj.weight-int.bin ./zkllm-workdir/Llama-2-13b/layer-25-self_attn.k_proj.weight-commitment.bin 5120 5120
BIN commit-param 1.80 s  maxrss 199864 KB  exit 0  args ./zkllm-workdir/Llama-2-13b/self_attn.v_proj.weight-pp.bin ./zkllm-workdir/Llama-2-13b/layer-25-self_attn.v_proj.weight-int.bin ./zkllm-workdir/Llama-2-13b/layer-25-self_attn.v_proj.weight-commitment.bin 5120 5120
BIN commit-param 1.85 s  maxrss 199888 KB  exit 0  args ./zkllm-workdir/Llama-2-13b/self_attn.o_proj.weight-pp.bin ./zkllm-workdir/Llama-2-13b/layer-25-self_attn.o_proj.weight-int.bin ./zkllm-workdir/Llama-2-13b/layer-25-self_attn.o_proj.weight-commitment.bin 5120 5120
BIN commit-param 3.71 s  maxrss 372316 KB  exit 0  args ./zkllm-workdir/Llama-2-13b/mlp.gate_proj.weight-pp.bin ./zkllm-workdir/Llama-2-13b/layer-25-mlp.gate_proj.weight-int.bin ./zkllm-workdir/Llama-2-13b/layer-25-mlp.gate_proj.weight-commitment.bin 5120 13824
BIN commit-param 3.67 s  maxrss 373968 KB  exit 0  args ./zkllm-workdir/Llama-2-13b/mlp.up_proj.weight-pp.bin ./zkllm-workdir/Llama-2-13b/layer-25-mlp.up_proj.weight-int.bin ./zkllm-workdir/Llama-2-13b/layer-25-mlp.up_proj.weight-commitment.bin 5120 13824
BIN commit-param 3.72 s  maxrss 373960 KB  exit 0  args ./zkllm-workdir/Llama-2-13b/mlp.down_proj.weight-pp.bin ./zkllm-workdir/Llama-2-13b/layer-25-mlp.down_proj.weight-int.bin ./zkllm-workdir/Llama-2-13b/layer-25-mlp.down_proj.weight-commitment.bin 13824 5120
BIN commit-param 0.53 s  maxrss 110852 KB  exit 0  args ./zkllm-workdir/Llama-2-13b/input_layernorm.weight-pp.bin ./zkllm-workdir/Llama-2-13b/layer-25-input_layernorm.weight-int.bin ./zkllm-workdir/Llama-2-13b/layer-25-input_layernorm.weight-commitment.bin 5120 1
BIN commit-param 0.40 s  maxrss 110852 KB  exit 0  args ./zkllm-workdir/Llama-2-13b/post_attention_layernorm.weight-pp.bin ./zkllm-workdir/Llama-2-13b/layer-25-post_attention_layernorm.weight-int.bin ./zkllm-workdir/Llama-2-13b/layer-25-post_attention_layernorm.weight-commitment.bin 5120 1
BIN commit-param 2.15 s  maxrss 199836 KB  exit 0  args ./zkllm-workdir/Llama-2-13b/self_attn.q_proj.weight-pp.bin ./zkllm-workdir/Llama-2-13b/layer-26-self_attn.q_proj.weight-int.bin ./zkllm-workdir/Llama-2-13b/layer-26-self_attn.q_proj.weight-commitment.bin 5120 5120
BIN commit-param 1.82 s  maxrss 199756 KB  exit 0  args ./zkllm-workdir/Llama-2-13b/self_attn.k_proj.weight-pp.bin ./zkllm-workdir/Llama-2-13b/layer-26-self_attn.k_proj.weight-int.bin ./zkllm-workdir/Llama-2-13b/layer-26-self_attn.k_proj.weight-commitment.bin 5120 5120
BIN commit-param 1.85 s  maxrss 199800 KB  exit 0  args ./zkllm-workdir/Llama-2-13b/self_attn.v_proj.weight-pp.bin ./zkllm-workdir/Llama-2-13b/layer-26-self_attn.v_proj.weight-int.bin ./zkllm-workdir/Llama-2-13b/layer-26-self_attn.v_proj.weight-commitment.bin 5120 5120
BIN commit-param 1.81 s  maxrss 199716 KB  exit 0  args ./zkllm-workdir/Llama-2-13b/self_attn.o_proj.weight-pp.bin ./zkllm-workdir/Llama-2-13b/layer-26-self_attn.o_proj.weight-int.bin ./zkllm-workdir/Llama-2-13b/layer-26-self_attn.o_proj.weight-commitment.bin 5120 5120
BIN commit-param 3.61 s  maxrss 373896 KB  exit 0  args ./zkllm-workdir/Llama-2-13b/mlp.gate_proj.weight-pp.bin ./zkllm-workdir/Llama-2-13b/layer-26-mlp.gate_proj.weight-int.bin ./zkllm-workdir/Llama-2-13b/layer-26-mlp.gate_proj.weight-commitment.bin 5120 13824
BIN commit-param 3.66 s  maxrss 373952 KB  exit 0  args ./zkllm-workdir/Llama-2-13b/mlp.up_proj.weight-pp.bin ./zkllm-workdir/Llama-2-13b/layer-26-mlp.up_proj.weight-int.bin ./zkllm-workdir/Llama-2-13b/layer-26-mlp.up_proj.weight-commitment.bin 5120 13824
BIN commit-param 3.68 s  maxrss 373996 KB  exit 0  args ./zkllm-workdir/Llama-2-13b/mlp.down_proj.weight-pp.bin ./zkllm-workdir/Llama-2-13b/layer-26-mlp.down_proj.weight-int.bin ./zkllm-workdir/Llama-2-13b/layer-26-mlp.down_proj.weight-commitment.bin 13824 5120
BIN commit-param 0.53 s  maxrss 110896 KB  exit 0  args ./zkllm-workdir/Llama-2-13b/input_layernorm.weight-pp.bin ./zkllm-workdir/Llama-2-13b/layer-26-input_layernorm.weight-int.bin ./zkllm-workdir/Llama-2-13b/layer-26-input_layernorm.weight-commitment.bin 5120 1
BIN commit-param 0.41 s  maxrss 110860 KB  exit 0  args ./zkllm-workdir/Llama-2-13b/post_attention_layernorm.weight-pp.bin ./zkllm-workdir/Llama-2-13b/layer-26-post_attention_layernorm.weight-int.bin ./zkllm-workdir/Llama-2-13b/layer-26-post_attention_layernorm.weight-commitment.bin 5120 1
BIN commit-param 1.81 s  maxrss 199540 KB  exit 0  args ./zkllm-workdir/Llama-2-13b/self_attn.q_proj.weight-pp.bin ./zkllm-workdir/Llama-2-13b/layer-27-self_attn.q_proj.weight-int.bin ./zkllm-workdir/Llama-2-13b/layer-27-self_attn.q_proj.weight-commitment.bin 5120 5120
BIN commit-param 1.84 s  maxrss 199788 KB  exit 0  args ./zkllm-workdir/Llama-2-13b/self_attn.k_proj.weight-pp.bin ./zkllm-workdir/Llama-2-13b/layer-27-self_attn.k_proj.weight-int.bin ./zkllm-workdir/Llama-2-13b/layer-27-self_attn.k_proj.weight-commitment.bin 5120 5120
BIN commit-param 1.90 s  maxrss 199832 KB  exit 0  args ./zkllm-workdir/Llama-2-13b/self_attn.v_proj.weight-pp.bin ./zkllm-workdir/Llama-2-13b/layer-27-self_attn.v_proj.weight-int.bin ./zkllm-workdir/Llama-2-13b/layer-27-self_attn.v_proj.weight-commitment.bin 5120 5120
BIN commit-param 1.85 s  maxrss 199816 KB  exit 0  args ./zkllm-workdir/Llama-2-13b/self_attn.o_proj.weight-pp.bin ./zkllm-workdir/Llama-2-13b/layer-27-self_attn.o_proj.weight-int.bin ./zkllm-workdir/Llama-2-13b/layer-27-self_attn.o_proj.weight-commitment.bin 5120 5120
BIN commit-param 3.67 s  maxrss 373932 KB  exit 0  args ./zkllm-workdir/Llama-2-13b/mlp.gate_proj.weight-pp.bin ./zkllm-workdir/Llama-2-13b/layer-27-mlp.gate_proj.weight-int.bin ./zkllm-workdir/Llama-2-13b/layer-27-mlp.gate_proj.weight-commitment.bin 5120 13824
BIN commit-param 3.62 s  maxrss 373900 KB  exit 0  args ./zkllm-workdir/Llama-2-13b/mlp.up_proj.weight-pp.bin ./zkllm-workdir/Llama-2-13b/layer-27-mlp.up_proj.weight-int.bin ./zkllm-workdir/Llama-2-13b/layer-27-mlp.up_proj.weight-commitment.bin 5120 13824
BIN commit-param 3.65 s  maxrss 373928 KB  exit 0  args ./zkllm-workdir/Llama-2-13b/mlp.down_proj.weight-pp.bin ./zkllm-workdir/Llama-2-13b/layer-27-mlp.down_proj.weight-int.bin ./zkllm-workdir/Llama-2-13b/layer-27-mlp.down_proj.weight-commitment.bin 13824 5120
BIN commit-param 0.53 s  maxrss 110980 KB  exit 0  args ./zkllm-workdir/Llama-2-13b/input_layernorm.weight-pp.bin ./zkllm-workdir/Llama-2-13b/layer-27-input_layernorm.weight-int.bin ./zkllm-workdir/Llama-2-13b/layer-27-input_layernorm.weight-commitment.bin 5120 1
BIN commit-param 0.41 s  maxrss 110920 KB  exit 0  args ./zkllm-workdir/Llama-2-13b/post_attention_layernorm.weight-pp.bin ./zkllm-workdir/Llama-2-13b/layer-27-post_attention_layernorm.weight-int.bin ./zkllm-workdir/Llama-2-13b/layer-27-post_attention_layernorm.weight-commitment.bin 5120 1
BIN commit-param 1.79 s  maxrss 199728 KB  exit 0  args ./zkllm-workdir/Llama-2-13b/self_attn.q_proj.weight-pp.bin ./zkllm-workdir/Llama-2-13b/layer-28-self_attn.q_proj.weight-int.bin ./zkllm-workdir/Llama-2-13b/layer-28-self_attn.q_proj.weight-commitment.bin 5120 5120
BIN commit-param 1.89 s  maxrss 199772 KB  exit 0  args ./zkllm-workdir/Llama-2-13b/self_attn.k_proj.weight-pp.bin ./zkllm-workdir/Llama-2-13b/layer-28-self_attn.k_proj.weight-int.bin ./zkllm-workdir/Llama-2-13b/layer-28-self_attn.k_proj.weight-commitment.bin 5120 5120
BIN commit-param 1.85 s  maxrss 199824 KB  exit 0  args ./zkllm-workdir/Llama-2-13b/self_attn.v_proj.weight-pp.bin ./zkllm-workdir/Llama-2-13b/layer-28-self_attn.v_proj.weight-int.bin ./zkllm-workdir/Llama-2-13b/layer-28-self_attn.v_proj.weight-commitment.bin 5120 5120
BIN commit-param 1.85 s  maxrss 199564 KB  exit 0  args ./zkllm-workdir/Llama-2-13b/self_attn.o_proj.weight-pp.bin ./zkllm-workdir/Llama-2-13b/layer-28-self_attn.o_proj.weight-int.bin ./zkllm-workdir/Llama-2-13b/layer-28-self_attn.o_proj.weight-commitment.bin 5120 5120
BIN commit-param 3.69 s  maxrss 373448 KB  exit 0  args ./zkllm-workdir/Llama-2-13b/mlp.gate_proj.weight-pp.bin ./zkllm-workdir/Llama-2-13b/layer-28-mlp.gate_proj.weight-int.bin ./zkllm-workdir/Llama-2-13b/layer-28-mlp.gate_proj.weight-commitment.bin 5120 13824
BIN commit-param 3.67 s  maxrss 373928 KB  exit 0  args ./zkllm-workdir/Llama-2-13b/mlp.up_proj.weight-pp.bin ./zkllm-workdir/Llama-2-13b/layer-28-mlp.up_proj.weight-int.bin ./zkllm-workdir/Llama-2-13b/layer-28-mlp.up_proj.weight-commitment.bin 5120 13824
BIN commit-param 3.71 s  maxrss 373976 KB  exit 0  args ./zkllm-workdir/Llama-2-13b/mlp.down_proj.weight-pp.bin ./zkllm-workdir/Llama-2-13b/layer-28-mlp.down_proj.weight-int.bin ./zkllm-workdir/Llama-2-13b/layer-28-mlp.down_proj.weight-commitment.bin 13824 5120
BIN commit-param 0.52 s  maxrss 110896 KB  exit 0  args ./zkllm-workdir/Llama-2-13b/input_layernorm.weight-pp.bin ./zkllm-workdir/Llama-2-13b/layer-28-input_layernorm.weight-int.bin ./zkllm-workdir/Llama-2-13b/layer-28-input_layernorm.weight-commitment.bin 5120 1
BIN commit-param 0.39 s  maxrss 110976 KB  exit 0  args ./zkllm-workdir/Llama-2-13b/post_attention_layernorm.weight-pp.bin ./zkllm-workdir/Llama-2-13b/layer-28-post_attention_layernorm.weight-int.bin ./zkllm-workdir/Llama-2-13b/layer-28-post_attention_layernorm.weight-commitment.bin 5120 1
BIN commit-param 1.79 s  maxrss 199852 KB  exit 0  args ./zkllm-workdir/Llama-2-13b/self_attn.q_proj.weight-pp.bin ./zkllm-workdir/Llama-2-13b/layer-29-self_attn.q_proj.weight-int.bin ./zkllm-workdir/Llama-2-13b/layer-29-self_attn.q_proj.weight-commitment.bin 5120 5120
BIN commit-param 1.87 s  maxrss 199804 KB  exit 0  args ./zkllm-workdir/Llama-2-13b/self_attn.k_proj.weight-pp.bin ./zkllm-workdir/Llama-2-13b/layer-29-self_attn.k_proj.weight-int.bin ./zkllm-workdir/Llama-2-13b/layer-29-self_attn.k_proj.weight-commitment.bin 5120 5120
BIN commit-param 1.90 s  maxrss 199932 KB  exit 0  args ./zkllm-workdir/Llama-2-13b/self_attn.v_proj.weight-pp.bin ./zkllm-workdir/Llama-2-13b/layer-29-self_attn.v_proj.weight-int.bin ./zkllm-workdir/Llama-2-13b/layer-29-self_attn.v_proj.weight-commitment.bin 5120 5120
BIN commit-param 1.85 s  maxrss 199908 KB  exit 0  args ./zkllm-workdir/Llama-2-13b/self_attn.o_proj.weight-pp.bin ./zkllm-workdir/Llama-2-13b/layer-29-self_attn.o_proj.weight-int.bin ./zkllm-workdir/Llama-2-13b/layer-29-self_attn.o_proj.weight-commitment.bin 5120 5120
BIN commit-param 3.64 s  maxrss 373460 KB  exit 0  args ./zkllm-workdir/Llama-2-13b/mlp.gate_proj.weight-pp.bin ./zkllm-workdir/Llama-2-13b/layer-29-mlp.gate_proj.weight-int.bin ./zkllm-workdir/Llama-2-13b/layer-29-mlp.gate_proj.weight-commitment.bin 5120 13824
BIN commit-param 3.65 s  maxrss 373680 KB  exit 0  args ./zkllm-workdir/Llama-2-13b/mlp.up_proj.weight-pp.bin ./zkllm-workdir/Llama-2-13b/layer-29-mlp.up_proj.weight-int.bin ./zkllm-workdir/Llama-2-13b/layer-29-mlp.up_proj.weight-commitment.bin 5120 13824
BIN commit-param 3.75 s  maxrss 374016 KB  exit 0  args ./zkllm-workdir/Llama-2-13b/mlp.down_proj.weight-pp.bin ./zkllm-workdir/Llama-2-13b/layer-29-mlp.down_proj.weight-int.bin ./zkllm-workdir/Llama-2-13b/layer-29-mlp.down_proj.weight-commitment.bin 13824 5120
BIN commit-param 0.54 s  maxrss 110900 KB  exit 0  args ./zkllm-workdir/Llama-2-13b/input_layernorm.weight-pp.bin ./zkllm-workdir/Llama-2-13b/layer-29-input_layernorm.weight-int.bin ./zkllm-workdir/Llama-2-13b/layer-29-input_layernorm.weight-commitment.bin 5120 1
BIN commit-param 0.38 s  maxrss 110008 KB  exit 0  args ./zkllm-workdir/Llama-2-13b/post_attention_layernorm.weight-pp.bin ./zkllm-workdir/Llama-2-13b/layer-29-post_attention_layernorm.weight-int.bin ./zkllm-workdir/Llama-2-13b/layer-29-post_attention_layernorm.weight-commitment.bin 5120 1
BIN commit-param 1.88 s  maxrss 199840 KB  exit 0  args ./zkllm-workdir/Llama-2-13b/self_attn.q_proj.weight-pp.bin ./zkllm-workdir/Llama-2-13b/layer-30-self_attn.q_proj.weight-int.bin ./zkllm-workdir/Llama-2-13b/layer-30-self_attn.q_proj.weight-commitment.bin 5120 5120
BIN commit-param 1.83 s  maxrss 199872 KB  exit 0  args ./zkllm-workdir/Llama-2-13b/self_attn.k_proj.weight-pp.bin ./zkllm-workdir/Llama-2-13b/layer-30-self_attn.k_proj.weight-int.bin ./zkllm-workdir/Llama-2-13b/layer-30-self_attn.k_proj.weight-commitment.bin 5120 5120
BIN commit-param 1.87 s  maxrss 199772 KB  exit 0  args ./zkllm-workdir/Llama-2-13b/self_attn.v_proj.weight-pp.bin ./zkllm-workdir/Llama-2-13b/layer-30-self_attn.v_proj.weight-int.bin ./zkllm-workdir/Llama-2-13b/layer-30-self_attn.v_proj.weight-commitment.bin 5120 5120
BIN commit-param 1.85 s  maxrss 199736 KB  exit 0  args ./zkllm-workdir/Llama-2-13b/self_attn.o_proj.weight-pp.bin ./zkllm-workdir/Llama-2-13b/layer-30-self_attn.o_proj.weight-int.bin ./zkllm-workdir/Llama-2-13b/layer-30-self_attn.o_proj.weight-commitment.bin 5120 5120
BIN commit-param 3.68 s  maxrss 373672 KB  exit 0  args ./zkllm-workdir/Llama-2-13b/mlp.gate_proj.weight-pp.bin ./zkllm-workdir/Llama-2-13b/layer-30-mlp.gate_proj.weight-int.bin ./zkllm-workdir/Llama-2-13b/layer-30-mlp.gate_proj.weight-commitment.bin 5120 13824
BIN commit-param 3.65 s  maxrss 373920 KB  exit 0  args ./zkllm-workdir/Llama-2-13b/mlp.up_proj.weight-pp.bin ./zkllm-workdir/Llama-2-13b/layer-30-mlp.up_proj.weight-int.bin ./zkllm-workdir/Llama-2-13b/layer-30-mlp.up_proj.weight-commitment.bin 5120 13824
BIN commit-param 3.63 s  maxrss 374048 KB  exit 0  args ./zkllm-workdir/Llama-2-13b/mlp.down_proj.weight-pp.bin ./zkllm-workdir/Llama-2-13b/layer-30-mlp.down_proj.weight-int.bin ./zkllm-workdir/Llama-2-13b/layer-30-mlp.down_proj.weight-commitment.bin 13824 5120
BIN commit-param 0.51 s  maxrss 109700 KB  exit 0  args ./zkllm-workdir/Llama-2-13b/input_layernorm.weight-pp.bin ./zkllm-workdir/Llama-2-13b/layer-30-input_layernorm.weight-int.bin ./zkllm-workdir/Llama-2-13b/layer-30-input_layernorm.weight-commitment.bin 5120 1
BIN commit-param 0.37 s  maxrss 110916 KB  exit 0  args ./zkllm-workdir/Llama-2-13b/post_attention_layernorm.weight-pp.bin ./zkllm-workdir/Llama-2-13b/layer-30-post_attention_layernorm.weight-int.bin ./zkllm-workdir/Llama-2-13b/layer-30-post_attention_layernorm.weight-commitment.bin 5120 1
BIN commit-param 1.83 s  maxrss 199968 KB  exit 0  args ./zkllm-workdir/Llama-2-13b/self_attn.q_proj.weight-pp.bin ./zkllm-workdir/Llama-2-13b/layer-31-self_attn.q_proj.weight-int.bin ./zkllm-workdir/Llama-2-13b/layer-31-self_attn.q_proj.weight-commitment.bin 5120 5120
BIN commit-param 1.84 s  maxrss 199880 KB  exit 0  args ./zkllm-workdir/Llama-2-13b/self_attn.k_proj.weight-pp.bin ./zkllm-workdir/Llama-2-13b/layer-31-self_attn.k_proj.weight-int.bin ./zkllm-workdir/Llama-2-13b/layer-31-self_attn.k_proj.weight-commitment.bin 5120 5120
BIN commit-param 1.86 s  maxrss 199400 KB  exit 0  args ./zkllm-workdir/Llama-2-13b/self_attn.v_proj.weight-pp.bin ./zkllm-workdir/Llama-2-13b/layer-31-self_attn.v_proj.weight-int.bin ./zkllm-workdir/Llama-2-13b/layer-31-self_attn.v_proj.weight-commitment.bin 5120 5120
BIN commit-param 1.87 s  maxrss 199808 KB  exit 0  args ./zkllm-workdir/Llama-2-13b/self_attn.o_proj.weight-pp.bin ./zkllm-workdir/Llama-2-13b/layer-31-self_attn.o_proj.weight-int.bin ./zkllm-workdir/Llama-2-13b/layer-31-self_attn.o_proj.weight-commitment.bin 5120 5120
BIN commit-param 3.69 s  maxrss 373876 KB  exit 0  args ./zkllm-workdir/Llama-2-13b/mlp.gate_proj.weight-pp.bin ./zkllm-workdir/Llama-2-13b/layer-31-mlp.gate_proj.weight-int.bin ./zkllm-workdir/Llama-2-13b/layer-31-mlp.gate_proj.weight-commitment.bin 5120 13824
BIN commit-param 3.63 s  maxrss 374052 KB  exit 0  args ./zkllm-workdir/Llama-2-13b/mlp.up_proj.weight-pp.bin ./zkllm-workdir/Llama-2-13b/layer-31-mlp.up_proj.weight-int.bin ./zkllm-workdir/Llama-2-13b/layer-31-mlp.up_proj.weight-commitment.bin 5120 13824
BIN commit-param 3.67 s  maxrss 374004 KB  exit 0  args ./zkllm-workdir/Llama-2-13b/mlp.down_proj.weight-pp.bin ./zkllm-workdir/Llama-2-13b/layer-31-mlp.down_proj.weight-int.bin ./zkllm-workdir/Llama-2-13b/layer-31-mlp.down_proj.weight-commitment.bin 13824 5120
BIN commit-param 0.50 s  maxrss 111112 KB  exit 0  args ./zkllm-workdir/Llama-2-13b/input_layernorm.weight-pp.bin ./zkllm-workdir/Llama-2-13b/layer-31-input_layernorm.weight-int.bin ./zkllm-workdir/Llama-2-13b/layer-31-input_layernorm.weight-commitment.bin 5120 1
BIN commit-param 0.38 s  maxrss 111028 KB  exit 0  args ./zkllm-workdir/Llama-2-13b/post_attention_layernorm.weight-pp.bin ./zkllm-workdir/Llama-2-13b/layer-31-post_attention_layernorm.weight-int.bin ./zkllm-workdir/Llama-2-13b/layer-31-post_attention_layernorm.weight-commitment.bin 5120 1
BIN commit-param 1.81 s  maxrss 199728 KB  exit 0  args ./zkllm-workdir/Llama-2-13b/self_attn.q_proj.weight-pp.bin ./zkllm-workdir/Llama-2-13b/layer-32-self_attn.q_proj.weight-int.bin ./zkllm-workdir/Llama-2-13b/layer-32-self_attn.q_proj.weight-commitment.bin 5120 5120
BIN commit-param 1.85 s  maxrss 199748 KB  exit 0  args ./zkllm-workdir/Llama-2-13b/self_attn.k_proj.weight-pp.bin ./zkllm-workdir/Llama-2-13b/layer-32-self_attn.k_proj.weight-int.bin ./zkllm-workdir/Llama-2-13b/layer-32-self_attn.k_proj.weight-commitment.bin 5120 5120
BIN commit-param 1.80 s  maxrss 199836 KB  exit 0  args ./zkllm-workdir/Llama-2-13b/self_attn.v_proj.weight-pp.bin ./zkllm-workdir/Llama-2-13b/layer-32-self_attn.v_proj.weight-int.bin ./zkllm-workdir/Llama-2-13b/layer-32-self_attn.v_proj.weight-commitment.bin 5120 5120
BIN commit-param 1.81 s  maxrss 199848 KB  exit 0  args ./zkllm-workdir/Llama-2-13b/self_attn.o_proj.weight-pp.bin ./zkllm-workdir/Llama-2-13b/layer-32-self_attn.o_proj.weight-int.bin ./zkllm-workdir/Llama-2-13b/layer-32-self_attn.o_proj.weight-commitment.bin 5120 5120
BIN commit-param 3.73 s  maxrss 373960 KB  exit 0  args ./zkllm-workdir/Llama-2-13b/mlp.gate_proj.weight-pp.bin ./zkllm-workdir/Llama-2-13b/layer-32-mlp.gate_proj.weight-int.bin ./zkllm-workdir/Llama-2-13b/layer-32-mlp.gate_proj.weight-commitment.bin 5120 13824
BIN commit-param 3.67 s  maxrss 373688 KB  exit 0  args ./zkllm-workdir/Llama-2-13b/mlp.up_proj.weight-pp.bin ./zkllm-workdir/Llama-2-13b/layer-32-mlp.up_proj.weight-int.bin ./zkllm-workdir/Llama-2-13b/layer-32-mlp.up_proj.weight-commitment.bin 5120 13824
BIN commit-param 3.70 s  maxrss 374000 KB  exit 0  args ./zkllm-workdir/Llama-2-13b/mlp.down_proj.weight-pp.bin ./zkllm-workdir/Llama-2-13b/layer-32-mlp.down_proj.weight-int.bin ./zkllm-workdir/Llama-2-13b/layer-32-mlp.down_proj.weight-commitment.bin 13824 5120
BIN commit-param 0.56 s  maxrss 110972 KB  exit 0  args ./zkllm-workdir/Llama-2-13b/input_layernorm.weight-pp.bin ./zkllm-workdir/Llama-2-13b/layer-32-input_layernorm.weight-int.bin ./zkllm-workdir/Llama-2-13b/layer-32-input_layernorm.weight-commitment.bin 5120 1
BIN commit-param 0.41 s  maxrss 110980 KB  exit 0  args ./zkllm-workdir/Llama-2-13b/post_attention_layernorm.weight-pp.bin ./zkllm-workdir/Llama-2-13b/layer-32-post_attention_layernorm.weight-int.bin ./zkllm-workdir/Llama-2-13b/layer-32-post_attention_layernorm.weight-commitment.bin 5120 1
BIN commit-param 1.79 s  maxrss 199944 KB  exit 0  args ./zkllm-workdir/Llama-2-13b/self_attn.q_proj.weight-pp.bin ./zkllm-workdir/Llama-2-13b/layer-33-self_attn.q_proj.weight-int.bin ./zkllm-workdir/Llama-2-13b/layer-33-self_attn.q_proj.weight-commitment.bin 5120 5120
BIN commit-param 1.84 s  maxrss 199884 KB  exit 0  args ./zkllm-workdir/Llama-2-13b/self_attn.k_proj.weight-pp.bin ./zkllm-workdir/Llama-2-13b/layer-33-self_attn.k_proj.weight-int.bin ./zkllm-workdir/Llama-2-13b/layer-33-self_attn.k_proj.weight-commitment.bin 5120 5120
BIN commit-param 1.79 s  maxrss 199780 KB  exit 0  args ./zkllm-workdir/Llama-2-13b/self_attn.v_proj.weight-pp.bin ./zkllm-workdir/Llama-2-13b/layer-33-self_attn.v_proj.weight-int.bin ./zkllm-workdir/Llama-2-13b/layer-33-self_attn.v_proj.weight-commitment.bin 5120 5120
BIN commit-param 1.80 s  maxrss 199868 KB  exit 0  args ./zkllm-workdir/Llama-2-13b/self_attn.o_proj.weight-pp.bin ./zkllm-workdir/Llama-2-13b/layer-33-self_attn.o_proj.weight-int.bin ./zkllm-workdir/Llama-2-13b/layer-33-self_attn.o_proj.weight-commitment.bin 5120 5120
BIN commit-param 3.62 s  maxrss 373560 KB  exit 0  args ./zkllm-workdir/Llama-2-13b/mlp.gate_proj.weight-pp.bin ./zkllm-workdir/Llama-2-13b/layer-33-mlp.gate_proj.weight-int.bin ./zkllm-workdir/Llama-2-13b/layer-33-mlp.gate_proj.weight-commitment.bin 5120 13824
BIN commit-param 3.63 s  maxrss 373596 KB  exit 0  args ./zkllm-workdir/Llama-2-13b/mlp.up_proj.weight-pp.bin ./zkllm-workdir/Llama-2-13b/layer-33-mlp.up_proj.weight-int.bin ./zkllm-workdir/Llama-2-13b/layer-33-mlp.up_proj.weight-commitment.bin 5120 13824
BIN commit-param 3.65 s  maxrss 373920 KB  exit 0  args ./zkllm-workdir/Llama-2-13b/mlp.down_proj.weight-pp.bin ./zkllm-workdir/Llama-2-13b/layer-33-mlp.down_proj.weight-int.bin ./zkllm-workdir/Llama-2-13b/layer-33-mlp.down_proj.weight-commitment.bin 13824 5120
BIN commit-param 0.47 s  maxrss 110972 KB  exit 0  args ./zkllm-workdir/Llama-2-13b/input_layernorm.weight-pp.bin ./zkllm-workdir/Llama-2-13b/layer-33-input_layernorm.weight-int.bin ./zkllm-workdir/Llama-2-13b/layer-33-input_layernorm.weight-commitment.bin 5120 1
BIN commit-param 0.34 s  maxrss 111056 KB  exit 0  args ./zkllm-workdir/Llama-2-13b/post_attention_layernorm.weight-pp.bin ./zkllm-workdir/Llama-2-13b/layer-33-post_attention_layernorm.weight-int.bin ./zkllm-workdir/Llama-2-13b/layer-33-post_attention_layernorm.weight-commitment.bin 5120 1
BIN commit-param 1.80 s  maxrss 199852 KB  exit 0  args ./zkllm-workdir/Llama-2-13b/self_attn.q_proj.weight-pp.bin ./zkllm-workdir/Llama-2-13b/layer-34-self_attn.q_proj.weight-int.bin ./zkllm-workdir/Llama-2-13b/layer-34-self_attn.q_proj.weight-commitment.bin 5120 5120
BIN commit-param 1.82 s  maxrss 198872 KB  exit 0  args ./zkllm-workdir/Llama-2-13b/self_attn.k_proj.weight-pp.bin ./zkllm-workdir/Llama-2-13b/layer-34-self_attn.k_proj.weight-int.bin ./zkllm-workdir/Llama-2-13b/layer-34-self_attn.k_proj.weight-commitment.bin 5120 5120
BIN commit-param 1.80 s  maxrss 198672 KB  exit 0  args ./zkllm-workdir/Llama-2-13b/self_attn.v_proj.weight-pp.bin ./zkllm-workdir/Llama-2-13b/layer-34-self_attn.v_proj.weight-int.bin ./zkllm-workdir/Llama-2-13b/layer-34-self_attn.v_proj.weight-commitment.bin 5120 5120
BIN commit-param 1.79 s  maxrss 199880 KB  exit 0  args ./zkllm-workdir/Llama-2-13b/self_attn.o_proj.weight-pp.bin ./zkllm-workdir/Llama-2-13b/layer-34-self_attn.o_proj.weight-int.bin ./zkllm-workdir/Llama-2-13b/layer-34-self_attn.o_proj.weight-commitment.bin 5120 5120
BIN commit-param 3.63 s  maxrss 373660 KB  exit 0  args ./zkllm-workdir/Llama-2-13b/mlp.gate_proj.weight-pp.bin ./zkllm-workdir/Llama-2-13b/layer-34-mlp.gate_proj.weight-int.bin ./zkllm-workdir/Llama-2-13b/layer-34-mlp.gate_proj.weight-commitment.bin 5120 13824
BIN commit-param 3.61 s  maxrss 373460 KB  exit 0  args ./zkllm-workdir/Llama-2-13b/mlp.up_proj.weight-pp.bin ./zkllm-workdir/Llama-2-13b/layer-34-mlp.up_proj.weight-int.bin ./zkllm-workdir/Llama-2-13b/layer-34-mlp.up_proj.weight-commitment.bin 5120 13824
BIN commit-param 3.67 s  maxrss 373520 KB  exit 0  args ./zkllm-workdir/Llama-2-13b/mlp.down_proj.weight-pp.bin ./zkllm-workdir/Llama-2-13b/layer-34-mlp.down_proj.weight-int.bin ./zkllm-workdir/Llama-2-13b/layer-34-mlp.down_proj.weight-commitment.bin 13824 5120
BIN commit-param 0.47 s  maxrss 111004 KB  exit 0  args ./zkllm-workdir/Llama-2-13b/input_layernorm.weight-pp.bin ./zkllm-workdir/Llama-2-13b/layer-34-input_layernorm.weight-int.bin ./zkllm-workdir/Llama-2-13b/layer-34-input_layernorm.weight-commitment.bin 5120 1
BIN commit-param 0.36 s  maxrss 111056 KB  exit 0  args ./zkllm-workdir/Llama-2-13b/post_attention_layernorm.weight-pp.bin ./zkllm-workdir/Llama-2-13b/layer-34-post_attention_layernorm.weight-int.bin ./zkllm-workdir/Llama-2-13b/layer-34-post_attention_layernorm.weight-commitment.bin 5120 1
BIN commit-param 1.81 s  maxrss 199852 KB  exit 0  args ./zkllm-workdir/Llama-2-13b/self_attn.q_proj.weight-pp.bin ./zkllm-workdir/Llama-2-13b/layer-35-self_attn.q_proj.weight-int.bin ./zkllm-workdir/Llama-2-13b/layer-35-self_attn.q_proj.weight-commitment.bin 5120 5120
BIN commit-param 1.88 s  maxrss 199812 KB  exit 0  args ./zkllm-workdir/Llama-2-13b/self_attn.k_proj.weight-pp.bin ./zkllm-workdir/Llama-2-13b/layer-35-self_attn.k_proj.weight-int.bin ./zkllm-workdir/Llama-2-13b/layer-35-self_attn.k_proj.weight-commitment.bin 5120 5120
BIN commit-param 1.82 s  maxrss 199748 KB  exit 0  args ./zkllm-workdir/Llama-2-13b/self_attn.v_proj.weight-pp.bin ./zkllm-workdir/Llama-2-13b/layer-35-self_attn.v_proj.weight-int.bin ./zkllm-workdir/Llama-2-13b/layer-35-self_attn.v_proj.weight-commitment.bin 5120 5120
BIN commit-param 1.83 s  maxrss 199876 KB  exit 0  args ./zkllm-workdir/Llama-2-13b/self_attn.o_proj.weight-pp.bin ./zkllm-workdir/Llama-2-13b/layer-35-self_attn.o_proj.weight-int.bin ./zkllm-workdir/Llama-2-13b/layer-35-self_attn.o_proj.weight-commitment.bin 5120 5120
BIN commit-param 3.65 s  maxrss 373808 KB  exit 0  args ./zkllm-workdir/Llama-2-13b/mlp.gate_proj.weight-pp.bin ./zkllm-workdir/Llama-2-13b/layer-35-mlp.gate_proj.weight-int.bin ./zkllm-workdir/Llama-2-13b/layer-35-mlp.gate_proj.weight-commitment.bin 5120 13824
BIN commit-param 3.67 s  maxrss 373656 KB  exit 0  args ./zkllm-workdir/Llama-2-13b/mlp.up_proj.weight-pp.bin ./zkllm-workdir/Llama-2-13b/layer-35-mlp.up_proj.weight-int.bin ./zkllm-workdir/Llama-2-13b/layer-35-mlp.up_proj.weight-commitment.bin 5120 13824
BIN commit-param 3.67 s  maxrss 373988 KB  exit 0  args ./zkllm-workdir/Llama-2-13b/mlp.down_proj.weight-pp.bin ./zkllm-workdir/Llama-2-13b/layer-35-mlp.down_proj.weight-int.bin ./zkllm-workdir/Llama-2-13b/layer-35-mlp.down_proj.weight-commitment.bin 13824 5120
BIN commit-param 0.47 s  maxrss 110868 KB  exit 0  args ./zkllm-workdir/Llama-2-13b/input_layernorm.weight-pp.bin ./zkllm-workdir/Llama-2-13b/layer-35-input_layernorm.weight-int.bin ./zkllm-workdir/Llama-2-13b/layer-35-input_layernorm.weight-commitment.bin 5120 1
BIN commit-param 0.36 s  maxrss 111028 KB  exit 0  args ./zkllm-workdir/Llama-2-13b/post_attention_layernorm.weight-pp.bin ./zkllm-workdir/Llama-2-13b/layer-35-post_attention_layernorm.weight-int.bin ./zkllm-workdir/Llama-2-13b/layer-35-post_attention_layernorm.weight-commitment.bin 5120 1
BIN commit-param 1.83 s  maxrss 199852 KB  exit 0  args ./zkllm-workdir/Llama-2-13b/self_attn.q_proj.weight-pp.bin ./zkllm-workdir/Llama-2-13b/layer-36-self_attn.q_proj.weight-int.bin ./zkllm-workdir/Llama-2-13b/layer-36-self_attn.q_proj.weight-commitment.bin 5120 5120
BIN commit-param 1.81 s  maxrss 199700 KB  exit 0  args ./zkllm-workdir/Llama-2-13b/self_attn.k_proj.weight-pp.bin ./zkllm-workdir/Llama-2-13b/layer-36-self_attn.k_proj.weight-int.bin ./zkllm-workdir/Llama-2-13b/layer-36-self_attn.k_proj.weight-commitment.bin 5120 5120
BIN commit-param 1.79 s  maxrss 199848 KB  exit 0  args ./zkllm-workdir/Llama-2-13b/self_attn.v_proj.weight-pp.bin ./zkllm-workdir/Llama-2-13b/layer-36-self_attn.v_proj.weight-int.bin ./zkllm-workdir/Llama-2-13b/layer-36-self_attn.v_proj.weight-commitment.bin 5120 5120
BIN commit-param 1.84 s  maxrss 199896 KB  exit 0  args ./zkllm-workdir/Llama-2-13b/self_attn.o_proj.weight-pp.bin ./zkllm-workdir/Llama-2-13b/layer-36-self_attn.o_proj.weight-int.bin ./zkllm-workdir/Llama-2-13b/layer-36-self_attn.o_proj.weight-commitment.bin 5120 5120
BIN commit-param 3.68 s  maxrss 373608 KB  exit 0  args ./zkllm-workdir/Llama-2-13b/mlp.gate_proj.weight-pp.bin ./zkllm-workdir/Llama-2-13b/layer-36-mlp.gate_proj.weight-int.bin ./zkllm-workdir/Llama-2-13b/layer-36-mlp.gate_proj.weight-commitment.bin 5120 13824
BIN commit-param 3.65 s  maxrss 373924 KB  exit 0  args ./zkllm-workdir/Llama-2-13b/mlp.up_proj.weight-pp.bin ./zkllm-workdir/Llama-2-13b/layer-36-mlp.up_proj.weight-int.bin ./zkllm-workdir/Llama-2-13b/layer-36-mlp.up_proj.weight-commitment.bin 5120 13824
BIN commit-param 3.62 s  maxrss 373836 KB  exit 0  args ./zkllm-workdir/Llama-2-13b/mlp.down_proj.weight-pp.bin ./zkllm-workdir/Llama-2-13b/layer-36-mlp.down_proj.weight-int.bin ./zkllm-workdir/Llama-2-13b/layer-36-mlp.down_proj.weight-commitment.bin 13824 5120
BIN commit-param 0.50 s  maxrss 111024 KB  exit 0  args ./zkllm-workdir/Llama-2-13b/input_layernorm.weight-pp.bin ./zkllm-workdir/Llama-2-13b/layer-36-input_layernorm.weight-int.bin ./zkllm-workdir/Llama-2-13b/layer-36-input_layernorm.weight-commitment.bin 5120 1
BIN commit-param 0.35 s  maxrss 109664 KB  exit 0  args ./zkllm-workdir/Llama-2-13b/post_attention_layernorm.weight-pp.bin ./zkllm-workdir/Llama-2-13b/layer-36-post_attention_layernorm.weight-int.bin ./zkllm-workdir/Llama-2-13b/layer-36-post_attention_layernorm.weight-commitment.bin 5120 1
BIN commit-param 1.88 s  maxrss 199732 KB  exit 0  args ./zkllm-workdir/Llama-2-13b/self_attn.q_proj.weight-pp.bin ./zkllm-workdir/Llama-2-13b/layer-37-self_attn.q_proj.weight-int.bin ./zkllm-workdir/Llama-2-13b/layer-37-self_attn.q_proj.weight-commitment.bin 5120 5120
BIN commit-param 1.79 s  maxrss 199864 KB  exit 0  args ./zkllm-workdir/Llama-2-13b/self_attn.k_proj.weight-pp.bin ./zkllm-workdir/Llama-2-13b/layer-37-self_attn.k_proj.weight-int.bin ./zkllm-workdir/Llama-2-13b/layer-37-self_attn.k_proj.weight-commitment.bin 5120 5120
BIN commit-param 1.80 s  maxrss 199780 KB  exit 0  args ./zkllm-workdir/Llama-2-13b/self_attn.v_proj.weight-pp.bin ./zkllm-workdir/Llama-2-13b/layer-37-self_attn.v_proj.weight-int.bin ./zkllm-workdir/Llama-2-13b/layer-37-self_attn.v_proj.weight-commitment.bin 5120 5120
BIN commit-param 1.87 s  maxrss 199868 KB  exit 0  args ./zkllm-workdir/Llama-2-13b/self_attn.o_proj.weight-pp.bin ./zkllm-workdir/Llama-2-13b/layer-37-self_attn.o_proj.weight-int.bin ./zkllm-workdir/Llama-2-13b/layer-37-self_attn.o_proj.weight-commitment.bin 5120 5120
BIN commit-param 3.63 s  maxrss 373852 KB  exit 0  args ./zkllm-workdir/Llama-2-13b/mlp.gate_proj.weight-pp.bin ./zkllm-workdir/Llama-2-13b/layer-37-mlp.gate_proj.weight-int.bin ./zkllm-workdir/Llama-2-13b/layer-37-mlp.gate_proj.weight-commitment.bin 5120 13824
BIN commit-param 3.64 s  maxrss 373844 KB  exit 0  args ./zkllm-workdir/Llama-2-13b/mlp.up_proj.weight-pp.bin ./zkllm-workdir/Llama-2-13b/layer-37-mlp.up_proj.weight-int.bin ./zkllm-workdir/Llama-2-13b/layer-37-mlp.up_proj.weight-commitment.bin 5120 13824
BIN commit-param 3.65 s  maxrss 373920 KB  exit 0  args ./zkllm-workdir/Llama-2-13b/mlp.down_proj.weight-pp.bin ./zkllm-workdir/Llama-2-13b/layer-37-mlp.down_proj.weight-int.bin ./zkllm-workdir/Llama-2-13b/layer-37-mlp.down_proj.weight-commitment.bin 13824 5120
BIN commit-param 0.48 s  maxrss 110916 KB  exit 0  args ./zkllm-workdir/Llama-2-13b/input_layernorm.weight-pp.bin ./zkllm-workdir/Llama-2-13b/layer-37-input_layernorm.weight-int.bin ./zkllm-workdir/Llama-2-13b/layer-37-input_layernorm.weight-commitment.bin 5120 1
BIN commit-param 0.60 s  maxrss 110860 KB  exit 0  args ./zkllm-workdir/Llama-2-13b/post_attention_layernorm.weight-pp.bin ./zkllm-workdir/Llama-2-13b/layer-37-post_attention_layernorm.weight-int.bin ./zkllm-workdir/Llama-2-13b/layer-37-post_attention_layernorm.weight-commitment.bin 5120 1
BIN commit-param 1.79 s  maxrss 199844 KB  exit 0  args ./zkllm-workdir/Llama-2-13b/self_attn.q_proj.weight-pp.bin ./zkllm-workdir/Llama-2-13b/layer-38-self_attn.q_proj.weight-int.bin ./zkllm-workdir/Llama-2-13b/layer-38-self_attn.q_proj.weight-commitment.bin 5120 5120
BIN commit-param 1.80 s  maxrss 199840 KB  exit 0  args ./zkllm-workdir/Llama-2-13b/self_attn.k_proj.weight-pp.bin ./zkllm-workdir/Llama-2-13b/layer-38-self_attn.k_proj.weight-int.bin ./zkllm-workdir/Llama-2-13b/layer-38-self_attn.k_proj.weight-commitment.bin 5120 5120
BIN commit-param 1.80 s  maxrss 199900 KB  exit 0  args ./zkllm-workdir/Llama-2-13b/self_attn.v_proj.weight-pp.bin ./zkllm-workdir/Llama-2-13b/layer-38-self_attn.v_proj.weight-int.bin ./zkllm-workdir/Llama-2-13b/layer-38-self_attn.v_proj.weight-commitment.bin 5120 5120
BIN commit-param 1.80 s  maxrss 199852 KB  exit 0  args ./zkllm-workdir/Llama-2-13b/self_attn.o_proj.weight-pp.bin ./zkllm-workdir/Llama-2-13b/layer-38-self_attn.o_proj.weight-int.bin ./zkllm-workdir/Llama-2-13b/layer-38-self_attn.o_proj.weight-commitment.bin 5120 5120
BIN commit-param 3.60 s  maxrss 373916 KB  exit 0  args ./zkllm-workdir/Llama-2-13b/mlp.gate_proj.weight-pp.bin ./zkllm-workdir/Llama-2-13b/layer-38-mlp.gate_proj.weight-int.bin ./zkllm-workdir/Llama-2-13b/layer-38-mlp.gate_proj.weight-commitment.bin 5120 13824
BIN commit-param 3.60 s  maxrss 373964 KB  exit 0  args ./zkllm-workdir/Llama-2-13b/mlp.up_proj.weight-pp.bin ./zkllm-workdir/Llama-2-13b/layer-38-mlp.up_proj.weight-int.bin ./zkllm-workdir/Llama-2-13b/layer-38-mlp.up_proj.weight-commitment.bin 5120 13824
BIN commit-param 3.61 s  maxrss 373476 KB  exit 0  args ./zkllm-workdir/Llama-2-13b/mlp.down_proj.weight-pp.bin ./zkllm-workdir/Llama-2-13b/layer-38-mlp.down_proj.weight-int.bin ./zkllm-workdir/Llama-2-13b/layer-38-mlp.down_proj.weight-commitment.bin 13824 5120
BIN commit-param 0.48 s  maxrss 111072 KB  exit 0  args ./zkllm-workdir/Llama-2-13b/input_layernorm.weight-pp.bin ./zkllm-workdir/Llama-2-13b/layer-38-input_layernorm.weight-int.bin ./zkllm-workdir/Llama-2-13b/layer-38-input_layernorm.weight-commitment.bin 5120 1
BIN commit-param 0.35 s  maxrss 111016 KB  exit 0  args ./zkllm-workdir/Llama-2-13b/post_attention_layernorm.weight-pp.bin ./zkllm-workdir/Llama-2-13b/layer-38-post_attention_layernorm.weight-int.bin ./zkllm-workdir/Llama-2-13b/layer-38-post_attention_layernorm.weight-commitment.bin 5120 1
BIN commit-param 1.80 s  maxrss 199748 KB  exit 0  args ./zkllm-workdir/Llama-2-13b/self_attn.q_proj.weight-pp.bin ./zkllm-workdir/Llama-2-13b/layer-39-self_attn.q_proj.weight-int.bin ./zkllm-workdir/Llama-2-13b/layer-39-self_attn.q_proj.weight-commitment.bin 5120 5120
BIN commit-param 1.81 s  maxrss 199768 KB  exit 0  args ./zkllm-workdir/Llama-2-13b/self_attn.k_proj.weight-pp.bin ./zkllm-workdir/Llama-2-13b/layer-39-self_attn.k_proj.weight-int.bin ./zkllm-workdir/Llama-2-13b/layer-39-self_attn.k_proj.weight-commitment.bin 5120 5120
BIN commit-param 1.81 s  maxrss 199844 KB  exit 0  args ./zkllm-workdir/Llama-2-13b/self_attn.v_proj.weight-pp.bin ./zkllm-workdir/Llama-2-13b/layer-39-self_attn.v_proj.weight-int.bin ./zkllm-workdir/Llama-2-13b/layer-39-self_attn.v_proj.weight-commitment.bin 5120 5120
BIN commit-param 1.81 s  maxrss 199780 KB  exit 0  args ./zkllm-workdir/Llama-2-13b/self_attn.o_proj.weight-pp.bin ./zkllm-workdir/Llama-2-13b/layer-39-self_attn.o_proj.weight-int.bin ./zkllm-workdir/Llama-2-13b/layer-39-self_attn.o_proj.weight-commitment.bin 5120 5120
BIN commit-param 3.63 s  maxrss 373588 KB  exit 0  args ./zkllm-workdir/Llama-2-13b/mlp.gate_proj.weight-pp.bin ./zkllm-workdir/Llama-2-13b/layer-39-mlp.gate_proj.weight-int.bin ./zkllm-workdir/Llama-2-13b/layer-39-mlp.gate_proj.weight-commitment.bin 5120 13824
BIN commit-param 3.62 s  maxrss 374008 KB  exit 0  args ./zkllm-workdir/Llama-2-13b/mlp.up_proj.weight-pp.bin ./zkllm-workdir/Llama-2-13b/layer-39-mlp.up_proj.weight-int.bin ./zkllm-workdir/Llama-2-13b/layer-39-mlp.up_proj.weight-commitment.bin 5120 13824
BIN commit-param 3.66 s  maxrss 373808 KB  exit 0  args ./zkllm-workdir/Llama-2-13b/mlp.down_proj.weight-pp.bin ./zkllm-workdir/Llama-2-13b/layer-39-mlp.down_proj.weight-int.bin ./zkllm-workdir/Llama-2-13b/layer-39-mlp.down_proj.weight-commitment.bin 13824 5120
BIN commit-param 0.47 s  maxrss 110856 KB  exit 0  args ./zkllm-workdir/Llama-2-13b/input_layernorm.weight-pp.bin ./zkllm-workdir/Llama-2-13b/layer-39-input_layernorm.weight-int.bin ./zkllm-workdir/Llama-2-13b/layer-39-input_layernorm.weight-commitment.bin 5120 1
BIN commit-param 0.35 s  maxrss 110972 KB  exit 0  args ./zkllm-workdir/Llama-2-13b/post_attention_layernorm.weight-pp.bin ./zkllm-workdir/Llama-2-13b/layer-39-post_attention_layernorm.weight-int.bin ./zkllm-workdir/Llama-2-13b/layer-39-post_attention_layernorm.weight-commitment.bin 5120 1
BIN rmsnorm 3.37 s  maxrss 152156 KB  exit 0  args input /home/dcor/edo/zk/results/llama2-13b-T2048-948716/layer-0-input.bin 2048 5120 ./zkllm-workdir/Llama-2-13b layer-0 /home/dcor/edo/zk/results/llama2-13b-T2048-948716/r1-L0-attn_in.bin
BIN self-attn 34.34 s  maxrss 213776 KB  exit 0  args linear /home/dcor/edo/zk/results/llama2-13b-T2048-948716/r1-L0-attn_in.bin 2048 5120 ./zkllm-workdir/Llama-2-13b layer-0 /home/dcor/edo/zk/results/llama2-13b-T2048-948716/r1-L0-attn_out.bin
BIN self-attn 3.84 s  maxrss 152328 KB  exit 0  args attn /home/dcor/edo/zk/results/llama2-13b-T2048-948716/r1-L0-attn_in.bin 2048 5120 ./zkllm-workdir/Llama-2-13b layer-0 /home/dcor/edo/zk/results/llama2-13b-T2048-948716/r1-L0-attn_out.bin
BIN rmsnorm 2.32 s  maxrss 152004 KB  exit 0  args post_attention /home/dcor/edo/zk/results/llama2-13b-T2048-948716/r1-L0-post_attn.bin 2048 5120 ./zkllm-workdir/Llama-2-13b layer-0 /home/dcor/edo/zk/results/llama2-13b-T2048-948716/r1-L0-ffn_in.bin
BIN ffn 89.00 s  maxrss 384124 KB  exit 0  args /home/dcor/edo/zk/results/llama2-13b-T2048-948716/r1-L0-ffn_in.bin 2048 5120 13824 ./zkllm-workdir/Llama-2-13b layer-0 /home/dcor/edo/zk/results/llama2-13b-T2048-948716/r1-L0-ffn_out.bin
BIN skip-connection 2.25 s  maxrss 151900 KB  exit 0  args /home/dcor/edo/zk/results/llama2-13b-T2048-948716/r1-L0-post_attn.bin /home/dcor/edo/zk/results/llama2-13b-T2048-948716/r1-L0-ffn_out.bin /home/dcor/edo/zk/results/llama2-13b-T2048-948716/r1-L0-out.bin
BIN rmsnorm 2.33 s  maxrss 152156 KB  exit 0  args input /home/dcor/edo/zk/results/llama2-13b-T2048-948716/r1-L0-out.bin 2048 5120 ./zkllm-workdir/Llama-2-13b layer-1 /home/dcor/edo/zk/results/llama2-13b-T2048-948716/r1-L1-attn_in.bin
BIN self-attn 31.28 s  maxrss 212876 KB  exit 0  args linear /home/dcor/edo/zk/results/llama2-13b-T2048-948716/r1-L1-attn_in.bin 2048 5120 ./zkllm-workdir/Llama-2-13b layer-1 /home/dcor/edo/zk/results/llama2-13b-T2048-948716/r1-L1-attn_out.bin
BIN self-attn 3.79 s  maxrss 152304 KB  exit 0  args attn /home/dcor/edo/zk/results/llama2-13b-T2048-948716/r1-L1-attn_in.bin 2048 5120 ./zkllm-workdir/Llama-2-13b layer-1 /home/dcor/edo/zk/results/llama2-13b-T2048-948716/r1-L1-attn_out.bin
BIN rmsnorm 2.21 s  maxrss 152076 KB  exit 0  args post_attention /home/dcor/edo/zk/results/llama2-13b-T2048-948716/r1-L1-post_attn.bin 2048 5120 ./zkllm-workdir/Llama-2-13b layer-1 /home/dcor/edo/zk/results/llama2-13b-T2048-948716/r1-L1-ffn_in.bin
BIN ffn 81.81 s  maxrss 385936 KB  exit 0  args /home/dcor/edo/zk/results/llama2-13b-T2048-948716/r1-L1-ffn_in.bin 2048 5120 13824 ./zkllm-workdir/Llama-2-13b layer-1 /home/dcor/edo/zk/results/llama2-13b-T2048-948716/r1-L1-ffn_out.bin
BIN skip-connection 1.15 s  maxrss 152160 KB  exit 0  args /home/dcor/edo/zk/results/llama2-13b-T2048-948716/r1-L1-post_attn.bin /home/dcor/edo/zk/results/llama2-13b-T2048-948716/r1-L1-ffn_out.bin /home/dcor/edo/zk/results/llama2-13b-T2048-948716/r1-L1-out.bin
BIN rmsnorm 2.22 s  maxrss 152172 KB  exit 0  args input /home/dcor/edo/zk/results/llama2-13b-T2048-948716/layer-0-input.bin 2048 5120 ./zkllm-workdir/Llama-2-13b layer-0 /home/dcor/edo/zk/results/llama2-13b-T2048-948716/r2-L0-attn_in.bin
BIN self-attn 10.87 s  maxrss 213672 KB  exit 0  args linear /home/dcor/edo/zk/results/llama2-13b-T2048-948716/r2-L0-attn_in.bin 2048 5120 ./zkllm-workdir/Llama-2-13b layer-0 /home/dcor/edo/zk/results/llama2-13b-T2048-948716/r2-L0-attn_out.bin
BIN self-attn 3.70 s  maxrss 152328 KB  exit 0  args attn /home/dcor/edo/zk/results/llama2-13b-T2048-948716/r2-L0-attn_in.bin 2048 5120 ./zkllm-workdir/Llama-2-13b layer-0 /home/dcor/edo/zk/results/llama2-13b-T2048-948716/r2-L0-attn_out.bin
BIN rmsnorm 2.31 s  maxrss 152080 KB  exit 0  args post_attention /home/dcor/edo/zk/results/llama2-13b-T2048-948716/r2-L0-post_attn.bin 2048 5120 ./zkllm-workdir/Llama-2-13b layer-0 /home/dcor/edo/zk/results/llama2-13b-T2048-948716/r2-L0-ffn_in.bin
BIN ffn 26.75 s  maxrss 387724 KB  exit 0  args /home/dcor/edo/zk/results/llama2-13b-T2048-948716/r2-L0-ffn_in.bin 2048 5120 13824 ./zkllm-workdir/Llama-2-13b layer-0 /home/dcor/edo/zk/results/llama2-13b-T2048-948716/r2-L0-ffn_out.bin
BIN skip-connection 1.17 s  maxrss 152136 KB  exit 0  args /home/dcor/edo/zk/results/llama2-13b-T2048-948716/r2-L0-post_attn.bin /home/dcor/edo/zk/results/llama2-13b-T2048-948716/r2-L0-ffn_out.bin /home/dcor/edo/zk/results/llama2-13b-T2048-948716/r2-L0-out.bin
BIN rmsnorm 2.67 s  maxrss 152080 KB  exit 0  args input /home/dcor/edo/zk/results/llama2-13b-T2048-948716/r2-L0-out.bin 2048 5120 ./zkllm-workdir/Llama-2-13b layer-1 /home/dcor/edo/zk/results/llama2-13b-T2048-948716/r2-L1-attn_in.bin
BIN self-attn 9.93 s  maxrss 213672 KB  exit 0  args linear /home/dcor/edo/zk/results/llama2-13b-T2048-948716/r2-L1-attn_in.bin 2048 5120 ./zkllm-workdir/Llama-2-13b layer-1 /home/dcor/edo/zk/results/llama2-13b-T2048-948716/r2-L1-attn_out.bin
BIN self-attn 3.78 s  maxrss 152276 KB  exit 0  args attn /home/dcor/edo/zk/results/llama2-13b-T2048-948716/r2-L1-attn_in.bin 2048 5120 ./zkllm-workdir/Llama-2-13b layer-1 /home/dcor/edo/zk/results/llama2-13b-T2048-948716/r2-L1-attn_out.bin
BIN rmsnorm 2.62 s  maxrss 152068 KB  exit 0  args post_attention /home/dcor/edo/zk/results/llama2-13b-T2048-948716/r2-L1-post_attn.bin 2048 5120 ./zkllm-workdir/Llama-2-13b layer-1 /home/dcor/edo/zk/results/llama2-13b-T2048-948716/r2-L1-ffn_in.bin
BIN ffn 44.18 s  maxrss 387044 KB  exit 0  args /home/dcor/edo/zk/results/llama2-13b-T2048-948716/r2-L1-ffn_in.bin 2048 5120 13824 ./zkllm-workdir/Llama-2-13b layer-1 /home/dcor/edo/zk/results/llama2-13b-T2048-948716/r2-L1-ffn_out.bin
BIN skip-connection 1.59 s  maxrss 152120 KB  exit 0  args /home/dcor/edo/zk/results/llama2-13b-T2048-948716/r2-L1-post_attn.bin /home/dcor/edo/zk/results/llama2-13b-T2048-948716/r2-L1-ffn_out.bin /home/dcor/edo/zk/results/llama2-13b-T2048-948716/r2-L1-out.bin
BIN rmsnorm 2.29 s  maxrss 152116 KB  exit 0  args input /home/dcor/edo/zk/results/llama2-13b-T2048-948716/layer-0-input.bin 2048 5120 ./zkllm-workdir/Llama-2-13b layer-0 /home/dcor/edo/zk/results/llama2-13b-T2048-948716/r3-L0-attn_in.bin
BIN self-attn 11.71 s  maxrss 213684 KB  exit 0  args linear /home/dcor/edo/zk/results/llama2-13b-T2048-948716/r3-L0-attn_in.bin 2048 5120 ./zkllm-workdir/Llama-2-13b layer-0 /home/dcor/edo/zk/results/llama2-13b-T2048-948716/r3-L0-attn_out.bin
BIN self-attn 3.78 s  maxrss 152336 KB  exit 0  args attn /home/dcor/edo/zk/results/llama2-13b-T2048-948716/r3-L0-attn_in.bin 2048 5120 ./zkllm-workdir/Llama-2-13b layer-0 /home/dcor/edo/zk/results/llama2-13b-T2048-948716/r3-L0-attn_out.bin
BIN rmsnorm 2.26 s  maxrss 152052 KB  exit 0  args post_attention /home/dcor/edo/zk/results/llama2-13b-T2048-948716/r3-L0-post_attn.bin 2048 5120 ./zkllm-workdir/Llama-2-13b layer-0 /home/dcor/edo/zk/results/llama2-13b-T2048-948716/r3-L0-ffn_in.bin
BIN ffn 36.49 s  maxrss 387720 KB  exit 0  args /home/dcor/edo/zk/results/llama2-13b-T2048-948716/r3-L0-ffn_in.bin 2048 5120 13824 ./zkllm-workdir/Llama-2-13b layer-0 /home/dcor/edo/zk/results/llama2-13b-T2048-948716/r3-L0-ffn_out.bin
BIN skip-connection 1.25 s  maxrss 152108 KB  exit 0  args /home/dcor/edo/zk/results/llama2-13b-T2048-948716/r3-L0-post_attn.bin /home/dcor/edo/zk/results/llama2-13b-T2048-948716/r3-L0-ffn_out.bin /home/dcor/edo/zk/results/llama2-13b-T2048-948716/r3-L0-out.bin
BIN rmsnorm 2.41 s  maxrss 152112 KB  exit 0  args input /home/dcor/edo/zk/results/llama2-13b-T2048-948716/r3-L0-out.bin 2048 5120 ./zkllm-workdir/Llama-2-13b layer-1 /home/dcor/edo/zk/results/llama2-13b-T2048-948716/r3-L1-attn_in.bin
BIN self-attn 17.26 s  maxrss 213652 KB  exit 0  args linear /home/dcor/edo/zk/results/llama2-13b-T2048-948716/r3-L1-attn_in.bin 2048 5120 ./zkllm-workdir/Llama-2-13b layer-1 /home/dcor/edo/zk/results/llama2-13b-T2048-948716/r3-L1-attn_out.bin
BIN self-attn 3.93 s  maxrss 152180 KB  exit 0  args attn /home/dcor/edo/zk/results/llama2-13b-T2048-948716/r3-L1-attn_in.bin 2048 5120 ./zkllm-workdir/Llama-2-13b layer-1 /home/dcor/edo/zk/results/llama2-13b-T2048-948716/r3-L1-attn_out.bin
BIN rmsnorm 2.35 s  maxrss 152044 KB  exit 0  args post_attention /home/dcor/edo/zk/results/llama2-13b-T2048-948716/r3-L1-post_attn.bin 2048 5120 ./zkllm-workdir/Llama-2-13b layer-1 /home/dcor/edo/zk/results/llama2-13b-T2048-948716/r3-L1-ffn_in.bin
BIN ffn 32.49 s  maxrss 387624 KB  exit 0  args /home/dcor/edo/zk/results/llama2-13b-T2048-948716/r3-L1-ffn_in.bin 2048 5120 13824 ./zkllm-workdir/Llama-2-13b layer-1 /home/dcor/edo/zk/results/llama2-13b-T2048-948716/r3-L1-ffn_out.bin
BIN skip-connection 1.17 s  maxrss 151928 KB  exit 0  args /home/dcor/edo/zk/results/llama2-13b-T2048-948716/r3-L1-post_attn.bin /home/dcor/edo/zk/results/llama2-13b-T2048-948716/r3-L1-ffn_out.bin /home/dcor/edo/zk/results/llama2-13b-T2048-948716/r3-L1-out.bin
